AccountId,CustomerID,AccountType,Balance,last_kyc_updated,branch_id
BUS-1990298,3GFT1ZDW4G,Business,30342570.25,2022-10-30,BR-00015
SAV-5186099,VRWR0O400I,Savings,41896208.43,2022-06-04,BR-00133
CUR-9367339,D55UJI8WV0,Current,32272303.31,2021-06-18,BR-00001
SAV-4887415,53CR23T46S,Savings,72880621.93,2020-03-09,BR-00004
SAV-1692074,HZDGV2JYU1,Savings,29188271.76,2021-05-28,BR-00099
BUS-7665995,MSUHT18DWD,Business,24902534.91,2019-10-15,BR-00011
CUR-8976663,VE674KTE1E,Current,59816713.45,2020-07-15,BR-00187
BUS-2814494,BVZA30CZ4F,Business,92399809.3,2021-01-15,BR-00194
CUR-7652188,8QI53UAIB3,Current,867487.31,2020-11-28,BR-00194
BUS-8906991,RKRBYY4RQG,Business,46569638.61,2022-05-11,BR-00114
BUS-7894402,IEQTETRWMF,Business,39918507.62,2020-01-07,BR-00104
BUS-6123351,EEZOSGWNKW,Business,43172890.92,2019-01-02,BR-00018
CUR-2896324,6LO9E9YYFV,Current,33058370.57,2020-06-12,BR-00051
CUR-5457892,Y4GAJ7OJ24,Current,62290433.5,2021-12-21,BR-00185
CUR-6107197,8HA6QZT85S,Current,19947890.66,2020-06-15,BR-00106
SAV-6782110,8C11OOEXY0,Savings,27423315.92,2019-04-08,BR-00025
CUR-3738506,YUQBEA83MM,Current,2999114.84,2021-02-17,BR-00153
SAV-6071086,TVTEEYRAGF,Savings,54978895.18,2021-08-06,BR-00179
BUS-9736317,A9V7MDXUO5,Business,96248400.32,2022-05-17,BR-00134
SAV-6704407,8EHQNW7F5Z,Savings,87274282.72,2022-11-21,BR-00088
CUR-4538277,MVCH174G5W,Current,56031663.86,2019-08-23,BR-00140
BUS-8147907,3RSK9SJJYM,Business,10227627.88,2020-02-24,BR-00178
BUS-6036212,5ARPBIWEGL,Business,23592196.66,2020-07-10,BR-00135
CUR-4030874,673JGUZMWF,Current,20714047.81,2019-06-01,BR-00017
CUR-2615036,594781KK94,Current,78941036.15,2019-01-20,BR-00048
SAV-9944714,VELR8SDMBG,Savings,95949193.97,2021-08-07,BR-00027
CUR-8091740,PGNN9DPAR2,Current,65080347.19,2022-07-23,BR-00152
CUR-3506433,DC8MVEWL1C,Current,86354894.21,2021-03-17,BR-00007
CUR-7701162,F1GGN5KWLS,Current,23993299.87,2020-11-19,BR-00169
CUR-4015509,9Q3XCS9G2K,Current,83791364.04,2020-02-25,BR-00002
CUR-3118999,L4M93V5XKO,Current,13987039.4,2021-11-15,BR-00106
CUR-6698379,3VMR2A7I1G,Current,56088888.88,2021-10-07,BR-00077
CUR-5421058,T09KEB6NAK,Current,40174182.62,2022-09-04,BR-00132
CUR-4250950,N0PXU48EJO,Current,48641122.43,2020-02-14,BR-00046
CUR-7631438,LGHWG7N2WK,Current,66862908.07,2020-02-15,BR-00069
BUS-2618047,C0L7BS92GT,Business,74701036.92,2020-01-15,BR-00054
BUS-7707328,Q811OIHOIR,Business,54952184.1,2021-11-30,BR-00077
BUS-4107147,ANBDCR5XQM,Business,93284458.2,2019-07-20,BR-00153
SAV-2448819,FDYDB2WDYO,Savings,65763470.33,2020-04-08,BR-00121
BUS-7928281,HR7LFZJVPX,Business,27404643.12,2022-01-15,BR-00185
SAV-8862526,QPB5J0RDF5,Savings,44783413.35,2019-05-21,BR-00064
CUR-1695851,ZUWMX0L33Z,Current,35043447.67,2022-08-20,BR-00144
BUS-5538709,TJ1C9T05WK,Business,83969327.92,2019-11-05,BR-00088
CUR-4206039,E010OEY4MQ,Current,64868803.2,2022-06-05,BR-00046
CUR-4094531,XSZYCNONFN,Current,84591468.89,2020-02-19,BR-00192
CUR-6210897,EAPHWN7KEZ,Current,24022054.6,2020-08-10,BR-00080
SAV-1342361,NN6AIRERY2,Savings,95072812.19,2021-01-31,BR-00192
SAV-1644992,NE0BKD6N8T,Savings,50073447.27,2021-09-20,BR-00123
CUR-6080280,FGO9IACMMU,Current,83836042.5,2020-08-27,BR-00043
BUS-2623088,O6VJQ49EVC,Business,35866108.69,2019-04-11,BR-00118
CUR-1138464,I2U40C52B6,Current,7676256.85,2020-11-19,BR-00078
CUR-4932182,AWVATWP59G,Current,42701108.37,2020-01-11,BR-00003
BUS-5955492,2T7814M3VB,Business,66515190.9,2020-02-12,BR-00121
SAV-7481761,UTSW2F4UWZ,Savings,52279657.57,2021-03-08,BR-00015
BUS-1437880,U99WM6S1B8,Business,83544073.23,2020-10-22,BR-00128
CUR-2033531,08QCMP8EG4,Current,69615977.74,2020-07-02,BR-00057
CUR-2588125,WWJOFQWAMH,Current,35434862.22,2020-03-02,BR-00073
SAV-2198275,D2SU9MNL69,Savings,45107392.31,2022-06-30,BR-00167
SAV-4088355,K2HZSBACNX,Savings,80074187.07,2022-08-17,BR-00037
SAV-6086383,GSR2H5849R,Savings,8180167.67,2022-04-08,BR-00064
SAV-2744535,RZEHA8EJQO,Savings,55541752.46,2020-12-24,BR-00130
SAV-4799485,C6KNLSUR37,Savings,47675816.68,2019-01-19,BR-00027
BUS-3842343,1VK8YD7LK8,Business,56056848.71,2021-11-07,BR-00049
SAV-2874240,XMYED9UDEW,Savings,31820863.68,2021-01-15,BR-00015
BUS-5607227,J3SWY6DKN3,Business,64719404.73,2020-09-05,BR-00175
BUS-5633969,8NU84X1E1R,Business,36252394.27,2019-02-08,BR-00021
CUR-6874369,ZKAFCHOYVA,Current,60116137.08,2019-03-04,BR-00121
BUS-4547117,GODIDU60G2,Business,69833885.19,2019-02-22,BR-00160
SAV-7978346,Y4E27473PV,Savings,7963436.61,2021-10-27,BR-00038
BUS-1867722,8K7LFHJ4WP,Business,8247871.69,2022-08-23,BR-00009
SAV-7839590,IHXX7TM7GG,Savings,16903007.96,2020-05-07,BR-00065
SAV-2814885,91J2EZ8YUY,Savings,81487399.65,2022-04-11,BR-00190
CUR-8669115,IUBC9AEUPQ,Current,38569360.92,2020-08-04,BR-00050
CUR-1077675,PFHOL1Y6IH,Current,29300222.46,2019-02-18,BR-00195
SAV-4124210,WE9IFZ0JDR,Savings,35056802.88,2022-01-11,BR-00068
SAV-1707630,95DZS4Z7WP,Savings,26611252.51,2021-12-31,BR-00068
CUR-8826341,HEP50IPJZ0,Current,78541790.05,2022-10-22,BR-00039
SAV-7191531,4S1S0FVBCX,Savings,94312664.45,2019-05-19,BR-00016
BUS-9947670,SDBM2HCX5R,Business,20517170.84,2021-05-05,BR-00137
BUS-2129395,1NIYAVL65Q,Business,827644.44,2022-06-05,BR-00132
BUS-9546334,QG3BTTP27Q,Business,77035201.23,2021-01-02,BR-00151
BUS-5015079,RSCVY3QOAV,Business,88719140.32,2021-08-24,BR-00186
BUS-3754166,Y08OJJXX7E,Business,43620247.01,2022-11-01,BR-00170
SAV-1532563,KW48GEE1B0,Savings,90742216.66,2020-03-25,BR-00183
CUR-6331446,JZ28PWFA9X,Current,9513264.79,2022-10-03,BR-00185
SAV-5263109,W6BD5PUT89,Savings,81277160.03,2022-01-30,BR-00023
CUR-9224738,FHPPNRM2N5,Current,5122143.6,2020-04-08,BR-00188
BUS-2572976,IT5GK3LTZ2,Business,45322938.92,2021-10-17,BR-00200
SAV-4362271,H1IGIO2AHF,Savings,91552587.05,2019-06-17,BR-00097
SAV-6763700,T7XRVEMG4H,Savings,92667896.0,2019-04-28,BR-00119
BUS-9936945,FXXZF3SRCX,Business,69809974.82,2019-04-12,BR-00029
CUR-2770926,8I0S1LY000,Current,32805387.87,2021-03-22,BR-00012
SAV-2518043,19DTVYHBQX,Savings,20384439.57,2021-03-23,BR-00032
SAV-1321859,9PL4W2PRQ7,Savings,55911771.88,2022-09-02,BR-00016
BUS-9495722,4F5FJSBSZN,Business,22492904.98,2020-01-10,BR-00140
CUR-7609923,OX4PERA7EL,Current,35890497.87,2019-02-17,BR-00170
SAV-7744026,UKVM570SPN,Savings,99375183.11,2021-12-28,BR-00172
CUR-6961281,3V2DK5HM92,Current,11054705.8,2022-01-11,BR-00022
BUS-1517774,XX68BNHXAC,Business,83252261.33,2021-11-18,BR-00131
CUR-9391302,KBF6PC0AN5,Current,19751325.59,2020-11-14,BR-00032
BUS-7044962,JW56H8ZF48,Business,41972306.69,2021-11-30,BR-00115
CUR-1744898,GWHZTN1OZ3,Current,99912149.6,2019-02-05,BR-00063
BUS-2230804,9R9B9FCHSI,Business,98523753.43,2021-08-25,BR-00125
BUS-4676054,4EMT9RU2VW,Business,40288222.21,2022-01-12,BR-00027
CUR-5496307,H4KF4C7QV7,Current,60533773.55,2022-10-13,BR-00006
SAV-6841547,UWDSXNLQJY,Savings,22707102.78,2019-07-18,BR-00039
CUR-4871013,6HAXE0QVHC,Current,33446963.39,2021-05-06,BR-00022
SAV-8835092,EBPDJA42PE,Savings,72758747.8,2019-01-17,BR-00118
BUS-6145283,WFK5WAFJC2,Business,78667589.14,2022-11-20,BR-00194
SAV-9191458,86C2QWQOQU,Savings,36516099.63,2019-03-20,BR-00100
SAV-4567323,0T6YI6CWWL,Savings,16114138.15,2020-05-29,BR-00090
BUS-6470783,6N48J6C1FY,Business,59995519.34,2021-03-04,BR-00173
CUR-2320714,NPPD05SM5I,Current,140756.92,2022-02-20,BR-00093
CUR-2576992,2UHOO2AE8K,Current,80963511.15,2020-11-27,BR-00100
SAV-9381734,0NY7LZH2EL,Savings,3984430.31,2021-07-14,BR-00012
SAV-8850330,PNITEML1ZY,Savings,89816463.59,2019-06-04,BR-00098
BUS-1960419,0HKMVEWS26,Business,34539732.77,2020-08-24,BR-00170
SAV-7059473,VPPDZCBVG8,Savings,89844407.91,2021-03-21,BR-00180
BUS-7047001,51BKUAUO47,Business,35307288.24,2019-06-25,BR-00087
BUS-8452948,F3A2LC6CD1,Business,57236307.28,2020-12-03,BR-00072
CUR-2513708,LLYY9L8TAY,Current,647848.67,2020-12-16,BR-00034
CUR-2650340,P6DSIT7UNZ,Current,86518886.38,2019-10-26,BR-00129
BUS-2939170,2OK4JD60XX,Business,27516863.76,2021-05-29,BR-00059
SAV-1118627,VJEK06PDE3,Savings,3988010.53,2022-03-29,BR-00079
SAV-2381155,7QSF51CQ4P,Savings,2647989.91,2020-03-28,BR-00062
BUS-4596180,Z5NTECTYHA,Business,84663070.75,2019-12-10,BR-00061
CUR-7868299,GO97905K92,Current,53949360.51,2021-09-29,BR-00131
SAV-7400929,JHCU1MZ5Z0,Savings,1434721.02,2021-10-17,BR-00009
BUS-8925061,PL4HU4MG0E,Business,39879437.62,2022-03-11,BR-00133
SAV-2400628,342AZODJV5,Savings,16452301.36,2022-12-17,BR-00059
SAV-8546866,HMCGHUE76R,Savings,49511719.86,2022-02-04,BR-00004
SAV-9011555,G5XONNDQ0F,Savings,99272289.24,2020-12-14,BR-00136
BUS-9343394,614L28K37I,Business,31605423.52,2019-02-04,BR-00103
SAV-4782587,MED8RMZBOB,Savings,30204344.22,2019-04-30,BR-00084
CUR-7969215,65O5S443CC,Current,12539854.53,2020-11-10,BR-00024
BUS-7691907,H2LFB9970G,Business,6164485.56,2020-09-01,BR-00148
BUS-6141064,IE7TZ0J1Y5,Business,22726970.53,2022-12-25,BR-00083
CUR-3179669,BS6SWJJ50L,Current,90470373.4,2019-09-11,BR-00032
CUR-5601333,MVCH174G5W,Current,80551996.6,2020-10-02,BR-00081
BUS-3517854,3ZNC7OO303,Business,3851001.18,2019-06-14,BR-00167
CUR-1665783,6TWH2C71ZD,Current,44945842.67,2021-07-31,BR-00166
BUS-2670530,JIBRUMZSX2,Business,41493712.53,2022-05-12,BR-00069
CUR-7288865,EUMSFCEG9D,Current,8688026.35,2020-08-05,BR-00068
CUR-2237650,P3CSMHSZTP,Current,22857980.0,2020-12-06,BR-00003
CUR-6892221,UMB65APE18,Current,99034913.59,2019-04-10,BR-00118
CUR-9778998,LMGFX0B5G4,Current,4555312.52,2021-03-14,BR-00062
CUR-9262072,0V6N1D0BVD,Current,93933870.73,2020-11-24,BR-00080
CUR-3028471,Y0ZM363N5K,Current,82401231.11,2022-07-26,BR-00179
SAV-4318736,M0RY9NZPSL,Savings,40783818.72,2022-06-23,BR-00082
CUR-4812939,U87TL2RAU1,Current,10899413.49,2020-04-23,BR-00187
CUR-9904588,GIXJOWG0IF,Current,40132435.17,2022-09-26,BR-00170
CUR-3810675,E4WSS3QCPH,Current,95736764.67,2020-08-05,BR-00007
BUS-7072723,74MXAPL5DE,Business,30131688.11,2021-02-01,BR-00118
SAV-8159557,2T9VRUWMF2,Savings,27576055.95,2020-02-13,BR-00047
CUR-3868887,G4UHNF7TAQ,Current,74367983.12,2021-04-29,BR-00078
SAV-6362396,VIIH70ELT1,Savings,18772809.92,2021-06-25,BR-00183
CUR-4602399,0Z71JSU4M6,Current,68619918.98,2019-11-08,BR-00177
BUS-2756365,27JB51VKYW,Business,27114458.48,2022-05-08,BR-00096
BUS-3835779,BHLQRUPTCQ,Business,90636595.53,2022-08-30,BR-00019
SAV-5449359,VOE229ZRE1,Savings,55004163.73,2020-08-05,BR-00024
CUR-2939632,BP0G66K6F6,Current,52051898.84,2020-06-09,BR-00080
BUS-9999524,70Z1PV4VQW,Business,62626119.57,2020-07-04,BR-00133
BUS-2204072,KE1QXSY8NY,Business,988426.49,2019-06-14,BR-00013
CUR-8386696,79Z87ZRXEI,Current,39429967.25,2020-09-12,BR-00021
SAV-8695871,SL68RT7MJF,Savings,74995930.88,2020-04-18,BR-00021
SAV-3376288,Y4FZL8ORUE,Savings,75924777.9,2021-12-05,BR-00066
SAV-4379329,VFY5043UMT,Savings,96880637.09,2022-05-04,BR-00068
SAV-6829012,YFFMEBEDMD,Savings,45220238.42,2022-02-25,BR-00057
BUS-9026434,I4MCYZKA4K,Business,82499079.47,2019-11-02,BR-00137
CUR-8809773,BOI86MYY7N,Current,95653349.22,2021-06-05,BR-00186
SAV-1532758,WXY7UZES7G,Savings,32690147.53,2021-05-25,BR-00141
CUR-8045758,8PKM5CNMSK,Current,92043206.33,2020-02-09,BR-00044
CUR-3680322,2X2X8HHZDD,Current,95424592.83,2020-08-01,BR-00104
BUS-1430983,QCOU1OHCAE,Business,35312799.88,2022-12-22,BR-00050
CUR-5484071,2ZXDJ313X3,Current,11035181.31,2021-04-18,BR-00035
BUS-9917019,9H105H18K0,Business,33626916.37,2019-05-03,BR-00008
BUS-8051784,42GLVP99NR,Business,68651912.73,2020-12-29,BR-00085
SAV-2399621,KQGVR7Y82C,Savings,5600567.71,2022-02-09,BR-00090
BUS-4150553,TJE7VUBJM1,Business,37852570.94,2020-05-13,BR-00121
BUS-8617743,GMKJZA3I6H,Business,59829997.4,2020-10-07,BR-00069
SAV-3376632,9Q1XRQRKS1,Savings,751627.84,2022-12-08,BR-00039
CUR-6894073,RFJBJWW0HJ,Current,48252119.55,2021-01-27,BR-00117
BUS-9678095,XGI6A189YM,Business,35907797.54,2022-12-22,BR-00175
CUR-5088317,93XT6NAY70,Current,46966882.03,2021-11-10,BR-00115
BUS-8025616,Z3QSM38V29,Business,63817780.32,2020-11-01,BR-00103
BUS-1478013,OE3N8D39IV,Business,64013041.18,2022-04-23,BR-00048
SAV-2918683,KNA4D320IZ,Savings,19146876.48,2021-10-16,BR-00118
BUS-5406464,61HWN5BNHK,Business,21266086.5,2022-12-29,BR-00161
BUS-5843946,XMMRYHW5YT,Business,38160721.39,2021-09-21,BR-00169
CUR-6506964,RTSAFU4M9L,Current,20362195.92,2020-12-01,BR-00141
CUR-9613010,40UY4FA63Q,Current,84180085.89,2022-01-08,BR-00192
SAV-1026918,LZD5GIGZ8H,Savings,5196331.06,2022-10-18,BR-00181
BUS-4955934,2ZXDJ313X3,Business,59595556.89,2019-03-26,BR-00113
CUR-8283501,0D9RRA7LBZ,Current,67610456.59,2021-06-29,BR-00018
BUS-1078330,RKTOOF890Z,Business,52842238.87,2021-03-12,BR-00082
CUR-9840485,498ZVOAVCT,Current,16395985.7,2022-02-25,BR-00130
SAV-1862633,QXPZPO8SFL,Savings,21662364.42,2019-11-23,BR-00035
SAV-6405019,F1KKBTQTMV,Savings,81924824.69,2022-08-23,BR-00191
CUR-8741713,WWW23DPI8C,Current,3643801.82,2020-04-23,BR-00095
BUS-4232414,639DBUFI44,Business,68321454.35,2021-08-08,BR-00102
BUS-9510831,8GOVIPQFDP,Business,42038414.44,2019-01-04,BR-00140
SAV-4378672,D8MICG5N95,Savings,40751083.04,2020-08-07,BR-00088
CUR-3302793,Y4LPIPQ0X7,Current,56768319.6,2020-01-30,BR-00175
CUR-7478353,PL4HU4MG0E,Current,32463621.55,2022-06-12,BR-00136
BUS-7006220,PWRJ121AQT,Business,66555612.72,2020-07-22,BR-00103
CUR-2945406,DYHP6LKNF6,Current,55443260.28,2019-08-20,BR-00003
CUR-9283070,D60VLIESVI,Current,77070092.14,2022-03-15,BR-00063
BUS-5595812,WM28KQHYTV,Business,19906852.18,2020-04-29,BR-00096
BUS-7623822,M5249S2IPA,Business,85541025.93,2021-08-28,BR-00035
BUS-8823434,QKXPQ12AJF,Business,48784188.99,2020-10-27,BR-00130
SAV-4568260,PFQLLGLEJS,Savings,61421877.0,2019-10-25,BR-00003
BUS-7289123,7BPW7KHOZJ,Business,75252074.67,2020-05-26,BR-00061
CUR-6242861,6W6WF3T35P,Current,98424272.27,2021-10-07,BR-00037
SAV-3445610,E3WO3JO5SG,Savings,80333671.88,2020-10-06,BR-00047
SAV-3753165,6EHYVOL922,Savings,29258357.27,2020-01-04,BR-00127
SAV-5562120,9O5HIS4G8K,Savings,69556263.54,2020-07-17,BR-00161
BUS-9870033,HT4P3N5R38,Business,58798722.75,2019-03-09,BR-00086
SAV-6202464,GGM8TVEVPH,Savings,19157485.86,2020-08-15,BR-00187
SAV-5527735,JPBEWKVVQF,Savings,28023440.28,2020-10-09,BR-00097
CUR-7676167,NPQ5EJCNZ5,Current,45069006.56,2020-01-14,BR-00012
BUS-5915284,RE1E97UDCC,Business,11914078.16,2019-07-02,BR-00085
SAV-6276871,VMS1SIGLHN,Savings,14914791.73,2019-01-27,BR-00149
CUR-4364178,6R5Q9IM9PM,Current,85204682.06,2020-03-30,BR-00076
SAV-8779413,D25FFX3RFB,Savings,51233867.85,2019-03-10,BR-00098
CUR-3033768,MODWM6RQXB,Current,55035889.11,2020-05-01,BR-00112
BUS-5389106,5QA6OUGCC5,Business,97173963.52,2022-11-02,BR-00144
SAV-6126668,QW2LV36VHJ,Savings,97028968.36,2020-03-07,BR-00120
SAV-7239585,JUMVL6CNGJ,Savings,24766077.46,2019-11-25,BR-00074
BUS-1104762,PPONCEK35D,Business,13418238.31,2022-10-07,BR-00067
BUS-4317221,8824W26IVZ,Business,1385638.09,2021-02-05,BR-00145
CUR-5941854,YY4QPU6DA1,Current,9889304.7,2022-10-31,BR-00174
SAV-2217466,XJPGD8UKCM,Savings,39500762.08,2019-07-29,BR-00136
BUS-2460233,RURLR71U8A,Business,87393028.53,2022-05-18,BR-00181
BUS-3972268,SJSKXBX23D,Business,38724695.2,2019-10-09,BR-00115
CUR-4122823,4IK96KIG9W,Current,10407728.85,2022-01-12,BR-00177
BUS-3507012,EX88FYKH1I,Business,859156.97,2020-08-27,BR-00183
SAV-2883487,P9NGIWUOUQ,Savings,20160276.73,2020-10-08,BR-00091
CUR-4385901,BSOSX7ZAAH,Current,98482953.78,2020-04-09,BR-00173
SAV-1510427,PH2J8XTL5W,Savings,42418229.21,2022-04-12,BR-00001
BUS-2419591,XSZYCNONFN,Business,33864428.29,2019-02-13,BR-00057
CUR-4464735,RM157ETJ2J,Current,31653756.27,2019-02-09,BR-00127
SAV-3037312,UWRU0JQZHY,Savings,31090336.7,2020-12-30,BR-00128
CUR-4865478,8QGA6E56F1,Current,42344725.79,2022-02-16,BR-00002
CUR-2465934,CQSKZYJBGB,Current,49390422.14,2022-03-11,BR-00184
CUR-4468610,9XXPOTX35C,Current,79612634.96,2022-03-20,BR-00048
SAV-2619163,7WD4MMH52N,Savings,71384789.47,2021-09-19,BR-00012
CUR-9356493,XAGXF7PMUK,Current,55329925.94,2021-12-19,BR-00067
SAV-5495974,BB45UU8O8B,Savings,70280743.95,2020-09-17,BR-00124
SAV-1511019,NX7WV6IFO9,Savings,34506846.7,2020-01-30,BR-00156
BUS-3776962,CZDNZ0JMHV,Business,97253981.02,2019-06-21,BR-00096
SAV-6100395,6NF2783BAH,Savings,20384878.84,2019-07-24,BR-00174
CUR-1261633,B7WP7OYUFD,Current,52837449.76,2022-09-01,BR-00071
BUS-5937906,EYR64FD33J,Business,72621535.07,2020-01-10,BR-00039
CUR-7427532,8EHQNW7F5Z,Current,15409339.44,2019-01-25,BR-00034
CUR-2268257,TSZS43U7K6,Current,45227157.47,2021-11-25,BR-00131
BUS-5240995,NFW48OIKQQ,Business,61602097.91,2021-01-14,BR-00146
CUR-3159946,K1K9KK07GE,Current,61155112.07,2019-03-30,BR-00185
SAV-1859539,Z5NTECTYHA,Savings,56547445.94,2020-07-03,BR-00104
CUR-8996521,V8652NJJ2X,Current,42334289.03,2019-11-05,BR-00007
SAV-1037831,X2ONVB7XK7,Savings,2496201.64,2019-11-22,BR-00076
SAV-7509638,27VWM3I0ZU,Savings,69408456.26,2022-06-09,BR-00171
BUS-3697737,VQKFBJRJR2,Business,93541530.18,2022-11-25,BR-00098
BUS-8680472,BE7114TIDK,Business,38524140.94,2022-02-02,BR-00118
SAV-4921366,NWX0U3Q0V5,Savings,21993194.94,2020-12-04,BR-00024
BUS-9071375,QM4U5W8BAI,Business,34258269.79,2021-01-26,BR-00129
BUS-2385163,HB185O86YQ,Business,99371110.38,2020-08-22,BR-00178
SAV-8648793,SBGINCPFRX,Savings,57746284.58,2022-04-28,BR-00072
CUR-2224282,K67W3Z3AIB,Current,25136304.17,2020-04-25,BR-00120
CUR-3748374,IZQKUPBLC2,Current,28625280.88,2021-12-30,BR-00039
BUS-3300760,BPPOWFK4V5,Business,87366993.18,2022-03-29,BR-00131
BUS-6934602,QKWI8PF3XY,Business,32860692.13,2019-04-12,BR-00077
SAV-1516038,LTG5BW688R,Savings,20549723.35,2021-07-14,BR-00132
CUR-4423771,MAFRDXC76C,Current,4143765.74,2022-08-11,BR-00192
SAV-8155289,3V098UQYIE,Savings,61699196.71,2022-09-13,BR-00016
BUS-1164831,Q9QMK4M0DP,Business,9618204.0,2021-12-13,BR-00105
BUS-6687463,CMAT4J5855,Business,2829512.58,2021-11-26,BR-00145
CUR-5446670,AWGZ5BZIOG,Current,87699189.27,2021-03-29,BR-00024
CUR-9008461,FHSY71DD9I,Current,57620061.68,2021-10-23,BR-00011
BUS-5665452,ZQMT4BR3J9,Business,40600286.05,2019-01-06,BR-00166
CUR-6055258,SJRHPP7GMN,Current,86046416.27,2022-08-01,BR-00163
CUR-5375143,FBWJWYVPWQ,Current,98537469.35,2022-03-07,BR-00199
SAV-9050246,QQLJHKDTX6,Savings,29198418.42,2020-05-31,BR-00111
BUS-6608721,A0MVPJGAHC,Business,35652861.3,2022-02-05,BR-00086
CUR-8417406,XOLJBLDUQM,Current,58745503.07,2020-04-26,BR-00063
CUR-7254555,CEZHOL1VEQ,Current,65116637.28,2022-12-21,BR-00179
BUS-8352957,AYP8SMHI36,Business,53257785.97,2022-10-08,BR-00151
CUR-8507944,4M5LN22JYL,Current,76194051.88,2022-12-09,BR-00058
BUS-8525800,BWLFUIRYOS,Business,83670018.9,2020-12-21,BR-00142
CUR-5684447,K68PICWHMI,Current,71551575.97,2022-04-29,BR-00062
BUS-9352639,AHVRBMHBNB,Business,47207560.35,2020-11-29,BR-00095
CUR-8600345,R9829QA32K,Current,21512455.74,2020-10-09,BR-00191
CUR-6739499,4BSAXDXX8U,Current,25416506.17,2019-05-30,BR-00096
SAV-5570731,GWHZTN1OZ3,Savings,22404037.09,2022-03-08,BR-00172
CUR-8335811,7HCOHUT3SL,Current,67918653.19,2019-08-30,BR-00094
BUS-6886546,KI2GEO2XDT,Business,98491136.89,2022-02-04,BR-00078
CUR-6338666,KSTCDNRYGF,Current,98983034.32,2019-08-15,BR-00065
BUS-2271665,H6392UIB3E,Business,68755393.42,2022-10-18,BR-00070
SAV-9571365,5XF8QUTMJZ,Savings,56910043.64,2020-08-08,BR-00017
BUS-8765497,BCG5F1KBMR,Business,12832287.46,2021-07-30,BR-00058
BUS-2201580,EVWU3FNX6F,Business,43108334.44,2020-05-13,BR-00018
BUS-7496553,8CJWI4AZCF,Business,36423634.2,2020-03-31,BR-00150
CUR-6611592,VI0LSIJCXN,Current,46065846.59,2020-02-11,BR-00081
CUR-8330905,3JYY2YWXEQ,Current,45685983.12,2021-06-15,BR-00158
BUS-9165418,0IHW38NISB,Business,84464665.71,2019-06-16,BR-00019
SAV-1028680,XQ3YW1PJSN,Savings,20013190.0,2021-08-12,BR-00113
BUS-3007317,N4O5RM758S,Business,63509428.03,2020-10-10,BR-00020
CUR-3843513,41DO2NJBQJ,Current,40365504.92,2022-02-28,BR-00147
BUS-4479542,PXET8V6JDS,Business,80912082.18,2019-12-19,BR-00165
SAV-5750924,CUKSJB58I3,Savings,19556980.85,2022-03-25,BR-00031
CUR-5120028,M3R1KG1MLQ,Current,54686267.8,2020-10-24,BR-00058
SAV-1870530,GLCYWRIEB7,Savings,28278719.09,2021-11-09,BR-00160
SAV-2922397,AIU85ON20R,Savings,50820284.17,2021-10-24,BR-00189
BUS-5871679,CVW6YP4O4X,Business,83461076.55,2021-05-26,BR-00006
SAV-6033617,VZXCF3BL8V,Savings,27453744.66,2022-12-13,BR-00118
BUS-2429116,OD0VEK7CLI,Business,91380907.98,2021-08-13,BR-00022
SAV-8597063,TQKW5AJGRV,Savings,98184277.05,2022-05-16,BR-00148
CUR-2684719,7JCQUOUXOS,Current,71179566.47,2022-06-07,BR-00081
SAV-1998854,JHYRGUS75P,Savings,72377332.31,2021-04-04,BR-00097
CUR-6287452,I2IZ288P7K,Current,69984397.18,2022-08-25,BR-00046
CUR-2953324,IOTEKC6CX2,Current,71420263.77,2019-10-16,BR-00109
CUR-2364684,45B8V42M22,Current,80998219.03,2021-02-08,BR-00179
CUR-8290909,K15ORV1U70,Current,39533468.28,2021-02-05,BR-00132
SAV-1523008,EGHKAEOYE4,Savings,56099795.25,2020-03-10,BR-00104
BUS-2232174,JBAKAQPMX5,Business,75090759.1,2020-03-21,BR-00131
CUR-2719621,P6WQS28HZR,Current,3048534.3,2020-07-19,BR-00075
CUR-3425952,C693OJY0JS,Current,2636950.8,2021-06-21,BR-00142
CUR-8920511,CLSAGNWHZ6,Current,32955261.36,2022-07-06,BR-00031
BUS-1734201,CIROXT4ZNV,Business,60833294.66,2020-01-02,BR-00163
CUR-2387710,D1MAIEB54O,Current,29509238.78,2019-03-31,BR-00038
BUS-8444737,J6B7ABNB2F,Business,43163331.7,2021-09-13,BR-00190
BUS-6522519,M65LWEP9A6,Business,19202025.77,2019-12-19,BR-00020
CUR-2152610,BSQIFRMYKZ,Current,17666274.16,2021-12-03,BR-00037
BUS-5960711,FNQG6XS8VP,Business,46808819.45,2021-06-05,BR-00022
SAV-9649020,EJBKKK8MUD,Savings,52693189.01,2020-05-22,BR-00111
SAV-8353996,70Z1PV4VQW,Savings,47430853.57,2020-03-27,BR-00132
BUS-4872860,O640PI5M1S,Business,13305874.88,2019-05-13,BR-00075
CUR-1095208,L04PVD5WDO,Current,85914176.49,2021-09-28,BR-00157
BUS-8764707,K633PHIT5Q,Business,52241136.74,2020-04-19,BR-00029
BUS-1837574,0E7LMZ7ECN,Business,17547120.1,2019-12-18,BR-00168
CUR-2214163,5QKSKH3EIN,Current,91017966.85,2020-05-05,BR-00133
CUR-6783285,2M6S8UX3IU,Current,34276433.84,2021-12-03,BR-00061
CUR-7088659,UWHNKSOOY7,Current,84170900.65,2022-05-25,BR-00125
SAV-7713824,9OD2VUGE10,Savings,8517455.05,2019-11-05,BR-00001
CUR-1890038,EIPXT1I42Q,Current,58434263.53,2021-10-01,BR-00030
BUS-8904672,FNQG6XS8VP,Business,49779285.66,2019-02-05,BR-00127
SAV-4899109,X58DWSWZ52,Savings,75071578.22,2019-11-23,BR-00197
BUS-1897413,1PMW88V9N0,Business,46933043.0,2020-08-20,BR-00078
SAV-6569670,IT8HWCTWZZ,Savings,64324905.58,2022-05-12,BR-00161
SAV-7032262,98ANGTHE6R,Savings,32592404.97,2021-03-04,BR-00074
SAV-2556576,HVHF4IJQOS,Savings,62734193.41,2022-04-26,BR-00176
BUS-9181930,OTF06CUKNB,Business,23303163.12,2020-10-07,BR-00037
CUR-2477271,CXTC6VEGAQ,Current,29775412.01,2019-02-19,BR-00177
BUS-7631575,V5R3C6MRZB,Business,59428536.33,2019-09-29,BR-00118
SAV-1893218,ZX12SYP4Z4,Savings,27315287.92,2021-11-09,BR-00178
SAV-2247667,F5R28FW773,Savings,37092723.7,2022-06-14,BR-00046
CUR-3702637,XJPGD8UKCM,Current,31996443.96,2021-11-20,BR-00159
CUR-5006173,BGVR6D11N4,Current,67528378.64,2022-04-06,BR-00033
SAV-2068096,2JNGA3DSQ3,Savings,62722590.23,2020-05-19,BR-00177
SAV-1434201,F609ZGEN7Y,Savings,83714736.41,2022-01-30,BR-00162
CUR-4461146,9OO88GZXT8,Current,69469032.22,2020-01-10,BR-00011
SAV-7457074,85LW1SMH7N,Savings,65515816.33,2021-06-24,BR-00113
CUR-9215994,MKQOA1XEO5,Current,72307152.48,2019-01-26,BR-00096
SAV-9815845,2L78X8YUYT,Savings,24732979.34,2021-07-07,BR-00068
CUR-5057644,92NC8BC65S,Current,80866362.22,2020-10-31,BR-00043
SAV-7255290,01S02ED7QX,Savings,9935506.82,2022-12-22,BR-00044
SAV-2287007,BVWEMWDVGJ,Savings,17820888.45,2020-10-09,BR-00109
CUR-8533286,0OPZ3MPCFM,Current,30957124.79,2019-04-07,BR-00172
BUS-6153974,905IHTRIRL,Business,9685225.31,2021-04-26,BR-00049
BUS-2177041,DUFT2Y36IC,Business,66405560.11,2022-05-18,BR-00160
BUS-6917263,0DJQWXBDZA,Business,82262451.29,2019-10-04,BR-00026
SAV-9666373,MPY75AWDAJ,Savings,82112553.8,2021-06-30,BR-00029
CUR-7443110,I943WCXV1X,Current,93302483.23,2021-02-18,BR-00025
BUS-6230491,2HKSSSD3KI,Business,42018409.93,2019-01-17,BR-00076
SAV-6660406,ESEO5CVQ4Z,Savings,52867670.06,2022-04-29,BR-00106
BUS-3713298,U89TDTHMU8,Business,90727065.57,2019-11-29,BR-00078
SAV-6027782,69KWQSW770,Savings,31442157.89,2022-08-22,BR-00099
BUS-4639785,85LW1SMH7N,Business,92175562.23,2022-04-04,BR-00132
BUS-2509000,4ECV50RM5K,Business,29555612.44,2019-12-31,BR-00011
BUS-2112826,LU3TG4INOK,Business,62844065.44,2019-07-26,BR-00133
BUS-2780142,JV7MGSN5YM,Business,20401552.51,2019-12-12,BR-00132
CUR-1932004,32QSZOKS80,Current,16295799.34,2020-04-16,BR-00169
BUS-9774170,2R3M4966VA,Business,27265732.77,2020-01-10,BR-00025
SAV-8154858,EARPOONHV8,Savings,67430986.33,2019-04-16,BR-00164
BUS-1374421,CS76JPPAJM,Business,45185622.55,2021-10-09,BR-00010
BUS-8978713,9HC0X4USTH,Business,24017623.18,2022-10-25,BR-00187
BUS-1094643,YNBRZQJICZ,Business,60994927.93,2022-05-22,BR-00093
BUS-9012651,XHXD31ASXG,Business,38224065.76,2020-12-08,BR-00116
SAV-2423255,ACKYG8YN2F,Savings,14068989.83,2021-03-05,BR-00002
CUR-1889121,I2IZ288P7K,Current,71508869.25,2021-02-19,BR-00086
BUS-5492142,4EMT9RU2VW,Business,44878775.82,2021-05-31,BR-00027
BUS-4753292,A9KKIEQ6NU,Business,1216066.42,2020-08-18,BR-00171
BUS-3405963,FU3HND66QC,Business,34131437.07,2019-07-05,BR-00007
CUR-2659427,0L159T7I83,Current,59072964.84,2020-01-01,BR-00105
CUR-9388127,0U5AJPYF2R,Current,93688055.28,2020-03-06,BR-00158
BUS-1891941,3X6LJVYNTY,Business,28437984.78,2019-09-30,BR-00121
BUS-3778841,K6NPX694UM,Business,13212960.46,2022-06-04,BR-00087
CUR-6541762,NLWPNQG0P1,Current,92300540.52,2022-08-19,BR-00131
CUR-2684782,MC3T40VCU6,Current,14014847.12,2021-12-28,BR-00040
CUR-4616689,T8QUONFLJ4,Current,98652690.36,2019-08-16,BR-00152
CUR-9728242,53ZPVS5WLX,Current,90187265.75,2019-07-10,BR-00013
SAV-5863257,CPSW5NE2IR,Savings,42632178.81,2021-10-28,BR-00145
SAV-5682945,1T399MI7QS,Savings,3113688.64,2020-06-29,BR-00102
CUR-4052618,VV2561WH67,Current,11606797.79,2021-05-15,BR-00074
SAV-4042680,N55MLR05QY,Savings,81685632.03,2021-06-22,BR-00112
BUS-3961623,PIPWYTVC4N,Business,72837859.85,2019-03-05,BR-00061
SAV-2476174,MXOV0EZP7X,Savings,36323109.85,2022-10-14,BR-00172
BUS-3583385,FDPDV9ZUGB,Business,80493772.12,2021-07-10,BR-00152
CUR-5836950,2D2VP09QL2,Current,21106410.19,2022-08-23,BR-00157
SAV-3822607,LYY3ETTR13,Savings,96410717.59,2022-05-06,BR-00133
SAV-7420470,X5Y8H23APY,Savings,53577511.73,2019-01-23,BR-00032
SAV-8275860,4OEQLLUKZN,Savings,15738989.03,2020-03-11,BR-00198
CUR-1830302,2MW90ZT8Y4,Current,841015.01,2022-05-19,BR-00130
CUR-4039602,DM0XKSEMZW,Current,77872125.77,2022-06-10,BR-00071
SAV-3860079,6X5ON5OTDV,Savings,10900407.13,2019-12-15,BR-00135
CUR-6607156,JM3TUQYLI7,Current,93530807.71,2020-03-06,BR-00120
SAV-2058073,W3HDT73X38,Savings,N/A,2020-07-26,BR-00122
BUS-3565038,UG1TH0JVNT,Business,70860959.65,2022-03-27,BR-00193
SAV-6938287,4ZS0JD0ZH1,Savings,42578076.01,2020-07-23,BR-00061
SAV-4335987,Z63QZZP5H6,Savings,86968338.5,2019-06-26,BR-00101
SAV-3394419,766BM0P607,Savings,28300339.28,2020-03-31,BR-00166
SAV-8003838,UGFNDPDC5Q,Savings,52850224.8,2022-06-15,BR-00074
CUR-1830498,94IK69GGKN,Current,48556767.94,2021-07-09,BR-00049
BUS-1892554,8SABU5VBHH,Business,69229668.28,2021-09-24,BR-00001
BUS-5162986,92QLFNGY7N,Business,75382830.34,2019-10-07,BR-00040
CUR-2633394,NTSP6TZ2I5,Current,17553938.66,2022-02-28,BR-00156
CUR-6262143,JRAUPFU0JS,Current,72015567.2,2021-06-05,BR-00145
CUR-5156705,ZROKYQMA88,Current,8713795.04,2020-01-22,BR-00164
CUR-6629460,KDBHPNTJUE,Current,4065561.31,2019-01-19,BR-00095
CUR-7815169,45FFEYBMMD,Current,20105706.62,2021-10-26,BR-00136
BUS-6264091,FPBGSNFLFJ,Business,76351874.82,2021-02-15,BR-00028
SAV-1948083,TN4K1IM8LU,Savings,46995622.09,2020-11-20,BR-00168
BUS-9916834,VR9JZ3ONP4,Business,83776017.3,2019-09-10,BR-00156
BUS-6299794,475IJCBFSG,Business,69764549.64,2021-07-31,BR-00104
CUR-8878105,IBKN5MJLKC,Current,25988749.99,2020-10-11,BR-00104
SAV-4122342,K8NJS42W4X,Savings,30442836.55,2020-07-25,BR-00192
CUR-6740552,XQ3YW1PJSN,Current,82342394.33,2020-05-11,BR-00044
BUS-2838105,UWEM9NNSYV,Business,59015372.01,2019-09-13,BR-00077
BUS-5713974,R3YDAJIC3V,Business,82502535.48,2021-12-17,BR-00160
SAV-9996764,0NOUP34TR1,Savings,48695318.87,2019-07-19,BR-00001
BUS-2621170,VLOXQS2008,Business,26745726.77,2020-11-30,BR-00114
CUR-2732432,JHYRGUS75P,Current,65019118.61,2022-08-19,BR-00126
SAV-2086927,K15ORV1U70,Savings,97126352.13,2019-02-14,BR-00113
CUR-8411576,7K1XHNHK2A,Current,61592360.96,2021-12-22,BR-00126
SAV-9395872,UGTL3EIP61,Savings,26079277.97,2020-07-15,BR-00113
BUS-9664863,ZTDCAMP9SD,Business,62658823.78,2020-07-30,BR-00143
CUR-7877295,BF4357K2BY,Current,82527703.61,2022-12-11,BR-00148
SAV-7169016,92X8V3GP5B,Savings,8664354.04,2022-06-19,BR-00164
BUS-1730848,IHTBE31629,Business,915720.94,2021-11-06,BR-00107
BUS-1961455,I91Y4O3D64,Business,71333275.23,2022-11-05,BR-00134
CUR-8343298,GL66ZDTMTK,Current,92637055.57,2020-03-17,BR-00011
SAV-2717767,3ZWIO0SPD4,Savings,29026615.43,2021-08-03,BR-00154
SAV-8971742,LBH2VNFG3B,Savings,25775696.89,2021-01-24,BR-00067
BUS-7716399,NA4578HCDF,Business,71154975.41,2022-11-06,BR-00119
BUS-5344186,A9XCKND4M3,Business,14408498.38,2022-07-12,BR-00146
SAV-9316896,LCUJ2RKMWB,Savings,83608861.13,2022-06-17,BR-00015
SAV-8849034,DIXINNJ8LQ,Savings,46615313.79,2021-12-28,BR-00187
BUS-1794943,VMS1SIGLHN,Business,11866489.43,2021-04-12,BR-00016
SAV-4163128,IVLPO3TGY7,Savings,41429099.15,2019-02-19,BR-00149
CUR-4519780,9QBD1TY19K,Current,57812360.06,2020-12-22,BR-00087
CUR-3877523,NW4YBDI9S1,Current,36546313.45,2019-07-05,BR-00007
CUR-2492950,M1170WUXRZ,Current,16560485.27,2022-07-11,BR-00191
BUS-2509712,UCIMPSBIH5,Business,44553929.23,2022-09-10,BR-00040
CUR-3348104,0D9RRA7LBZ,Current,74613263.38,2020-11-13,BR-00053
CUR-6544680,842IOPF78L,Current,15397402.97,2021-04-30,BR-00044
SAV-8781374,SPL6XI6HWS,Savings,75116747.58,2019-10-02,BR-00196
SAV-3616450,15HO47QAZ3,Savings,15712546.04,2022-12-08,BR-00005
SAV-2680257,Q4KQPVREDZ,Savings,34093790.42,2020-05-21,BR-00053
SAV-1743973,E60HOWN25E,Savings,76919127.68,2019-12-01,BR-00196
SAV-8594376,TBLLSUHIOQ,Savings,98074783.11,2021-12-28,BR-00187
BUS-7575571,0A9MSCYM4A,Business,16080120.44,2020-04-17,BR-00150
SAV-6908552,QH0F9N75S2,Savings,9464905.99,2020-02-14,BR-00029
CUR-3740655,NP6YYU2JJK,Current,34173291.64,2020-06-05,BR-00003
SAV-6381175,6KHW38OYMA,Savings,18750518.75,2022-01-15,BR-00132
CUR-1097927,5Q01MPKBHQ,Current,46982893.99,2020-11-29,BR-00066
BUS-3614960,7XHCWS8TL0,Business,79178059.83,2022-02-22,BR-00181
SAV-9169369,BJK8L3AEB6,Savings,64266512.26,2022-07-09,BR-00177
CUR-8433906,N2Z2FLIBEH,Current,41315238.84,2019-02-11,BR-00123
BUS-4668655,NJIPYT39I3,Business,24983227.86,2021-03-19,BR-00047
BUS-4565744,Q5A8Q3G5CQ,Business,62120445.15,2021-06-15,BR-00101
SAV-1337854,UP9O1Q0UXT,Savings,21993149.94,2021-01-03,BR-00150
CUR-8296134,KD5SY7G0Y9,Current,6909900.98,2021-08-03,BR-00075
CUR-2895528,DEIMX3XVKD,Current,72289528.54,2020-02-07,BR-00111
BUS-5190036,M3R1KG1MLQ,Business,30563788.72,2019-06-14,BR-00151
CUR-3864515,M0M5IFTBKF,Current,62513322.79,2019-02-09,BR-00012
SAV-7848945,XSZYCNONFN,Savings,80847450.1,2022-10-17,BR-00114
BUS-4206331,SO7O519G0I,Business,79439778.77,2020-06-04,BR-00069
SAV-8467172,PSBRQWDTTP,Savings,62294689.59,2021-05-16,BR-00195
BUS-6382483,AA72Z9VJPJ,Business,10005468.26,2022-04-05,BR-00098
CUR-4270126,UCIUKW38RP,Current,70543748.51,2019-10-04,BR-00124
BUS-1993409,UD9CW30MA5,Business,14221219.85,2021-11-14,BR-00033
SAV-8339601,66YLWWKQ6R,Savings,41086673.82,2020-08-15,BR-00063
SAV-4887961,C70GSWO143,Savings,30633367.27,2022-07-26,BR-00110
CUR-1477614,ZA85FAO4OU,Current,66568731.33,2019-06-17,BR-00104
CUR-4404373,1334O1DTXS,Current,97416807.9,2019-05-19,BR-00095
SAV-3536463,FGY1R8P9ZY,Savings,86628020.93,2019-05-17,BR-00115
BUS-7696995,0SG7NNSF4X,Business,67054826.49,2021-05-19,BR-00008
BUS-9707862,9IJWNBDSMP,Business,7660425.95,2020-11-23,BR-00069
SAV-8657335,LVB7J3QBB4,Savings,34966843.52,2020-09-12,BR-00054
CUR-1572337,E6WAZIKOGE,Current,27075718.97,2021-03-03,BR-00106
BUS-8027007,1S5R6APUJA,Business,38203138.94,2021-10-24,BR-00135
SAV-6113459,1EEYACX05R,Savings,25908222.97,2022-07-08,BR-00002
SAV-2756988,MF5G8EY88J,Savings,42238160.83,2020-06-27,BR-00155
CUR-1687057,VCLBZ8IUNM,Current,1257231.51,2020-05-13,BR-00136
CUR-1014017,AIKUW6J4OS,Current,84758333.5,2020-04-06,BR-00146
SAV-2475262,EJBKKK8MUD,Savings,48291538.2,2020-08-20,BR-00019
SAV-2273993,3WBQJKPRJ3,Savings,19948879.42,2021-10-05,BR-00065
BUS-2936262,JOKQK35YVW,Business,46558682.57,2020-07-22,BR-00104
SAV-5592936,0D9RRA7LBZ,Savings,14472358.7,2021-03-03,BR-00047
CUR-9940200,7DFQZCZKT1,Current,24927691.14,2021-05-31,BR-00118
BUS-5098801,S0G56RF1DY,Business,71466050.71,2020-07-09,BR-00126
CUR-2987619,EXPAHUT91N,Current,65600797.61,2019-09-19,BR-00007
SAV-2948792,SP65OOXD73,Savings,63119522.37,2022-05-15,BR-00018
CUR-4210636,DCE4JKT4CL,Current,62606284.7,2020-06-16,BR-00034
BUS-9268228,NLWPNQG0P1,Business,17228111.89,2021-11-21,BR-00059
SAV-9031638,6GBK9VYGZX,Savings,83489582.63,2020-03-25,BR-00066
BUS-1402934,JJAX1F0JIK,Business,22386510.96,2022-03-02,BR-00062
BUS-2779810,WQCOJ6AVIZ,Business,97148759.9,2020-08-19,BR-00061
CUR-4934533,NAW25VLRJA,Current,54070631.94,2022-02-18,BR-00148
CUR-9264960,M0O1BTI0CE,Current,95198988.6,2020-02-03,BR-00127
BUS-5778698,PDLB7K946Q,Business,45040732.14,2019-04-16,BR-00098
BUS-4825736,WFMYP50YFR,Business,21216203.22,2019-12-27,BR-00015
SAV-8827751,AA72Z9VJPJ,Savings,63774482.48,2022-07-21,BR-00168
SAV-9781452,1E254FBVTO,Savings,60151682.9,2021-12-14,BR-00080
SAV-9981534,52FUKFV2OR,Savings,92092286.68,2019-02-18,BR-00116
CUR-8530725,K633PHIT5Q,Current,45205832.14,2019-09-04,BR-00030
SAV-7601672,G7XYSS3H6F,Savings,55362168.21,2022-06-05,BR-00036
CUR-6672556,K01ICGVYLR,Current,68551244.8,2020-01-05,BR-00194
BUS-1760128,GO0YLXZXMU,Business,80189290.11,2019-03-05,BR-00106
BUS-1860040,1MU0PWDWE0,Business,10892941.79,2019-11-12,BR-00178
CUR-1665745,ZXUOQQ321L,Current,92493187.37,2019-03-04,BR-00132
SAV-6185089,GOJI5MYP2B,Savings,24985646.35,2022-09-23,BR-00178
SAV-6807289,M9VLDB6NS5,Savings,64178233.74,2022-06-29,BR-00181
CUR-1328260,PGNN9DPAR2,Current,41561611.86,2020-11-28,BR-00168
CUR-2521391,RSPM9KD534,Current,31778489.53,2022-11-14,BR-00132
CUR-2940320,8BZYKXJ6OE,Current,54455604.24,2021-02-08,BR-00027
BUS-2595845,MIOWEYKB4X,Business,6743508.45,2022-02-28,BR-00140
CUR-8675465,VRBGSRNNJ5,Current,61152322.02,2022-05-21,BR-00099
BUS-2429618,OFXGBEN9P6,Business,80220758.94,2019-01-08,BR-00199
CUR-6137730,3BF9B31H7G,Current,18634127.15,2022-05-07,BR-00112
CUR-8776529,0GLR47ZF4X,Current,17355030.24,2019-12-30,BR-00029
SAV-5767666,02NJDUQQAL,Savings,54725843.62,2021-11-04,BR-00168
BUS-1016774,NREOWGQHDS,Business,58994587.53,2020-09-05,BR-00124
BUS-5170966,0DHLHQIDJG,Business,10371256.32,2019-07-22,BR-00074
BUS-7085501,RQ2I2HOOUT,Business,82859795.89,2021-09-11,BR-00008
BUS-9068920,TRR05OYL5C,Business,75095176.53,2020-06-07,BR-00157
CUR-7687787,CZNC38CBG4,Current,29603728.02,2019-06-21,BR-00099
SAV-2791521,B78OHOB7DH,Savings,58466560.4,2019-11-21,BR-00038
CUR-9979772,9NAJVQBF3L,Current,3696153.02,2020-01-28,BR-00039
CUR-9531193,2LK3SFJ1E9,Current,24263831.93,2022-01-19,BR-00073
SAV-6230487,A5POZE4H2K,Savings,3713010.15,2020-05-10,BR-00132
BUS-1809830,OG51U7DDJH,Business,24557486.43,2019-02-13,BR-00153
SAV-4125583,NWX0U3Q0V5,Savings,46752209.12,2020-08-01,BR-00166
BUS-9520240,36TQ4H2FL4,Business,22821121.61,2022-10-16,BR-00155
SAV-3836342,VU3FFA1RUI,Savings,21335346.32,2020-10-18,BR-00095
SAV-6702656,AYMRB0TD2N,Savings,6232875.09,2022-02-19,BR-00118
SAV-5843445,IKHV75H66L,Savings,41754681.26,2021-11-25,BR-00128
CUR-8583178,YOX0UT4TF8,Current,89828908.84,2019-03-05,BR-00025
SAV-8748564,Y4FZL8ORUE,Savings,64520776.2,2020-10-31,BR-00019
BUS-1802117,764QBB7L43,Business,81682657.96,2021-04-07,BR-00078
CUR-1000759,G5X4U5GTKS,Current,49050257.99,2019-05-15,BR-00148
CUR-2888444,XDJ4GTGQLL,Current,46916344.37,2022-01-02,BR-00062
CUR-4922703,UOG3N8126X,Current,9017224.49,2019-11-15,BR-00120
CUR-5573475,GCDJD5HRK4,Current,72253784.86,2021-04-14,BR-00041
BUS-5112716,E3WO3JO5SG,Business,31813626.53,2019-07-27,BR-00179
SAV-8596282,U7OY7C1S6Y,Savings,69126266.57,2020-11-30,BR-00114
SAV-9894872,YYUU22X4Z3,Savings,7411071.32,2022-08-17,BR-00188
CUR-9988903,25W4PBENIV,Current,71545029.75,2022-11-25,BR-00139
BUS-4097579,PQ2QP90CBS,Business,70076914.25,2021-04-01,BR-00185
BUS-4025082,0K3FOTC769,Business,45667586.86,2020-04-21,BR-00088
CUR-2348521,PICULRWJ0P,Current,46429233.94,2020-09-14,BR-00131
SAV-2053497,6CUNXV2SAB,Savings,86801122.91,2019-10-25,BR-00191
SAV-1829781,1NAT4N6A2Q,Savings,60504286.27,2021-05-12,BR-00044
BUS-1222784,Y4ECJWZR6Q,Business,32200941.84,2020-12-23,BR-00007
SAV-2503876,I59FKNQZZQ,Savings,31525626.81,2022-01-01,BR-00022
CUR-9785887,ECZ1Q7KMIE,Current,14821003.06,2019-01-09,BR-00141
CUR-7033914,LHR7N35208,Current,22941924.42,2021-09-25,BR-00062
CUR-2208312,JA216RKZJJ,Current,80926039.12,2022-08-16,BR-00012
SAV-4740519,8NTQ2DMC3D,Savings,18146350.51,2020-07-04,BR-00193
BUS-4989675,SE2T5WPOEN,Business,5033138.88,2021-03-23,BR-00149
BUS-6224399,VRF2LC8JPQ,Business,17832758.61,2020-03-12,BR-00120
BUS-9718568,AMBLQZJVLS,Business,74018894.91,2020-03-13,BR-00166
BUS-7194629,U18IQRVK0I,Business,12263220.4,2020-11-27,BR-00039
CUR-9903893,GXGOLJQZY0,Current,48912097.0,2022-11-13,BR-00024
SAV-5474749,62O7KZCJU9,Savings,31016073.36,2020-05-22,BR-00145
BUS-3678298,W7C132JNTM,Business,42952201.35,2022-01-28,BR-00156
CUR-9932178,E0XI4GSAFN,Current,30655789.29,2021-07-11,BR-00029
SAV-8546729,J1P9YR7MUX,Savings,29135646.89,2020-08-21,BR-00043
SAV-5293556,SDGKUHF94B,Savings,9859897.62,2021-01-08,BR-00151
CUR-6881360,CMAT4J5855,Current,35910501.48,2022-01-27,BR-00099
BUS-1522693,6KVS508R9W,Business,44044630.51,2019-05-27,BR-00028
CUR-6977540,ZJDQ5NK7NC,Current,53375723.99,2020-04-29,BR-00191
SAV-3240157,3TN0DXF40W,Savings,95158696.07,2019-06-30,BR-00086
BUS-1142198,NKKT5VF7ZX,Business,97669202.57,2020-04-01,BR-00190
BUS-3110574,N36E8A6XYK,Business,21454196.73,2021-11-20,BR-00118
BUS-1574746,86DYA7ZRRC,Business,73166382.38,2020-11-01,BR-00098
BUS-7462021,K7PWM5G34C,Business,53825014.6,2019-03-23,BR-00129
CUR-4770278,62WK5VAO35,Current,64425845.42,2021-08-24,BR-00021
CUR-2526876,2GLF6RBO99,Current,82204476.0,2022-07-06,BR-00034
SAV-7523729,VZ917357ET,Savings,56770309.38,2021-05-09,BR-00115
BUS-3923278,TC9NBQE2RR,Business,17960309.56,2020-09-30,BR-00140
BUS-3236758,LMGFX0B5G4,Business,78640193.65,2020-06-15,BR-00119
SAV-9694388,VBWCGJIT3G,Savings,38642449.57,2022-01-24,BR-00189
BUS-6950321,O6VJQ49EVC,Business,72788992.17,2019-06-17,BR-00104
BUS-6055905,P9S5E0IG95,Business,5236845.61,2019-09-17,BR-00067
BUS-4009534,CV75JIFEZT,Business,70339499.94,2020-07-29,BR-00167
CUR-3627621,U1W1YMNRXK,Current,17736971.91,2019-04-07,BR-00144
CUR-1465325,UK5REUBEV4,Current,94019805.48,2021-03-21,BR-00184
BUS-8716885,8GOVIPQFDP,Business,91815692.3,2022-04-01,BR-00071
CUR-6573412,OXU2L22AAN,Current,73772857.55,2020-05-25,BR-00068
BUS-3741182,JS34ZMDEIY,Business,85258478.23,2022-11-09,BR-00019
SAV-3907544,V92QGOCG7W,Savings,21998582.38,2022-04-15,BR-00194
CUR-1262229,2ZNCC8FBRP,Current,3193094.88,2020-10-05,BR-00174
SAV-9719054,0MHKQ3VD59,Savings,58027049.94,2019-01-29,BR-00100
SAV-3394533,KB0SJ326UO,Savings,41335017.13,2020-05-13,BR-00042
BUS-6748315,LRBMWF3PNG,Business,69451495.32,2020-08-23,BR-00005
CUR-1682386,1PX4A3OV7E,Current,63304050.56,2019-04-28,BR-00193
BUS-4933192,5JKCGF3355,Business,13393613.3,2019-02-13,BR-00033
BUS-8961959,8JD78QJ1TB,Business,Unknown,2020-10-01,BR-00008
CUR-9815036,V0NKWGLC2M,Current,95668551.0,2022-08-06,BR-00142
CUR-9475315,R81C1UMZ2K,Current,96829608.58,2019-08-10,BR-00016
BUS-1851112,SO7O519G0I,Business,6071294.88,2020-03-29,BR-00071
SAV-6569688,FMDHFM8QBC,Savings,70403701.62,2021-03-24,BR-00136
SAV-9318123,MKU69FPPL9,Savings,69028762.34,2022-05-24,BR-00145
CUR-1635798,3EDESRC2MB,Current,96352131.12,2020-08-18,BR-00186
CUR-7344971,7M91Y7ZK61,Current,14886174.14,2020-02-02,BR-00095
SAV-8326065,Z8YMOC76RF,Savings,92800100.15,2019-07-11,BR-00183
CUR-3529758,S3L68W9UDA,Current,14967190.48,2022-03-01,BR-00170
SAV-5849803,9JLB8J2583,Savings,5011678.47,2022-06-02,BR-00082
CUR-8470864,VT558R3Z9A,Current,15785219.39,2019-09-15,BR-00159
CUR-5118596,9QBD1TY19K,Current,60292678.51,2021-03-13,BR-00189
BUS-6919871,HUF7GEAEEG,Business,96313824.44,2019-07-20,BR-00152
CUR-8537550,CBU7ZD996O,Current,47970603.34,2022-03-30,BR-00165
BUS-4839290,7AI7BIIYKS,Business,31626763.74,2022-07-26,BR-00198
BUS-7741613,QPB5J0RDF5,Business,7335158.64,2020-07-08,BR-00044
CUR-2988491,X5UXDUBK3B,Current,80595013.44,2019-06-29,BR-00166
SAV-6560310,6KJDTOZ4SO,Savings,30186131.17,2021-11-20,BR-00188
CUR-1200776,2WKDD62OHB,Current,32435900.72,2021-12-21,BR-00014
SAV-2907039,3GT6QMJL6S,Savings,69437994.79,2019-10-10,BR-00175
CUR-1108578,8OMR2AQ2P4,Current,71044429.53,2019-02-16,BR-00052
BUS-8032374,Z4BN551BRZ,Business,27470525.35,2019-11-15,BR-00007
SAV-4986713,35DRB31FZS,Savings,77835914.19,2022-09-01,BR-00067
CUR-7564392,1X6DEN7C3E,Current,43653447.69,2021-01-08,BR-00126
BUS-6035853,JCAG5PGTGD,Business,91217582.91,2020-08-28,BR-00090
SAV-9289840,FMDHFM8QBC,Savings,14480464.95,2022-10-12,BR-00038
CUR-9855876,CIPYF23MRC,Current,91286031.29,2022-05-31,BR-00157
SAV-6745046,O5BN7FL9HO,Savings,68606275.33,2020-06-17,BR-00135
SAV-3190330,5TCG5PN2EE,Savings,10266746.54,2021-04-10,BR-00176
SAV-5107760,K1SUQ39ICS,Savings,42879126.58,2019-04-25,BR-00142
BUS-7634150,SAW3ODQIWG,Business,68508340.77,2019-09-01,BR-00124
CUR-9623725,KFVYO02CG4,Current,48479903.26,2019-12-19,BR-00176
SAV-4918885,C619SVMTKP,Savings,10885461.75,2021-05-22,BR-00071
BUS-8161716,X9FE1TWK1Z,Business,84544801.9,2019-10-05,BR-00074
SAV-7947077,Y4WYPFO0P4,Savings,13535601.54,2020-01-15,BR-00081
CUR-9287149,WUTX5N32W5,Current,56426136.7,2019-02-06,BR-00189
BUS-2663720,VP25ILDETK,Business,49975039.93,2020-05-11,BR-00087
SAV-9559440,ESEO5CVQ4Z,Savings,4829999.84,2019-09-07,BR-00176
SAV-3408428,OTZF23A49Z,Savings,60589703.72,2022-07-01,BR-00154
CUR-3779252,C29LOBP35Q,Current,59276720.02,2020-03-29,BR-00131
BUS-5979149,JLOG6Q5F6F,Business,29979313.71,2021-06-21,BR-00108
BUS-6925877,GO0YLXZXMU,Business,80666404.25,2022-02-14,BR-00178
BUS-5224368,2J49H0ORQZ,Business,36874250.77,2019-06-22,BR-00165
SAV-4154942,WKJ0VXQFIY,Savings,91834406.72,2020-04-22,BR-00100
SAV-1986311,JTFEPN4V8U,Savings,89881799.28,2021-04-14,BR-00068
BUS-7680704,5MG6JO0TEV,Business,52082093.4,2021-06-13,BR-00177
SAV-4600993,7S70MT9V2Q,Savings,91462127.74,2019-08-24,BR-00001
BUS-1361427,KKY8MLPU8O,Business,91929291.8,2022-07-18,BR-00124
SAV-9554807,93KTHU76TO,Savings,71666072.49,2019-08-21,BR-00159
SAV-1875455,JP752B3V20,Savings,86145135.09,2020-10-16,BR-00114
BUS-7713803,51WGIZNB5C,Business,78526327.24,2022-09-05,BR-00032
SAV-1482836,1QQAD5W7YH,Savings,83096986.48,2020-02-17,BR-00014
BUS-1735714,AZQK4AW45S,Business,30218194.56,2019-09-03,BR-00076
BUS-1510277,9LDOPTYKZY,Business,23130346.05,2022-07-30,BR-00018
CUR-4457526,3SJERTF5Z2,Current,43830348.94,2021-08-30,BR-00035
CUR-1379444,1ZEBAPFQIM,Current,26057910.0,2019-02-10,BR-00179
SAV-4917110,HV5K597MT9,Savings,11558963.01,2019-09-11,BR-00072
SAV-3958714,8F4VK7JP4H,Savings,48183510.64,2019-07-18,BR-00020
BUS-4901250,K9O7RDB0XA,Business,47963112.33,2020-09-04,BR-00097
BUS-7900748,707KWJ2KXU,Business,27897570.58,2020-07-11,BR-00137
BUS-5211010,4EMIYH3GJV,Business,23107416.18,2021-08-25,BR-00033
SAV-7938952,SECW3QJ9DE,Savings,49966700.43,2022-02-26,BR-00178
CUR-9229088,O640PI5M1S,Current,33533382.33,2020-11-20,BR-00063
BUS-2231984,8LRYKSQ20I,Business,66337931.63,2020-01-14,BR-00129
SAV-1239492,TM0JOJDYG2,Savings,50423367.62,2021-12-29,BR-00015
BUS-6346694,1BIZIXJUK5,Business,64722724.37,2022-03-02,BR-00174
BUS-4873574,C693OJY0JS,Business,95241838.14,2022-10-10,BR-00004
SAV-4279954,S7U23N8V1B,Savings,94995145.58,2020-02-12,BR-00154
CUR-6172583,94HA8FAO31,Current,48889231.85,2020-04-14,BR-00041
CUR-9524022,GIXJOWG0IF,Current,92552657.77,2019-05-02,BR-00069
BUS-9025617,HOOZ2IUY2J,Business,40078216.06,2020-09-19,BR-00020
SAV-1013587,PH7UIUR8K1,Savings,91492421.03,2019-07-04,BR-00192
SAV-9584496,QQTWI0TX32,Savings,51270431.6,2020-06-21,BR-00095
SAV-4014868,G1ACG6QDF6,Savings,56386234.18,2021-03-03,BR-00009
CUR-6483429,GNC3NJ7IXE,Current,38382935.84,2021-11-17,BR-00139
SAV-8090102,8NVDTO8NDZ,Savings,78368605.46,2019-07-19,BR-00183
BUS-9872194,FKQBRZQ76Z,Business,46364414.69,2021-05-04,BR-00128
BUS-8737162,YR54IA9BS9,Business,44019995.56,2020-03-04,BR-00076
BUS-4017515,ZLDV8P9MO7,Business,16390205.03,2021-11-27,BR-00005
SAV-3812340,JJQEA3QNB9,Savings,11524533.94,2022-11-06,BR-00012
CUR-3377666,UAOFYB74Y0,Current,48539275.57,2020-05-18,BR-00046
BUS-6638530,FXFQTC8XAD,Business,13648072.07,2019-01-11,BR-00136
CUR-9600064,R69WPMPHPN,Current,89085933.06,2020-03-21,BR-00187
SAV-1639297,RE1E97UDCC,Savings,80795851.34,2019-12-27,BR-00049
BUS-4511268,92QLFNGY7N,Business,29470549.17,2020-09-16,BR-00009
CUR-5575080,C157C3IPZI,Current,77023261.62,2021-06-06,BR-00071
BUS-7877653,B98DSAJ2D7,Business,10287453.21,2021-07-01,BR-00172
CUR-1796444,B85CORKLW3,Current,95725906.14,2020-04-23,BR-00008
SAV-1593046,OF8I3GNM9I,Savings,60146834.62,2020-05-31,BR-00148
SAV-8303192,92MKNFWCG8,Savings,35025977.84,2019-10-14,BR-00105
BUS-1645052,2D2VP09QL2,Business,73161024.82,2019-08-09,BR-00138
SAV-5836688,DCOHY4SKSW,Savings,21888797.85,2022-09-14,BR-00132
SAV-2685008,IJVEJ7U3HS,Savings,52775676.32,2020-03-20,BR-00177
BUS-1249237,PYTD6L08D9,Business,72823542.72,2022-07-30,BR-00017
BUS-8209972,GB0GEIA8YY,Business,48413384.17,2019-06-22,BR-00090
CUR-4100850,HPEBLI3QFY,Current,82263977.76,2020-10-10,BR-00041
SAV-4185209,7S70MT9V2Q,Savings,3668201.28,2021-02-18,BR-00058
BUS-1462447,X9AHVU46I2,Business,20940947.72,2019-10-13,BR-00094
CUR-5621695,XHPVLRUU4W,Current,47368029.57,2021-01-14,BR-00033
SAV-7315196,1BRLT4VBAM,Savings,79083881.79,2022-05-08,BR-00099
BUS-9760603,PXINC007WN,Business,49496599.45,2019-07-15,BR-00070
BUS-6874424,XB0TAB41UG,Business,67170387.66,2019-10-21,BR-00127
BUS-4822846,CMTJTF10R8,Business,33088408.12,2020-12-25,BR-00045
BUS-8305415,8OKBD8EQOU,Business,80836526.18,2019-04-11,BR-00038
BUS-4780681,FHSY71DD9I,Business,51791359.71,2021-08-27,BR-00002
BUS-4122911,GZI15F7PYA,Business,78325471.6,2022-12-22,BR-00037
CUR-3940316,RDJ8Z858P0,Current,87422739.89,2021-03-14,BR-00129
CUR-7991549,UNONP0X5AW,Current,57256002.73,2020-02-02,BR-00155
BUS-2392549,35Y84GUL7T,Business,94298736.93,2020-04-21,BR-00166
CUR-3791736,T09KEB6NAK,Current,39151843.52,2021-07-16,BR-00119
CUR-1526603,1RSHBYXUK0,Current,71616381.2,2019-06-09,BR-00005
CUR-6949835,AB1C7EN2RR,Current,53236237.24,2019-06-21,BR-00189
BUS-6578579,TEOAP1KVC5,Business,1768070.05,2019-02-25,BR-00142
BUS-5360486,M6BZAH4CXK,Business,76817537.64,2021-01-01,BR-00027
CUR-3465873,SN32BG8OHC,Current,54256116.67,2021-01-09,BR-00052
BUS-2795068,RKRBYY4RQG,Business,77504813.44,2020-10-19,BR-00051
CUR-3868391,5J8V94MDYG,Current,79090133.47,2021-06-12,BR-00008
CUR-3346459,C5DPES0C5C,Current,62838570.08,2019-02-17,BR-00122
BUS-8230259,DE3ES1II0O,Business,70031730.02,2019-11-29,BR-00073
BUS-6838372,QE8DLU99WJ,Business,38166690.01,2022-10-10,BR-00006
CUR-2809556,WUVKP30MI3,Current,17961374.15,2019-01-27,BR-00152
BUS-4556842,J8EBDFJ2WX,Business,21857269.04,2021-05-27,BR-00018
BUS-2454828,AI6IMYLWW8,Business,15354254.07,2021-04-19,BR-00134
CUR-8807327,ND342YHKQT,Current,47704302.07,2019-09-11,BR-00081
SAV-7634655,S9UCQV7Y42,Savings,8320835.04,2020-06-29,BR-00010
BUS-6200014,R9E378VKX8,Business,52828853.3,2021-02-03,BR-00016
CUR-3680991,RIR2ZAALHI,Current,97699183.84,2021-05-05,BR-00183
BUS-2850743,0ORDQ5RMM0,Business,38373254.5,2019-11-10,BR-00047
CUR-5794178,J1PVTDNAE4,Current,61774976.23,2020-04-29,BR-00171
SAV-4459767,UZH4RATW5X,Savings,50989701.23,2022-02-01,BR-00013
SAV-2668922,KSTCDNRYGF,Savings,54272365.31,2019-04-23,BR-00129
SAV-9689217,R81C1UMZ2K,Savings,88709089.86,2019-09-11,BR-00094
SAV-7904291,DXDQH4HDSL,Savings,48984118.63,2022-01-31,BR-00108
CUR-2938509,SI7BSZTUL9,Current,67051599.29,2020-03-12,BR-00053
CUR-6825731,NP6YYU2JJK,Current,52166604.85,2021-03-16,BR-00050
CUR-4910577,OUSJ5BE9FX,Current,38589829.44,2019-05-22,BR-00161
BUS-8782153,IEOZOK721K,Business,37016302.42,2020-05-03,BR-00185
CUR-2376926,1F4VELVR1C,Current,12893081.16,2022-04-12,BR-00167
SAV-3437920,IUX19QS130,Savings,98548939.52,2021-02-28,BR-00098
CUR-5171675,MBF8EDBBRC,Current,60273312.82,2021-08-01,BR-00016
BUS-3735161,R514LXFGHB,Business,76089616.49,2020-08-12,BR-00173
SAV-9332890,F33EDAZNAU,Savings,23261246.01,2022-11-07,BR-00179
SAV-6845576,RQ2I2HOOUT,Savings,61232394.72,2020-06-02,BR-00174
BUS-5028268,SBGINCPFRX,Business,96369012.97,2022-02-24,BR-00045
CUR-5692036,L9NMX7NNPI,Current,33452524.38,2022-03-04,BR-00081
SAV-6943087,OEIH8AF6U4,Savings,42979234.01,2022-10-07,BR-00105
SAV-1529121,S6RZSOST6C,Savings,12995366.19,2022-04-08,BR-00147
BUS-3503702,GF7GNBULPV,Business,41436957.62,2022-10-22,BR-00169
CUR-4845952,PA5HFLMINP,Current,83714836.17,2020-07-27,BR-00150
CUR-4389366,68DIXPDUEJ,Current,59104573.84,2021-06-30,BR-00085
SAV-1230884,G9DGOBWQR6,Savings,38395696.55,2021-02-22,BR-00063
CUR-7119098,35Y84GUL7T,Current,68065250.13,2021-02-24,BR-00055
CUR-3333071,4KX8TAWDKI,Current,79834739.22,2022-04-08,BR-00165
SAV-9363337,RF5KSEXDZV,Savings,81866021.23,2020-07-31,BR-00109
CUR-2204025,CPAQE0VVQE,Current,68814968.98,2021-04-17,BR-00181
SAV-9450887,UM6LRCW7Q8,Savings,82853117.59,2021-11-23,BR-00172
BUS-9377753,5MG6JO0TEV,Business,30274953.14,2019-09-15,BR-00151
SAV-8501116,L4OLD7VGNT,Savings,54136831.64,2022-09-06,BR-00172
CUR-7313597,61HWN5BNHK,Current,90199661.34,2022-06-24,BR-00139
CUR-8291635,I4KQGMQBAI,Current,12825063.1,2021-02-17,BR-00001
BUS-3638202,UJAF0PRII5,Business,32724851.46,2022-11-18,BR-00154
CUR-7757772,B0IV9NM7V1,Current,92903562.64,2019-08-05,BR-00197
BUS-1574041,CKW06ZO99O,Business,90235012.03,2021-01-04,BR-00016
BUS-6649660,5FFM6S4GZL,Business,26578061.72,2019-08-19,BR-00116
CUR-7030564,JIBRUMZSX2,Current,71224009.43,2019-07-07,BR-00132
CUR-2488995,AI6IMYLWW8,Current,70909334.21,2021-01-17,BR-00171
SAV-3813661,HUF7GEAEEG,Savings,67203073.09,2021-10-17,BR-00124
SAV-5131218,L2APC0CCDE,Savings,10206165.11,2019-12-08,BR-00004
BUS-5849865,KATLEVBGDO,Business,79464224.46,2022-06-08,BR-00017
CUR-4888344,SYNL68QSCV,Current,67976043.95,2022-12-20,BR-00087
CUR-4178858,F77W6W7HM6,Current,67913114.28,2020-03-10,BR-00172
BUS-6250775,VU3FFA1RUI,Business,42317996.74,2021-11-04,BR-00095
SAV-1062659,R9VC9M3T89,Savings,21036650.25,2022-09-28,BR-00186
SAV-2493505,L31JJI45WS,Savings,94721832.63,2021-08-20,BR-00198
CUR-9335434,P9S5E0IG95,Current,14107972.01,2019-09-20,BR-00090
SAV-1900408,F8ZF1QDAUO,Savings,69493971.62,2022-06-11,BR-00190
CUR-7413802,71JXPYVNP6,Current,30864364.8,2022-12-14,BR-00176
SAV-7687843,1Z7JPI1KQW,Savings,81158987.68,2020-04-01,BR-00019
CUR-9858431,89J3GGHFTD,Current,24181835.73,2019-02-02,BR-00086
CUR-7060631,084WTWYF9I,Current,37201046.15,2021-05-14,BR-00155
BUS-6072824,SBC4DY2B0F,Business,79954597.75,2022-11-06,BR-00075
SAV-4870361,G6IC4N2OH7,Savings,82030410.35,2019-05-29,BR-00072
CUR-4250414,BOUX9WYUI4,Current,21417877.97,2021-03-21,BR-00086
BUS-4321565,EQVLJ4KW8S,Business,71831890.64,2022-06-01,BR-00019
BUS-9059602,IT724WLGU7,Business,47040715.94,2022-12-22,BR-00129
BUS-2670098,ECZ1Q7KMIE,Business,46623603.6,2022-08-11,BR-00119
CUR-6545630,4KHT2JQ55Q,Current,78310230.88,2019-04-19,BR-00131
BUS-1577920,2082QT6FD1,Business,79074107.82,2021-07-15,BR-00023
BUS-1456158,RTKIIESLXQ,Business,73186728.78,2020-12-28,BR-00025
BUS-8631952,A0MVPJGAHC,Business,61855963.98,2021-04-12,BR-00174
BUS-6993758,EO084E0T5M,Business,55652012.9,2020-11-05,BR-00112
BUS-6876934,JRAR6DEPKK,Business,21735035.7,2022-06-17,BR-00139
CUR-2678807,HWGWRLK38I,Current,66363944.77,2020-06-23,BR-00084
BUS-9723184,Q38K18DT21,Business,27064611.28,2021-03-24,BR-00106
CUR-8446291,ZXFWPRJ7G0,Current,12121229.35,2020-07-28,BR-00092
CUR-1766721,XE4CVYDLUW,Current,47014888.7,2019-01-12,BR-00196
SAV-9266497,4IK96KIG9W,Savings,44123195.14,2020-10-12,BR-00005
BUS-3906539,6KHW38OYMA,Business,68141050.33,2020-02-06,BR-00127
BUS-2769627,JBJX9FP0TR,Business,34409667.39,2021-11-22,BR-00125
BUS-3995957,U716Q0GMYT,Business,91972793.48,2021-12-15,BR-00191
CUR-5158401,0Q2B9MMGK1,Current,73933498.96,2020-08-14,BR-00131
CUR-6552764,2NOVXH7BQ9,Current,67961835.81,2019-12-06,BR-00169
BUS-2862195,H4IARS82U8,Business,25715200.09,2022-08-14,BR-00141
BUS-3719511,8PKM5CNMSK,Business,52877280.0,2019-06-10,BR-00013
SAV-7314812,N28SWNWNVG,Savings,96690305.95,2020-06-17,BR-00087
SAV-8605731,HJXRVDEEM2,Savings,3597148.53,2021-02-13,BR-00195
SAV-8415348,VQ8KUN0350,Savings,40946974.07,2019-02-18,BR-00141
SAV-9795360,WLYHPARXYB,Savings,48106585.83,2021-08-07,BR-00121
SAV-1841078,D2LZZ3SHQK,Savings,74443639.39,2019-08-17,BR-00002
BUS-8237704,VLU4NP720C,Business,89182044.9,2021-10-04,BR-00019
BUS-6711434,7X0L961RCU,Business,63832996.56,2022-02-18,BR-00131
BUS-4819793,J5BR5F0NKD,Business,24457870.7,2022-07-22,BR-00054
SAV-8699047,OBB8UZBQIB,Savings,78292841.92,2020-03-26,BR-00106
BUS-5753647,CI2X0BLZCA,Business,48331777.38,2019-04-21,BR-00149
SAV-8128073,RVA7OFN3P2,Savings,81360530.45,2021-02-23,BR-00050
BUS-3650706,85FOIAQJM0,Business,41445527.13,2021-06-24,BR-00071
SAV-4862727,KZRYJZLPWJ,Savings,55801628.0,2022-04-21,BR-00029
SAV-2904294,O0GR964VAX,Savings,15695014.68,2020-07-08,BR-00050
BUS-7735922,SF9FD8THOP,Business,23791797.98,2019-01-06,BR-00111
SAV-8721742,UD8TR8EVB9,Savings,76202858.58,2021-03-22,BR-00159
SAV-4650287,NSKRZTRWTG,Savings,25350157.88,2020-06-21,BR-00089
CUR-5826619,WOIYG7PQZK,Current,746168.39,2021-06-18,BR-00063
BUS-7256861,9VQBYXD6LU,Business,62157629.93,2021-04-20,BR-00128
BUS-6743905,S1F8SU2ZC1,Business,65131263.68,2021-01-14,BR-00051
BUS-2889295,8N4I413SLE,Business,45055686.61,2022-08-05,BR-00171
SAV-9056042,NI253M4HN8,Savings,62030893.56,2022-01-29,BR-00065
SAV-4633887,CT3SV69H7P,Savings,22940919.31,2021-03-31,BR-00163
BUS-4052137,R0TWUCDKDI,Business,86666869.88,2020-11-23,BR-00021
BUS-9637000,HQP2PNPCU0,Business,52109664.56,2022-12-21,BR-00114
BUS-3823629,FLOGM6LW2N,Business,35857851.12,2020-08-27,BR-00148
SAV-3264399,BYERZRYT8R,Savings,41322613.14,2020-09-21,BR-00025
BUS-7395076,3XB99L5UMN,Business,44732542.6,2019-11-14,BR-00054
CUR-5956674,TPVEV0QJHY,Current,14073569.87,2020-11-03,BR-00150
BUS-2621735,82T72K4HY0,Business,33225359.8,2022-10-28,BR-00159
SAV-4137584,7THFJ6S4RB,Savings,21301132.27,2021-10-04,BR-00041
CUR-5730703,64TONCISCP,Current,2073177.7,2020-07-25,BR-00105
SAV-4409254,BAMU81YS7Q,Savings,4695750.63,2022-07-07,BR-00049
SAV-4183135,7P4NJ9HY51,Savings,91446277.64,2020-02-02,BR-00085
SAV-2833190,OWGW68OUKM,Savings,19595060.05,2020-07-24,BR-00115
SAV-6410229,1FK6GIGIH3,Savings,86878004.48,2020-07-29,BR-00005
CUR-5135692,82BHLNR3W9,Current,37588721.33,2022-01-11,BR-00105
BUS-1365200,RGAWI09U48,Business,30528427.74,2020-01-19,BR-00037
BUS-3814361,DZNNHDEV1B,Business,34086094.57,2019-06-01,BR-00130
SAV-8860844,6KZJLQAG7E,Savings,91984285.76,2021-06-12,BR-00026
BUS-2119509,UAOFYB74Y0,Business,76906127.02,2020-03-15,BR-00046
SAV-4179024,RX10G9Q895,Savings,74847991.33,2021-07-26,BR-00104
SAV-6169067,B8N46DS1W1,Savings,53133218.88,2020-09-10,BR-00087
SAV-3035551,8Q9KRF1981,Savings,3497958.55,2019-10-14,BR-00050
SAV-9361755,OZFVCS4TNO,Savings,66878746.68,2021-04-08,BR-00100
BUS-5963632,R0WXHPSG77,Business,13096832.65,2020-11-30,BR-00089
SAV-9643135,AQLTX73MJR,Savings,63651387.33,2020-12-08,BR-00196
CUR-4905451,SMY91MBBFD,Current,57220539.15,2021-02-09,BR-00149
BUS-2132234,A4P02XG1F3,Business,6930601.18,2020-05-31,BR-00090
SAV-5490381,3RQD76H01J,Savings,77640911.37,2019-02-04,BR-00014
SAV-5207502,1CYQTVR0VT,Savings,61931132.69,2020-11-07,BR-00052
BUS-8216791,EGHKAEOYE4,Business,45344939.04,2020-09-01,BR-00136
SAV-4638208,9LDOPTYKZY,Savings,76811603.79,2019-03-17,BR-00157
CUR-9967402,YNBRZQJICZ,Current,39430906.07,2022-06-16,BR-00100
BUS-2511201,B67HIE4B4U,Business,86374167.36,2019-02-21,BR-00163
BUS-6558650,N7IUWFWT6I,Business,6574868.14,2021-11-20,BR-00185
CUR-3602764,XBNS76QTKI,Current,29351324.76,2022-05-16,BR-00164
CUR-8438324,YSNR0ZJQ4Y,Current,74556662.72,2020-03-01,BR-00032
BUS-1221512,1K0CZAX8II,Business,87511376.6,2021-12-12,BR-00171
CUR-4276124,KQD58Y511F,Current,53617547.69,2021-09-20,BR-00010
SAV-6832259,KFRK58U2ON,Savings,96624107.29,2021-05-31,BR-00178
SAV-3207635,UJ81BY3WVH,Savings,98124515.33,2022-11-25,BR-00098
CUR-4141066,DC8MVEWL1C,Current,86192990.54,2022-01-12,BR-00103
CUR-6832028,VA16VXAYVM,Current,82253115.87,2022-10-30,BR-00153
CUR-4111959,JH08P7WCBY,Current,61623973.86,2020-02-02,BR-00131
SAV-1290802,CP2MAEZVBI,Savings,18170769.91,2019-09-25,BR-00085
BUS-5112861,HC8ZXJDDBY,Business,52263351.63,2022-05-09,BR-00152
SAV-8362705,9HC0X4USTH,Savings,47799809.09,2019-09-09,BR-00082
SAV-5291428,JPQERYB15S,Savings,60153820.71,2022-03-07,BR-00014
SAV-5222407,R6UHWQWO1Y,Savings,50325613.75,2021-02-18,BR-00050
BUS-7049650,YUI012PZMW,Business,73091090.96,2021-09-13,BR-00010
BUS-5412683,62RKFESC9W,Business,38697137.86,2021-02-27,BR-00186
CUR-5656313,3S1LLNGDQ4,Current,4066085.98,2020-10-05,BR-00137
CUR-2858847,SMNQSU2FJG,Current,83593922.43,2022-11-29,BR-00185
SAV-2338410,WLUMZ2BC8U,Savings,9203605.12,2019-05-15,BR-00135
BUS-1291391,ZRLMVF370K,Business,77648976.89,2021-10-14,BR-00174
BUS-8703433,OWP6K5REZD,Business,6576426.84,2020-07-11,BR-00028
CUR-2862784,5AF4MYOIJH,Current,6807043.33,2020-10-02,BR-00014
BUS-8406744,9LDOPTYKZY,Business,46456569.9,2022-04-23,BR-00045
SAV-8776948,YRY7S9XVGS,Savings,85115348.97,2022-01-17,BR-00078
BUS-6512281,3CBQC3H9IM,Business,69365226.02,2019-05-05,BR-00047
SAV-2187795,93KTHU76TO,Savings,97294144.98,2021-05-21,BR-00028
CUR-3485591,H4I1ZZ4LFS,Current,37625074.91,2022-10-02,BR-00004
CUR-4480865,TL2MFCWNAD,Current,33625523.88,2022-03-05,BR-00141
CUR-7330075,2CB3UHKEEI,Current,500569.08,2020-04-24,BR-00007
BUS-6763554,JBPCEWVK9C,Business,77593560.7,2022-03-27,BR-00018
BUS-7304926,8I2IH07SAN,Business,71175391.55,2020-10-17,BR-00129
BUS-4935610,3WX3LWHREG,Business,27552709.51,2022-03-05,BR-00173
SAV-8499482,3L4TR2B6D9,Savings,1288135.39,2022-11-29,BR-00058
BUS-3686501,TSZS43U7K6,Business,98456318.6,2021-08-14,BR-00131
BUS-8609059,03THKC9D4L,Business,25777643.86,2020-05-17,BR-00009
SAV-8688829,7OTDB7YUOR,Savings,48389771.34,2021-10-21,BR-00133
SAV-9504661,CP2MAEZVBI,Savings,17405202.15,2022-06-21,BR-00041
SAV-6348154,DVS7SD38Q0,Savings,19787034.18,2019-10-03,BR-00134
CUR-7105720,JBPCEWVK9C,Current,92566788.62,2020-01-29,BR-00088
CUR-5877778,L2U8EJ41BJ,Current,99589978.37,2021-07-15,BR-00016
CUR-3599016,JH08P7WCBY,Current,77024779.34,2019-11-03,BR-00058
SAV-2820249,N3N21ZI2QZ,Savings,99070905.73,2021-06-17,BR-00089
CUR-4501284,JQG78JVQ54,Current,83859947.47,2019-11-30,BR-00055
SAV-5884200,08ASSL3M1U,Savings,50643862.0,2021-05-14,BR-00073
CUR-8504420,8XEH55Z3OR,Current,64479493.22,2022-06-10,BR-00032
BUS-5898458,H4KF4C7QV7,Business,47354787.51,2022-03-30,BR-00033
CUR-5142570,VS4CEKMG3V,Current,72695614.54,2020-02-05,BR-00191
SAV-9100785,OOFY8J29KQ,Savings,54150116.85,2022-03-14,BR-00094
BUS-9181171,IUUOTXR9HI,Business,17145830.71,2021-09-30,BR-00058
BUS-2990629,6NF2783BAH,Business,55311757.6,2019-03-15,BR-00068
SAV-5229793,D4KM94Y9FM,Savings,92059743.32,2021-11-19,BR-00113
CUR-6214045,8U7ARLNZ5C,Current,91627470.93,2022-06-26,BR-00163
SAV-9650360,ENW7SEIMKW,Savings,26581616.95,2021-12-26,BR-00159
SAV-4769465,6RD26UJFP9,Savings,2874828.81,2020-12-19,BR-00173
CUR-3354043,KEBW6RBNYH,Current,68659682.54,2019-08-01,BR-00170
CUR-9195814,ZHR9I4VR69,Current,87098137.26,2020-12-10,BR-00042
SAV-2279630,FHOAFETDA6,Savings,15726761.47,2020-03-27,BR-00033
SAV-4417068,GEQ5583DOZ,Savings,95117643.72,2021-03-18,BR-00137
CUR-1920289,BVWEMWDVGJ,Current,55346860.67,2021-03-28,BR-00038
BUS-3230059,J7NWWSPFTF,Business,40050031.25,2020-05-19,BR-00025
BUS-1654197,YVAA9DD7OU,Business,14090911.19,2020-04-22,BR-00015
SAV-9530150,CGVE613V0G,Savings,11242938.85,2019-04-19,BR-00151
SAV-2655044,N56UWJMXAV,Savings,22428053.65,2019-04-19,BR-00036
CUR-5475086,F04K0Q99TC,Current,29712715.69,2021-02-08,BR-00040
CUR-9886966,LUV49CHVK0,Current,62155570.09,2020-04-06,BR-00189
CUR-4959190,7AVNE1TE11,Current,51376779.3,2019-02-15,BR-00103
SAV-5284451,V76YKGYLHT,Savings,44029202.35,2020-08-16,BR-00167
SAV-7189859,MNSWVWXH1K,Savings,50265535.85,2019-04-27,BR-00028
SAV-8922147,JCGNY7TLXC,Savings,90037011.37,2021-12-03,BR-00192
SAV-6149568,9RKR80MS2U,Savings,41902061.5,2021-03-15,BR-00048
SAV-4709099,5QA6OUGCC5,Savings,63033517.19,2021-11-23,BR-00037
SAV-5796742,8ZGOZJNZGV,Savings,68382144.16,2022-11-24,BR-00163
SAV-2849504,7X9IZG1Z1B,Savings,98049674.71,2022-05-03,BR-00056
BUS-1765604,MLAE0S7L7Q,Business,24882931.24,2021-06-30,BR-00097
BUS-6615133,0ZPGWEE2UP,Business,97673825.16,2019-09-13,BR-00079
CUR-1628239,H4IARS82U8,Current,11513737.27,2019-08-15,BR-00137
CUR-3098837,QNBVR4AIGE,Current,98754060.86,2020-01-19,BR-00026
CUR-6784315,FDPDV9ZUGB,Current,76747413.15,2019-11-17,BR-00019
SAV-3745101,33IIQ86YK7,Savings,2128009.81,2021-09-12,BR-00149
SAV-3930469,ELGWPKREDA,Savings,34409429.98,2022-01-11,BR-00165
CUR-3023016,PGSDRG206X,Current,19013799.52,2021-08-25,BR-00084
SAV-2978501,DX8GHBR8JP,Savings,27448157.03,2019-07-23,BR-00165
BUS-6559071,8P9XS02NHR,Business,63546783.39,2020-08-13,BR-00124
CUR-1195235,0ZU2FQW8LB,Current,4475917.44,2022-04-24,BR-00145
CUR-9357694,USI76WGQYY,Current,56967891.03,2019-06-13,BR-00016
SAV-8149686,O9FVIIYB0N,Savings,64459464.14,2019-07-04,BR-00108
BUS-5038045,L2IVMG4PTU,Business,32078553.36,2019-10-26,BR-00072
CUR-9013094,TGVUWP67N1,Current,48764724.27,2020-03-30,BR-00043
SAV-6221715,VA6HX22A4A,Savings,81711269.03,2020-11-18,BR-00149
BUS-2208961,G0I3KUWQ59,Business,41531904.55,2022-02-27,BR-00154
SAV-2287777,OKKS9QMPVE,Savings,8335713.84,2022-01-31,BR-00123
SAV-7218132,2S9P6N0DH5,Savings,2997940.29,2021-10-20,BR-00167
CUR-2510987,1F1SPAST2I,Current,73506454.9,2019-07-04,BR-00024
BUS-8731278,1G7PC4MI7V,Business,24224252.84,2020-11-21,BR-00174
SAV-8792675,ANBDCR5XQM,Savings,79258205.49,2022-06-19,BR-00091
SAV-7306489,1NAT4N6A2Q,Savings,97216704.23,2021-10-09,BR-00175
BUS-1639184,UONPLSBXIW,Business,21495151.78,2020-04-22,BR-00148
BUS-9430709,VS4CEKMG3V,Business,41817731.53,2020-07-20,BR-00135
SAV-8725467,AZR0D0SUER,Savings,51418239.18,2021-05-08,BR-00158
BUS-8770496,R40I9IINEL,Business,41530028.31,2020-10-02,BR-00080
SAV-2657431,WY8PV5WWB1,Savings,84610654.06,2020-06-05,BR-00139
SAV-4467101,0M5K21JJ5S,Savings,99645947.36,2020-04-21,BR-00104
BUS-3157494,FBWJWYVPWQ,Business,98923379.75,2019-10-16,BR-00031
CUR-8321762,FB8N5E0CQM,Current,72317743.95,2022-11-15,BR-00002
CUR-6781358,6X5ON5OTDV,Current,58742541.07,2020-11-02,BR-00090
CUR-8823115,4C96RNKB9L,Current,43129901.63,2019-04-23,BR-00031
SAV-8696703,6HTER84HA7,Savings,84364685.63,2020-12-14,BR-00185
SAV-3564252,LVB7J3QBB4,Savings,28259857.8,2020-08-26,BR-00132
CUR-4357733,9XLGI7XLAS,Current,23199072.86,2021-04-12,BR-00106
BUS-8525055,AMBLQZJVLS,Business,99868519.34,2019-06-28,BR-00096
BUS-6112002,KBDQJCWUQ7,Business,67238860.51,2020-05-10,BR-00094
CUR-5626120,EX2TEIH3R3,Current,64266207.14,2022-06-06,BR-00125
BUS-9801666,Q70TTR008Y,Business,35189274.13,2022-07-30,BR-00163
BUS-4597230,EUMSFCEG9D,Business,76393581.79,2019-12-05,BR-00193
CUR-6087839,RGAWI09U48,Current,35005952.16,2022-12-11,BR-00010
BUS-6698001,DCE4JKT4CL,Business,80957483.51,2019-06-03,BR-00038
BUS-1486772,MQ7E3GA2FK,Business,50616659.97,2019-03-10,BR-00133
CUR-2320073,X4AYY48FOQ,Current,49875244.0,2021-01-15,BR-00138
CUR-9973512,FB5ZKIMAA1,Current,18092571.24,2022-12-20,BR-00061
BUS-5787219,2X2X8HHZDD,Business,19331705.81,2019-01-01,BR-00089
CUR-6763666,MQRE9JJG49,Current,54325287.09,2022-12-20,BR-00058
CUR-8622927,OTF06CUKNB,Current,34356567.35,2021-01-28,BR-00083
CUR-9500858,NI253M4HN8,Current,40154864.1,2021-03-20,BR-00011
CUR-6993003,F1TFEQH0NW,Current,75578703.08,2020-09-30,BR-00150
SAV-8564514,JTIRUPOFI6,Savings,49929605.51,2021-06-29,BR-00048
CUR-3526459,UP7EI5SMZR,Current,15635556.18,2021-05-27,BR-00114
CUR-8467677,6GQC4HXLJA,Current,57571365.76,2019-08-21,BR-00180
SAV-2658411,27JB51VKYW,Savings,11626950.03,2019-07-13,BR-00196
SAV-9766624,PT3R57VJNR,Savings,72189878.02,2020-11-21,BR-00148
SAV-3746001,AO4JWV5BN3,Savings,17992821.55,2020-03-14,BR-00153
BUS-4211280,33IIQ86YK7,Business,20855182.62,2020-10-27,BR-00164
BUS-7788039,YBR19ERGP6,Business,86529461.95,2021-12-10,BR-00047
SAV-2147261,LLPJL0K6HA,Savings,83851566.63,2019-02-23,BR-00153
CUR-2660465,CZN2JIE3Q7,Current,62719179.77,2022-06-18,BR-00073
BUS-9778849,SIDXRLBRF0,Business,56841135.25,2021-09-02,BR-00179
CUR-1719235,ODGOJ3X51A,Current,81720553.95,2021-10-27,BR-00180
CUR-7472352,EO8D0M9HSE,Current,98298081.32,2020-01-11,BR-00132
BUS-7900499,E0XI4GSAFN,Business,99457498.51,2021-05-01,BR-00112
CUR-6355376,LCUJ2RKMWB,Current,10116448.88,2021-07-06,BR-00162
SAV-5945081,YTP9FSD80A,Savings,59822906.86,2020-12-15,BR-00006
CUR-7955441,I21IUMPDF1,Current,2198053.01,2021-07-17,BR-00090
CUR-5805809,EOQ1HD3D9Q,Current,40024244.04,2019-11-16,BR-00018
SAV-8887959,7THFJ6S4RB,Savings,81954080.12,2021-10-21,BR-00018
BUS-6343425,SJ07TIT6OY,Business,34584363.3,2022-11-09,BR-00107
BUS-2339536,SN9ERD4AMQ,Business,9793710.99,2021-10-29,BR-00185
CUR-5069114,GSWPJSTJEF,Current,76779641.5,2020-03-14,BR-00066
SAV-7024612,MFUCB49NBS,Savings,32646655.82,2020-10-04,BR-00013
SAV-4855059,WK7RJFZ3WL,Savings,82510628.87,2022-07-07,BR-00031
SAV-3333870,MJ54L74UYE,Savings,39572837.2,2021-04-29,BR-00150
CUR-3571201,TSD04J402U,Current,4449613.71,2021-08-11,BR-00004
BUS-1245547,1L4EZVQL0O,Business,74206260.08,2020-11-05,BR-00150
BUS-8091473,KQGVR7Y82C,Business,59531789.45,2022-07-07,BR-00184
BUS-8374010,WS2Z7A60WJ,Business,96154203.76,2019-10-31,BR-00029
SAV-2623687,DDBHDMOHV8,Savings,40667534.0,2021-05-15,BR-00172
SAV-4091114,9IJWNBDSMP,Savings,20137131.28,2019-04-16,BR-00045
BUS-6480466,0WIM1C1O8B,Business,55532044.97,2020-02-28,BR-00108
SAV-8411878,XGI6A189YM,Savings,81606935.92,2022-12-17,BR-00147
SAV-1732799,KKPNV9YT70,Savings,32895948.49,2019-05-19,BR-00079
BUS-2886701,32WK8QT2Y1,Business,16030737.19,2020-10-20,BR-00133
SAV-1636792,5T255TBIVI,Savings,72700737.98,2019-03-15,BR-00072
BUS-5447757,AR40JKR97S,Business,1020004.02,2021-01-16,BR-00112
BUS-6164894,5QNBN30ZV4,Business,44790363.25,2022-06-16,BR-00088
CUR-5843749,24Y77ZTTZJ,Current,18711288.26,2022-11-12,BR-00054
BUS-8838827,YWZCLPC1ZC,Business,88752062.02,2022-01-06,BR-00014
BUS-9646822,DV09J0AVPS,Business,46299051.24,2020-07-15,BR-00087
BUS-7571868,A4R8W0GXCE,Business,75840745.34,2020-11-04,BR-00107
SAV-4594113,RHC8WCGLQY,Savings,60529270.7,2021-02-13,BR-00086
SAV-1586921,EA60N7Y5DT,Savings,52736456.95,2022-01-07,BR-00149
BUS-7317886,JA39GJXF8F,Business,39561069.79,2021-02-24,BR-00176
BUS-1991423,4G6XH0ZNCJ,Business,79890138.56,2022-09-18,BR-00049
CUR-1174569,YNBRZQJICZ,Current,9844171.24,2021-11-08,BR-00140
SAV-6134130,K6NLVT08OG,Savings,49361201.71,2020-08-28,BR-00152
BUS-5174108,4MEEVAS5ON,Business,78388978.8,2021-05-08,BR-00069
BUS-8818776,PYI5AK2GM0,Business,5707115.82,2020-04-30,BR-00105
BUS-4087685,J6LMRCKGHX,Business,58012482.89,2019-09-12,BR-00093
CUR-8327547,TW7JG4EH33,Current,93359015.84,2021-11-13,BR-00123
SAV-8172730,951S8JYKBW,Savings,81532473.63,2019-06-25,BR-00185
CUR-1666767,575ZXJ38A9,Current,64283106.42,2021-06-23,BR-00199
CUR-5310514,3JYY2YWXEQ,Current,62616337.92,2020-06-19,BR-00128
CUR-5224689,ZY0T9HXM8U,Current,84696193.21,2020-02-13,BR-00141
CUR-6424286,TZJ8Z2HJMX,Current,62713481.81,2020-09-15,BR-00138
BUS-7345135,KW48GEE1B0,Business,56430321.55,2021-08-28,BR-00120
CUR-7164712,CPB36XIOKH,Current,81324382.62,2019-10-14,BR-00064
BUS-5771329,BDVKOKEQ25,Business,13016752.14,2022-03-23,BR-00118
SAV-7649347,E60HOWN25E,Savings,36980731.27,2019-07-11,BR-00012
CUR-1743201,THMKXPZ638,Current,42736209.36,2020-02-06,BR-00151
BUS-4500684,J1PVTDNAE4,Business,12260424.96,2020-08-29,BR-00080
BUS-9583267,SE2T5WPOEN,Business,50804841.71,2020-05-19,BR-00094
BUS-5877339,FB8GXJAG3X,Business,12873871.38,2021-10-07,BR-00184
BUS-8418359,E1IC1EOBXZ,Business,78381229.25,2019-06-27,BR-00113
SAV-4406634,KF5ZRKA0BA,Savings,56349353.84,2022-05-07,BR-00172
SAV-6653205,80QNG8217K,Savings,58188221.54,2022-12-19,BR-00058
CUR-5853444,LQSEA9J2HL,Current,1415428.66,2021-01-31,BR-00076
SAV-2550832,172342CE5P,Savings,78428495.37,2021-06-21,BR-00078
CUR-4877035,WAWKXMLXJ2,Current,89852795.6,2022-03-20,BR-00100
CUR-7887172,S9EARMREK2,Current,9113097.49,2022-04-12,BR-00106
CUR-2005899,FFZ6L399W9,Current,55372442.75,2019-04-26,BR-00034
BUS-1203496,R8VOYOZV52,Business,24445155.1,2021-06-06,BR-00127
SAV-5398155,01601INKUS,Savings,83980135.26,2021-12-06,BR-00194
BUS-5255628,9NWIBZC5V8,Business,9266751.82,2019-08-22,BR-00038
SAV-1581011,56WPH9ZUXD,Savings,45479522.47,2019-08-21,BR-00110
SAV-5079500,6GBK9VYGZX,Savings,24186984.29,2020-07-24,BR-00171
SAV-6869110,5MTPBQ4QFO,Savings,42027382.02,2019-02-12,BR-00186
SAV-8185030,X6AZ1SJ0RV,Savings,37417842.81,2022-10-16,BR-00007
BUS-5145882,LXAIT01XO0,Business,1929664.6,2020-12-22,BR-00191
SAV-1681604,N898QMW9DD,Savings,68207072.47,2020-08-16,BR-00058
BUS-8888408,UJK8JMIU31,Business,83770020.22,2021-08-06,BR-00015
CUR-2547595,9R4NHWQPN4,Current,45161231.87,2021-04-02,BR-00065
SAV-7823826,XLEXIFZG6Q,Savings,89180449.54,2022-03-11,BR-00186
CUR-1751122,8NVDTO8NDZ,Current,18634803.17,2021-05-30,BR-00046
SAV-7337633,3MZIWZH7JW,Savings,67530215.54,2022-02-25,BR-00073
SAV-3612545,RQ72BL8ZFO,Savings,82727451.79,2022-09-27,BR-00029
CUR-1179302,JRW7ZH0V0V,Current,44814119.35,2021-06-26,BR-00136
SAV-4152538,K7QSXCZG22,Savings,42882625.9,2019-12-04,BR-00082
SAV-3529581,01VOR5CWL9,Savings,19967226.27,2019-05-01,BR-00023
CUR-6883130,8CJ97YQJ5C,Current,57008237.83,2022-06-01,BR-00044
BUS-1983390,YLQD606HYJ,Business,76115740.27,2021-02-26,BR-00104
SAV-4757157,DCGYBFFYFV,Savings,56216126.57,2019-05-05,BR-00152
BUS-6680961,I0EMVMNLRI,Business,25571623.16,2021-01-15,BR-00010
CUR-4765504,ESEO5CVQ4Z,Current,27366122.53,2020-05-17,BR-00054
CUR-2142420,XZFI2VDPI6,Current,9650377.38,2019-11-06,BR-00035
CUR-6157442,GE4WFF8AIS,Current,31573975.95,2021-09-19,BR-00183
BUS-6452497,4OOYNHEL0J,Business,40072222.78,2022-04-17,BR-00113
BUS-7672191,IIJKIH4BOK,Business,39108022.76,2021-03-15,BR-00096
SAV-4534833,NA9WAXGOJA,Savings,916403.43,2022-10-27,BR-00127
CUR-1077714,0D9RRA7LBZ,Current,57928865.54,2021-08-15,BR-00116
SAV-7112974,V3Z47YS0TI,Savings,37644972.02,2019-11-16,BR-00083
CUR-1375206,TNBLN9CACG,Current,2029454.1,2021-04-22,BR-00160
CUR-9736308,1RSHBYXUK0,Current,90062083.5,2021-07-13,BR-00020
CUR-6646922,95APOQEPVN,Current,46603110.76,2019-08-12,BR-00200
SAV-1131533,UO7A7O1SQK,Savings,26952439.47,2022-11-14,BR-00175
CUR-7148163,LNQLQ52FPL,Current,77805605.32,2019-10-21,BR-00111
SAV-7304460,SQ0T3JBGZ7,Savings,19169614.67,2019-09-06,BR-00194
CUR-5507219,RR0LEW7F8N,Current,81254494.15,2022-07-07,BR-00111
BUS-9268110,W87AHWDLDE,Business,85153975.15,2019-02-09,BR-00043
CUR-2752175,AHHWZJZ3OW,Current,88761017.16,2019-10-21,BR-00143
BUS-5839784,RIW7W79Z0M,Business,3730082.95,2019-03-11,BR-00053
BUS-4487182,A776Q0NH9K,Business,61812383.51,2019-06-12,BR-00140
CUR-6387458,JCWQSDMILI,Current,99527081.23,2019-03-31,BR-00179
CUR-2834450,AHHWZJZ3OW,Current,81463138.08,2019-03-03,BR-00156
SAV-2762331,0B387SSWCA,Savings,2953078.86,2022-10-16,BR-00041
CUR-4666394,MKU69FPPL9,Current,83789855.07,2019-12-06,BR-00014
CUR-5191256,LTG5BW688R,Current,79134910.0,2021-11-14,BR-00110
BUS-6857850,3ER7WOABJD,Business,17731908.33,2020-07-15,BR-00133
BUS-9948141,O7EOMJI1D5,Business,28347437.14,2019-12-07,BR-00049
SAV-6571553,5HO37BEO6V,Savings,-70436262.96,2022-07-25,BR-00156
CUR-5311233,DZ4ZT3OFX8,Current,49077813.13,2021-06-24,BR-00192
BUS-3738712,X6AZ1SJ0RV,Business,65310363.33,2022-02-01,BR-00125
BUS-9705837,06D48OPWLT,Business,83892732.42,2021-06-14,BR-00101
SAV-5715867,I4P7SGCFNF,Savings,68468251.96,2019-10-11,BR-00127
BUS-2899464,1YLWE9G2ME,Business,14928278.53,2019-06-27,BR-00134
BUS-2734428,1X2AO1OCVF,Business,44324325.62,2022-05-08,BR-00152
CUR-3900872,15HO47QAZ3,Current,87886880.1,2019-04-12,BR-00140
SAV-1581109,1YHY4XY1UG,Savings,81026913.75,2022-09-28,BR-00028
CUR-9487773,9NWIBZC5V8,Current,46208328.58,2020-07-10,BR-00171
CUR-7814921,8GOVIPQFDP,Current,31747894.92,2019-08-07,BR-00136
CUR-3663653,4T5HQGREAP,Current,27018473.11,2021-07-08,BR-00027
SAV-5359893,6LUQ2ENVTD,Savings,29965347.06,2021-11-07,BR-00198
BUS-1464045,GS0PTVV4V4,Business,60063912.23,2022-10-14,BR-00043
SAV-8632675,N0PXU48EJO,Savings,59357886.68,2019-03-11,BR-00170
CUR-6213917,IKJPZQ0OTX,Current,34106479.16,2022-07-19,BR-00124
SAV-4877494,2GLF6RBO99,Savings,47881040.72,2019-03-31,BR-00035
CUR-9188759,M3P457JN45,Current,81026828.5,2021-11-30,BR-00027
SAV-6457137,2X2X8HHZDD,Savings,21371247.84,2019-07-13,BR-00051
BUS-1722059,ASK8W70WH1,Business,27065608.25,2019-07-17,BR-00003
CUR-1789195,EV22001CVK,Current,85170655.32,2022-11-05,BR-00180
SAV-2202287,ZJJN9QK1RL,Savings,3748897.91,2019-06-06,BR-00154
CUR-9226849,0BM2WOSMJI,Current,71667417.13,2019-06-23,BR-00127
BUS-2480869,N7YBSW74IO,Business,19396837.38,2020-11-30,BR-00001
CUR-6750564,GAZP5N7HC7,Current,10349506.03,2021-07-16,BR-00041
SAV-4910063,06HWBI4NIA,Savings,61913455.89,2022-08-08,BR-00004
BUS-1459984,T9J30VWJOV,Business,45729069.11,2022-01-21,BR-00081
SAV-4912528,U1W1YMNRXK,Savings,94970205.01,2021-11-26,BR-00161
CUR-1606208,6J8W179YH3,Current,64061446.34,2020-02-25,BR-00045
BUS-6096083,UF1C2J8CKH,Business,79326012.87,2019-12-29,BR-00157
CUR-5577702,IT5GK3LTZ2,Current,26958497.41,2019-04-17,BR-00056
SAV-5142949,O0AZ7ZHKX4,Savings,30101347.53,2019-01-11,BR-00020
BUS-1304099,PBBXFS52CD,Business,68731895.31,2021-03-22,BR-00086
SAV-5661882,KKT0KL2FUG,Savings,69205067.03,2019-12-24,BR-00095
CUR-4872350,OKKS9QMPVE,Current,74617274.65,2022-03-22,BR-00060
CUR-8306929,1RP4KZIDBU,Current,43857274.4,2022-09-17,BR-00116
SAV-9698354,E4WSS3QCPH,Savings,47724803.03,2020-12-11,BR-00093
SAV-5045660,L2V53XI426,Savings,61482222.13,2022-06-15,BR-00016
CUR-9443003,YLQD606HYJ,Current,5253740.42,2022-04-12,BR-00169
SAV-5880587,XHXD31ASXG,Savings,22462044.98,2019-09-19,BR-00185
BUS-3700562,X8BTGIUXRT,Business,30484659.6,2021-06-04,BR-00023
BUS-6460117,XSMOYOCIL0,Business,24348055.55,2020-11-29,BR-00110
SAV-8386054,Y95138WTSM,Savings,20969308.6,2019-02-18,BR-00182
SAV-5693860,WLVQMD4TTF,Savings,75860360.71,2021-06-18,BR-00060
CUR-1416186,6NU5CMAJLF,Current,63288191.34,2022-11-29,BR-00102
BUS-2007591,SB0JS3DTM9,Business,44266811.38,2019-09-29,BR-00040
SAV-1824393,1C3591O3RK,Savings,94080693.85,2021-11-06,BR-00026
SAV-6276559,84FYUOU3BZ,Savings,30204523.32,2020-08-13,BR-00058
BUS-7649938,8OMR2AQ2P4,Business,33831233.72,2020-05-21,BR-00123
BUS-3469370,6W6WF3T35P,Business,29881151.12,2019-08-23,BR-00073
BUS-5964711,83S3YEDJN6,Business,55577762.32,2020-09-05,BR-00168
CUR-4383854,XHXVEM67D7,Current,17999849.32,2021-03-10,BR-00112
BUS-4416635,RJMH9L2QA5,Business,40479240.26,2020-09-29,BR-00092
CUR-4304310,C0L7BS92GT,Current,20098774.82,2020-07-08,BR-00118
CUR-4673477,SDIF9HTCS4,Current,46331538.03,2020-10-20,BR-00120
BUS-6009482,GQTZCUPWIV,Business,82197009.81,2022-02-15,BR-00073
CUR-1253664,9D1TYU4C5B,Current,18296836.65,2022-11-09,BR-00094
SAV-7949970,QO35YRNADK,Savings,85251164.47,2019-03-22,BR-00147
SAV-2106128,X95GL1GXZ8,Savings,68881127.28,2022-06-11,BR-00085
CUR-7653870,JP642KZ20V,Current,22281824.35,2020-01-23,BR-00168
SAV-1713239,ANUXA9HKB7,Savings,73720909.02,2019-07-16,BR-00085
CUR-8072041,BC5NSCXY3P,Current,4386965.69,2020-11-22,BR-00056
SAV-4725328,WVSRN5EEQO,Savings,9367581.88,2022-03-25,BR-00192
SAV-7079592,G30U0F8N5M,Savings,82711217.2,2020-01-17,BR-00126
CUR-6170315,OE4CHLSNRJ,Current,86509235.52,2020-01-26,BR-00101
CUR-2826196,ZXFWPRJ7G0,Current,51632404.74,2022-06-13,BR-00131
BUS-2832772,1O2DVU63Z0,Business,19363539.5,2019-04-16,BR-00117
BUS-3144272,UUAE9QX5WX,Business,79221412.02,2020-05-18,BR-00059
SAV-9046235,JR9D8YEVM3,Savings,90954702.42,2021-12-10,BR-00023
BUS-7696290,LQ3CXZD27E,Business,33007447.53,2022-03-11,BR-00112
BUS-2789488,JPBEWKVVQF,Business,61223182.09,2021-03-29,BR-00023
BUS-6632597,A7YTJ21EHV,Business,78724280.87,2020-04-12,BR-00047
CUR-3973776,2KLEHPBQL3,Current,81211058.15,2019-03-18,BR-00073
CUR-6641630,ZFYX9MJLV7,Current,54111427.99,2022-12-20,BR-00039
CUR-3941608,N2F57QNMTO,Current,31290329.95,2021-10-04,BR-00066
CUR-2300619,7AI7BIIYKS,Current,60595651.79,2021-12-31,BR-00171
SAV-4654862,1YLWE9G2ME,Savings,69423646.63,2021-03-15,BR-00001
SAV-7639063,WXKKV9TIIB,Savings,45199588.45,2020-07-06,BR-00087
SAV-6042698,5ZKGM5HIK7,Savings,56373365.79,2021-05-04,BR-00087
BUS-2391285,POGRW87MKP,Business,59983289.22,2022-08-05,BR-00163
CUR-7476006,FOL8JZCS7A,Current,96432231.77,2020-02-07,BR-00170
CUR-4350527,L4O7QDACA8,Current,21339273.41,2019-01-16,BR-00188
SAV-8960970,SF9FD8THOP,Savings,68075940.95,2020-08-03,BR-00018
SAV-7347171,MIOWEYKB4X,Savings,33037362.88,2019-03-31,BR-00010
SAV-7921364,OBPX8C99RK,Savings,32805963.2,2022-09-09,BR-00046
BUS-7890234,JMCDX57BR4,Business,37463891.41,2021-11-02,BR-00105
BUS-9804306,PLG3JF1GK1,Business,31952530.59,2019-07-19,BR-00154
CUR-4654276,ZRGZJC26LD,Current,88264640.55,2019-07-04,BR-00056
SAV-7066242,WZ9QA75RGG,Savings,42304679.63,2022-02-13,BR-00105
BUS-2597777,LC6AGO0VKF,Business,65202579.72,2019-11-21,BR-00194
SAV-7680593,AM2B0VH4MU,Savings,46389048.23,2019-04-12,BR-00072
SAV-2025876,0CQTZ2BQM7,Savings,49773332.56,2020-06-29,BR-00136
SAV-5049466,A8EQB1XN9K,Savings,20691371.59,2019-08-13,BR-00105
SAV-4854652,4J31SSQ3F8,Savings,29017908.78,2022-04-28,BR-00024
CUR-4211011,Y0NVD1F7OM,Current,79625105.61,2021-10-30,BR-00116
BUS-9731871,YJDGXI1K9W,Business,6718892.45,2020-09-01,BR-00061
CUR-5201379,1F3DSEJ3J9,Current,12244818.07,2020-04-25,BR-00168
SAV-6395183,3GT6QMJL6S,Savings,67397964.63,2022-02-04,BR-00093
CUR-8091646,6KEDPRODBB,Current,72012066.68,2019-01-11,BR-00172
CUR-9609812,HWOIFWKYJU,Current,10058494.05,2022-04-24,BR-00045
CUR-9397807,OCFDEW4IT8,Current,83065810.15,2020-10-05,BR-00091
BUS-7671738,LNQLQ52FPL,Business,33161943.7,2019-07-15,BR-00120
BUS-2467099,G0I3KUWQ59,Business,69784392.89,2021-09-02,BR-00155
BUS-8326644,DU4WYM1QJV,Business,45182928.67,2019-11-30,BR-00073
SAV-8291231,2LK3SFJ1E9,Savings,54806163.11,2019-06-11,BR-00067
SAV-8134583,XRK1C8MS1J,Savings,26792421.29,2020-09-08,BR-00054
CUR-1685273,92UCNPAD1E,Current,75419616.19,2019-03-12,BR-00036
SAV-5756105,V9N41AOOXO,Savings,36184063.67,2020-06-28,BR-00148
CUR-1081250,2M7GOEKIDL,Current,51184476.93,2021-07-30,BR-00117
BUS-6379330,0A9MSCYM4A,Business,96355353.12,2019-10-18,BR-00071
CUR-8151624,0RVY8KADG3,Current,57070782.55,2019-02-17,BR-00097
BUS-6694483,BHF74BLIS9,Business,72794495.32,2020-12-29,BR-00160
BUS-9181586,RKASEWXNVF,Business,53348498.0,2021-03-20,BR-00061
BUS-3223147,H1XH9ZHRBZ,Business,57373963.39,2022-11-16,BR-00155
SAV-4987399,F2T33GWHC9,Savings,14260760.49,2021-09-01,BR-00017
SAV-8251474,S9DTSRBKAS,Savings,5068149.62,2022-07-11,BR-00107
BUS-6823291,H5QZXLSO7R,Business,23503437.2,2021-04-30,BR-00034
CUR-4887341,YF5PXLLHV5,Current,73531794.88,2022-03-31,BR-00147
CUR-3159297,TZXRGFR8KB,Current,43823992.85,2022-02-11,BR-00084
BUS-2750578,XDZ03BA4Y3,Business,34008363.28,2019-12-03,BR-00154
BUS-4967634,8824W26IVZ,Business,61352507.18,2021-01-20,BR-00061
SAV-4887250,WS1R9TFQHA,Savings,91548745.77,2022-08-22,BR-00163
BUS-2407911,QRNM5A2U1D,Business,59774072.15,2020-07-04,BR-00177
BUS-5139072,C463DBTLVR,Business,77528787.19,2022-07-31,BR-00155
SAV-3403723,O5UG27JQM2,Savings,79270758.82,2019-09-28,BR-00098
CUR-6735089,JCGNY7TLXC,Current,75414530.44,2021-11-02,BR-00104
SAV-1480361,NUMLMVRCPE,Savings,67202065.04,2020-01-04,BR-00176
BUS-9620964,4MEEVAS5ON,Business,6162662.54,2019-10-15,BR-00005
BUS-6932057,9X6IT86SQ7,Business,70613377.62,2020-03-29,BR-00064
CUR-3352386,5FFM6S4GZL,Current,82231622.92,2022-01-06,BR-00096
CUR-4294150,P9S5E0IG95,Current,61588209.97,2021-04-27,BR-00161
CUR-8554330,4ZY7KLGVJS,Current,75854502.74,2021-03-31,BR-00184
SAV-4186431,S3T790UOK4,Savings,16962826.37,2021-07-17,BR-00057
CUR-6190644,0YBA5NQGSO,Current,47373666.33,2022-09-18,BR-00184
SAV-9855185,5Z2T4CPRJY,Savings,6864935.15,2022-09-15,BR-00171
BUS-2458421,RYP9BOCRD7,Business,66451649.14,2019-05-29,BR-00083
CUR-8325564,WLVQMD4TTF,Current,7967506.19,2021-07-11,BR-00193
SAV-3892527,MGDSBQP0P7,Savings,58073723.08,2021-01-26,BR-00062
SAV-8367572,FOL8JZCS7A,Savings,18332660.54,2021-12-30,BR-00174
BUS-4806826,Y045JHJGS9,Business,43095414.97,2020-12-30,BR-00086
BUS-5386158,0L53FUA6LF,Business,46325422.21,2021-09-03,BR-00198
CUR-3061884,AXIA5FUDN7,Current,65527478.71,2022-10-24,BR-00019
CUR-6452935,8XP8ZWLK0I,Current,27675015.0,2022-08-14,BR-00012
BUS-1011374,2OIO3EBN1T,Business,84178638.95,2021-04-09,BR-00075
SAV-7418724,YY4QPU6DA1,Savings,66771428.46,2019-12-22,BR-00162
BUS-5491445,J1P9YR7MUX,Business,48245250.46,2020-07-12,BR-00189
CUR-5374818,6LO9E9YYFV,Current,24303629.44,2022-07-07,BR-00005
SAV-2753575,AW75ZUKKY2,Savings,47958123.15,2022-06-03,BR-00016
BUS-3922756,QW2LV36VHJ,Business,1876780.58,2022-03-07,BR-00087
BUS-8493511,N3K4RA99DV,Business,32840141.0,2022-03-14,BR-00025
CUR-4264445,ML5KC68IC2,Current,57526739.98,2022-07-17,BR-00110
SAV-6935512,MJ54L74UYE,Savings,34824868.35,2022-09-28,BR-00148
SAV-4482980,JQA5HGMW6Y,Savings,41086955.3,2021-07-21,BR-00127
BUS-3217468,XY45WQETCZ,Business,4838367.15,2021-04-01,BR-00189
SAV-8667556,LGHWG7N2WK,Savings,20900726.53,2020-02-22,BR-00200
BUS-8766083,71E4TM9A7S,Business,26361309.89,2022-02-20,BR-00002
CUR-4712542,TZXRGFR8KB,Current,80344268.34,2021-05-23,BR-00076
CUR-9974141,5TEKXA53O6,Current,68268950.18,2019-09-28,BR-00008
SAV-1701157,BJK8L3AEB6,Savings,84594431.96,2020-04-18,BR-00180
SAV-8503121,VVL4JMKYJ0,Savings,36214104.24,2022-08-28,BR-00112
CUR-6552231,VMQE9M5CAC,Current,35411530.51,2022-12-20,BR-00116
CUR-2095197,75YYWDGLH1,Current,85605658.74,2020-07-26,BR-00098
CUR-6410607,8UD2O2ELVS,Current,38951799.49,2022-09-20,BR-00104
CUR-1271003,8LDYF0N94F,Current,53118995.54,2019-04-16,BR-00013
BUS-1131911,7P4NJ9HY51,Business,23222622.74,2021-10-23,BR-00085
BUS-3709196,6MX83Q3DXS,Business,90428993.74,2022-05-06,BR-00012
SAV-5479556,PBBXFS52CD,Savings,69143555.43,2020-03-29,BR-00147
BUS-1996164,6TBPXWOWIM,Business,8169953.19,2020-03-28,BR-00139
BUS-7290541,BRFZD2A10Y,Business,25431885.77,2020-01-15,BR-00031
CUR-4822109,F8UQENH1M4,Current,9875213.13,2022-05-20,BR-00184
SAV-2841919,NLSGTNJYTI,Savings,25578151.0,2022-04-18,BR-00135
BUS-3717753,FOR3AUEHCI,Business,87892113.45,2021-06-04,BR-00137
CUR-4636829,S11R9YBBT2,Current,12396945.52,2019-10-11,BR-00144
SAV-6244355,OLOVO2E4UY,Savings,54494705.48,2020-12-15,BR-00155
SAV-7252855,DNUNPFDNZG,Savings,75852541.9,2022-11-17,BR-00011
CUR-1906543,ZJFVUHNMOB,Current,97504752.95,2021-10-27,BR-00198
CUR-8531430,JA2HT7X3O1,Current,45551817.45,2022-06-24,BR-00180
SAV-3514761,U8W55INFH3,Savings,34627474.11,2022-11-25,BR-00115
BUS-8993318,OXU2L22AAN,Business,5101345.29,2019-06-21,BR-00042
SAV-2364917,U38Z486TPA,Savings,20330220.28,2020-12-13,BR-00156
CUR-4166939,VV2US0XDYF,Current,71628575.21,2021-11-10,BR-00037
BUS-2774419,GBH5G7Y4JC,Business,90729235.74,2021-10-28,BR-00136
BUS-2861974,JP752B3V20,Business,4368261.22,2021-11-26,BR-00178
CUR-4976329,G43HHYLT4O,Current,20346471.76,2021-09-22,BR-00040
SAV-1161784,OAKTKZNP37,Savings,25311823.18,2020-05-31,BR-00090
SAV-8728423,EVGDLFYB5F,Savings,48786726.66,2020-09-05,BR-00150
BUS-8478843,Y1XEOBVB6W,Business,51964771.9,2021-01-05,BR-00158
SAV-9653407,D26AS7SHKW,Savings,37179108.13,2021-10-13,BR-00160
SAV-8628603,69KWQSW770,Savings,84510421.95,2021-06-14,BR-00035
SAV-9494421,FZ9KJTALNN,Savings,71223024.46,2021-02-02,BR-00156
SAV-3174445,POO7PIHDZL,Savings,40857387.58,2019-05-22,BR-00055
BUS-5686554,8R582CC5T0,Business,68610903.67,2020-11-23,BR-00109
SAV-1023909,EJHEIYS8TA,Savings,54800614.88,2019-08-07,BR-00121
SAV-3983231,7HN12NBCQG,Savings,92723087.55,2022-12-18,BR-00124
CUR-3073581,VMQE9M5CAC,Current,44478284.08,2022-12-26,BR-00180
SAV-1610120,5HTRJUUHZX,Savings,94379702.36,2020-08-24,BR-00062
BUS-3097724,I88OP2XRZ0,Business,23836825.11,2020-08-04,BR-00071
SAV-6451730,RJMH9L2QA5,Savings,35400120.07,2022-09-03,BR-00008
BUS-9181229,RYZWBLQ0IA,Business,79805486.32,2021-03-02,BR-00173
BUS-4776720,5B4YSTJYKZ,Business,16876136.2,2022-11-13,BR-00136
SAV-5166576,3FUMEY28Q6,Savings,86167274.26,2019-05-29,BR-00104
SAV-5421748,1K0CZAX8II,Savings,90923439.89,2019-07-08,BR-00186
BUS-8266109,CS76JPPAJM,Business,50415501.89,2020-09-05,BR-00091
SAV-6965797,0YMHT5GNYP,Savings,38610048.76,2022-11-12,BR-00168
BUS-3664864,EQWA80HOZP,Business,16580009.7,2020-04-10,BR-00042
BUS-5139143,HZDGV2JYU1,Business,88477635.06,2020-02-06,BR-00016
BUS-2993342,7I7YGZTBSV,Business,6717951.0,2022-04-27,BR-00148
SAV-6068223,FZI2JWRKTX,Savings,89178044.25,2022-11-14,BR-00012
SAV-5560455,YRYV6E0H7G,Savings,61219072.96,2022-07-20,BR-00146
SAV-9454635,UXL9G563H3,Savings,98351611.94,2019-04-09,BR-00198
CUR-5371883,WFR2OADMCF,Current,5447706.22,2020-10-02,BR-00181
CUR-5584491,LTQA7AQIP0,Current,2799212.43,2021-10-29,BR-00042
BUS-1682303,6LUQ2ENVTD,Business,54915335.69,2021-11-08,BR-00142
BUS-1968822,21FVZTW2PI,Business,35257166.27,2020-07-12,BR-00089
CUR-6917911,N5GBSYDW5G,Current,48857131.17,2021-08-20,BR-00134
SAV-8585054,42GLVP99NR,Savings,41334832.19,2019-12-03,BR-00139
CUR-1960005,3VAEXCRSIH,Current,49426062.16,2021-07-30,BR-00132
CUR-2115956,BVY7XC9CKI,Current,53744349.3,2020-12-27,BR-00134
BUS-1798156,98ANGTHE6R,Business,60687775.57,2021-07-04,BR-00079
CUR-9476365,V7JS4340VL,Current,27220847.29,2020-06-02,BR-00102
CUR-3289525,WZD9VFCBDH,Current,67336469.73,2021-12-08,BR-00157
CUR-7635011,CPB36XIOKH,Current,83966490.95,2022-03-12,BR-00053
SAV-7570967,UKFMOYZTQ2,Savings,22184354.11,2022-06-18,BR-00161
CUR-4548020,TQKW5AJGRV,Current,948204.9,2022-12-27,BR-00186
CUR-2089449,UCIMPSBIH5,Current,88860118.83,2021-08-24,BR-00065
CUR-9231727,79S65YG1YW,Current,60459140.53,2020-07-19,BR-00071
BUS-7699720,XK0JHS3IH1,Business,10655333.71,2022-10-08,BR-00022
CUR-3372060,GW454XP70O,Current,88557819.32,2019-03-13,BR-00037
CUR-5068185,OXP82P22LQ,Current,81371470.41,2019-07-02,BR-00018
BUS-1691076,T0Z0QURYG2,Business,8185447.88,2020-12-27,BR-00111
CUR-6300992,ABB5MMFLCC,Current,69530198.58,2021-12-03,BR-00199
CUR-2831115,VELR8SDMBG,Current,96959625.98,2019-05-01,BR-00110
CUR-8093755,EE5XMFZBEV,Current,91869216.9,2021-12-22,BR-00127
BUS-4467214,V7BBZ558JS,Business,66332472.16,2022-01-14,BR-00102
SAV-4423444,PRWMLQE55A,Savings,3288642.66,2021-05-11,BR-00022
CUR-6523352,APLSQRTWP9,Current,35942396.87,2019-02-21,BR-00123
BUS-4817099,D1WLV9VXRO,Business,93701451.42,2019-07-06,BR-00001
SAV-3268474,L2V53XI426,Savings,15982219.53,2020-10-12,BR-00153
CUR-3596342,Q09LE1ST6A,Current,73880271.66,2022-01-22,BR-00079
CUR-1028431,5KLZUM86ZR,Current,63417003.52,2020-01-13,BR-00167
BUS-9920164,75YYWDGLH1,Business,27623504.87,2022-01-31,BR-00044
SAV-5617608,9IJWNBDSMP,Savings,62852013.16,2022-10-23,BR-00099
BUS-2936554,9VQBYXD6LU,Business,25261389.58,2020-11-03,BR-00200
SAV-2814239,7PSTH1ROET,Savings,97574209.47,2021-05-13,BR-00109
SAV-8659231,QZZPP38OPK,Savings,88274879.06,2022-12-02,BR-00185
SAV-9652267,TH6IZTYCW2,Savings,56772680.9,2019-12-21,BR-00192
BUS-1063314,GG2X78BWG0,Business,49652921.98,2020-08-16,BR-00145
BUS-7684933,3KVOYAEDFH,Business,81370350.91,2019-01-22,BR-00110
BUS-6598682,KZIKKFUXYB,Business,80018007.59,2021-06-04,BR-00138
SAV-9844268,7GO1NWYZU9,Savings,46640671.93,2021-06-19,BR-00150
SAV-3052566,CV9VHDK47O,Savings,46669977.3,2019-04-20,BR-00136
SAV-2609246,LOHE868BQT,Savings,17524792.3,2020-03-23,BR-00151
CUR-2569167,OMCLUF4NSC,Current,21649265.69,2020-11-11,BR-00171
CUR-5805350,KEBW6RBNYH,Current,17349847.79,2019-11-29,BR-00101
SAV-7636111,Q7TE42QLYV,Savings,68262536.56,2021-04-01,BR-00051
SAV-3058631,AG6K2PBRV0,Savings,42809283.57,2021-12-30,BR-00151
SAV-6676737,XKO1662WSH,Savings,15706538.05,2022-05-29,BR-00188
BUS-2507179,X4F90BYNCI,Business,99065722.86,2022-01-06,BR-00104
SAV-5724399,M5249S2IPA,Savings,96776623.34,2019-08-01,BR-00015
CUR-1034903,TWCZZQ3RI1,Current,57319910.66,2022-12-03,BR-00095
CUR-7741346,GLK1NK14WM,Current,27384621.89,2020-08-25,BR-00108
BUS-8899486,PHH6BGCQVH,Business,7170686.21,2020-10-29,BR-00164
SAV-2879971,P0GTKEOHPZ,Savings,79917929.88,2019-07-02,BR-00060
SAV-6327073,H3V2QEFWMH,Savings,58105765.67,2022-02-26,BR-00162
CUR-5589498,OFSBQ2YZGE,Current,63342102.16,2020-06-07,BR-00112
CUR-4950513,Z4BN551BRZ,Current,83524960.84,2022-04-15,BR-00036
BUS-1315762,X5UXDUBK3B,Business,77993360.47,2020-09-28,BR-00105
BUS-1416961,A9KKIEQ6NU,Business,5324.31,2020-10-19,BR-00195
SAV-7974197,G30U0F8N5M,Savings,23628922.66,2019-03-12,BR-00040
CUR-8963139,1XH9QSO6LK,Current,37848056.59,2019-07-09,BR-00178
CUR-7107091,Q3E0OUZH11,Current,28079282.9,2020-07-21,BR-00043
SAV-1583810,QAVMKGN5TG,Savings,61763957.03,2021-02-07,BR-00170
CUR-3716901,OBPX8C99RK,Current,95954622.54,2022-07-19,BR-00018
CUR-8563313,0U5AJPYF2R,Current,11819827.12,2022-05-12,BR-00108
CUR-1371189,RQ72BL8ZFO,Current,78018200.33,2020-12-27,BR-00114
BUS-1059599,IVA7ATVIYG,Business,76430063.8,2020-04-21,BR-00055
SAV-2160740,3P1Q9M7KC0,Savings,1147966.99,2020-05-14,BR-00015
SAV-8663292,COLEHGHR9H,Savings,92502124.47,2021-06-17,BR-00027
SAV-6589746,UQXHU99RCU,Savings,51378408.52,2020-04-02,BR-00151
BUS-2741501,3LQENGYT6M,Business,85078913.33,2019-11-11,BR-00110
BUS-5637842,OFQAS8MQY1,Business,34008890.19,2022-03-24,BR-00012
BUS-4898704,V2J4WP2333,Business,71690639.62,2020-01-20,BR-00073
SAV-6517441,Y6LS1CSK8M,Savings,86463835.29,2022-04-04,BR-00183
BUS-9733341,0780ZLPILL,Business,79508164.37,2022-06-30,BR-00178
BUS-7634641,I2CHYYTFRD,Business,81640045.33,2019-05-21,BR-00042
CUR-9710456,Z9MH0BF9G2,Current,57636117.62,2021-02-27,BR-00145
SAV-2510346,JV7MGSN5YM,Savings,24131827.97,2022-09-01,BR-00024
SAV-8927626,MP4BOKVQNW,Savings,12127981.48,2019-10-28,BR-00093
CUR-7788478,VW9L15SWLX,Current,29612407.49,2021-10-19,BR-00163
BUS-2838511,D250IFYVOV,Business,1436052.24,2020-02-23,BR-00093
SAV-6204196,F5R28FW773,Savings,84229123.95,2022-08-11,BR-00032
BUS-7640257,DX8GHBR8JP,Business,24151401.4,2020-05-24,BR-00010
SAV-2965139,BVK7523ZAU,Savings,2806579.76,2020-03-18,BR-00128
SAV-3608558,G6IC4N2OH7,Savings,19938690.51,2021-09-03,BR-00053
SAV-5613327,XSUS9ZM39H,Savings,73139228.48,2022-09-29,BR-00003
CUR-3669907,TQ9LTYUEI5,Current,74631467.63,2021-07-31,BR-00128
CUR-8925297,FWCJEWUZRH,Current,55625779.98,2022-03-17,BR-00192
CUR-8975490,TN4K1IM8LU,Current,71770356.27,2019-03-10,BR-00103
BUS-8237581,FYAKBVBYQ9,Business,5261372.12,2021-06-12,BR-00156
CUR-7324032,E3RGOGRL3Q,Current,64784075.23,2021-11-13,BR-00192
CUR-6520771,SN32BG8OHC,Current,57368429.08,2020-10-22,BR-00123
SAV-2783289,X5L9TJKBJL,Savings,83508115.13,2020-09-07,BR-00003
CUR-3669713,OL2AJ75VK9,Current,77787023.68,2019-07-17,BR-00070
SAV-6858401,PPONCEK35D,Savings,24781186.24,2020-11-15,BR-00108
CUR-4521995,3EDESRC2MB,Current,70224268.02,2022-05-19,BR-00098
SAV-4910212,Z9ECG2VHX6,Savings,50529236.72,2019-08-08,BR-00091
SAV-7638435,V7BBZ558JS,Savings,86675668.83,2020-02-24,BR-00109
SAV-9253882,2082QT6FD1,Savings,17832961.84,2021-05-05,BR-00197
CUR-2472248,WOIYG7PQZK,Current,3341721.12,2022-08-16,BR-00107
CUR-9326219,62WK5VAO35,Current,50034656.72,2020-11-01,BR-00052
CUR-2634379,2SHICT3U7L,Current,58456748.99,2022-09-19,BR-00117
SAV-3687701,G8QIYSJ34J,Savings,52291614.34,2019-02-10,BR-00106
CUR-2487389,S7AHZKSCHZ,Current,49528513.96,2019-09-28,BR-00122
CUR-2687533,07MUB1U4IE,Current,5185945.22,2020-04-05,BR-00115
BUS-3028871,2BI2KGRAEV,Business,39141111.29,2021-07-15,BR-00102
BUS-8665229,SZ0Z2BBCWD,Business,8948269.35,2022-12-22,BR-00163
CUR-4931084,AB0ER8CSU5,Current,80994886.64,2022-04-06,BR-00190
CUR-4648806,ZN1SGP5IE6,Current,56404994.56,2022-03-07,BR-00068
SAV-3946196,DV156II213,Savings,69191300.32,2019-10-29,BR-00069
SAV-9008923,IZQKUPBLC2,Savings,89904423.2,2022-11-11,BR-00132
CUR-1280117,0H49Z6GJ3R,Current,29208867.79,2020-09-01,BR-00179
BUS-9624686,EGHKAEOYE4,Business,83536488.27,2022-08-27,BR-00087
BUS-9750558,HA55ZPB9IF,Business,21386318.46,2019-01-10,BR-00122
SAV-8513620,ULEA1U9MXT,Savings,52821023.69,2020-01-07,BR-00068
SAV-8219036,NCC9I5HA08,Savings,83994517.73,2022-01-01,BR-00138
BUS-2020960,DZNNHDEV1B,Business,9061732.58,2019-09-27,BR-00080
BUS-3332332,LNPEP3POA0,Business,7980337.08,2020-03-02,BR-00152
SAV-8213694,OXU2L22AAN,Savings,18376887.21,2021-05-23,BR-00163
BUS-7727778,6X74I9FS4Q,Business,13682334.45,2020-06-24,BR-00036
SAV-5714359,K9M2SZZNBP,Savings,13401094.06,2020-02-07,BR-00200
BUS-8057630,5CJ9QECDMJ,Business,8050844.29,2020-07-10,BR-00173
BUS-2504823,74MXAPL5DE,Business,38959221.72,2020-06-08,BR-00079
SAV-3311708,DUTWZ4T3AX,Savings,13569924.63,2022-10-28,BR-00071
SAV-2281858,I06Z56UKJ1,Savings,69104330.93,2021-08-19,BR-00016
CUR-1015723,296T350R6W,Current,32775715.3,2019-07-10,BR-00116
BUS-3467982,3GDEHVR29E,Business,70739197.99,2021-12-05,BR-00184
CUR-5671782,5ZGO87MRH0,Current,84950275.56,2020-06-24,BR-00145
CUR-2076578,TFP7ZQATEV,Current,81833542.22,2021-03-20,BR-00102
SAV-3094401,QHTN4LECID,Savings,9068611.29,2021-05-21,BR-00015
CUR-6876748,PK3IB0GSIP,Current,90574795.46,2019-02-05,BR-00099
CUR-3850116,AXRXDLEJGX,Current,24417373.73,2022-04-08,BR-00151
CUR-8492694,GSYP9WB6AO,Current,98562415.57,2021-08-18,BR-00009
BUS-6314721,2FE7XSS98K,Business,40882973.96,2020-01-01,BR-00164
SAV-8297037,8H9C3M6RC2,Savings,67434341.62,2021-10-18,BR-00090
SAV-4710969,R40I9IINEL,Savings,15792731.09,2020-02-21,BR-00018
SAV-3383891,K63MNHGC6G,Savings,8570059.68,2022-07-12,BR-00034
BUS-6346172,GLK1NK14WM,Business,85458442.54,2019-02-28,BR-00178
BUS-9412823,RKYN8OA86X,Business,88106728.78,2019-04-13,BR-00077
SAV-8137131,92MKNFWCG8,Savings,46749749.27,2022-03-13,BR-00139
CUR-1965304,TW7JG4EH33,Current,22794806.07,2019-12-24,BR-00134
SAV-3877571,GAOTY9C0TT,Savings,62745098.78,2022-04-09,BR-00120
CUR-5588591,UTQRF6NPJ1,Current,92105933.92,2022-07-10,BR-00175
SAV-3682052,AGKIYZLT3A,Savings,93439479.85,2021-03-27,BR-00116
SAV-6117016,DZTZJGUAR3,Savings,14193953.92,2020-12-29,BR-00018
SAV-8129935,03JK438C2E,Savings,85204704.2,2020-10-12,BR-00029
SAV-2381628,NW1S15VRKC,Savings,44757259.06,2020-02-14,BR-00096
CUR-9270718,2V8Q2WCU7S,Current,30830589.65,2022-01-24,BR-00061
BUS-9317386,2D2VP09QL2,Business,88265575.64,2019-09-28,BR-00142
SAV-9246443,5HEM214RF0,Savings,28094553.45,2022-10-31,BR-00067
SAV-6895926,ZJFVUHNMOB,Savings,72803329.61,2022-02-20,BR-00124
SAV-8766452,3MVHNH401G,Savings,86642514.49,2022-11-23,BR-00058
BUS-1323607,KXE4DA0QN9,Business,94993170.81,2021-11-20,BR-00190
SAV-9878131,MED8RMZBOB,Savings,61024651.75,2022-01-05,BR-00030
SAV-5475574,CV9VHDK47O,Savings,15147309.71,2021-06-02,BR-00086
BUS-5870296,VBJE5IGODT,Business,53434443.72,2020-10-26,BR-00185
SAV-8149415,GA2U0OMU0B,Savings,82573921.89,2020-12-15,BR-00106
BUS-7677995,DXVQQXBIKD,Business,57028466.28,2021-03-26,BR-00121
BUS-8854767,F83S5PUL3I,Business,46636459.96,2019-07-07,BR-00093
CUR-5714143,4IK96KIG9W,Current,49204239.93,2020-12-30,BR-00183
BUS-6861700,Y2HFSO50ZJ,Business,39867054.66,2020-06-10,BR-00028
BUS-3016101,JR9D8YEVM3,Business,18027197.54,2021-04-04,BR-00170
SAV-2302970,YMFHXB7K55,Savings,16311571.57,2022-06-20,BR-00195
SAV-2394620,J3GU0Z3SZL,Savings,45489703.95,2020-11-27,BR-00071
SAV-6639998,EXYFW2H00Z,Savings,61706298.77,2021-10-05,BR-00075
SAV-1129895,4JHV0RV581,Savings,98651155.08,2019-06-01,BR-00082
CUR-2187448,YEL6E211A2,Current,42892809.03,2021-02-15,BR-00102
BUS-9204022,SRA3I9MI45,Business,81924539.34,2021-07-22,BR-00089
CUR-3344657,HLQHMBQQTO,Current,93686343.87,2021-12-13,BR-00161
BUS-8391346,V8FQRP9TLB,Business,24514264.44,2022-04-22,BR-00104
BUS-4751741,8LDYF0N94F,Business,1265115.65,2020-03-13,BR-00165
BUS-6974106,6GFAQ2ZYGF,Business,8916802.17,2021-04-08,BR-00037
CUR-3035008,QE97DHJWFG,Current,51916605.36,2022-11-04,BR-00161
SAV-2798768,KUVU0D4VEV,Savings,86620.34,2022-05-17,BR-00195
SAV-2941274,4RLEPACVR6,Savings,85806116.92,2020-03-30,BR-00182
BUS-7439138,832XJWI5KY,Business,81900880.56,2019-07-09,BR-00198
SAV-3498034,CZ8D6EZK3R,Savings,69866102.58,2019-10-06,BR-00176
CUR-5810744,QEMUYKH7DT,Current,23137365.32,2019-02-15,BR-00082
BUS-6733807,A8G2R8RCG0,Business,10469732.59,2022-12-06,BR-00166
SAV-6872617,CUA1IPO5JC,Savings,10791885.5,2021-09-30,BR-00113
SAV-8300348,UWDSXNLQJY,Savings,59842036.69,2022-12-14,BR-00105
CUR-4818689,FH14HQILM2,Current,91440710.22,2021-11-04,BR-00067
BUS-8535207,8I2IH07SAN,Business,16564404.71,2022-11-22,BR-00118
BUS-6659734,BO2NT2P0XV,Business,1464140.98,2019-08-30,BR-00109
BUS-9716182,22LXBRSVE6,Business,36313382.65,2020-03-07,BR-00096
BUS-2059894,19GJ51WMSA,Business,83463680.18,2020-02-16,BR-00045
BUS-5105220,57E7VZ3O0W,Business,63742511.19,2019-07-19,BR-00163
SAV-6119346,O7EOMJI1D5,Savings,71567392.73,2020-10-02,BR-00007
BUS-5483147,T1X6YNT4B4,Business,19020409.52,2022-03-22,BR-00040
SAV-4494485,AAEOPI0CJ4,Savings,43884948.85,2019-04-25,BR-00184
CUR-6537360,FP7E610D3Z,Current,55421288.33,2022-03-13,BR-00189
CUR-3527967,IAEJFJFTUW,Current,45330080.45,2019-03-18,BR-00028
SAV-5057608,AW8KXJNGRE,Savings,97509263.45,2019-05-31,BR-00024
SAV-7270675,LIRA5DZZU1,Savings,77288410.64,2019-03-27,BR-00127
BUS-2529701,5ZFLI1W5UA,Business,35377324.62,2021-08-17,BR-00034
CUR-5483763,P37KB9XHWA,Current,966281.77,2021-05-01,BR-00061
CUR-4421412,8PKM5CNMSK,Current,58701096.82,2019-07-04,BR-00161
BUS-2215326,5TEKXA53O6,Business,52557090.49,2019-09-01,BR-00029
BUS-3936023,82VKP6EWCP,Business,6532583.32,2019-01-03,BR-00014
SAV-5592982,Y4E27473PV,Savings,2170124.38,2019-07-25,BR-00042
SAV-1288032,7GCJ7J2PH9,Savings,46168759.64,2020-11-02,BR-00104
SAV-4335695,3VGUIJTBAS,Savings,64596557.34,2020-03-03,BR-00097
BUS-3486970,ZHR9I4VR69,Business,63522332.02,2019-02-09,BR-00086
BUS-3880913,ND342YHKQT,Business,72794968.56,2019-05-17,BR-00156
CUR-4850581,YMYR5Z1XXE,Current,7107810.35,2021-12-21,BR-00120
CUR-2004819,N2F57QNMTO,Current,61398281.12,2019-10-11,BR-00119
CUR-3675378,EU65G89N26,Current,73370842.5,2019-04-19,BR-00107
SAV-7873695,LCUJ2RKMWB,Savings,67122911.74,2020-03-02,BR-00141
BUS-9729212,YMYR5Z1XXE,Business,90629854.14,2022-08-25,BR-00184
SAV-2645901,KII2J5AAN8,Savings,51258958.27,2019-08-08,BR-00085
CUR-7060388,5XHA2MKFK0,Current,99996812.22,2019-09-21,BR-00173
SAV-5830731,YOX0UT4TF8,Savings,73770967.19,2021-05-27,BR-00119
BUS-9667436,2SSS2HO6N5,Business,9668105.59,2020-03-23,BR-00166
CUR-6495594,7I7YGZTBSV,Current,63498750.8,2021-12-03,BR-00080
SAV-2319577,J93Y3GLU0G,Savings,46882097.74,2019-12-26,BR-00119
CUR-1838629,ID9FYP7ZY4,Current,16164172.75,2019-03-26,BR-00077
CUR-9541637,E4UQ3VH9LT,Current,83514158.26,2020-09-03,BR-00106
BUS-5718106,HMET2EY5UF,Business,62302232.88,2021-09-21,BR-00188
SAV-7936266,XXBQC5P3XV,Savings,53366839.45,2019-10-10,BR-00105
BUS-9877163,MW5SPUJAK8,Business,19601725.05,2022-05-18,BR-00106
SAV-4581407,U7A6EV1XHA,Savings,72327105.35,2022-01-29,BR-00025
SAV-5162514,VF5YOR82BL,Savings,32347151.2,2021-11-14,BR-00105
BUS-1902243,5B4YSTJYKZ,Business,30061588.04,2022-04-10,BR-00189
BUS-4518717,1LD5QFO2Q1,Business,3326502.5,2019-04-27,BR-00140
CUR-5989850,WVW0GLMWNM,Current,43549789.21,2022-03-07,BR-00155
SAV-1149566,KFRK58U2ON,Savings,56500681.19,2019-07-02,BR-00067
BUS-7890292,A3A5JZS29W,Business,51209794.25,2021-02-27,BR-00060
CUR-4786521,1QU61XKNVT,Current,27655361.17,2019-07-30,BR-00132
BUS-6661865,7WD4MMH52N,Business,7838637.71,2021-10-08,BR-00012
BUS-3025845,K3VDWTTWTJ,Business,62205398.83,2019-07-30,BR-00037
BUS-4484674,E8RVMZOHPC,Business,67728094.9,2022-01-14,BR-00045
BUS-4842601,HHQIMAH86B,Business,93920945.73,2019-08-19,BR-00047
BUS-1017424,R30H2IUZWB,Business,57323734.51,2020-02-14,BR-00147
CUR-7852954,HJXEMZ6V9C,Current,89075529.46,2019-12-10,BR-00128
BUS-8583492,EY5DRXGIR8,Business,21266005.59,2019-11-25,BR-00035
BUS-4889783,U5ZULSFJBA,Business,87485483.3,2019-11-19,BR-00155
CUR-3049319,QCO45BSA2S,Current,23087218.39,2022-12-12,BR-00189
BUS-5715306,C8QF5RZ1GZ,Business,81001210.7,2022-06-03,BR-00097
CUR-3408518,TIQ1YBZQ0Y,Current,9127027.58,2022-01-10,BR-00018
BUS-1287659,L1QS15B10A,Business,41116168.56,2021-09-08,BR-00117
BUS-3956882,RYWN8BMLQQ,Business,54923664.52,2021-11-07,BR-00180
BUS-6323929,SJ07TIT6OY,Business,41862820.5,2019-07-06,BR-00200
BUS-4734062,VD743N5AWX,Business,37764990.44,2021-07-16,BR-00144
SAV-5689276,FS9DUI14KY,Savings,65103706.87,2020-11-01,BR-00191
SAV-9551130,7J4Q8AWRBU,Savings,26131285.58,2022-11-21,BR-00031
SAV-9272649,W3VB98N169,Savings,89330366.57,2020-11-27,BR-00009
SAV-3904721,6PGYUXPT3J,Savings,42165270.99,2021-05-19,BR-00117
SAV-7508206,KTFTSFG246,Savings,20374077.44,2022-12-07,BR-00015
CUR-8526233,YRYSTHRACS,Current,91103455.5,2019-10-13,BR-00004
BUS-2935777,MJNFOT2VTL,Business,68835234.6,2022-04-27,BR-00039
CUR-4024894,42GLVP99NR,Current,86181047.06,2021-02-17,BR-00001
SAV-2360963,B67SC2B6QN,Savings,99377865.83,2022-10-07,BR-00130
BUS-3625166,N36E8A6XYK,Business,87616372.3,2020-03-07,BR-00004
BUS-8150409,6ZDSTYPBN0,Business,71419787.99,2020-10-27,BR-00044
CUR-2938119,JYB32XIEPK,Current,97699672.94,2020-10-11,BR-00112
SAV-2319086,YW7YBZ4EC7,Savings,88341076.33,2022-03-18,BR-00170
BUS-3964734,DLDLQWM4LQ,Business,69491607.6,2019-02-14,BR-00060
CUR-8827390,HJGC0TF9IV,Current,98938171.77,2021-01-18,BR-00134
SAV-5428258,Y20Q55BDJC,Savings,21950132.81,2022-08-23,BR-00090
CUR-6896811,N2F57QNMTO,Current,72340521.53,2021-04-01,BR-00010
CUR-6663718,9GL7EU704W,Current,36875110.24,2021-04-19,BR-00046
SAV-1541951,KWNU2X3JH0,Savings,10587652.61,2019-07-18,BR-00042
CUR-7587089,Y1I5DBMEC8,Current,92491075.07,2019-10-11,BR-00112
BUS-3542279,9KSYRGAN9Z,Business,17845408.92,2021-02-19,BR-00022
BUS-9386406,UKUC5Z6UER,Business,81625704.88,2021-03-07,BR-00121
BUS-1054983,STQASXF3YU,Business,79602437.64,2021-06-23,BR-00125
CUR-2720932,MTUU4KINOE,Current,63673401.3,2021-10-05,BR-00077
CUR-4980719,G67DVKMF6O,Current,24125699.74,2020-12-14,BR-00125
CUR-1775886,WGI6N8F5K5,Current,80082905.11,2021-11-27,BR-00069
BUS-6799909,P3CSMHSZTP,Business,46069575.92,2019-04-27,BR-00138
SAV-1043651,4EGUXCJJS0,Savings,58947249.84,2020-03-27,BR-00157
SAV-4190376,R31ZSJXO7H,Savings,54650373.59,2021-12-01,BR-00014
CUR-8970073,LMUCWB7PL7,Current,64832629.26,2020-11-03,BR-00143
SAV-4029472,XO6OV7BY2P,Savings,45693114.58,2021-11-08,BR-00078
CUR-2701971,WK6VRASH9K,Current,27217569.45,2022-05-24,BR-00108
BUS-5343075,AK3NW8F543,Business,87105638.62,2022-10-18,BR-00055
CUR-1987167,O1R4ET4B1Y,Current,86755493.12,2021-08-19,BR-00192
CUR-8318037,9QZD5XA4NX,Current,50137932.55,2020-01-17,BR-00181
CUR-8749598,YGUSFIBLNY,Current,8087395.22,2020-01-17,BR-00039
BUS-1453920,D4KM94Y9FM,Business,17622418.44,2020-03-08,BR-00025
BUS-6347638,ZDCT75H09S,Business,55182527.66,2021-02-27,BR-00052
SAV-9137241,R3WQ5URODZ,Savings,88778122.05,2020-07-07,BR-00138
CUR-9515840,DZ4ZT3OFX8,Current,33005496.85,2021-03-15,BR-00002
CUR-1059036,Z4XJ4TLZZF,Current,17389848.39,2019-09-12,BR-00141
SAV-7293725,LWGAMB4ZZW,Savings,43312502.49,2021-10-21,BR-00023
CUR-3450652,BSVMAOH8N9,Current,74663007.87,2020-05-18,BR-00116
BUS-2506884,111JI1HNRI,Business,76624505.66,2022-03-02,BR-00155
SAV-5835175,FH1S2NJ5YE,Savings,17476427.27,2021-10-22,BR-00061
BUS-5857498,6DPMLMJAKF,Business,27881152.42,2022-01-04,BR-00072
BUS-8811429,SI5RY3OE02,Business,22245490.13,2020-08-01,BR-00012
BUS-4966007,KATLEVBGDO,Business,17698597.83,2020-11-20,BR-00122
CUR-3056819,5RQGKW320Z,Current,87256024.02,2022-03-08,BR-00098
CUR-5126067,2ULVW61LVK,Current,76631880.51,2019-02-27,BR-00043
SAV-1448294,R72YJ48OPS,Savings,18963187.68,2019-09-04,BR-00029
BUS-3750476,X2ONVB7XK7,Business,1053383.29,2021-04-05,BR-00164
BUS-7119647,VXG101V4S4,Business,89770656.66,2019-05-04,BR-00020
SAV-7806523,9GMPY4UBUR,Savings,44723589.19,2019-10-07,BR-00140
SAV-4421429,KWML51Y8NP,Savings,51927993.56,2022-07-23,BR-00092
SAV-1832656,SBGINCPFRX,Savings,82976169.92,2019-02-12,BR-00195
BUS-3599523,OOFY8J29KQ,Business,30866393.04,2022-03-27,BR-00004
SAV-3266715,MF5G8EY88J,Savings,64052243.49,2019-07-13,BR-00106
CUR-3067430,X2T20KHOCO,Current,94919109.33,2019-11-22,BR-00059
CUR-5943819,2AB8UXMQY8,Current,72518411.14,2020-10-26,BR-00104
BUS-9103191,Y30S3W6EPB,Business,49923368.01,2022-04-04,BR-00030
SAV-8425058,YSS1WL4SW5,Savings,3976213.31,2020-07-16,BR-00169
BUS-7701508,SH5I0PPPC4,Business,40393838.21,2020-06-12,BR-00173
BUS-9247199,VH3QAXFJBT,Business,61896493.91,2021-08-29,BR-00116
BUS-9855950,ONO1LYO05Z,Business,57624518.24,2019-07-10,BR-00088
SAV-8669681,92UCNPAD1E,Savings,7355779.72,2019-12-31,BR-00029
CUR-5575375,EI8BZUNOB1,Current,18955276.98,2021-08-04,BR-00062
BUS-8145370,8DM4YSH57Y,Business,77586443.29,2020-06-10,BR-00104
BUS-6446773,KFYXOHC67F,Business,98573991.17,2021-11-05,BR-00043
BUS-6383337,R27K7SW7GF,Business,34295546.39,2022-06-06,BR-00157
CUR-3699996,Y881PAGTPP,Current,5161985.52,2022-05-31,BR-00092
BUS-7954979,YY4KQ7WKJ6,Business,69168116.43,2019-06-24,BR-00171
BUS-2482226,ML5KC68IC2,Business,11690557.58,2022-03-12,BR-00129
BUS-8081647,3KU5BV7CA5,Business,3524696.6,2019-07-01,BR-00148
CUR-8707933,LNQLQ52FPL,Current,90950266.82,2021-09-12,BR-00190
BUS-1990137,92E3UYDGOI,Business,63100353.63,2020-12-10,BR-00069
CUR-7223845,B5RA92CVM8,Current,60591428.71,2022-04-13,BR-00043
SAV-5635749,HBB5UGQRSH,Savings,13674078.26,2021-04-22,BR-00172
SAV-9118203,LMAUW2SMX0,Savings,96617280.39,2020-10-08,BR-00094
CUR-7300473,W1BXECGF6N,Current,28187208.34,2022-11-04,BR-00109
SAV-1411901,7HCOHUT3SL,Savings,97949716.67,2022-12-10,BR-00128
SAV-5264253,2DL1OEQ57O,Savings,27778685.33,2021-12-07,BR-00157
CUR-7749092,0N2XUEYRID,Current,84576206.07,2020-05-22,BR-00033
CUR-8382464,53ZPVS5WLX,Current,24029140.97,2021-08-02,BR-00042
CUR-4541907,UM6LRCW7Q8,Current,92710033.3,2021-10-07,BR-00098
SAV-6256665,CBU7ZD996O,Savings,60078799.89,2022-11-29,BR-00157
CUR-2996167,KFVYO02CG4,Current,21960889.19,2019-12-23,BR-00080
CUR-1065151,DX8GHBR8JP,Current,-18276896.87,2019-05-06,BR-00120
SAV-4010825,P9V3YAWF6P,Savings,55945221.64,2020-08-09,BR-00105
CUR-3976139,89YTNVL974,Current,91859706.24,2020-04-07,BR-00003
SAV-9080246,32QSZOKS80,Savings,7720934.78,2020-01-14,BR-00183
CUR-1680217,MA4U3HJAJ1,Current,32615993.18,2022-06-02,BR-00028
CUR-9949963,30A8RW9GJ4,Current,62122394.21,2021-01-05,BR-00149
BUS-1078769,ZD99NZ8Y6V,Business,13258665.94,2021-08-07,BR-00026
BUS-2891308,RBMULIRJIL,Business,45949606.62,2019-09-16,BR-00175
CUR-6901101,4S1S0FVBCX,Current,91211913.73,2019-06-16,BR-00191
SAV-7823159,EVVISNV0VT,Savings,84580826.4,2019-12-08,BR-00102
BUS-4190432,PLE413CEWJ,Business,96929160.49,2020-05-14,BR-00177
BUS-6570341,79S65YG1YW,Business,49144905.16,2019-11-02,BR-00135
SAV-3397179,560BRPJW34,Savings,87362201.7,2020-12-16,BR-00192
SAV-8569905,UCBUK0A5AL,Savings,65417761.65,2019-03-09,BR-00164
CUR-8893453,75YI3SWWMF,Current,91567389.31,2019-03-26,BR-00036
CUR-7835734,XDEZ22I81U,Current,21593235.46,2021-07-07,BR-00053
BUS-1832290,WIEQC1COMO,Business,18529229.99,2021-04-16,BR-00132
CUR-5157440,ID8NBZK7W9,Current,44547264.53,2022-03-28,BR-00101
BUS-9452922,0ZU2FQW8LB,Business,85925487.38,2020-10-30,BR-00173
BUS-1592793,OEIW6975FO,Business,39970824.34,2020-01-01,BR-00077
BUS-8299286,HTZYL4AJC9,Business,58897844.03,2021-04-06,BR-00137
BUS-2369852,WBM493QB6C,Business,92049977.92,2020-04-21,BR-00073
CUR-8941910,V40C0MC8XS,Current,91609231.11,2019-09-29,BR-00066
SAV-5124611,3LMXD6XGOE,Savings,79854565.53,2022-09-18,BR-00054
BUS-7483793,EFU83YE6QF,Business,35663660.11,2020-10-30,BR-00114
BUS-8639034,J5Z9M4SYOC,Business,17835214.61,2021-03-16,BR-00175
SAV-6125450,FN2AHIP7LT,Savings,4663888.57,2019-04-22,BR-00135
BUS-7858842,RIR97HVDSX,Business,41724458.46,2022-05-29,BR-00147
BUS-6752546,XE2169LCOB,Business,74759851.81,2019-03-25,BR-00165
CUR-6664914,6S5W6A1EYJ,Current,64539906.11,2021-05-14,BR-00133
BUS-4881015,NT460734YZ,Business,79438750.06,2022-07-25,BR-00169
CUR-1284202,MFUCB49NBS,Current,8999865.39,2020-07-12,BR-00060
CUR-6364592,66YLWWKQ6R,Current,68211027.2,2022-05-21,BR-00113
BUS-8729077,Z4BN551BRZ,Business,68445952.55,2021-06-01,BR-00159
CUR-1920187,T06ULR1R1L,Current,50421852.31,2022-07-12,BR-00066
CUR-1763576,P9NGIWUOUQ,Current,63573549.61,2020-06-08,BR-00086
BUS-4275494,W8R2BPK7KH,Business,11814332.51,2022-05-29,BR-00074
BUS-6632302,2ZDPJ9XNRT,Business,36079465.14,2022-01-23,BR-00004
BUS-6321874,XXOISYA434,Business,74252074.51,2019-07-13,BR-00184
SAV-2579922,DNBG660JLA,Savings,15247389.14,2020-12-05,BR-00162
CUR-3214563,GQX9608O0E,Current,15780262.67,2021-07-10,BR-00140
SAV-1751616,OIH5MOC083,Savings,62703698.15,2021-08-14,BR-00132
SAV-8920505,J5BR5F0NKD,Savings,2722791.79,2022-09-06,BR-00159
BUS-7287554,E4CGVDRVX0,Business,86356729.34,2021-01-21,BR-00020
BUS-2088736,QTDAPUYKO0,Business,69177344.26,2022-10-26,BR-00001
CUR-9867908,3QYVHZTGK9,Current,16770638.69,2021-03-05,BR-00090
SAV-3166559,473APC1Q71,Savings,18011913.36,2019-10-29,BR-00091
BUS-1093265,W1HM9AJU7S,Business,13334392.58,2021-01-15,BR-00182
SAV-5772184,IB5ABUF1UJ,Savings,41086823.65,2022-07-06,BR-00158
CUR-6728402,FS1GMFHGVD,Current,72517630.59,2022-07-17,BR-00140
SAV-5359081,E60HOWN25E,Savings,3647611.32,2020-12-23,BR-00128
BUS-5283615,WFOBVCT1XB,Business,70207477.48,2022-05-14,BR-00111
CUR-4074180,UQD8GKP9G4,Current,43456848.6,2021-05-23,BR-00134
BUS-4189127,2JAYLIT56C,Business,73810758.47,2021-06-17,BR-00052
CUR-4800659,8WYQI26VAT,Current,74188173.79,2022-08-15,BR-00182
CUR-4235664,ANUXA9HKB7,Current,43312194.22,2020-03-03,BR-00123
SAV-2356833,B3B8GQFWTC,Savings,49545257.79,2019-05-01,BR-00079
SAV-9727436,1EYNO1NJRN,Savings,89420724.08,2022-05-27,BR-00030
SAV-8058905,Q4VE4T86SX,Savings,85404916.94,2022-03-23,BR-00189
SAV-9911621,BJLGZ77BZY,Savings,23200685.53,2021-03-20,BR-00137
CUR-9405387,XR4MIJFGVV,Current,17118916.08,2021-03-09,BR-00038
SAV-3783743,UF1C2J8CKH,Savings,70601907.65,2019-06-20,BR-00109
CUR-5237574,QL4DM70CH5,Current,5919552.56,2021-03-10,BR-00087
SAV-2144424,UP9O1Q0UXT,Savings,64177524.13,2021-01-27,BR-00037
SAV-7259768,CC4RPXJNSE,Savings,9534837.23,2020-09-22,BR-00043
CUR-2193206,PQFQPYNACO,Current,89795007.93,2022-11-07,BR-00003
CUR-3608279,3LXVR9B7ID,Current,84774523.26,2020-05-18,BR-00017
CUR-9689568,64NSFLBQ91,Current,8392505.95,2019-03-29,BR-00039
BUS-6450100,5OHUDSY0SD,Business,86345554.52,2022-09-26,BR-00104
CUR-4060651,289ZLXU9XM,Current,39927973.46,2021-05-22,BR-00041
SAV-2747277,NHR6WNE6B3,Savings,60171384.41,2021-03-29,BR-00010
BUS-7593562,W9WCZUT2DD,Business,77166875.68,2019-02-28,BR-00048
SAV-7833083,IMF9M2DB09,Savings,55460355.32,2019-03-19,BR-00069
BUS-1567348,L1KLMI2S3H,Business,44237544.92,2020-11-28,BR-00135
BUS-3537426,EGHKAEOYE4,Business,15003851.06,2021-12-27,BR-00157
BUS-9797161,MLZ1I2DVFJ,Business,5599913.63,2021-05-02,BR-00008
CUR-6915522,5MTPBQ4QFO,Current,86384823.89,2020-07-03,BR-00060
BUS-3453180,U6S8Z1YEIR,Business,76641388.5,2019-01-24,BR-00047
BUS-2120189,V84PK4PWQ9,Business,63355159.43,2020-11-22,BR-00021
BUS-3733658,0EZRWG2V2R,Business,74567951.64,2022-02-17,BR-00025
CUR-2919483,VIIH70ELT1,Current,26400921.78,2021-07-02,BR-00095
CUR-2956797,EFU83YE6QF,Current,10137333.51,2022-02-20,BR-00125
CUR-3229950,XC5K61S6NM,Current,74155239.48,2020-10-08,BR-00026
CUR-3100393,DAX6PNEQNR,Current,34233375.33,2019-04-19,BR-00004
CUR-5955077,WLUMZ2BC8U,Current,94371192.4,2021-02-20,BR-00085
BUS-5735731,36H9KMGGRU,Business,50021015.76,2022-04-16,BR-00093
SAV-2769875,8JM2NA01Y4,Savings,35486163.86,2021-01-20,BR-00184
CUR-2107570,PEQTQACAMW,Current,68572132.35,2021-03-06,BR-00018
BUS-9887895,6KC95UTAP8,Business,33888421.56,2021-12-27,BR-00114
SAV-5018350,8C11OOEXY0,Savings,11632036.76,2021-10-06,BR-00177
BUS-9453962,NJUILY2FOQ,Business,40941101.07,2022-05-03,BR-00133
SAV-6809060,6LKPQZPISC,Savings,22265067.69,2019-08-06,BR-00005
SAV-2453312,2G2M9YYWTI,Savings,45317767.78,2021-10-10,BR-00069
SAV-9855092,ZJDQ5NK7NC,Savings,3805973.35,2022-03-04,BR-00126
SAV-7905691,RPM9SDQSOU,Savings,41160624.77,2021-08-31,BR-00131
CUR-4287161,V0H084B3FA,Current,35046689.05,2022-05-25,BR-00154
BUS-7048012,WRH4B322O9,Business,80235527.06,2022-03-27,BR-00198
SAV-9137753,MNF9IRM3HL,Savings,14539201.01,2021-11-14,BR-00138
SAV-5966678,ARN1HXUKO7,Savings,81437846.49,2022-03-20,BR-00197
BUS-1899344,PC3H5KNM76,Business,25314941.3,2019-07-24,BR-00077
CUR-2111970,EM4GZ5IQK7,Current,60843246.15,2022-12-18,BR-00051
SAV-4051782,UBWWLJKPLA,Savings,66021443.5,2022-04-27,BR-00049
BUS-9386997,G9T6OAUJ85,Business,65640355.22,2022-12-01,BR-00055
BUS-4626102,F8UQENH1M4,Business,-96601657.68,2020-08-02,BR-00005
CUR-5254800,1AYDVR1SQK,Current,34699667.25,2022-02-11,BR-00005
CUR-1303699,HM024RRMIZ,Current,83609474.51,2020-05-12,BR-00100
BUS-9571708,G75FT8U1RJ,Business,42527071.83,2022-05-06,BR-00032
CUR-3658598,QYN4LN4GVP,Current,386879.12,2021-07-17,BR-00178
BUS-9527276,3FM82HRFNY,Business,6054124.22,2021-09-28,BR-00055
BUS-7108102,O9KNNSNKW6,Business,79567151.78,2020-07-01,BR-00137
SAV-9938843,IOJY3U0JU8,Savings,4381989.89,2021-04-24,BR-00003
CUR-7316300,S9LD2GY33C,Current,73865531.55,2022-09-17,BR-00004
BUS-6900213,W3JV1SK2HS,Business,21839696.87,2022-10-28,BR-00117
SAV-2261662,LI0WRRY6NO,Savings,6568651.45,2019-06-18,BR-00179
BUS-6701633,QCO45BSA2S,Business,43229783.84,2022-06-21,BR-00070
SAV-6566543,9Q1XRQRKS1,Savings,20116929.0,2021-04-18,BR-00199
BUS-2704829,XOFK81NIF1,Business,81318223.92,2021-08-27,BR-00062
BUS-4555981,5QCVD3QWKP,Business,59413806.73,2022-12-19,BR-00137
SAV-5932795,LNVPKCCYK3,Savings,62286846.17,2022-08-29,BR-00041
CUR-4692805,LFKV25NYUF,Current,54360910.87,2020-10-13,BR-00080
CUR-9651961,W1LCHQLABW,Current,16866625.07,2019-06-23,BR-00012
BUS-5094854,HG63C38MAF,Business,48932738.18,2021-09-04,BR-00090
BUS-3625605,TL2MFCWNAD,Business,98541413.63,2021-09-09,BR-00194
CUR-4806585,W4N5VGTV7E,Current,66546099.82,2019-08-27,BR-00191
BUS-5981190,J160TEP1PH,Business,68536.19,2022-12-01,BR-00072
SAV-5949329,EVGDLFYB5F,Savings,47692360.55,2021-07-11,BR-00164
BUS-7251718,LDL3VZ3QBW,Business,85647731.68,2022-04-19,BR-00164
SAV-3059071,7LWNMLED88,Savings,65676083.77,2022-11-11,BR-00060
SAV-3443050,FE34HYWMSW,Savings,80570553.39,2019-06-03,BR-00048
BUS-1444277,4WO98UIC96,Business,84645204.57,2021-08-21,BR-00071
SAV-3294792,2R3M4966VA,Savings,94263809.16,2019-10-23,BR-00082
CUR-6631153,VCLBZ8IUNM,Current,56796398.91,2021-05-25,BR-00145
CUR-3188748,FB1DLC730B,Current,52983147.84,2020-06-29,BR-00018
SAV-7867553,TSFQ0I12Y3,Savings,34915014.37,2021-02-19,BR-00200
SAV-8887393,PGGG7C5P90,Savings,20204047.9,2022-06-05,BR-00170
SAV-2004695,5QX5L4SUKG,Savings,64181585.18,2021-06-08,BR-00096
SAV-7670876,JS62YR3ZOJ,Savings,79795860.54,2022-12-24,BR-00086
CUR-2108588,UKVM570SPN,Current,72123630.36,2021-01-02,BR-00130
BUS-3140917,RDAV88US7F,Business,72520571.39,2020-09-30,BR-00149
SAV-6161731,BKBJ6RQP2T,Savings,7404169.56,2019-07-03,BR-00106
SAV-2879836,QG6NI3CIC1,Savings,54271501.04,2021-04-28,BR-00089
CUR-1242366,OD03XEER7K,Current,87489640.18,2020-07-10,BR-00019
CUR-3964422,5HO37BEO6V,Current,69198264.49,2019-03-26,BR-00018
CUR-1107445,XC7Y2HT981,Current,42470636.39,2022-01-16,BR-00014
SAV-2912924,CMAT4J5855,Savings,26168436.24,2019-05-04,BR-00029
CUR-4000331,9XZBVAU0CO,Current,8698275.87,2020-04-16,BR-00071
SAV-2647675,MI2CEFQU9J,Savings,57238693.49,2020-10-28,BR-00118
SAV-8273235,JBJX9FP0TR,Savings,94206611.29,2022-01-30,BR-00052
CUR-1490207,7VMY2LUXWF,Current,58584860.96,2019-04-08,BR-00192
SAV-9338148,9QZ0J01CT6,Savings,11397589.47,2021-07-13,BR-00093
SAV-6544424,8ZGOZJNZGV,Savings,87404519.37,2019-09-15,BR-00146
BUS-8453016,F5R28FW773,Business,84056839.62,2021-12-26,BR-00022
CUR-6306114,U5ZULSFJBA,Current,30607819.93,2021-03-11,BR-00137
BUS-4720106,5GCDHN9V1M,Business,66226660.37,2019-11-29,BR-00038
SAV-4761367,BZO2ONGECA,Savings,82318252.15,2019-04-13,BR-00181
CUR-5384290,U6Y3151E4D,Current,4877700.24,2019-08-10,BR-00029
CUR-8562330,VMQE9M5CAC,Current,49055006.29,2021-06-24,BR-00053
CUR-1118033,IJJ75MQZ2Y,Current,37722417.73,2019-11-17,BR-00194
SAV-3180243,RFE2DP7FIV,Savings,48447747.35,2021-08-14,BR-00082
SAV-3525253,RQ72BL8ZFO,Savings,80788917.3,2020-10-28,BR-00068
CUR-1064508,OFXGBEN9P6,Current,57527761.4,2020-07-10,BR-00118
SAV-4945909,3LXVR9B7ID,Savings,44467179.05,2021-06-07,BR-00013
SAV-2257509,Z0IFW4KWMJ,Savings,26910027.63,2019-06-16,BR-00020
CUR-4733933,UWOVBFJEO7,Current,83296304.0,2022-10-31,BR-00133
SAV-5594821,3OIJPKWX1Z,Savings,38965253.47,2019-04-15,BR-00102
SAV-1011209,1GZIRL5OFM,Savings,60250489.92,2022-04-19,BR-00071
CUR-7590364,B261D2ZB60,Current,7213672.7,2020-03-13,BR-00046
CUR-5169472,AWGZ5BZIOG,Current,11793641.37,2021-12-22,BR-00014
CUR-8344908,3SFVWTIVI1,Current,44641405.2,2021-02-21,BR-00113
SAV-2749790,BRFZD2A10Y,Savings,33373341.76,2021-11-15,BR-00064
CUR-4345182,G5N09I3DH7,Current,76118394.74,2020-02-06,BR-00026
CUR-4556419,R3UCAFEO7N,Current,21858386.61,2022-08-16,BR-00101
CUR-8793943,7IVSCYY9Q7,Current,12379462.87,2021-05-26,BR-00174
CUR-8951284,RYGO8KOBIC,Current,89570325.92,2020-06-27,BR-00049
CUR-6730441,3A97LYNL3A,Current,98267192.7,2022-09-12,BR-00104
BUS-5648750,58WCLV2VFY,Business,21238559.53,2021-05-20,BR-00075
BUS-9844654,D4KM94Y9FM,Business,81029474.45,2019-05-13,BR-00083
SAV-6986825,81SZWDMMDX,Savings,55970267.62,2019-10-06,BR-00154
CUR-3004318,F3AX46VV6I,Current,63507584.9,2019-11-08,BR-00186
SAV-9801829,IIR2SKP2DB,Savings,21769984.15,2021-06-28,BR-00180
BUS-3220067,DMS5AKCEF1,Business,47056009.08,2021-03-07,BR-00033
BUS-3323988,GCB5Y2UZV0,Business,40285808.33,2021-12-26,BR-00096
SAV-5906552,SVL2TUEX2W,Savings,29443962.51,2022-02-03,BR-00083
BUS-2147844,0T6YI6CWWL,Business,280282.13,2019-01-24,BR-00033
BUS-6280134,FDLB2HBUZJ,Business,49114317.03,2021-12-16,BR-00161
CUR-9554151,5Z4WT3MGAI,Current,69401536.76,2022-04-27,BR-00064
SAV-7460826,52ZX4NFXYW,Savings,93615139.28,2019-09-19,BR-00076
CUR-1605365,EE56NI4PN9,Current,38319908.14,2019-07-30,BR-00142
CUR-5245443,CT2JZ4HB0I,Current,78782980.31,2021-01-08,BR-00065
CUR-5553027,RFSA6ATPBA,Current,35366952.38,2020-10-14,BR-00011
SAV-5691887,2J49H0ORQZ,Savings,90000877.36,2020-08-23,BR-00081
SAV-4621136,PDLB7K946Q,Savings,85875854.98,2021-12-23,BR-00113
SAV-6030664,C8ZC1ICU64,Savings,78008105.98,2021-07-11,BR-00117
SAV-8681989,XR6APHCRR6,Savings,18210310.8,2020-07-06,BR-00115
CUR-4195610,56GOX0EAVK,Current,87786301.16,2020-03-27,BR-00063
SAV-7104977,WK7RJFZ3WL,Savings,43712203.09,2021-01-16,BR-00060
SAV-1822743,14SIJ0BY07,Savings,39232312.51,2021-10-09,BR-00044
CUR-5250977,NQSO0TIU42,Current,88983213.97,2022-08-12,BR-00158
BUS-8097171,QXPZPO8SFL,Business,95296254.6,2020-09-07,BR-00006
SAV-2510297,P7VSMZ1NB7,Savings,34966827.73,2020-04-02,BR-00085
SAV-1664597,UP7EI5SMZR,Savings,44028759.89,2019-12-16,BR-00091
CUR-1095776,89JC1TKSYD,Current,423337.22,2019-12-29,BR-00023
SAV-6064991,ULPF7JD5N0,Savings,23730678.97,2022-06-30,BR-00042
SAV-1884913,LWF1459X61,Savings,19310336.24,2022-02-02,BR-00039
SAV-2436695,Q5FYOEBACH,Savings,84051723.32,2022-05-30,BR-00084
SAV-3035103,RVA7OFN3P2,Savings,80863668.67,2022-12-04,BR-00159
BUS-4993275,UNONP0X5AW,Business,79991853.57,2022-10-17,BR-00159
CUR-2965385,EFQE6M9MXN,Current,75596000.65,2021-10-21,BR-00128
BUS-8640431,A9V7MDXUO5,Business,21650202.11,2021-08-28,BR-00186
BUS-2718358,0E73F3VPA6,Business,70899537.1,2019-07-26,BR-00049
SAV-7270799,KDBSFS63D5,Savings,38233737.44,2021-09-27,BR-00073
BUS-9888896,W915G7NKAB,Business,18649447.66,2021-01-31,BR-00087
SAV-9627943,2BADLPIJEW,Savings,49219249.95,2019-01-22,BR-00107
SAV-2449528,YIDAIP1CBV,Savings,96910862.28,2019-02-21,BR-00132
CUR-3731168,6IW5TLFQWJ,Current,29376350.4,2022-04-04,BR-00106
BUS-2379642,82C73YQDAO,Business,64547567.36,2019-12-05,BR-00094
SAV-7415669,BVNU9M78EZ,Savings,54402568.61,2019-10-30,BR-00180
BUS-7363838,E3RGOGRL3Q,Business,85075352.13,2021-09-08,BR-00197
CUR-5851576,PEQTQACAMW,Current,66781515.7,2019-06-23,BR-00013
SAV-4655103,U3KPEA0F7I,Savings,8231808.95,2019-03-25,BR-00053
CUR-5759566,OFSGS5ZHIA,Current,94813622.37,2021-03-04,BR-00106
SAV-3175337,WK6VRASH9K,Savings,47655549.68,2022-07-10,BR-00141
SAV-5627641,LU32Q1VFS4,Savings,74709448.07,2020-12-09,BR-00110
CUR-4959866,B5RA92CVM8,Current,67557647.93,2019-12-26,BR-00079
BUS-5719350,U9D1ZPO9SW,Business,87077550.54,2022-05-25,BR-00008
SAV-6744616,5Z4WT3MGAI,Savings,9725192.94,2020-08-21,BR-00020
SAV-1552185,2PEEODDR4W,Savings,27591203.73,2020-09-13,BR-00014
SAV-4161911,PMFE7TECGM,Savings,60688113.58,2021-07-19,BR-00172
SAV-6824427,8H9C3M6RC2,Savings,91447997.72,2022-05-06,BR-00085
CUR-5092397,CF4EE9PAKB,Current,75822926.13,2019-08-28,BR-00065
BUS-9192706,EO8WR23FO0,Business,90659760.34,2021-12-11,BR-00193
SAV-1366018,NWSKJKJA3A,Savings,89477159.32,2019-04-19,BR-00027
SAV-5930568,1F3DSEJ3J9,Savings,76997988.68,2021-03-11,BR-00040
BUS-1086620,ZG3XFBO7JY,Business,5351522.44,2019-09-02,BR-00194
CUR-4672957,EQDRSQOSBC,Current,44380040.21,2022-03-31,BR-00081
CUR-1423668,LBH2VNFG3B,Current,8082495.37,2020-04-12,BR-00135
BUS-6140252,DUMXFVQMRJ,Business,73725016.36,2022-05-09,BR-00023
SAV-6282714,RIY2D7OBKS,Savings,1065527.4,2019-06-13,BR-00163
BUS-7510610,RGFG6JPLWO,Business,63277033.67,2019-05-01,BR-00057
SAV-9698211,8AV4AXVY3Y,Savings,79805233.43,2020-12-28,BR-00082
CUR-2374434,N3K4RA99DV,Current,40806942.85,2019-03-11,BR-00031
SAV-6499593,MJSPBH9VVE,Savings,65677818.36,2021-05-09,BR-00107
SAV-4727030,8HW7QKKJH9,Savings,41057815.66,2021-03-16,BR-00051
BUS-8691165,X0L2IKY4KM,Business,92903121.66,2019-11-17,BR-00056
CUR-1786466,PWACHY08B2,Current,68824271.22,2020-06-17,BR-00156
CUR-8848532,HVGYJNQZHZ,Current,21329444.31,2021-07-21,BR-00043
CUR-1747296,I06Z56UKJ1,Current,66111005.31,2019-12-25,BR-00023
BUS-4156259,9XB854R4LW,Business,14212399.02,2021-01-19,BR-00093
BUS-5719800,GO0YLXZXMU,Business,6378840.74,2021-12-09,BR-00079
CUR-6250022,LNPE3V1RUK,Current,84992507.63,2021-10-04,BR-00137
SAV-4109240,0OPZ3MPCFM,Savings,20868794.48,2022-01-07,BR-00001
BUS-6248216,M04WRHVVER,Business,90551530.09,2022-03-22,BR-00148
SAV-6159440,T8AN803V0B,Savings,55021777.03,2022-06-07,BR-00139
SAV-2001859,GCB5Y2UZV0,Savings,25409745.46,2021-10-12,BR-00032
BUS-7061182,1YOIEX0YCN,Business,67377012.15,2022-11-29,BR-00073
SAV-7066407,41E03QRKM2,Savings,15393962.53,2020-11-05,BR-00108
BUS-4379419,HJUVD73OJ2,Business,22719506.34,2019-05-31,BR-00072
CUR-4425376,90LY7RKDAF,Current,58156720.36,2020-11-09,BR-00058
BUS-1127616,PQPU80XR6A,Business,16809962.51,2021-09-09,BR-00015
CUR-5877184,AGIR7CSETN,Current,52650989.09,2019-10-20,BR-00058
BUS-1887671,E83I7GRH8N,Business,68411329.85,2019-11-03,BR-00172
BUS-8160832,ZOVKXLTTRG,Business,91077022.07,2022-06-04,BR-00195
BUS-3658353,5E7HMJ6PH9,Business,10043138.61,2020-01-11,BR-00064
CUR-2307448,K9Q1C2FU1N,Current,73305135.6,2019-08-19,BR-00007
CUR-9034381,BOU92KQV2A,Current,27744755.08,2022-08-30,BR-00038
BUS-1679297,I0OOY8PHK3,Business,47821710.06,2019-06-11,BR-00122
SAV-3404520,K6NLVT08OG,Savings,4225356.43,2020-09-09,BR-00044
CUR-3022870,9RCQUQBUJR,Current,69325636.37,2019-05-25,BR-00038
SAV-3672689,1T399MI7QS,Savings,68291417.1,2019-09-04,BR-00079
BUS-7794094,KPOM4GE44U,Business,7354215.08,2020-02-12,BR-00191
CUR-7663999,JO2QH36DJO,Current,71733386.35,2022-06-16,BR-00077
BUS-8628076,94HA8FAO31,Business,21313681.92,2021-06-24,BR-00066
SAV-8323949,POX3RDTCG2,Savings,89946693.72,2019-07-09,BR-00012
BUS-7895887,Z4YCX0RKNB,Business,50530045.5,2022-10-11,BR-00189
CUR-8215864,34LU8V6L9I,Current,73863895.62,2020-03-23,BR-00063
SAV-7357576,QRNM5A2U1D,Savings,71301843.16,2021-12-12,BR-00026
SAV-7977040,CSJM2HT3PX,Savings,65854317.98,2019-06-23,BR-00073
SAV-8840294,1HV8A2RFV8,Savings,91603674.91,2019-11-23,BR-00200
SAV-1614414,KEEWJRQ7ZO,Savings,53423949.38,2022-05-06,BR-00135
CUR-8448156,NM2H1KQEJF,Current,5084833.13,2021-05-25,BR-00083
SAV-9431316,1TWZ3AJ1AS,Savings,9925292.92,2021-09-06,BR-00171
CUR-3614712,YFZ835VDS1,Current,51810238.81,2019-06-20,BR-00044
SAV-3179733,8MR7Z7V35G,Savings,52530128.35,2022-04-25,BR-00056
SAV-1437825,QB20W6AZJ7,Savings,12464521.65,2021-02-17,BR-00112
BUS-1953605,Z425NQB3BR,Business,70467853.31,2020-11-14,BR-00035
CUR-8423311,0NKYJXDY39,Current,93879593.29,2021-05-06,BR-00087
CUR-9957262,5KMDTIDQ81,Current,23127388.44,2020-04-27,BR-00198
CUR-3122202,UFETH02L23,Current,72781248.66,2021-11-09,BR-00123
SAV-7778956,I4FD43WPM5,Savings,68475649.37,2021-03-28,BR-00029
SAV-8335187,4EMT9RU2VW,Savings,90814913.05,2020-05-14,BR-00039
CUR-6729780,52ZL2M8W52,Current,16961897.61,2021-12-31,BR-00014
SAV-4411905,QJAAUE3HNG,Savings,56982655.64,2019-02-06,BR-00160
CUR-4947851,KTI2YC6B8H,Current,81657401.12,2020-02-29,BR-00002
BUS-1129328,5ZKGM5HIK7,Business,20369488.77,2019-02-21,BR-00143
SAV-9762955,7ATP0OKR1K,Savings,27718062.37,2022-06-28,BR-00139
CUR-5520212,O7EOMJI1D5,Current,9331984.87,2020-10-05,BR-00154
SAV-7311932,Z0LN0D46U4,Savings,49782857.7,2019-11-04,BR-00011
SAV-6742412,H1XUHYVZDQ,Savings,90296912.77,2021-06-05,BR-00028
SAV-3143263,XK0JHS3IH1,Savings,1632943.63,2021-04-19,BR-00170
CUR-4959300,HB1A6VLY35,Current,41458242.91,2021-04-07,BR-00132
SAV-3608355,PQFQPYNACO,Savings,7976568.65,2020-04-09,BR-00116
CUR-6662909,P60ZOCVYB4,Current,82376303.66,2021-02-05,BR-00103
BUS-7609045,UCFCBPOEO8,Business,70929954.25,2021-02-12,BR-00031
SAV-6800336,IABAPRAJXO,Savings,61009734.59,2021-05-23,BR-00094
SAV-3400722,QH4JHLBW46,Savings,6381652.15,2021-04-04,BR-00007
CUR-9022366,P1JNYS2KS7,Current,59377552.52,2022-09-08,BR-00017
SAV-8905341,B18GW4GONR,Savings,89038504.59,2022-05-20,BR-00187
BUS-4627132,G5TSXSYIS3,Business,758787.2,2022-04-30,BR-00062
BUS-2939186,AYMRB0TD2N,Business,36449036.83,2022-08-16,BR-00084
BUS-3406015,DVN3HDCEHN,Business,33203190.49,2021-01-04,BR-00167
BUS-7239113,1XH9QSO6LK,Business,17254210.0,2019-01-19,BR-00100
BUS-7460454,BCG5F1KBMR,Business,26972564.11,2019-03-03,BR-00065
SAV-2112697,92OE0HC8TU,Savings,63943290.07,2019-10-07,BR-00009
SAV-2465300,KX5UXFY0O0,Savings,38973708.06,2022-05-28,BR-00047
CUR-8458007,9CPCP8DTKU,Current,62322194.7,2020-07-07,BR-00057
BUS-4229546,9QUCOGH6X6,Business,22121689.13,2020-03-03,BR-00110
SAV-5262206,82C73YQDAO,Savings,11656044.78,2021-03-20,BR-00192
BUS-6035156,ODGOJ3X51A,Business,2426938.25,2020-02-23,BR-00128
SAV-2008605,DB2HI07NCA,Savings,36529063.97,2020-05-21,BR-00141
BUS-9128297,HLC9OPXI57,Business,5210927.22,2021-09-05,BR-00161
SAV-9741776,310UR7L5FG,Savings,79314391.02,2022-11-25,BR-00050
SAV-3969233,ENW7SEIMKW,Savings,95156756.81,2022-11-10,BR-00127
CUR-4483491,4JPQPEJ026,Current,25758937.58,2019-08-18,BR-00151
BUS-9121426,AVGKCNZBGE,Business,92717661.81,2019-08-11,BR-00010
BUS-2824571,2XG605ZJQC,Business,87218853.21,2021-09-17,BR-00033
CUR-2938681,6KVS508R9W,Current,64157820.99,2019-09-20,BR-00025
SAV-3450940,SS6FMTT3UM,Savings,89039738.42,2019-03-26,BR-00046
CUR-6607274,MS8DQM3DOF,Current,6152300.28,2020-06-13,BR-00199
SAV-2562601,BNSRAKRT3P,Savings,48339795.98,2022-04-15,BR-00182
CUR-9093518,O36W1ER8GQ,Current,70534092.7,2022-12-23,BR-00064
SAV-3389689,J7H5VJX9A9,Savings,46992776.05,2022-09-17,BR-00048
CUR-7574659,CXG4E9BL46,Current,13077106.79,2021-03-28,BR-00043
CUR-6440961,VS7U11ZSQQ,Current,32932314.87,2022-04-25,BR-00006
CUR-5320888,6X74I9FS4Q,Current,39104173.3,2020-07-24,BR-00006
CUR-7891832,9ARHNBQI5D,Current,94089621.04,2019-10-29,BR-00127
SAV-5180299,URXO7D7U47,Savings,22399767.6,2022-09-26,BR-00062
CUR-4749314,4ZGQU47QP7,Current,70631389.18,2020-06-02,BR-00199
CUR-7361292,Y2HFSO50ZJ,Current,93438555.52,2021-07-04,BR-00116
SAV-6948436,7H2K5R91G9,Savings,74297994.13,2020-10-16,BR-00073
CUR-9796056,DMV4UIUY2P,Current,41462793.3,2022-01-29,BR-00069
CUR-2196636,Y4LPIPQ0X7,Current,69566552.88,2020-11-25,BR-00129
SAV-3070573,QPWJM69D4E,Savings,42354027.51,2022-03-20,BR-00176
CUR-1009549,4JB1FYHALS,Current,34782501.86,2019-01-10,BR-00176
SAV-7620345,M0RY9NZPSL,Savings,24628550.94,2021-09-07,BR-00097
CUR-8665475,WOL06B3UHS,Current,4332864.23,2020-05-04,BR-00126
SAV-6051855,7TH90TWPZ9,Savings,60157119.0,2021-06-03,BR-00106
SAV-4535028,K29U8ZYOQH,Savings,85685756.17,2022-06-03,BR-00085
CUR-1121463,FXJO7C69BZ,Current,70898254.87,2022-06-09,BR-00084
SAV-9569783,MV56E1J9QR,Savings,37186616.4,2021-03-24,BR-00067
CUR-7164509,RUW97856GL,Current,8663638.39,2021-12-08,BR-00173
SAV-9394090,HM024RRMIZ,Savings,48995168.18,2022-03-06,BR-00118
CUR-6645221,TL2MFCWNAD,Current,61938974.35,2020-12-10,BR-00140
CUR-5361061,G8QIYSJ34J,Current,72874332.07,2022-10-16,BR-00007
SAV-1505718,GQFZ5VLROU,Savings,77450868.9,2022-03-11,BR-00156
CUR-7830616,8SMO8KNEPN,Current,27297631.99,2022-05-30,BR-00072
SAV-9489335,EFQE6M9MXN,Savings,55522198.41,2021-05-24,BR-00124
BUS-9513075,KJRNUDRYSV,Business,74595874.53,2021-02-04,BR-00041
BUS-6320428,XFPL7Y6RS1,Business,92912317.07,2019-12-05,BR-00171
SAV-3161715,NM2H1KQEJF,Savings,90713761.22,2020-01-09,BR-00127
BUS-7645235,FP7E610D3Z,Business,94768829.48,2021-01-23,BR-00044
SAV-8629252,HJXRVDEEM2,Savings,27025254.54,2021-09-10,BR-00146
SAV-1049116,HKRUV7WPWN,Savings,86204484.77,2022-03-14,BR-00163
BUS-2259831,9RKR80MS2U,Business,5108889.79,2021-02-21,BR-00169
CUR-7140707,PFPF42MQHK,Current,61292801.94,2020-12-14,BR-00115
BUS-5151951,SX7KYH17TJ,Business,44843100.61,2020-02-23,BR-00153
BUS-9702657,L31JJI45WS,Business,8592534.83,2022-01-13,BR-00100
SAV-5642598,TBLLSUHIOQ,Savings,50180216.84,2021-10-13,BR-00158
SAV-7505279,YQQ5LDDML1,Savings,36376933.38,2022-12-06,BR-00046
BUS-2942577,QXHNGF19ZW,Business,42406989.36,2021-05-29,BR-00038
BUS-4295535,RGAWI09U48,Business,16376860.01,2021-09-21,BR-00098
CUR-7330804,4IF7OR68WR,Current,75124678.95,2019-07-13,BR-00009
SAV-3312900,UP7REEALAY,Savings,47817137.98,2021-10-26,BR-00056
BUS-1730882,6SRAWS0WOI,Business,24276223.51,2019-09-12,BR-00031
CUR-2017211,3C24R4YBK1,Current,80074270.33,2021-08-26,BR-00023
SAV-7020293,GZG485JZ8I,Savings,79858361.66,2021-10-30,BR-00001
BUS-5150513,S7N75NO171,Business,59554758.36,2019-11-25,BR-00175
BUS-2497505,6MXP19V92P,Business,1118722.64,2022-05-27,BR-00030
CUR-9175690,PRWMLQE55A,Current,25982072.63,2022-10-01,BR-00050
SAV-8503934,R69WPMPHPN,Savings,11343811.4,2021-04-01,BR-00181
SAV-4646028,VD743N5AWX,Savings,63327080.51,2019-06-07,BR-00022
SAV-2380849,627Q32NALM,Savings,54714134.42,2022-05-18,BR-00139
CUR-3325672,53S7K87IPW,Current,99512086.34,2022-12-18,BR-00166
BUS-7781095,YFE8KGTJSF,Business,14894429.49,2020-11-21,BR-00126
BUS-3680595,YAPCCD5HZS,Business,99833333.94,2021-02-12,BR-00036
CUR-2843555,S85X0DXMA1,Current,61588997.14,2021-12-11,BR-00159
BUS-6604958,P6DSIT7UNZ,Business,88449461.72,2022-04-08,BR-00144
CUR-5525280,5B0G9CQJEY,Current,93294340.82,2020-11-24,BR-00131
CUR-3134745,2T7814M3VB,Current,41824208.24,2020-01-28,BR-00177
CUR-8592882,M24RY5LS3E,Current,25053085.0,2019-03-27,BR-00195
SAV-5635481,MRGIPNOKYN,Savings,46788628.5,2019-06-26,BR-00137
SAV-7211604,VBIIFBVSUO,Savings,12431501.2,2020-06-08,BR-00095
SAV-1051614,FYC99MOKX7,Savings,92048279.89,2022-06-26,BR-00023
CUR-8432982,08QCMP8EG4,Current,49780062.86,2022-02-02,BR-00039
SAV-7600734,KE1XHVM1E8,Savings,26157189.77,2020-02-25,BR-00065
CUR-7286763,W71E597N07,Current,53454279.71,2022-05-28,BR-00108
CUR-9527159,2PWD36CYIN,Current,96558041.94,2022-07-23,BR-00060
BUS-6964841,OAKTKZNP37,Business,92830286.61,2022-03-06,BR-00089
SAV-2366706,HZDGV2JYU1,Savings,8690940.88,2020-02-06,BR-00074
CUR-7258981,VVVQ6AMGVZ,Current,81716441.32,2019-09-21,BR-00029
CUR-1777852,7DD4F8JZL1,Current,56976245.57,2020-02-22,BR-00038
CUR-6175871,VS7U11ZSQQ,Current,72884135.06,2019-07-07,BR-00015
BUS-6857722,JTC5MB8CRU,Business,93204178.61,2019-11-09,BR-00122
BUS-9292788,WFOBVCT1XB,Business,83917990.67,2021-03-28,BR-00107
SAV-3963642,M13263CLMB,Savings,91635940.62,2019-11-24,BR-00162
CUR-2139007,SMVXI9QX8H,Current,56585875.69,2019-06-24,BR-00030
CUR-2553464,8YV2FDPXS0,Current,98482747.31,2019-11-04,BR-00091
CUR-8538138,N3NPNHNFQC,Current,16047048.52,2021-05-10,BR-00114
BUS-3463055,0L53FUA6LF,Business,40411879.97,2022-06-20,BR-00171
CUR-2725529,6HTER84HA7,Current,72458277.18,2019-11-13,BR-00178
SAV-8070311,TW6CKHYU0D,Savings,43501490.8,2019-03-06,BR-00181
CUR-9016507,F42LZQ95IJ,Current,89850729.44,2020-01-18,BR-00190
CUR-5169433,UCQ9Z5OL3D,Current,25376542.47,2020-04-30,BR-00119
BUS-1817430,75YYWDGLH1,Business,7351740.15,2022-02-24,BR-00150
SAV-7945481,O0AZ7ZHKX4,Savings,28734379.46,2021-02-10,BR-00154
SAV-2651364,7R3CDY2TBX,Savings,79824392.42,2019-08-04,BR-00115
BUS-6632187,3CBQC3H9IM,Business,12861283.29,2019-04-10,BR-00179
CUR-5141304,N9B92YI8DU,Current,32633177.86,2020-07-15,BR-00150
CUR-6230498,J5Z9M4SYOC,Current,41459057.76,2019-04-13,BR-00174
SAV-1806812,GZ9FDUE63S,Savings,69343809.83,2021-01-24,BR-00142
SAV-9531733,82PYGT7I5V,Savings,33637357.16,2022-06-18,BR-00025
CUR-9877423,J48DQD9GUH,Current,52422009.67,2021-11-24,BR-00094
SAV-3913186,VWHIMG8M38,Savings,5958531.42,2020-05-18,BR-00113
SAV-9029147,PL4HU4MG0E,Savings,90027818.95,2020-01-02,BR-00015
SAV-8173564,1PX4A3OV7E,Savings,67413827.98,2022-11-23,BR-00151
SAV-2324413,45FFEYBMMD,Savings,97715963.29,2021-05-07,BR-00155
BUS-8660057,RCXY6254QX,Business,21204717.27,2019-01-19,BR-00126
CUR-4764587,PPYULIBQBA,Current,13564589.92,2019-09-28,BR-00195
SAV-6858350,MRMMDWIT76,Savings,7654406.74,2022-09-16,BR-00044
BUS-9310259,07E240KDPG,Business,84863786.39,2019-01-16,BR-00031
BUS-5028044,XVGIQTF9PA,Business,88058128.22,2022-08-26,BR-00190
BUS-5497495,M2HTW8VPHM,Business,22056670.26,2019-06-01,BR-00006
CUR-2698607,0BZ4IJW8PN,Current,20612329.68,2022-09-10,BR-00069
SAV-2165848,NI3KFXBI5R,Savings,14655770.25,2020-06-07,BR-00094
CUR-1290242,C7SCDF4EW8,Current,28648445.79,2021-03-10,BR-00101
CUR-9334754,0BS7DGYMR6,Current,30570172.14,2020-09-20,BR-00147
CUR-2409428,7GMBB78K9J,Current,73684127.26,2020-03-21,BR-00171
SAV-9656518,Q4KQPVREDZ,Savings,61394562.34,2022-04-12,BR-00028
BUS-9928005,H2LFB9970G,Business,36536494.04,2021-11-04,BR-00140
SAV-5477103,WY77XEBDGC,Savings,70944101.73,2019-02-12,BR-00040
BUS-2593807,SSM4YQX8WN,Business,92209400.25,2019-07-27,BR-00123
SAV-9470272,XSMOYOCIL0,Savings,1412632.29,2019-06-26,BR-00173
BUS-9208525,8ZGOZJNZGV,Business,46988041.39,2019-04-30,BR-00024
SAV-4028911,IRKL4AN157,Savings,92317266.93,2021-03-04,BR-00039
CUR-7707471,VA16VXAYVM,Current,93682056.16,2021-10-04,BR-00017
SAV-9462543,NLSGTNJYTI,Savings,89029462.39,2019-03-08,BR-00031
SAV-3427963,BOBD4ZG8IN,Savings,49634439.62,2021-05-20,BR-00172
BUS-1219322,VE674KTE1E,Business,87580703.97,2019-10-13,BR-00154
CUR-7169097,I73SKZDIP8,Current,74953147.6,2019-05-24,BR-00079
CUR-1718457,P1LAWOF75L,Current,25584906.09,2022-09-01,BR-00135
BUS-9075314,KJJ37WG6LO,Business,27282916.96,2020-07-20,BR-00068
BUS-9610605,WQATJNX1ZQ,Business,97056554.59,2022-09-28,BR-00095
SAV-2579438,5AGMCQVM5F,Savings,250702.49,2019-09-29,BR-00058
BUS-8457074,FKQBRZQ76Z,Business,70387518.94,2022-10-05,BR-00144
CUR-5542292,QF46PYSFAV,Current,13170672.94,2022-05-27,BR-00199
CUR-1820641,SJ07TIT6OY,Current,29608577.66,2022-12-30,BR-00151
BUS-8712545,CZ46CBO6NS,Business,28850047.53,2020-04-09,BR-00122
CUR-6852155,AFL1ZFRSEV,Current,61659911.14,2021-03-17,BR-00079
SAV-1253093,QWGZC9SR87,Savings,66594348.48,2020-05-23,BR-00151
SAV-3996811,VNL6ZTXIUN,Savings,15111553.53,2020-07-26,BR-00054
BUS-5695523,6CUNXV2SAB,Business,27620086.72,2022-11-28,BR-00046
BUS-6991962,KDBSFS63D5,Business,23825121.05,2022-07-08,BR-00080
BUS-8424104,F7F504X0I0,Business,86877594.48,2019-07-20,BR-00084
CUR-8268104,L91W22QFMU,Current,95831819.46,2021-12-21,BR-00130
SAV-1628396,SYIS1WL1CR,Savings,648595.99,2019-10-30,BR-00042
SAV-5223094,PYTD6L08D9,Savings,2731297.23,2021-09-06,BR-00145
SAV-2568217,W8R2BPK7KH,Savings,34115966.34,2019-03-30,BR-00164
CUR-9771471,MTG91JLYPN,Current,32936376.18,2019-11-14,BR-00009
BUS-6853353,IB5ABUF1UJ,Business,72636412.58,2022-12-05,BR-00187
SAV-2519852,92E3UYDGOI,Savings,96674577.24,2022-03-24,BR-00186
CUR-1270557,VS4CEKMG3V,Current,29484976.35,2019-09-10,BR-00181
BUS-4172437,N0E4R5BJRY,Business,50594067.91,2020-09-19,BR-00084
CUR-7679625,URXO7D7U47,Current,70713615.64,2020-04-10,BR-00002
CUR-3561564,WKC0U3J2YK,Current,49277401.5,2021-07-08,BR-00051
SAV-4594355,DS7LN34UQP,Savings,94279306.24,2020-09-22,BR-00173
SAV-6200169,2LK3SFJ1E9,Savings,3173356.74,2019-07-30,BR-00168
BUS-2726099,68DIXPDUEJ,Business,52932893.89,2021-06-10,BR-00181
SAV-9601034,IWW2P4LVOS,Savings,41005797.85,2021-04-08,BR-00151
BUS-8447814,OWX9UXLD28,Business,17113609.15,2019-11-20,BR-00012
BUS-1845547,U9D1ZPO9SW,Business,33549331.03,2019-08-30,BR-00002
SAV-1614453,8BUUV1K1D4,Savings,66200213.27,2021-07-22,BR-00069
BUS-7627261,F7GVU4U5VF,Business,32499895.51,2022-01-06,BR-00175
BUS-1206935,LMAUW2SMX0,Business,72291615.24,2020-10-11,BR-00018
CUR-2019707,JIBRUMZSX2,Current,42156530.6,2021-01-06,BR-00137
BUS-9277511,ZH8AJRDDYF,Business,98020154.53,2022-02-17,BR-00006
BUS-7788050,OD4ZM93D54,Business,67941952.08,2019-08-14,BR-00041
SAV-7124699,I1BAFH2EUB,Savings,54335299.79,2021-09-19,BR-00109
SAV-5857273,ZHR9I4VR69,Savings,11164853.99,2019-03-20,BR-00171
BUS-2668346,OFQK2UETC3,Business,85524826.62,2020-06-04,BR-00126
CUR-2562958,RDBFOG8JXU,Current,65467310.46,2021-02-11,BR-00183
SAV-4551053,TWCZZQ3RI1,Savings,36773410.88,2022-04-21,BR-00056
SAV-9033434,479EDEDTLL,Savings,20655233.22,2020-04-04,BR-00030
CUR-8903256,NX4USL3LM8,Current,26368388.3,2022-08-15,BR-00036
SAV-8722347,EYKW1EOW7E,Savings,97308234.44,2020-09-05,BR-00099
SAV-5437637,FLOGM6LW2N,Savings,79481638.18,2021-02-07,BR-00110
BUS-9933230,LGHWG7N2WK,Business,20906741.1,2021-03-09,BR-00185
SAV-4957280,BUIBIWLPEN,Savings,49517518.92,2019-10-05,BR-00174
SAV-9339161,SOSLUEZBZ7,Savings,25518181.79,2022-04-03,BR-00175
BUS-3425060,09VOL7EEK3,Business,47786170.74,2022-03-05,BR-00102
SAV-3327570,ZWNFWOVB9D,Savings,83185360.49,2021-05-20,BR-00194
CUR-7355139,G75FT8U1RJ,Current,46083250.41,2022-08-13,BR-00200
BUS-8606390,MXOKBU4YR7,Business,81775587.98,2019-08-24,BR-00156
BUS-7902054,WGXBCX6LFN,Business,57968648.89,2022-11-29,BR-00071
SAV-5185565,2X423G172J,Savings,27228567.36,2022-09-22,BR-00148
CUR-6511686,FNQG6XS8VP,Current,61374889.0,2020-10-21,BR-00011
BUS-1775425,PYDWKHM250,Business,44660354.82,2022-07-24,BR-00066
SAV-6902407,BLVQTS5JQP,Savings,80357119.01,2020-06-11,BR-00149
BUS-1328974,41RT20CYEY,Business,70684979.12,2020-07-23,BR-00002
SAV-3204860,CSG5WKCJL3,Savings,88072808.49,2019-03-14,BR-00028
SAV-8414765,X03KD6UYOP,Savings,84357426.73,2022-02-09,BR-00180
CUR-7712262,YOA1DLOW1V,Current,38915515.9,2020-11-26,BR-00150
CUR-3757351,JJQEA3QNB9,Current,53886799.64,2022-02-12,BR-00048
CUR-6137008,I5G21K2JZB,Current,10942105.6,2021-09-30,BR-00169
BUS-3555528,T8WAQLG7G1,Business,22611292.56,2020-06-10,BR-00028
BUS-5491901,UN3IJ0RSIR,Business,63973964.45,2020-02-13,BR-00065
SAV-5672868,OFXGBEN9P6,Savings,15422109.21,2020-11-05,BR-00060
SAV-5740423,BGVR6D11N4,Savings,82438584.23,2019-09-08,BR-00065
BUS-1094976,SQ0T3JBGZ7,Business,76202895.95,2019-06-10,BR-00023
CUR-3850522,698UAJRQ7F,Current,55824199.08,2020-09-02,BR-00173
SAV-3833543,AKRGYPXD3D,Savings,81139503.65,2021-03-07,BR-00084
BUS-4644416,7Z0I5PSEF0,Business,18485064.0,2019-06-16,BR-00001
BUS-4311471,8O6MNB9GY7,Business,48459538.54,2021-09-03,BR-00041
BUS-5473169,EVTULOLJEK,Business,56095309.91,2020-05-06,BR-00080
CUR-9242098,F2QVEW8E5O,Current,51176348.52,2020-07-24,BR-00115
BUS-7497022,SZXZOCQ2FL,Business,67040008.88,2019-01-30,BR-00114
BUS-7980085,82C73YQDAO,Business,86535753.19,2022-01-20,BR-00053
SAV-6819928,FUANJKI6RM,Savings,77953342.49,2022-01-03,BR-00026
CUR-1537017,7AI7BIIYKS,Current,62229732.58,2021-09-04,BR-00034
BUS-8566421,ZOQ07ZERIV,Business,70004074.88,2021-10-05,BR-00082
CUR-2639496,JS62YR3ZOJ,Current,99483828.24,2021-04-12,BR-00031
SAV-3059449,BOS0IHNDT8,Savings,58923631.49,2021-09-05,BR-00119
SAV-9031249,ORESP426X5,Savings,54145074.65,2022-05-12,BR-00140
SAV-3095585,ODVQDD0CKM,Savings,35620048.92,2020-09-16,BR-00017
BUS-9818112,9QZ0J01CT6,Business,93826398.5,2019-01-09,BR-00087
SAV-5126968,WZ292FOU9O,Savings,27115189.79,2020-03-20,BR-00062
SAV-2946293,GHI1M078G9,Savings,35433857.11,2021-01-02,BR-00014
CUR-3392206,Y18SZ7PK8Z,Current,44221487.23,2022-08-25,BR-00118
CUR-6976768,BWJZT5AT92,Current,12239170.76,2021-11-02,BR-00185
CUR-6286089,CZDNZ0JMHV,Current,90635906.85,2021-07-14,BR-00001
SAV-5239000,TSMTPQUYMC,Savings,89256570.46,2020-04-03,BR-00168
BUS-2828641,UK3CMZ7X0Z,Business,57736001.6,2019-07-25,BR-00068
SAV-1172030,KFRK58U2ON,Savings,99721204.12,2020-11-27,BR-00066
BUS-5175317,L31JJI45WS,Business,24501095.38,2021-08-21,BR-00188
SAV-2122683,THMKXPZ638,Savings,67374723.28,2020-01-13,BR-00018
BUS-5778232,42GLVP99NR,Business,87974918.27,2019-01-18,BR-00101
SAV-9277817,FPVRINCTUA,Savings,75812125.2,2020-04-27,BR-00102
SAV-7847146,GAMCZPW563,Savings,87297907.12,2022-06-01,BR-00184
BUS-6797057,07MUB1U4IE,Business,44843591.82,2021-02-23,BR-00065
SAV-3025756,J712Y10913,Savings,51615296.61,2022-09-05,BR-00060
SAV-4132398,OP6QQ589XI,Savings,77995426.35,2022-10-01,BR-00022
SAV-8905242,1T0T7IL26V,Savings,11450027.46,2020-05-29,BR-00179
BUS-9365521,PQ04TBMG11,Business,21046057.25,2020-11-18,BR-00036
BUS-5093695,RYJFAPJXKZ,Business,48469574.42,2020-02-04,BR-00115
CUR-9304058,GVQ7HSJUIR,Current,13271185.67,2019-07-05,BR-00085
SAV-1006356,D8MICG5N95,Savings,-54386254.4,2020-08-08,BR-00168
BUS-8239391,TE531HF5P3,Business,12763362.72,2020-03-02,BR-00012
CUR-2831204,8BYWLV8J3F,Current,70868724.35,2019-06-05,BR-00120
SAV-4088181,TFI2R2QHLS,Savings,29881158.44,2022-06-27,BR-00078
CUR-2927247,8XUEH92WBC,Current,50993169.68,2022-10-14,BR-00155
BUS-6879474,9NQ3GZG19N,Business,72904660.34,2020-03-22,BR-00137
CUR-1558186,JUWO875HBP,Current,75307067.48,2020-09-28,BR-00079
CUR-7617713,LTQA7AQIP0,Current,30067649.03,2020-08-20,BR-00137
BUS-2618086,PWACHY08B2,Business,39728949.31,2021-02-17,BR-00070
BUS-8155963,GDSY0WMSC8,Business,35137336.39,2022-08-28,BR-00010
SAV-7226718,6MX83Q3DXS,Savings,19804972.38,2021-11-18,BR-00014
SAV-7060409,20V4369UKO,Savings,70264738.57,2022-05-19,BR-00012
CUR-1223206,ZSX2DC9QXQ,Current,29566827.4,2021-11-12,BR-00062
CUR-9802799,OFQAS8MQY1,Current,51838172.86,2022-12-24,BR-00131
BUS-5670964,Y1R3Q7B3UO,Business,71168166.21,2020-06-23,BR-00037
BUS-4211982,IM548SCWEI,Business,3670285.93,2021-12-11,BR-00147
CUR-1422266,HVSE07Q3YT,Current,15092827.47,2019-11-21,BR-00063
SAV-3644076,W82038ZPNB,Savings,49386322.32,2022-03-01,BR-00104
SAV-2789806,VSYP9JPN3D,Savings,38204991.49,2021-11-12,BR-00159
CUR-5911303,I3MT3E7REB,Current,4095920.14,2019-01-27,BR-00169
CUR-4641129,WQY6IZEIYF,Current,7296008.33,2020-03-27,BR-00011
SAV-4543285,KEBW6RBNYH,Savings,63434947.06,2021-06-02,BR-00059
CUR-4600705,4GWFDA32N1,Current,75913703.32,2022-09-10,BR-00087
SAV-9822906,0DJQWXBDZA,Savings,15657084.62,2022-11-21,BR-00077
CUR-5920525,8BIULNGNAG,Current,16038895.73,2019-03-15,BR-00059
SAV-8422071,7ECIF510TF,Savings,20451143.44,2019-01-03,BR-00038
CUR-4738941,M6BZAH4CXK,Current,85485100.56,2022-02-21,BR-00012
CUR-1235380,QXPZPO8SFL,Current,1171294.3,2020-05-25,BR-00184
CUR-7807655,UCBUK0A5AL,Current,73054973.28,2019-10-10,BR-00127
BUS-6989254,842IOPF78L,Business,36330179.15,2022-03-31,BR-00052
CUR-3172585,FV4550ZDRB,Current,97975018.48,2021-08-18,BR-00113
SAV-8877499,4S1S0FVBCX,Savings,61620910.88,2019-01-09,BR-00148
SAV-4373332,NTPQXT4UZ1,Savings,31159187.46,2019-03-05,BR-00019
CUR-3624777,E79SFZSZ6N,Current,68966638.5,2021-02-12,BR-00005
CUR-1401094,K3NG9JU4YR,Current,36433211.42,2021-04-18,BR-00165
CUR-9024958,HF6DE4TUL1,Current,21675463.2,2020-04-02,BR-00185
CUR-7588305,JMCDX57BR4,Current,53988133.1,2020-03-01,BR-00005
BUS-5437005,DTLL7MTH7F,Business,12097549.97,2021-05-21,BR-00112
CUR-1403533,AQNN2KLASV,Current,46101082.09,2019-08-28,BR-00113
CUR-6220029,66R3ZPLTMM,Current,30886415.56,2021-07-05,BR-00157
CUR-1471244,N6YGFFC9MY,Current,24718850.42,2019-07-12,BR-00125
BUS-7209770,X75R3TER97,Business,69316015.9,2022-02-05,BR-00156
CUR-7013917,12QCM7EZCB,Current,71574367.76,2020-12-02,BR-00087
BUS-3747770,AK3NW8F543,Business,58202924.93,2022-04-25,BR-00162
BUS-9941515,5GNLDQZPPW,Business,57997426.7,2020-10-20,BR-00016
BUS-9751652,7KG33MX9ZU,Business,30704417.88,2022-09-14,BR-00195
SAV-1427622,FS1GMFHGVD,Savings,80797142.98,2019-01-16,BR-00163
SAV-5291776,42WLLJOLVZ,Savings,22872191.57,2019-12-22,BR-00138
SAV-6955832,450U2XGSXT,Savings,61669353.02,2021-09-07,BR-00146
SAV-2076099,UDBXXHCUVH,Savings,47963272.25,2020-08-15,BR-00012
BUS-6541919,VW9L15SWLX,Business,16309928.32,2021-08-23,BR-00105
SAV-4996889,YA97HOY8AA,Savings,29559630.53,2022-10-01,BR-00095
SAV-2482579,WLOHQP0SHJ,Savings,65484260.28,2021-04-01,BR-00080
BUS-8798472,UYV0ZZJBSX,Business,73971630.21,2019-09-13,BR-00091
CUR-7448209,O2WP6BNPTG,Current,95975910.38,2021-01-20,BR-00071
CUR-8644216,Z0I2J4EZBS,Current,61482544.97,2021-04-20,BR-00155
CUR-9986857,ZWNFWOVB9D,Current,36711444.74,2022-02-11,BR-00074
BUS-8708412,1YOIEX0YCN,Business,19567315.7,2022-03-18,BR-00103
SAV-7303254,VODUNDAPUQ,Savings,41776370.61,2020-07-17,BR-00174
CUR-6040425,KTGV6PB51P,Current,7212263.68,2020-08-05,BR-00008
BUS-3072889,2FGKX00ZJN,Business,73962101.62,2022-11-09,BR-00120
SAV-9778774,VA16VXAYVM,Savings,4777245.91,2019-04-15,BR-00064
CUR-1710338,TN4K1IM8LU,Current,44929707.26,2019-06-18,BR-00156
BUS-3164159,GRL0JQOT3A,Business,52636911.65,2019-10-08,BR-00012
CUR-7206033,TKL5605REQ,Current,20644619.83,2019-02-25,BR-00050
BUS-8522920,3BXXP4QA7L,Business,25710272.45,2020-04-13,BR-00014
SAV-6328502,DSC7JJUN2A,Savings,79757564.32,2022-02-22,BR-00108
BUS-8731148,FGSP28JK07,Business,75549439.24,2022-06-26,BR-00083
SAV-8149323,ADNKZP21GK,Savings,15908541.53,2021-04-15,BR-00124
CUR-2427708,P9K055S5V1,Current,4259418.87,2021-05-24,BR-00157
BUS-5916933,FU8IBQ5TLI,Business,9330216.64,2021-02-15,BR-00152
SAV-2532406,36TQ4H2FL4,Savings,61594325.63,2021-05-13,BR-00080
SAV-2842621,LMAUW2SMX0,Savings,62149764.42,2020-11-26,BR-00120
SAV-2883694,OFQAS8MQY1,Savings,59859388.9,2019-08-11,BR-00161
CUR-9643213,3C24R4YBK1,Current,50780348.64,2019-12-20,BR-00082
CUR-6782114,FZBS0H01YT,Current,68064192.24,2019-09-13,BR-00128
CUR-8454378,OE4CHLSNRJ,Current,54000016.55,2022-11-16,BR-00097
BUS-5353482,QYN4LN4GVP,Business,80131974.08,2020-07-04,BR-00122
SAV-2780629,5OHUDSY0SD,Savings,84718600.19,2021-04-22,BR-00163
SAV-9161432,EO8WR23FO0,Savings,28503345.26,2019-07-02,BR-00183
SAV-2320254,8BUUV1K1D4,Savings,29527589.02,2019-11-05,BR-00137
BUS-1134531,R2Z3OQTIPJ,Business,63376256.06,2020-07-21,BR-00053
SAV-3832818,0L1VKAJNG2,Savings,32514748.24,2020-03-10,BR-00050
SAV-8545234,4Q8ICBU491,Savings,62463993.89,2021-09-28,BR-00197
CUR-5596280,0NKYJXDY39,Current,77791252.0,2020-04-11,BR-00187
BUS-7791011,RFE2DP7FIV,Business,12673943.2,2020-12-25,BR-00081
CUR-8269000,O36W1ER8GQ,Current,68957421.91,2019-06-25,BR-00121
CUR-6664009,OMQ6S47B5R,Current,52235259.87,2021-05-12,BR-00124
BUS-2182397,UW5PHQ63TE,Business,39298246.0,2022-05-24,BR-00179
CUR-7233218,8OT5IXO1LD,Current,9070375.93,2019-02-27,BR-00117
BUS-5231618,FKMMNK035T,Business,71797163.81,2021-05-06,BR-00016
CUR-4733991,9770W6J07H,Current,69952082.91,2019-08-12,BR-00009
CUR-9673431,2ZDPJ9XNRT,Current,53285903.79,2022-11-27,BR-00064
CUR-5637430,O0INAO03J1,Current,96397697.12,2020-02-15,BR-00004
SAV-4477075,62OJVWFK5N,Savings,7537168.11,2019-05-15,BR-00156
SAV-1056762,XFIZ78GHL0,Savings,75140813.32,2020-10-11,BR-00002
BUS-3863663,WETVXSZWJJ,Business,7212042.08,2019-02-24,BR-00080
CUR-3638757,O3T1NZEH2V,Current,56444384.01,2022-09-20,BR-00091
SAV-8910249,2N3GI01H7K,Savings,37476959.5,2022-09-02,BR-00088
CUR-7312710,4EMT9RU2VW,Current,37202247.49,2022-04-26,BR-00005
CUR-1469601,ZGR5F7P0IK,Current,69767274.97,2020-01-20,BR-00019
SAV-8019023,8XGMBO407P,Savings,87641186.65,2020-01-12,BR-00045
BUS-6308127,Z5NTECTYHA,Business,39485631.24,2020-01-03,BR-00096
CUR-5503752,B0IV9NM7V1,Current,38149837.18,2022-05-04,BR-00023
BUS-4229174,IAEJFJFTUW,Business,96384432.96,2021-07-11,BR-00020
CUR-9194757,YOA1DLOW1V,Current,26775435.93,2022-08-07,BR-00015
CUR-4080961,YDL89LKKZZ,Current,87681992.08,2020-02-19,BR-00030
BUS-9378470,CXA25KAXFR,Business,75934839.56,2019-05-17,BR-00005
CUR-3128914,XMGVLT3GVE,Current,46012630.74,2019-06-12,BR-00070
BUS-8486099,SNW3Z3N6X1,Business,6832008.85,2019-07-20,BR-00188
BUS-5591426,C5BHQ1DFI5,Business,67539101.75,2022-04-09,BR-00003
SAV-4209945,4ULWZ15U6J,Savings,20622666.13,2019-07-09,BR-00037
SAV-5651617,WNXSJ8WGG8,Savings,68326328.89,2022-11-30,BR-00035
CUR-6286001,67OMJRTVZO,Current,54247746.2,2022-08-08,BR-00032
CUR-2737794,QAFN1NLWLB,Current,12695188.26,2020-05-20,BR-00196
CUR-1316469,WGI6N8F5K5,Current,84657079.57,2021-09-30,BR-00040
SAV-1281288,LHJAZ5Q0NJ,Savings,27716411.4,2021-11-25,BR-00074
SAV-8689925,UMGG1K69WY,Savings,56706921.47,2019-06-11,BR-00189
BUS-5567096,0JLPWR0B73,Business,49114349.1,2021-04-27,BR-00080
BUS-5059718,3ETVP39H4Y,Business,72074049.72,2019-08-20,BR-00125
CUR-2884832,IPSF8BRSWL,Current,64996348.57,2022-03-22,BR-00086
SAV-4168379,YADM51BT83,Savings,32097460.7,2019-03-10,BR-00179
CUR-6407633,BD4H1TFZ5S,Current,10194458.8,2021-08-06,BR-00163
CUR-3731047,UY389GNUAR,Current,85823605.54,2021-08-20,BR-00112
SAV-7361260,M5FJECJU5N,Savings,39687745.43,2022-05-23,BR-00061
SAV-9284753,MVV4L1BH8C,Savings,89684425.72,2022-10-11,BR-00188
CUR-9191764,WB5B4Q0Z7L,Current,28107377.97,2021-04-13,BR-00083
BUS-3994011,189HMOTL2R,Business,45034117.3,2019-08-17,BR-00132
CUR-8987500,1TWZ3AJ1AS,Current,46597187.96,2019-03-31,BR-00049
BUS-9550899,PF5WHLPD6J,Business,69395147.0,2020-08-15,BR-00032
CUR-1849389,JK1MFILWVS,Current,87362895.97,2019-12-15,BR-00196
BUS-8768987,L1ZQ721MWK,Business,74525247.13,2020-11-18,BR-00139
BUS-5678341,PK3IB0GSIP,Business,15895793.64,2021-10-06,BR-00104
CUR-1870519,UNQ78A365D,Current,63388038.46,2019-09-25,BR-00170
CUR-5419192,O9KNNSNKW6,Current,83692853.99,2022-09-21,BR-00013
SAV-6000142,0EXB5YTZMK,Savings,17056972.22,2022-07-02,BR-00091
CUR-6045415,XI89GG8YN3,Current,46543605.58,2019-08-10,BR-00132
BUS-7095132,N7YBSW74IO,Business,57840270.46,2022-01-17,BR-00053
BUS-8573724,Q5WVP41PJS,Business,87450655.26,2020-12-18,BR-00154
CUR-4742328,A65330GRJ6,Current,2832277.04,2019-02-25,BR-00031
CUR-8992538,4GWFDA32N1,Current,55057976.09,2020-07-20,BR-00188
CUR-2620078,SI5RY3OE02,Current,65333366.98,2021-10-13,BR-00180
CUR-9584410,3BF9B31H7G,Current,70360737.11,2020-07-09,BR-00036
SAV-7858823,3D2XT30FTB,Savings,28171823.19,2021-03-22,BR-00077
SAV-8430002,75YI3SWWMF,Savings,53708513.82,2022-03-24,BR-00072
BUS-6651791,P36N3I8YQ0,Business,27488363.21,2021-11-17,BR-00154
SAV-2335441,402RI5HQJ8,Savings,16784379.85,2019-05-09,BR-00013
SAV-2461675,E29W2GP9YH,Savings,94419231.47,2022-04-08,BR-00154
CUR-7755539,FT09D9G5W7,Current,27546960.22,2021-09-27,BR-00070
CUR-2276204,TYKOJNLQK8,Current,15300425.85,2022-05-01,BR-00017
SAV-8343595,80QNG8217K,Savings,83585141.47,2020-02-01,BR-00188
SAV-6979775,W81AJXJGKD,Savings,42711808.35,2020-11-26,BR-00032
BUS-6073991,ZZZR5O02HG,Business,70761771.92,2020-09-08,BR-00044
CUR-3221488,ID9FYP7ZY4,Current,6799441.1,2019-09-12,BR-00059
CUR-7127657,TJ6DAPKRKP,Current,93779224.86,2021-01-19,BR-00030
CUR-7606958,08K6S4C4M4,Current,48283301.33,2022-04-05,BR-00142
SAV-2777301,DBVMPAYOCI,Savings,86090367.96,2019-07-17,BR-00074
SAV-4631063,C7MZ75MRG0,Savings,11118325.9,2020-06-06,BR-00015
BUS-6492401,WA50A7LB5M,Business,43614406.72,2020-09-29,BR-00187
BUS-7329811,M24RY5LS3E,Business,48435997.23,2019-04-15,BR-00041
CUR-8055789,MKQOA1XEO5,Current,7137923.76,2022-07-01,BR-00173
SAV-3425608,YE2IGTNXE4,Savings,74963716.63,2021-10-10,BR-00162
CUR-6020810,RBLMF4ACS7,Current,5186366.91,2019-10-26,BR-00140
SAV-8122993,71JXPYVNP6,Savings,29732687.95,2022-11-30,BR-00175
CUR-8281192,ZDHDTK4TOY,Current,35567184.48,2022-06-16,BR-00087
SAV-6724638,RE03TZD58X,Savings,72850710.44,2020-04-18,BR-00067
SAV-3654737,9YTWW92WRR,Savings,30479590.4,2019-09-08,BR-00050
SAV-9730946,LUR73IWIJQ,Savings,46239330.99,2022-10-27,BR-00099
SAV-4960732,74BYLQIDXZ,Savings,460045.25,2021-11-05,BR-00077
CUR-6225510,N7YBSW74IO,Current,43788816.07,2021-04-07,BR-00020
CUR-5987031,ZBUVMH0QF5,Current,4616828.81,2020-12-22,BR-00059
SAV-3743508,ACPWB1LSR8,Savings,13410398.02,2020-10-22,BR-00075
BUS-1990543,Z63QZZP5H6,Business,27303308.19,2019-09-05,BR-00146
SAV-9846473,SKV8NM730L,Savings,51274719.26,2019-07-08,BR-00128
SAV-5662548,AV8HQLSAG9,Savings,55691883.21,2019-04-14,BR-00055
BUS-8957929,BYZZSA5VI8,Business,76752020.38,2021-11-10,BR-00054
SAV-5796429,IO9OQQ59W8,Savings,20695238.27,2019-11-17,BR-00196
SAV-2591831,FJ63QTH6WG,Savings,25580428.74,2020-04-07,BR-00068
BUS-5871703,3K4C4MCB3I,Business,19438537.56,2019-12-31,BR-00097
BUS-4393557,QYN4LN4GVP,Business,16188762.72,2022-04-10,BR-00015
CUR-4659225,J8EBDFJ2WX,Current,70048152.39,2019-03-26,BR-00152
CUR-9273451,LQSEA9J2HL,Current,57996735.14,2021-07-04,BR-00166
CUR-8320603,62RKFESC9W,Current,96054062.19,2022-08-24,BR-00021
CUR-7892551,5JYRHBCUG7,Current,7178970.51,2021-11-16,BR-00142
CUR-5140438,4TEWNKHDGK,Current,24639970.91,2020-03-06,BR-00118
BUS-2823618,R775XZX8XP,Business,50454240.88,2019-11-28,BR-00028
CUR-3065538,F6I90813HZ,Current,58990243.11,2022-03-11,BR-00010
SAV-4233279,7UZTXJ936S,Savings,95991718.8,2020-08-08,BR-00111
CUR-1082233,S0G56RF1DY,Current,70322067.32,2019-03-17,BR-00011
CUR-4727521,F9JZARZGSN,Current,56057645.94,2022-05-20,BR-00010
SAV-3148058,1WC4X8KF1W,Savings,97662343.78,2020-03-10,BR-00056
CUR-5508493,GEGBFV55MR,Current,84276423.25,2022-08-08,BR-00027
BUS-6774651,44K5J1TZBM,Business,75543047.76,2021-08-24,BR-00069
SAV-5830340,37T4180T8K,Savings,3314341.43,2020-10-16,BR-00124
BUS-1199107,KWML51Y8NP,Business,45600963.37,2019-12-16,BR-00153
SAV-5944380,1S5VL5DUQ5,Savings,81208306.07,2020-09-22,BR-00173
SAV-2359303,5WYWVWYDAG,Savings,46184749.73,2022-01-03,BR-00011
CUR-3208682,FU7OYTDVIJ,Current,86116066.69,2020-01-03,BR-00087
SAV-9344213,2JLMWYQOFA,Savings,52415459.54,2019-10-28,BR-00068
CUR-1995149,FUPGLIZQ8D,Current,17116176.97,2021-02-09,BR-00131
BUS-4443988,MKU69FPPL9,Business,37719857.55,2020-08-17,BR-00129
BUS-5494481,O9FVIIYB0N,Business,878677.85,2019-02-01,BR-00144
SAV-4693228,2ZAUUWF6V0,Savings,89782955.37,2022-09-06,BR-00046
BUS-6347708,FLOGM6LW2N,Business,20231768.32,2020-06-16,BR-00115
SAV-1608167,CXA25KAXFR,Savings,68386219.55,2021-08-17,BR-00197
SAV-9350721,R2413SRA7R,Savings,97742397.2,2021-08-28,BR-00151
CUR-5686239,SCSCKMTEOQ,Current,19529899.53,2019-10-06,BR-00065
CUR-6985059,1X6DEN7C3E,Current,95431756.74,2022-05-30,BR-00043
SAV-7609372,3XVCUIXSD1,Savings,44462266.41,2019-09-12,BR-00186
CUR-8419638,091UK5NKHO,Current,10105834.51,2021-12-14,BR-00164
CUR-7849449,ML5KC68IC2,Current,96046780.94,2021-12-17,BR-00169
CUR-2030186,B4LY8R8OYS,Current,72857282.22,2021-01-24,BR-00123
BUS-7978499,1OKG9AZNME,Business,93456670.74,2020-08-03,BR-00079
BUS-7209228,SYNL68QSCV,Business,60335766.54,2020-07-31,BR-00131
BUS-7521417,UMH06ICMAN,Business,78849068.72,2021-02-21,BR-00100
SAV-8680651,R03C9BWG31,Savings,75825815.22,2021-04-04,BR-00187
BUS-8590029,OP6QQ589XI,Business,33619129.58,2022-09-21,BR-00033
BUS-3395595,SCUXEWBBE7,Business,18663573.66,2020-07-19,BR-00190
BUS-9537820,ZI9R2Q4X2T,Business,76729393.4,2019-01-01,BR-00128
BUS-2258996,OKE48A2F94,Business,24156344.09,2019-01-31,BR-00130
SAV-9864732,5TCG5PN2EE,Savings,94812625.51,2021-11-20,BR-00185
CUR-3311279,5T255TBIVI,Current,61643956.16,2022-07-01,BR-00152
SAV-9526679,1RP4KZIDBU,Savings,42834359.49,2021-06-27,BR-00102
CUR-7840083,QTDAPUYKO0,Current,6477679.41,2022-05-15,BR-00039
BUS-1461195,CKXMNDKTT7,Business,47992306.16,2022-01-27,BR-00159
CUR-1583105,IDDTVNWCZH,Current,97046060.2,2022-02-26,BR-00033
SAV-3820733,1MY8PVSGTK,Savings,34385667.81,2021-11-30,BR-00157
SAV-8770835,9Q3XCS9G2K,Savings,87820396.63,2019-04-16,BR-00145
BUS-1959710,3HIJ76TRX0,Business,61325611.72,2019-10-03,BR-00063
SAV-4181735,8YZ3LAYWEL,Savings,51265530.47,2021-08-08,BR-00133
BUS-1089552,LRTT3G09OS,Business,14570930.34,2019-07-29,BR-00094
CUR-2288554,PRTLWC31WS,Current,59254497.09,2020-05-24,BR-00092
CUR-9018825,RVVRXLHGVO,Current,4481096.29,2021-09-01,BR-00133
SAV-5216281,JC608THPFF,Savings,91383373.93,2019-06-12,BR-00192
BUS-1542898,UHSNWX8ET2,Business,58901563.11,2020-07-31,BR-00166
SAV-4611498,ZN61W0G2J9,Savings,44923105.88,2020-10-03,BR-00053
CUR-1898632,Y70SC1G6C8,Current,82943747.08,2020-05-07,BR-00163
SAV-4521518,1X2AO1OCVF,Savings,19958824.27,2022-11-21,BR-00134
BUS-6031456,68DIXPDUEJ,Business,32008988.65,2020-04-21,BR-00188
SAV-9326881,9R9B9FCHSI,Savings,8030273.21,2022-06-20,BR-00115
SAV-7305973,XMGVLT3GVE,Savings,38794475.98,2021-03-13,BR-00006
SAV-6474263,OFZ01QF6YN,Savings,65768811.88,2021-09-15,BR-00027
SAV-5781098,1TNQ49O8AI,Savings,76211907.73,2020-05-18,BR-00033
SAV-2264650,EQW9OM668A,Savings,43879389.84,2019-05-02,BR-00005
CUR-4651112,V40C0MC8XS,Current,26770536.37,2019-05-02,BR-00099
SAV-2505507,SB0JS3DTM9,Savings,39963879.37,2020-05-11,BR-00126
BUS-7157805,SF2QNZT6AG,Business,75408538.9,2022-12-24,BR-00200
CUR-1274779,DBIEHKRK2L,Current,85880646.39,2020-01-21,BR-00053
SAV-7447431,00R40FRNLH,Savings,18931646.14,2021-02-15,BR-00010
BUS-5733851,44COGAA5I9,Business,68931299.02,2021-01-15,BR-00121
CUR-1703091,EWH0NGDJ9Z,Current,5501130.18,2019-05-07,BR-00128
CUR-9943552,3Z5DJTHXJ8,Current,31965523.98,2019-01-12,BR-00176
BUS-3371387,WUADXBUXK2,Business,70093188.65,2021-08-21,BR-00089
BUS-4940313,5NLNX0J7A2,Business,11086662.55,2019-02-22,BR-00068
SAV-6754590,904BW5C8DR,Savings,8001365.65,2020-06-29,BR-00057
CUR-7883489,5TCG5PN2EE,Current,71395766.67,2021-10-03,BR-00112
CUR-5742029,JK5UZHFH9K,Current,92957029.43,2019-07-31,BR-00028
CUR-7689350,P9A8SHRE1Q,Current,23826754.35,2022-02-11,BR-00167
SAV-3095335,SS6FMTT3UM,Savings,67501247.39,2020-12-18,BR-00070
SAV-1457496,ZJVJOQG9S9,Savings,24965001.77,2022-08-30,BR-00097
BUS-5615929,YQDPY0K40E,Business,79975584.02,2019-07-11,BR-00192
CUR-9483324,0S8S3J6RZL,Current,24302626.98,2019-12-19,BR-00076
SAV-2523398,42GLVP99NR,Savings,77918857.47,2022-01-27,BR-00007
BUS-9968726,E83I7GRH8N,Business,13084098.41,2020-03-18,BR-00088
BUS-1885834,AQU8PDLVEH,Business,58960302.17,2019-08-24,BR-00104
BUS-9661233,T4CVVWCN1G,Business,4337042.78,2022-12-05,BR-00149
SAV-2532314,2WB9B995B9,Savings,58455547.62,2020-02-27,BR-00050
BUS-9460296,RYJFAPJXKZ,Business,36447737.08,2022-05-29,BR-00152
CUR-9322477,GL2TVWJH0B,Current,84988109.95,2021-03-08,BR-00149
BUS-7295396,4PG5VL9P31,Business,37443719.01,2020-08-13,BR-00023
BUS-7115351,T09I21JJCM,Business,97440071.31,2021-09-08,BR-00097
CUR-1111049,SJ07TIT6OY,Current,76380216.5,2019-02-08,BR-00014
BUS-1730053,KL3P8L12BP,Business,77086252.33,2022-07-26,BR-00058
BUS-7110871,65O5S443CC,Business,70702957.7,2019-12-19,BR-00067
CUR-8233527,QOPWOGRON0,Current,39971180.77,2021-06-18,BR-00111
BUS-5779985,2VYPFK5RIB,Business,98632180.36,2020-12-08,BR-00114
CUR-7010041,594781KK94,Current,36185891.03,2022-10-07,BR-00051
BUS-5713158,7ECIF510TF,Business,85228.22,2020-09-21,BR-00117
BUS-5309978,VKSD3AJ70Z,Business,10978972.66,2022-04-25,BR-00126
BUS-7753072,DEIMX3XVKD,Business,72708883.92,2019-06-03,BR-00048
SAV-4250778,DAR1ODQCP3,Savings,83345412.14,2019-09-11,BR-00159
SAV-7073412,KPX63IJFLI,Savings,10372492.39,2020-12-03,BR-00049
CUR-8223619,LE5DVRZQGT,Current,29348234.64,2019-10-29,BR-00085
BUS-3284203,EQBVGMTHZC,Business,83559404.81,2022-06-14,BR-00129
BUS-9315798,TC9NBQE2RR,Business,48031907.45,2021-03-15,BR-00164
SAV-7770409,U89N260DQB,Savings,37152124.48,2022-03-05,BR-00035
BUS-9053731,GIMIYXW91N,Business,96317724.3,2019-06-22,BR-00076
CUR-1987688,7BPW7KHOZJ,Current,98882535.7,2019-10-21,BR-00069
BUS-4987420,XF4K5D8D8W,Business,18484966.65,2021-06-01,BR-00175
BUS-2636180,NHUFXILHQX,Business,51688939.76,2022-09-21,BR-00128
BUS-5630430,Q811OIHOIR,Business,7371288.58,2020-10-23,BR-00196
SAV-7979220,UVLKZ8G2B3,Savings,53595276.56,2022-01-05,BR-00115
BUS-3300956,H00MNWEXQQ,Business,58753554.12,2020-11-10,BR-00106
SAV-6502226,Y0ZM363N5K,Savings,10058419.64,2022-10-28,BR-00044
BUS-5352802,PQ04TBMG11,Business,17603215.4,2022-09-11,BR-00081
CUR-7041047,7ATP0OKR1K,Current,41729254.96,2021-11-06,BR-00189
CUR-4674396,T06ULR1R1L,Current,25093277.93,2022-10-16,BR-00098
BUS-8926132,UVY4T2H7R2,Business,3687915.75,2020-03-04,BR-00055
CUR-5168777,BOI86MYY7N,Current,12041802.4,2019-05-20,BR-00018
SAV-4754562,RXEP1F75CL,Savings,44272134.21,2022-09-08,BR-00130
CUR-6559352,TZIZXEF1Z9,Current,8374119.56,2022-11-24,BR-00151
CUR-4682746,DUFT2Y36IC,Current,66838619.74,2020-02-17,BR-00071
SAV-3817739,9IMZRPSFKW,Savings,77841030.33,2020-10-08,BR-00074
BUS-3226090,H1IGIO2AHF,Business,72799644.93,2019-08-16,BR-00059
CUR-5458000,F4RI2ESKRI,Current,48790453.59,2019-07-08,BR-00016
SAV-6321372,AJK4REKLOK,Savings,76630017.85,2021-11-25,BR-00160
BUS-6065982,W3HDT73X38,Business,37914793.59,2021-10-10,BR-00043
BUS-7529653,JA2HT7X3O1,Business,76402901.14,2020-01-07,BR-00130
BUS-5442796,8CJWI4AZCF,Business,41669943.95,2021-01-12,BR-00113
BUS-7512015,82GIYMT1PR,Business,10629935.76,2022-09-16,BR-00031
CUR-1477404,DUFT2Y36IC,Current,77161786.59,2020-09-11,BR-00074
SAV-5718881,N7YBSW74IO,Savings,90841219.95,2022-08-01,BR-00111
BUS-6680441,9KT92ZBQPC,Business,76364783.71,2021-06-10,BR-00129
BUS-1555936,S1F8SU2ZC1,Business,27156269.65,2020-12-08,BR-00176
SAV-7420156,VS7U11ZSQQ,Savings,99748425.26,2021-10-12,BR-00047
CUR-7559339,CETQMI2UFX,Current,12772400.3,2022-12-11,BR-00062
SAV-5002358,WTZ8DFT8MM,Savings,23725567.26,2019-12-31,BR-00093
SAV-2842998,FOL1M5WJOT,Savings,84259594.42,2022-04-25,BR-00039
BUS-6081964,SOORTVAKB3,Business,16499247.49,2020-11-02,BR-00128
CUR-1340913,8KKXX9R23I,Current,12049562.76,2022-05-27,BR-00188
CUR-7613174,P2G8VF49A5,Current,35188326.34,2020-11-11,BR-00157
CUR-5188727,46KD4HAK3C,Current,92171247.43,2020-02-13,BR-00125
CUR-1119062,2CYJ4BZZN8,Current,91840630.98,2020-10-15,BR-00097
SAV-4041806,H4I1ZZ4LFS,Savings,86936961.35,2021-10-05,BR-00131
CUR-3366482,9FP3VQ7J3J,Current,63597435.96,2021-04-05,BR-00023
SAV-3575596,CLCTWB3DWG,Savings,82725077.07,2021-03-08,BR-00144
SAV-1800010,C70GSWO143,Savings,82010442.19,2019-05-03,BR-00061
BUS-1979798,8WEYLI98WZ,Business,40100090.06,2022-06-25,BR-00197
BUS-9250203,EAGIPPVLKC,Business,98404769.82,2022-07-09,BR-00134
SAV-7917509,83YD56FH7T,Savings,85273735.87,2020-12-02,BR-00020
BUS-4918609,4QZILDDFT6,Business,37030792.45,2021-07-15,BR-00014
SAV-1819880,KBF6PC0AN5,Savings,91150378.91,2022-10-27,BR-00112
SAV-3692203,61GT80Q3BU,Savings,70000246.92,2019-04-08,BR-00189
BUS-7548851,5NHR2A6E7D,Business,27872825.09,2022-11-05,BR-00003
CUR-2191313,WH0C5QPNSW,Current,75830986.89,2021-11-19,BR-00151
SAV-2814243,BTJMT8K2ZF,Savings,28618259.64,2020-05-28,BR-00048
SAV-9604806,SZXZOCQ2FL,Savings,16556854.12,2020-08-20,BR-00099
SAV-5910942,9O1SIK65M8,Savings,97124375.47,2020-04-15,BR-00118
CUR-7290108,C1F0P4QMT7,Current,67261873.93,2021-11-11,BR-00071
BUS-8814172,A32FDKEW85,Business,60899435.39,2020-12-29,BR-00146
SAV-8331447,LQ3CXZD27E,Savings,12732520.18,2022-08-08,BR-00187
SAV-7105615,OAKTKZNP37,Savings,82793139.86,2021-06-22,BR-00101
BUS-4986643,OWP6K5REZD,Business,10714025.45,2020-02-06,BR-00047
SAV-5981087,N85UJ0Z1VB,Savings,51877322.47,2019-12-15,BR-00130
CUR-7405551,SDBM2HCX5R,Current,41489535.4,2022-08-11,BR-00060
CUR-3204859,P9QMLDBRR3,Current,54154152.03,2021-10-25,BR-00008
BUS-7278016,N85UJ0Z1VB,Business,20290706.29,2022-12-22,BR-00130
SAV-4201490,TW6CKHYU0D,Savings,69278614.52,2022-12-14,BR-00090
CUR-4854812,YMQ4QXH6GT,Current,51537980.36,2020-11-25,BR-00093
SAV-9837700,WT2OBN5VYO,Savings,99161911.24,2021-06-11,BR-00130
CUR-2795379,DAX6PNEQNR,Current,14043001.24,2022-01-15,BR-00190
SAV-6365914,G43HHYLT4O,Savings,48001488.07,2022-08-26,BR-00163
BUS-8163454,ZI9R2Q4X2T,Business,4005688.53,2022-02-22,BR-00012
BUS-1507086,UY389GNUAR,Business,22834190.89,2019-04-19,BR-00161
CUR-9307408,UKFMOYZTQ2,Current,79139157.52,2022-05-03,BR-00063
BUS-7579073,XIQJC8DXCO,Business,43509777.81,2020-03-03,BR-00052
BUS-9718604,N3K4RA99DV,Business,156425.54,2021-03-08,BR-00082
SAV-5315921,SDF7888YC7,Savings,78585672.64,2022-06-04,BR-00026
SAV-6154943,NQTN0DTTE1,Savings,74958711.82,2022-11-05,BR-00047
BUS-6177601,F6H4D0JYKD,Business,69764214.59,2019-04-07,BR-00009
SAV-7136481,7GDVQELUXG,Savings,88042444.55,2019-12-20,BR-00094
SAV-1061749,KMZF12KTUE,Savings,48834529.5,2019-02-23,BR-00062
SAV-7457429,25W6P5XXZY,Savings,90355567.81,2019-02-20,BR-00198
SAV-3666035,9KE9ARGHEQ,Savings,55247130.04,2019-09-10,BR-00139
BUS-3945786,AWGTNLX3O3,Business,67553669.12,2021-09-20,BR-00059
SAV-4380815,UWOVBFJEO7,Savings,88702072.84,2021-09-26,BR-00111
BUS-3667900,TVY9BVZU34,Business,50944068.93,2019-02-02,BR-00191
CUR-5584871,N5LXGEIE4Q,Current,-23322875.63,2022-05-05,BR-00042
CUR-9037449,JPET2J1AUU,Current,57807770.89,2022-08-27,BR-00194
SAV-7085754,7AVNE1TE11,Savings,92492337.1,2021-01-11,BR-00113
SAV-5427403,86C2QWQOQU,Savings,25910980.53,2021-04-14,BR-00007
BUS-3856629,BGVR6D11N4,Business,99902854.41,2021-08-04,BR-00168
BUS-9286830,K6NPX694UM,Business,94838701.9,2022-12-22,BR-00172
SAV-1676611,7KG33MX9ZU,Savings,56537417.37,2020-11-16,BR-00086
SAV-4903537,CLTRIGACOI,Savings,93544196.26,2022-06-07,BR-00040
BUS-3490004,X03ZSQOK39,Business,28722520.7,2020-01-13,BR-00025
CUR-7660163,KFWNXB79DK,Current,16673662.07,2022-08-02,BR-00013
CUR-5637068,VKSD3AJ70Z,Current,3813747.0,2021-07-04,BR-00172
SAV-2971611,EXXYLNFDFJ,Savings,59366624.86,2021-08-25,BR-00120
CUR-9459274,BLETUVNJIM,Current,69468103.56,2022-12-01,BR-00166
BUS-6407803,1L4EZVQL0O,Business,72961484.95,2022-04-16,BR-00014
SAV-7961648,NZOP34Q8BR,Savings,33442677.88,2022-01-11,BR-00009
BUS-6833490,RIHDP1WPNV,Business,43062440.55,2022-12-08,BR-00017
BUS-4338849,3MZIWZH7JW,Business,414100.87,2021-02-03,BR-00193
BUS-8683583,EEEQKIOROV,Business,17847468.2,2019-09-30,BR-00044
SAV-5726263,REJVEMRZX8,Savings,54939928.24,2021-03-28,BR-00019
SAV-8675498,TXR332QNOY,Savings,99268873.77,2019-05-10,BR-00011
BUS-5590957,Q70TTR008Y,Business,83505434.41,2019-04-26,BR-00091
SAV-5717646,TVVAB37929,Savings,83875811.99,2021-03-18,BR-00175
SAV-7359751,DYHP6LKNF6,Savings,68773234.32,2022-11-17,BR-00031
SAV-5432549,RYHQHPE0VT,Savings,62921171.95,2019-07-31,BR-00139
CUR-5217493,DKV2HQ2FDG,Current,34930921.93,2021-04-07,BR-00161
BUS-6306824,LLNLIIKC0Q,Business,92026757.38,2021-10-16,BR-00200
BUS-5705513,ZU25PGNY9D,Business,29309118.15,2022-11-24,BR-00143
BUS-9061998,92NC8BC65S,Business,74992981.91,2022-05-11,BR-00030
CUR-6161587,DX0R2906Z6,Current,55847301.14,2019-08-04,BR-00016
BUS-8646448,WOQA9QETXA,Business,41235124.72,2020-05-15,BR-00145
SAV-4465274,LA5OZTX9N0,Savings,6112323.28,2021-08-30,BR-00061
SAV-9573264,OFU5L8S4HG,Savings,28042659.69,2022-03-04,BR-00182
CUR-8650126,SA278EIA4F,Current,68469108.9,2020-07-14,BR-00066
BUS-7664465,L04PVD5WDO,Business,41453827.23,2021-12-05,BR-00186
BUS-2268907,5E7HMJ6PH9,Business,39538969.33,2021-01-03,BR-00024
BUS-2707843,IPQACGUJ9A,Business,82942380.41,2021-05-02,BR-00051
BUS-1491588,PT3R57VJNR,Business,90664335.01,2020-02-14,BR-00128
CUR-7772669,Z2U6SFB69A,Current,24105716.58,2021-04-05,BR-00121
SAV-9930707,QC5MC6CU20,Savings,42799656.86,2020-05-31,BR-00090
CUR-8715083,A2688VCSA5,Current,75868375.54,2020-10-06,BR-00071
CUR-8629334,VRWR0O400I,Current,53576245.48,2022-07-30,BR-00130
SAV-4864918,0H8RKWTN8T,Savings,46919671.55,2022-06-14,BR-00179
CUR-5967810,C5BHQ1DFI5,Current,52596306.0,2020-06-10,BR-00189
CUR-5034099,QBCE6BFRL1,Current,52910020.09,2020-12-01,BR-00033
SAV-3913491,HAP4UUJZ5U,Savings,75686922.41,2021-01-12,BR-00095
CUR-1058760,8DI0VMAYJC,Current,73159098.65,2019-05-18,BR-00042
CUR-3773332,9043XF8YWQ,Current,74112983.92,2021-07-14,BR-00102
SAV-2414122,MRGI12NJVN,Savings,58089932.2,2022-12-25,BR-00165
BUS-7268941,A8ZLX80LWE,Business,80382166.67,2022-03-24,BR-00148
SAV-9849808,WQATJNX1ZQ,Savings,18304133.3,2019-10-01,BR-00134
BUS-1033350,CBD50V5SFG,Business,80339617.9,2022-01-05,BR-00098
BUS-3222517,IABAPRAJXO,Business,44024506.04,2022-04-07,BR-00050
SAV-6510265,2GFEJZ7Q0P,Savings,49643617.78,2022-04-24,BR-00160
CUR-9279356,PXR8MH00DC,Current,46612775.24,2019-11-02,BR-00130
BUS-4942295,4MG9VHQRCE,Business,67756272.62,2019-01-06,BR-00016
CUR-1767645,5488I93Y0U,Current,32838498.2,2019-10-02,BR-00125
BUS-5606522,IUM9BQSTDG,Business,14417468.04,2019-08-30,BR-00160
BUS-3721372,OEIW6975FO,Business,23351322.59,2019-05-26,BR-00136
BUS-6147548,6GMA075U72,Business,20689441.95,2021-09-06,BR-00023
SAV-9928634,XPSB758DZR,Savings,29481258.88,2021-02-24,BR-00109
CUR-4924564,KHN1H0SUA0,Current,44029774.05,2022-05-29,BR-00150
CUR-7700459,KPX63IJFLI,Current,25338676.61,2020-04-05,BR-00107
CUR-6929853,ZN0AEUPM52,Current,11522588.12,2022-05-05,BR-00042
CUR-8746898,R0TWUCDKDI,Current,22318140.24,2021-11-14,BR-00167
BUS-2238763,0JTP9CFLZG,Business,98632099.02,2021-02-06,BR-00163
BUS-9530196,S1OLMRKJWS,Business,59178400.75,2019-11-01,BR-00189
SAV-8230285,HI9QNRV4LF,Savings,36080205.74,2021-12-02,BR-00169
CUR-4311814,IPSZ1Y9IP5,Current,11083393.18,2021-10-12,BR-00071
SAV-5113793,8OKBD8EQOU,Savings,99430655.22,2022-05-08,BR-00144
BUS-4084373,KOXIHJRAEI,Business,12842728.46,2019-04-26,BR-00102
CUR-9202941,P1DV6F8KB0,Current,12823016.57,2022-10-09,BR-00123
BUS-3721660,Z5SKZRR1RD,Business,51080361.95,2019-02-09,BR-00183
CUR-8890933,M7KLXP4819,Current,69689061.8,2021-06-17,BR-00123
CUR-5463716,S9LD2GY33C,Current,49448544.35,2021-10-25,BR-00028
SAV-2810800,5B7UN3W5IE,Savings,88456565.09,2022-11-19,BR-00059
BUS-8691972,HPXX7VQQUX,Business,844345.82,2019-12-29,BR-00026
SAV-4143053,S2D4ZM6KUL,Savings,2054859.02,2022-03-31,BR-00005
SAV-8524332,NI3KFXBI5R,Savings,77272613.88,2020-05-14,BR-00077
SAV-1753133,ADRG6QFWJ1,Savings,60822547.64,2019-06-08,BR-00082
BUS-3902571,U6S8Z1YEIR,Business,28047224.98,2019-06-08,BR-00176
SAV-5998525,YEL6E211A2,Savings,16997471.48,2021-09-28,BR-00035
SAV-7160450,L72Q8VI8I7,Savings,50258919.11,2021-08-25,BR-00128
SAV-1098265,EEEQKIOROV,Savings,97804238.33,2022-06-03,BR-00099
BUS-3949522,GRL0JQOT3A,Business,79309537.43,2021-12-27,BR-00166
BUS-7996973,XM658UNXEN,Business,519945.83,2022-08-06,BR-00191
SAV-1318835,U7A6EV1XHA,Savings,91453858.13,2021-09-18,BR-00117
SAV-6578980,L04PVD5WDO,Savings,62502054.02,2021-12-10,BR-00136
SAV-3393438,6KJDTOZ4SO,Savings,47034214.1,2021-03-17,BR-00121
CUR-8539391,FP82XRJJ2Y,Current,89692640.63,2021-08-07,BR-00098
SAV-6849120,LRMBLTQNP8,Savings,4433170.75,2021-12-12,BR-00194
CUR-1395552,685D6WTXMR,Current,55804856.13,2022-04-06,BR-00173
SAV-8326537,DM0XKSEMZW,Savings,18633055.39,2020-05-05,BR-00152
BUS-4714080,UFETH02L23,Business,60035082.75,2021-11-18,BR-00029
SAV-1077140,1HV8A2RFV8,Savings,69140313.18,2019-11-05,BR-00003
CUR-2047955,Z60K28EPVE,Current,73637964.49,2021-06-02,BR-00160
SAV-4989253,2D9YHIQLY3,Savings,32561238.72,2019-04-07,BR-00068
SAV-6518171,K68PICWHMI,Savings,65581855.52,2019-10-28,BR-00193
BUS-3005890,Z4BN551BRZ,Business,48601591.56,2019-12-15,BR-00085
BUS-2427291,SN4M55HTJJ,Business,-21379623.96,2022-04-27,BR-00002
CUR-3437371,2S9P6N0DH5,Current,1822452.57,2020-04-17,BR-00108
BUS-4687044,K633PHIT5Q,Business,5313143.11,2019-12-13,BR-00070
SAV-6846447,MJSPBH9VVE,Savings,27317476.83,2022-09-03,BR-00013
CUR-5308207,UR9M3UDUJL,Current,17916014.89,2022-11-13,BR-00021
CUR-2709849,CMPN6R0OW5,Current,16758856.31,2020-03-05,BR-00142
SAV-8589391,YQDPY0K40E,Savings,69546563.84,2022-12-19,BR-00155
BUS-7209234,WUTX5N32W5,Business,97980709.77,2019-03-19,BR-00145
BUS-1047443,9HC0X4USTH,Business,22923296.62,2019-11-08,BR-00195
SAV-3158015,ISVOWMSCBY,Savings,2837503.19,2022-12-19,BR-00066
BUS-9406296,7ZQHB0AZ81,Business,77920157.35,2020-12-20,BR-00019
CUR-6221281,T7MOSYTPOR,Current,90404628.2,2019-10-02,BR-00160
CUR-2716672,0V6N1D0BVD,Current,72491249.72,2022-03-22,BR-00108
CUR-2138696,4VNTGHNK71,Current,31950963.54,2022-07-24,BR-00066
BUS-2649608,N324YTHP7Q,Business,31718349.29,2020-12-08,BR-00189
SAV-4461262,0IUH3DJONI,Savings,7192430.74,2020-04-23,BR-00009
SAV-1664672,DV8K0ESMA6,Savings,57270781.77,2022-12-03,BR-00072
BUS-3256528,5LBDNFHSJZ,Business,6681386.8,2020-02-06,BR-00076
CUR-1183777,RURLR71U8A,Current,9587190.03,2020-03-09,BR-00073
SAV-8830871,VW260K44A7,Savings,20294506.04,2020-11-10,BR-00128
SAV-5987583,M3YBO2QL4D,Savings,97508629.78,2022-09-02,BR-00183
SAV-8362976,DIG231NA8J,Savings,4435288.44,2019-12-05,BR-00118
BUS-5235217,UGEXSRJTMU,Business,48771549.15,2022-02-13,BR-00022
BUS-9869303,QBLO8CZPMV,Business,30443803.55,2019-01-11,BR-00196
CUR-3259443,0HNH7C8GF5,Current,81011915.39,2021-06-04,BR-00011
CUR-8294776,EVWU3FNX6F,Current,21098627.47,2022-12-05,BR-00091
CUR-4231803,79Z87ZRXEI,Current,77550609.91,2020-09-28,BR-00156
BUS-7536754,4VTTPGC0Z6,Business,66747051.83,2019-03-12,BR-00068
CUR-9814331,T68WSF17FA,Current,70638466.62,2021-12-02,BR-00108
CUR-4963368,0L53FUA6LF,Current,80331004.78,2022-07-03,BR-00076
BUS-7488981,AVS5HWQ1F6,Business,39690114.02,2020-05-17,BR-00082
CUR-5305194,RXEP1F75CL,Current,78702170.32,2019-09-25,BR-00057
BUS-7333506,2EIOYMBD7O,Business,32124999.56,2020-10-20,BR-00179
BUS-9125383,JD00VA48ZJ,Business,52398458.98,2021-03-04,BR-00097
CUR-9017976,U3DGR6R7R9,Current,3911570.64,2022-10-22,BR-00134
SAV-5542368,9NAJVQBF3L,Savings,16295493.12,2019-01-20,BR-00192
CUR-2754494,764QBB7L43,Current,45764565.76,2021-11-28,BR-00185
SAV-2375126,NX8MCZ77QB,Savings,9564927.21,2022-09-17,BR-00174
CUR-8925330,RGAWI09U48,Current,31544861.37,2020-12-31,BR-00030
SAV-1140102,GA2U0OMU0B,Savings,38421048.95,2022-12-24,BR-00028
CUR-7566262,JZHZ14JKFC,Current,30417022.54,2021-01-11,BR-00042
BUS-9937704,PDMK003WRM,Business,77853528.76,2019-10-04,BR-00023
SAV-2959396,Z60K28EPVE,Savings,41858882.08,2022-08-27,BR-00021
CUR-3273024,0M5QREE8JN,Current,48180667.29,2020-03-07,BR-00090
BUS-6841423,0NY7LZH2EL,Business,59093672.67,2021-10-06,BR-00104
SAV-5798708,UY389GNUAR,Savings,89784689.72,2021-08-17,BR-00180
CUR-6325353,J5F04NJNHX,Current,76294957.68,2022-10-29,BR-00116
CUR-9517676,23WKHEC3QL,Current,37360226.53,2022-09-26,BR-00096
BUS-4880448,IPBA3KY0VD,Business,21629445.01,2020-03-25,BR-00034
SAV-3583133,15HO47QAZ3,Savings,8563352.32,2022-02-11,BR-00054
CUR-4497369,I06Z56UKJ1,Current,40878852.64,2022-01-01,BR-00192
BUS-1699787,WLVQMD4TTF,Business,29744554.09,2019-07-01,BR-00057
BUS-6157504,DPU9ONZT5N,Business,5281432.87,2019-11-18,BR-00043
CUR-3670432,W71E597N07,Current,78648937.15,2021-04-12,BR-00200
BUS-8165699,B261D2ZB60,Business,31457141.06,2019-02-20,BR-00051
BUS-7176845,QGN8SB9O90,Business,90783705.4,2022-09-04,BR-00080
CUR-6019776,KFT3GXHFFU,Current,85028400.61,2019-10-18,BR-00123
CUR-3922293,YQEJ89Z89E,Current,21040821.07,2020-10-28,BR-00069
BUS-8116075,UY6ZXBU3FB,Business,88397877.17,2020-06-07,BR-00196
CUR-6046036,SVL2TUEX2W,Current,43251704.74,2021-01-02,BR-00038
CUR-7931058,UR02I5LG86,Current,69516545.78,2019-02-26,BR-00066
CUR-2168796,A2P8REXWQT,Current,57779880.26,2022-04-27,BR-00005
CUR-9298299,CTXC0YHUZB,Current,70723942.63,2022-01-30,BR-00055
BUS-3390968,JOKQK35YVW,Business,4763674.31,2021-05-07,BR-00084
SAV-6682313,II2X9FJ60E,Savings,30498836.49,2019-08-05,BR-00174
BUS-8217121,VKL9AQW0L6,Business,24142755.39,2020-01-18,BR-00031
BUS-7027361,T90GDHBDLS,Business,44995889.38,2022-07-23,BR-00172
CUR-4794511,47LR2R79DI,Current,77345730.23,2020-11-17,BR-00023
CUR-4385654,6YSGOVQUHU,Current,6886063.91,2021-11-06,BR-00041
CUR-1740158,O0WVL46XO1,Current,42957807.26,2020-02-11,BR-00013
CUR-6469514,U7A6EV1XHA,Current,69051539.57,2020-06-26,BR-00020
SAV-3816502,85L3QO8S4J,Savings,90282108.09,2020-08-11,BR-00022
SAV-2850236,RUNDDTYT51,Savings,17480928.06,2021-07-27,BR-00076
BUS-1175679,X4F90BYNCI,Business,173645.88,2020-05-04,BR-00002
BUS-7768728,7XHCWS8TL0,Business,97629850.76,2022-07-05,BR-00026
BUS-9529226,Y08OJJXX7E,Business,58003284.16,2019-07-09,BR-00047
SAV-9118211,B7UR0RTK7A,Savings,1141032.71,2020-09-07,BR-00145
CUR-6578258,3V098UQYIE,Current,55707438.91,2019-02-06,BR-00190
BUS-6335007,CU2A149B2Y,Business,39497341.97,2019-03-04,BR-00170
SAV-5966998,JCAG5PGTGD,Savings,37100057.74,2020-07-20,BR-00030
CUR-4732597,5K1ZO7OJXG,Current,69120098.87,2019-03-31,BR-00012
BUS-5627452,08LYNGOM84,Business,32911207.19,2021-02-22,BR-00135
BUS-3166342,GCCOSI78KZ,Business,96280932.86,2021-06-09,BR-00094
SAV-8388978,W7I60LZQ1D,Savings,74648352.12,2019-12-14,BR-00172
BUS-4859991,HW3N8XXU35,Business,1727146.68,2019-01-07,BR-00173
SAV-7471752,3FM82HRFNY,Savings,50499676.61,2021-09-02,BR-00138
SAV-2680883,VPPOFZ19XU,Savings,66077264.82,2021-08-13,BR-00161
SAV-1044629,5QKSKH3EIN,Savings,51671595.94,2021-10-26,BR-00128
SAV-7656787,Y2GR0E5ER9,Savings,91963705.3,2022-06-16,BR-00103
BUS-1937160,6K7RB3RUEA,Business,60297946.26,2020-09-02,BR-00184
CUR-5342513,RUUF5WQYNS,Current,62472958.82,2022-08-29,BR-00176
CUR-3273194,U338B85IGO,Current,45932790.04,2021-09-26,BR-00099
BUS-8298235,Y4FZL8ORUE,Business,74103088.28,2022-02-02,BR-00116
BUS-4833736,HZDGV2JYU1,Business,23361699.93,2020-04-08,BR-00014
CUR-2720832,62OJVWFK5N,Current,75293983.92,2021-03-09,BR-00067
BUS-7991672,RIHDP1WPNV,Business,28259862.22,2022-05-31,BR-00172
SAV-6179807,VAV8K9M23V,Savings,28407351.3,2019-10-25,BR-00020
BUS-6247634,WKC0U3J2YK,Business,66602022.85,2019-12-27,BR-00119
CUR-2592398,TSNWXZP0FU,Current,38755695.59,2019-11-17,BR-00037
SAV-3886290,H4KF4C7QV7,Savings,13392928.71,2021-03-19,BR-00046
CUR-5362048,9RDQN8ND5C,Current,27206650.28,2021-10-14,BR-00002
SAV-7576101,YUI012PZMW,Savings,29908212.05,2022-03-10,BR-00081
SAV-4861882,8G2MFJR9HN,Savings,82018844.74,2021-06-06,BR-00105
SAV-5700050,H0JVX91RA7,Savings,16827416.32,2020-06-13,BR-00065
SAV-5096148,FLZCSCRPZW,Savings,33646346.57,2021-11-16,BR-00051
SAV-4398368,Q0OHWZ03FL,Savings,1581452.97,2022-10-01,BR-00021
SAV-5002379,VNL6ZTXIUN,Savings,44188084.93,2019-10-31,BR-00108
CUR-4570057,CSJM2HT3PX,Current,73770336.13,2021-11-04,BR-00021
BUS-7855358,I11HA5HQY3,Business,9813017.27,2021-01-15,BR-00107
CUR-1834578,A2P8REXWQT,Current,62501513.69,2022-08-05,BR-00103
BUS-5004612,F2UJAO9E2H,Business,76825345.86,2021-09-16,BR-00135
SAV-3135320,T2R7IR7WIH,Savings,97363620.2,2019-07-27,BR-00052
BUS-1831777,0OMOI65UEE,Business,86886534.37,2020-12-20,BR-00098
CUR-4371856,V0NKWGLC2M,Current,93406686.81,2020-08-05,BR-00137
CUR-6714406,2SSS2HO6N5,Current,76006312.21,2019-02-23,BR-00098
BUS-1674443,H91XKPYTD9,Business,22498951.17,2021-05-13,BR-00049
BUS-6465777,MDP7QZISWU,Business,96678488.8,2020-08-26,BR-00146
BUS-5147291,6LKPQZPISC,Business,38074163.85,2019-04-07,BR-00142
CUR-1955740,P3CSMHSZTP,Current,79278512.09,2022-06-22,BR-00072
CUR-9195172,HC8ZXJDDBY,Current,45292474.17,2019-03-04,BR-00050
CUR-2419953,TZJ8Z2HJMX,Current,38121616.33,2019-08-24,BR-00183
BUS-6401107,R8VOYOZV52,Business,71351678.95,2021-04-29,BR-00138
BUS-7827706,GAMCZPW563,Business,31336165.24,2021-04-14,BR-00101
CUR-6307470,ELGWPKREDA,Current,27773617.26,2021-01-01,BR-00198
CUR-7409028,WZF8BD5F07,Current,46138214.77,2019-10-30,BR-00126
BUS-6074195,44K5J1TZBM,Business,94122660.92,2020-09-04,BR-00015
BUS-1934740,IO92QWL7C0,Business,71724314.58,2021-08-04,BR-00161
BUS-5701942,BWLFUIRYOS,Business,98685573.09,2022-07-11,BR-00016
CUR-5219034,2KZXZNYAMF,Current,54009653.55,2020-07-12,BR-00173
CUR-1838341,AM2B0VH4MU,Current,29622929.04,2019-01-29,BR-00192
BUS-4517539,0RPMCK8MBT,Business,56353425.71,2021-07-02,BR-00071
SAV-9636766,JBPCEWVK9C,Savings,46856205.06,2021-03-24,BR-00164
BUS-4363085,UJ4FPRN4QY,Business,32649567.18,2021-02-24,BR-00021
SAV-9018340,SCSCKMTEOQ,Savings,62356256.48,2021-07-22,BR-00107
CUR-8610144,6WHPSFSBBV,Current,93168341.1,2020-09-14,BR-00173
BUS-8673484,BNILNLFSOC,Business,99957918.24,2022-10-29,BR-00122
BUS-8655897,SHRYFDDDSS,Business,27129792.95,2021-10-18,BR-00088
BUS-6328097,RH3NG44XSC,Business,16096270.55,2019-12-04,BR-00194
SAV-9611442,TUFN0PLE39,Savings,30617279.97,2020-10-16,BR-00157
SAV-6306726,W4B4OBWG16,Savings,42973362.61,2021-01-17,BR-00107
SAV-7876526,BIPJQR3DRY,Savings,58419383.02,2021-06-27,BR-00030
BUS-4555692,15HO47QAZ3,Business,19221137.9,2019-07-22,BR-00125
CUR-9485760,I5YUJS1EXK,Current,34317581.07,2022-02-27,BR-00031
CUR-7346857,8JZANFGIJR,Current,75523568.29,2021-05-22,BR-00154
CUR-8498934,2CZJ1UJ2YL,Current,63197941.65,2019-05-18,BR-00027
BUS-1690937,LL8332A1NI,Business,68222041.36,2020-12-13,BR-00143
BUS-6396867,UEBA2SJ74Y,Business,65922207.14,2020-09-17,BR-00095
BUS-7286633,CP09FJVBMS,Business,85513791.27,2022-03-21,BR-00148
BUS-8279930,2CYJ4BZZN8,Business,28389139.15,2020-01-25,BR-00186
BUS-1075851,H5ZQGNM6KD,Business,29117536.95,2021-10-05,BR-00016
CUR-5225518,4C96RNKB9L,Current,71798998.12,2019-10-08,BR-00110
SAV-2646645,WUWPU87P9C,Savings,39870138.31,2020-07-11,BR-00118
SAV-6243646,PWACHY08B2,Savings,11743152.34,2022-03-14,BR-00029
CUR-5703315,30MO5SZOFO,Current,37608081.51,2020-01-08,BR-00189
CUR-8839629,CBD50V5SFG,Current,62696412.41,2019-12-15,BR-00143
CUR-1839503,OZFVCS4TNO,Current,73180776.97,2022-06-29,BR-00169
BUS-8105565,61WDQLOSER,Business,54783312.88,2019-05-11,BR-00179
SAV-4318657,K38S4PUN3Z,Savings,11301390.69,2020-03-19,BR-00141
SAV-7754440,O9UGPQVGM1,Savings,96639681.84,2021-10-01,BR-00082
BUS-4455137,F3KIKQB2BO,Business,1933177.64,2020-05-26,BR-00124
CUR-1984540,FOL1M5WJOT,Current,70412913.11,2022-10-14,BR-00168
BUS-6644162,U99WM6S1B8,Business,18276392.31,2019-02-04,BR-00038
CUR-6791240,0DJQWXBDZA,Current,99424444.25,2022-04-15,BR-00146
SAV-2564552,PA5HFLMINP,Savings,1390706.19,2021-05-27,BR-00092
CUR-3195953,QTR3EZCG42,Current,79853653.83,2021-06-16,BR-00182
CUR-7623025,SEGVZ4JWHT,Current,93226367.42,2022-06-21,BR-00065
CUR-2711176,X3PEKMNWEM,Current,69886709.19,2019-09-28,BR-00061
BUS-7589365,XBNS76QTKI,Business,82939414.93,2021-06-17,BR-00052
BUS-9901289,JEBT6LXKTV,Business,80133263.76,2021-09-17,BR-00102
SAV-5515070,UZH4RATW5X,Savings,57091693.05,2021-11-03,BR-00169
SAV-7157668,JCGNY7TLXC,Savings,11945784.33,2022-07-22,BR-00032
SAV-1269529,0NP4VAKI5M,Savings,65710519.82,2020-05-31,BR-00003
SAV-5265911,RN8OERKFSW,Savings,32527931.4,2019-07-01,BR-00125
SAV-7338954,G2PVWLMPBY,Savings,26497556.06,2022-09-08,BR-00104
BUS-5745662,N898QMW9DD,Business,31420261.45,2019-01-20,BR-00180
SAV-8670266,FU7OYTDVIJ,Savings,12911821.05,2022-09-30,BR-00034
SAV-5702249,KYRZH2BNVT,Savings,11137548.47,2021-02-02,BR-00094
SAV-8399779,RO3H5N0KTC,Savings,94875520.78,2021-03-26,BR-00061
SAV-8576190,U3PPJHM03Z,Savings,52924333.67,2020-08-23,BR-00140
BUS-6111829,2NRR5CHZEF,Business,11874593.89,2019-05-21,BR-00076
CUR-3429687,PSYWIM6FJD,Current,48215312.59,2020-03-09,BR-00162
CUR-9857204,0V5T0VU6A2,Current,34343036.34,2022-06-20,BR-00181
CUR-1647486,LZ44KJQDP6,Current,35968207.2,2021-09-11,BR-00062
BUS-5132137,NBXZW8NDNZ,Business,21288408.96,2019-10-13,BR-00158
BUS-5440995,Z24U9EEUGF,Business,61972290.97,2022-06-19,BR-00173
SAV-5380163,JKOBXF4QQE,Savings,27755006.68,2020-06-11,BR-00171
CUR-2453635,J26DQYVBNC,Current,12739684.55,2021-06-16,BR-00184
SAV-5601475,ZKZ7QYMGE8,Savings,53692379.95,2020-03-27,BR-00198
SAV-8696571,5OHUDSY0SD,Savings,48156783.06,2021-11-30,BR-00088
CUR-7231324,JPH55ZHUDJ,Current,40728867.9,2022-11-06,BR-00116
BUS-4937444,SBGINCPFRX,Business,17263480.47,2020-04-30,BR-00141
CUR-2654864,MT314QOUMP,Current,36092287.56,2022-06-26,BR-00122
CUR-7469635,Y1R3Q7B3UO,Current,30920986.13,2022-03-17,BR-00084
BUS-1293642,A871WAYK0U,Business,31543899.51,2022-04-07,BR-00067
CUR-3443956,YZZE8ZGK38,Current,46478617.22,2020-03-30,BR-00057
BUS-4720983,U9VFVARK0E,Business,8737133.98,2022-09-11,BR-00085
CUR-2048499,XK0JHS3IH1,Current,86974187.41,2020-01-11,BR-00026
BUS-9603682,I8I758HZDC,Business,72718825.93,2021-03-11,BR-00184
SAV-4566069,04DG16GIM7,Savings,77500585.14,2022-06-08,BR-00135
BUS-4876654,I2IZ288P7K,Business,30588056.55,2019-10-19,BR-00159
CUR-7428265,8F4P8V67IG,Current,82942141.18,2022-07-12,BR-00168
CUR-2905887,M6BZAH4CXK,Current,26001904.38,2020-07-31,BR-00079
CUR-7492548,XEWXCT6ME3,Current,8245344.29,2020-07-09,BR-00025
BUS-9198364,07MUB1U4IE,Business,78320414.35,2019-11-04,BR-00071
SAV-5925858,543RDNON6F,Savings,36339143.4,2019-04-08,BR-00128
CUR-5792464,KAGR3XC9I5,Current,42166977.7,2021-02-28,BR-00039
BUS-3732648,95TZHE0TG7,Business,97596629.07,2019-01-12,BR-00003
BUS-7904655,QE97DHJWFG,Business,86312278.68,2022-03-21,BR-00024
CUR-6028623,LPKCMF3HBP,Current,14450456.12,2022-01-22,BR-00154
SAV-9125144,SDGKUHF94B,Savings,16280680.31,2019-01-20,BR-00069
CUR-3542198,9COGCV5PBK,Current,61071180.61,2019-11-06,BR-00006
CUR-5431030,ZU62V4TTXB,Current,48963753.5,2019-02-08,BR-00197
SAV-2650904,KENA7MG0T1,Savings,74646510.04,2021-04-29,BR-00131
CUR-3799044,OFZ01QF6YN,Current,50886228.87,2020-10-28,BR-00079
BUS-8640821,9AA26WJU8J,Business,67220333.93,2021-12-05,BR-00163
SAV-6300521,YFVHOOAOEL,Savings,87517445.15,2019-06-28,BR-00184
CUR-1911943,99X3L79VWH,Current,20745082.62,2019-09-03,BR-00101
CUR-8713863,BYZZSA5VI8,Current,13145441.21,2020-04-27,BR-00115
BUS-4134386,RR0LEW7F8N,Business,68477728.95,2021-08-25,BR-00164
BUS-3948060,0QSFE11TS4,Business,14256428.29,2022-12-16,BR-00181
CUR-6317446,CUKSJB58I3,Current,83004977.33,2022-08-08,BR-00078
BUS-1659826,FMZGV8CMZ3,Business,45820511.35,2020-06-12,BR-00117
SAV-7021047,WM3A7VOC1Z,Savings,59981511.87,2020-12-06,BR-00049
SAV-3485413,HKYJDXB7FR,Savings,60843580.04,2021-09-23,BR-00094
CUR-5135432,AT5HUESAC9,Current,12234947.12,2020-03-04,BR-00178
BUS-6256295,OWA9VFT5YC,Business,32750746.41,2019-07-31,BR-00126
BUS-4543742,UHALMLJQTA,Business,50107673.25,2021-07-10,BR-00010
SAV-3751994,QC5MC6CU20,Savings,60762548.82,2020-02-06,BR-00099
BUS-1234689,M9U30QVNRC,Business,37252739.78,2019-08-31,BR-00076
SAV-2690736,RBMULIRJIL,Savings,34157048.46,2019-06-03,BR-00164
BUS-2215317,1ZUDW23KXR,Business,32955934.45,2022-07-28,BR-00094
CUR-8291552,OFXGBEN9P6,Current,29687704.31,2020-05-03,BR-00195
SAV-8379967,GW3B5L98LO,Savings,65856268.21,2020-06-24,BR-00200
BUS-4219234,XFIZ78GHL0,Business,63562349.52,2019-02-09,BR-00194
SAV-7541325,OHB86PCH4G,Savings,45028271.55,2019-04-04,BR-00024
SAV-8709926,2PZD0WGKKC,Savings,92958437.43,2022-01-27,BR-00091
SAV-7906143,Y0ZM363N5K,Savings,6590750.02,2021-05-22,BR-00120
SAV-5193697,TBLLSUHIOQ,Savings,41878797.29,2019-03-11,BR-00090
SAV-5701724,YHQQWXIQPY,Savings,47292625.18,2019-01-29,BR-00190
BUS-6201435,LYBD9GA15D,Business,84312209.72,2021-09-07,BR-00117
SAV-9125151,BFST809Z43,Savings,36674083.78,2022-08-24,BR-00139
CUR-5893475,035LJIKNF6,Current,2908073.03,2022-10-18,BR-00187
SAV-6291376,Q5FYOEBACH,Savings,53649200.53,2022-06-23,BR-00182
SAV-5092525,XOLTA8CNYZ,Savings,98367362.59,2019-07-04,BR-00088
SAV-6615039,PHU7EAC26Q,Savings,2691349.21,2022-04-26,BR-00002
SAV-8779218,NHGSSOFP2Q,Savings,8155180.64,2020-12-17,BR-00053
BUS-5443655,9JMVOA0DVX,Business,75856817.14,2020-05-26,BR-00008
BUS-5970981,3O4E8R56ZY,Business,2524944.99,2020-09-24,BR-00041
SAV-2788884,2I8TYD7R0I,Savings,57795635.02,2021-02-03,BR-00040
BUS-2297788,7YLQT4EZKE,Business,42701940.53,2022-04-22,BR-00139
BUS-6789942,G5TSXSYIS3,Business,92297184.77,2021-11-14,BR-00025
BUS-7381813,J4DUUPXHH7,Business,84412699.44,2022-11-24,BR-00169
BUS-4451021,2TWIA3LWCZ,Business,55184408.69,2020-09-14,BR-00130
SAV-5382905,RUW97856GL,Savings,39020782.71,2022-08-20,BR-00054
BUS-8059324,BKBJ6RQP2T,Business,26188917.4,2022-10-14,BR-00097
BUS-4626148,0ZU2FQW8LB,Business,39573785.4,2019-09-09,BR-00170
BUS-6339753,9NQ3GZG19N,Business,87363961.34,2022-02-27,BR-00109
BUS-3283559,8P3QBNN6BJ,Business,2005073.94,2022-10-12,BR-00180
CUR-9486187,EPPJ8AQRYH,Current,81580019.98,2022-10-29,BR-00013
BUS-3970764,WM8S9077H1,Business,38152831.04,2019-09-26,BR-00116
SAV-2863491,ADRG6QFWJ1,Savings,88948674.12,2022-04-15,BR-00056
BUS-5654690,DSV8AGYSB2,Business,161626.3,2019-01-20,BR-00059
SAV-6598187,QEMUYKH7DT,Savings,92753524.64,2020-12-01,BR-00014
CUR-7752889,QZ9IERXP7K,Current,39917807.8,2020-01-28,BR-00118
CUR-8883843,M9C4LTI7KE,Current,9654015.96,2021-03-04,BR-00049
BUS-7809860,4HNFWKXOXS,Business,58681927.32,2019-11-21,BR-00171
CUR-6738506,3I0L1OOUJA,Current,99774422.19,2020-01-23,BR-00143
BUS-9627126,VTQBH1PELO,Business,51944148.73,2019-06-27,BR-00086
BUS-4833608,HZDGV2JYU1,Business,91809988.08,2021-10-11,BR-00015
CUR-1801300,AC57QC2M8B,Current,30197489.12,2020-03-28,BR-00176
CUR-9332068,5Q01MPKBHQ,Current,1097233.58,2020-04-30,BR-00176
BUS-7128526,FXFQTC8XAD,Business,53955250.82,2022-04-14,BR-00098
SAV-5514431,62RCFBSFPK,Savings,33317522.87,2020-08-19,BR-00042
CUR-6492555,JD70TXWSWH,Current,63368069.65,2020-02-16,BR-00034
BUS-4020985,CW6VR3EARU,Business,16900127.94,2021-07-03,BR-00073
SAV-2659756,OVWZ2GWHOD,Savings,7041132.93,2021-04-07,BR-00197
SAV-4706301,J6B7ABNB2F,Savings,815533.14,2020-01-09,BR-00029
CUR-2282388,UCIMPSBIH5,Current,67763889.38,2021-06-24,BR-00163
CUR-5927233,V6YT1XXYVO,Current,53317942.98,2022-01-17,BR-00106
CUR-9507294,NGWTZJBA6L,Current,60582779.7,2021-12-11,BR-00142
SAV-3502278,PH2J8XTL5W,Savings,61752197.27,2022-06-22,BR-00072
SAV-8666505,FZCYYOS3L7,Savings,85110474.73,2021-05-24,BR-00108
BUS-4537364,9ZM4JVCLUQ,Business,53390250.98,2021-08-20,BR-00103
SAV-7898032,95TZHE0TG7,Savings,33439030.85,2020-06-12,BR-00148
SAV-8290496,RFO4YKAHWK,Savings,60138923.22,2020-01-08,BR-00025
CUR-9733633,4N65FPE1AF,Current,77769548.31,2020-03-07,BR-00126
BUS-6184664,RO3H5N0KTC,Business,76675777.44,2022-07-16,BR-00089
BUS-7661563,KL3P8L12BP,Business,43036963.36,2022-04-25,BR-00099
SAV-4423678,8O6MNB9GY7,Savings,20739967.77,2020-04-25,BR-00085
CUR-9830167,BO8J8PE67H,Current,26349125.16,2022-07-14,BR-00189
CUR-8159932,I56HQFX4V2,Current,9720203.46,2021-01-02,BR-00039
BUS-6643440,LI3LIKAILG,Business,32980189.79,2022-07-24,BR-00050
CUR-4525283,6HKL4MCHD6,Current,6545196.14,2019-01-03,BR-00033
SAV-8422143,MZ9H8BZSAF,Savings,99590431.15,2019-04-19,BR-00131
BUS-4093041,LJZDN7XLTZ,Business,53554026.95,2022-08-16,BR-00195
SAV-2444587,T5YQBAJW7A,Savings,80394942.27,2022-06-16,BR-00125
SAV-3630066,LMNBMMZE66,Savings,50295299.78,2022-05-11,BR-00062
SAV-2869674,ZOHNMEI29V,Savings,57096794.77,2021-03-01,BR-00153
CUR-7181168,WZ292FOU9O,Current,86121680.89,2020-10-06,BR-00158
BUS-7205621,L9VXBYCEEP,Business,56690931.41,2019-08-17,BR-00058
BUS-9071278,W7XPYGYGXR,Business,78691981.17,2022-03-16,BR-00100
SAV-9713761,65YH4SRFHV,Savings,63200512.91,2022-04-20,BR-00095
SAV-5655125,29GY7QH9V5,Savings,52621818.02,2020-08-05,BR-00036
SAV-1683618,CA30U4CEKQ,Savings,22222435.73,2019-08-23,BR-00191
CUR-2136381,NA327DDKGH,Current,22003457.53,2022-04-28,BR-00015
BUS-7569403,W1LCHQLABW,Business,5879576.09,2019-05-30,BR-00121
CUR-6571501,PK3IB0GSIP,Current,51362140.91,2021-09-19,BR-00184
SAV-6080615,8XUEH92WBC,Savings,81434642.03,2019-06-23,BR-00092
SAV-9931651,4EGUXCJJS0,Savings,71255437.45,2021-01-30,BR-00019
CUR-6471001,MKFN5L089M,Current,10426837.47,2021-07-02,BR-00188
CUR-1016785,GEQ5583DOZ,Current,52888741.44,2019-02-22,BR-00109
SAV-1007414,05W56WNWUP,Savings,51113191.65,2020-10-23,BR-00076
BUS-9029179,OUSJ5BE9FX,Business,20356797.72,2022-12-08,BR-00176
CUR-6684053,MGAIBDO871,Current,74309632.93,2020-01-23,BR-00062
SAV-1762833,LSOYDNC1A8,Savings,5570995.2,2020-02-03,BR-00084
CUR-3128647,AC57QC2M8B,Current,51579173.37,2021-12-23,BR-00070
BUS-3878664,3A8TKKO1IP,Business,22493564.9,2021-03-09,BR-00074
SAV-5997318,JS3WBRHD57,Savings,99005525.37,2019-07-13,BR-00061
SAV-6369130,BOS0IHNDT8,Savings,20180926.29,2020-03-26,BR-00010
BUS-5116450,FYC99MOKX7,Business,69496032.12,2020-02-02,BR-00089
BUS-1855829,ATLDQZOJG6,Business,18821539.13,2019-11-04,BR-00069
CUR-2303665,RJT7R7AA75,Current,10196932.62,2019-07-28,BR-00015
BUS-7529260,DZVEJEUAH3,Business,55863674.71,2020-12-03,BR-00190
SAV-6082091,YMYR5Z1XXE,Savings,91226854.58,2022-06-19,BR-00131
BUS-4727541,J9M2662890,Business,96678357.11,2021-06-26,BR-00085
BUS-8624213,KJJ37WG6LO,Business,5125538.29,2021-12-09,BR-00138
SAV-7166182,KT93469CR4,Savings,59059398.45,2020-09-15,BR-00159
CUR-5535067,IOJY3U0JU8,Current,51495294.34,2019-11-25,BR-00129
CUR-3497676,I7Y0GCHR4L,Current,99698564.1,2020-05-11,BR-00063
CUR-2961306,6WHPSFSBBV,Current,87012607.49,2021-05-17,BR-00165
SAV-2278445,FGO9IACMMU,Savings,34224820.63,2019-10-07,BR-00150
CUR-8088238,RB3XRWJGQ2,Current,86303189.28,2021-01-21,BR-00190
SAV-3630921,AX8LFN77ZP,Savings,99447875.02,2020-10-06,BR-00168
BUS-8549206,MRGIPNOKYN,Business,78067141.99,2022-06-26,BR-00185
SAV-5495214,KZADSZBRJV,Savings,41429440.94,2019-02-25,BR-00165
SAV-4011829,1LRD43FNM3,Savings,80788301.95,2022-10-30,BR-00012
BUS-7993286,XGQC7A545I,Business,20896560.62,2022-08-09,BR-00109
SAV-6662443,7HCOHUT3SL,Savings,80376871.65,2020-07-28,BR-00018
CUR-7595747,X95GL1GXZ8,Current,82791761.52,2022-03-20,BR-00111
BUS-7829240,GK1ZLVCAQ7,Business,75805855.95,2020-06-03,BR-00133
BUS-3095749,3TN0DXF40W,Business,3060756.59,2021-05-21,BR-00085
CUR-6013809,KLPUST5SYF,Current,81698287.39,2021-05-04,BR-00076
CUR-7461682,IHXX7TM7GG,Current,89158107.48,2020-04-30,BR-00182
CUR-6762327,G5U8F349DP,Current,20456687.14,2019-07-28,BR-00050
BUS-9971358,4PG5VL9P31,Business,14897573.67,2020-10-04,BR-00095
BUS-5919712,2G6ZLMG4NM,Business,85674591.4,2019-11-21,BR-00107
CUR-1484671,2GWVMPO39L,Current,76487851.48,2020-09-02,BR-00185
BUS-3577939,L8HBWMXM23,Business,-78204595.01,2022-09-22,BR-00143
CUR-7853143,VQS6OKF3XL,Current,28073384.46,2022-11-20,BR-00160
SAV-6260673,GO0YLXZXMU,Savings,11456659.47,2020-03-05,BR-00105
SAV-9124490,VYF56CAS4F,Savings,13404556.29,2022-03-10,BR-00046
BUS-1332269,SKFFAD2TG0,Business,42866025.71,2022-08-04,BR-00178
CUR-7097055,215U2ZBOT1,Current,84062728.88,2022-07-25,BR-00160
SAV-2019675,2ZXDJ313X3,Savings,46132754.86,2020-07-21,BR-00037
BUS-2712596,HJYLJTFQ4L,Business,99544459.86,2019-06-24,BR-00022
CUR-9521421,OEAIS5LL4W,Current,86537854.36,2021-06-24,BR-00173
BUS-3801776,9U6WDWVDBD,Business,42490719.34,2020-02-13,BR-00073
BUS-1769023,VWBDIDK89V,Business,55851083.77,2021-12-12,BR-00163
BUS-7334100,RFGQKCRMQR,Business,14639457.79,2019-07-06,BR-00042
CUR-7963892,P9K055S5V1,Current,4580943.4,2019-03-12,BR-00070
SAV-7580073,TZSD2Q3M2Q,Savings,25376452.77,2020-02-16,BR-00119
BUS-7924395,ALPAPX8JFK,Business,46723780.72,2019-09-20,BR-00006
CUR-2093395,V9N41AOOXO,Current,90221508.44,2019-02-01,BR-00062
BUS-2179172,H3V2QEFWMH,Business,68171812.76,2019-06-04,BR-00096
SAV-5272607,T8THJA17IL,Savings,95853328.36,2021-07-04,BR-00036
BUS-3796339,K1ZGWBXPF2,Business,7600344.83,2020-01-17,BR-00122
SAV-2355695,S2D4ZM6KUL,Savings,9196448.84,2019-09-05,BR-00160
BUS-5568665,H4I1ZZ4LFS,Business,18977563.12,2020-10-29,BR-00081
CUR-9801415,5GE9UIL7SH,Current,74474637.97,2022-06-26,BR-00075
CUR-1312118,GE4WFF8AIS,Current,25617573.97,2021-04-15,BR-00047
CUR-2337665,GLO9V284OD,Current,94207906.95,2021-03-16,BR-00059
BUS-8549676,0TTXM7DXRY,Business,96514186.99,2020-07-17,BR-00179
CUR-2782112,X0R9KHL5N2,Current,16192626.39,2020-06-15,BR-00033
BUS-9418533,I59FKNQZZQ,Business,12382862.02,2021-04-29,BR-00026
SAV-6220633,TM0JOJDYG2,Savings,91157168.49,2020-03-19,BR-00192
CUR-6572049,31I7MOSWJU,Current,33928685.96,2022-11-28,BR-00076
CUR-6404124,S7ULLHA3XX,Current,93848556.21,2021-09-11,BR-00132
BUS-5350461,08QCMP8EG4,Business,38008717.83,2021-12-15,BR-00064
CUR-9343114,3Q3NXSSR5E,Current,26250939.24,2022-02-15,BR-00009
BUS-1858629,5ZKGM5HIK7,Business,77129489.12,2019-05-06,BR-00008
CUR-7161370,D48H4V2M4W,Current,44562517.74,2019-03-17,BR-00030
BUS-4395130,84FYUOU3BZ,Business,59367776.02,2020-10-01,BR-00076
BUS-2335944,UDWQB1MZ5G,Business,33973050.74,2021-01-11,BR-00077
SAV-6169490,JA39GJXF8F,Savings,11347663.97,2020-09-21,BR-00149
CUR-5742054,HFH1BVLVX5,Current,61304792.65,2022-05-09,BR-00047
BUS-2108581,LDE1CP0P8K,Business,83379246.18,2021-11-06,BR-00055
BUS-2785648,KUS9KGWYK2,Business,8183630.15,2019-07-12,BR-00123
SAV-3736213,L04PVD5WDO,Savings,94200899.98,2019-02-22,BR-00178
CUR-9243151,JS62YR3ZOJ,Current,20517985.71,2020-11-19,BR-00105
SAV-4374471,TFI2R2QHLS,Savings,33166901.66,2020-03-22,BR-00182
CUR-1823355,SPYHG6G4DV,Current,40875410.06,2022-02-02,BR-00124
CUR-7776553,EKLC9P7HLE,Current,21250406.73,2019-07-09,BR-00006
BUS-7215646,PPVMKL4TIN,Business,21075953.16,2019-05-06,BR-00043
CUR-8511707,EQPCHXTS14,Current,44457964.47,2020-08-28,BR-00124
BUS-9811355,Q5WVP41PJS,Business,79507720.06,2020-10-27,BR-00102
CUR-5444645,4MG9VHQRCE,Current,43567016.87,2021-01-29,BR-00044
BUS-5189307,Q4AERDZBUY,Business,40596239.63,2020-05-16,BR-00056
SAV-8475887,TRR05OYL5C,Savings,52807665.74,2022-12-04,BR-00155
SAV-4426248,UR9M3UDUJL,Savings,10564402.12,2022-04-26,BR-00012
SAV-7018343,832XJWI5KY,Savings,61888596.97,2021-10-08,BR-00051
BUS-7971431,DHUYG0AXNS,Business,87755883.71,2021-08-29,BR-00194
BUS-9277939,8QI53UAIB3,Business,55909888.13,2021-06-02,BR-00130
SAV-1412137,OD4ZM93D54,Savings,11022301.39,2021-09-27,BR-00045
SAV-4586814,FX997691RS,Savings,57664472.52,2020-09-27,BR-00069
SAV-5010629,LOZVZE2AA5,Savings,47291365.24,2022-06-25,BR-00199
BUS-4730229,K2EK35DM5K,Business,5473046.57,2021-10-14,BR-00106
BUS-2272925,BZO2ONGECA,Business,24821008.89,2022-09-28,BR-00177
CUR-2564270,PWEIN6D5L6,Current,6826247.09,2019-01-25,BR-00046
SAV-8882540,XFULP394VM,Savings,89855847.39,2019-02-15,BR-00097
BUS-1946532,Y2GR0E5ER9,Business,72474352.44,2021-04-19,BR-00084
SAV-2906934,3H9YJPT2UY,Savings,88285137.85,2021-03-13,BR-00051
SAV-3805576,HPZWM5ZZ9P,Savings,14090250.5,2019-10-22,BR-00052
CUR-7356211,EO084E0T5M,Current,61083964.98,2022-01-30,BR-00025
SAV-1502270,P1LAWOF75L,Savings,5936768.63,2021-11-23,BR-00073
BUS-7707835,5QA6OUGCC5,Business,24082122.3,2021-10-13,BR-00043
SAV-2619732,9Y4MHY4WDH,Savings,80515741.18,2020-08-27,BR-00045
BUS-3393803,VWHIMG8M38,Business,61090645.01,2022-10-13,BR-00062
BUS-7674121,36TQ4H2FL4,Business,3557616.18,2020-11-13,BR-00167
SAV-6364688,TVRDOEX24K,Savings,74013226.15,2022-12-19,BR-00149
BUS-1004235,EIHW8OI8R5,Business,74195953.43,2019-04-01,BR-00075
BUS-1067939,AIKUW6J4OS,Business,49553516.54,2022-06-24,BR-00106
BUS-1211378,PX9L5T4P3G,Business,82919443.59,2021-01-29,BR-00158
BUS-6080343,QVWNBNE716,Business,97013335.68,2020-04-12,BR-00098
SAV-7069894,9W74EED5LB,Savings,79640341.42,2022-09-02,BR-00150
BUS-1873162,FU7OYTDVIJ,Business,51616031.67,2022-07-28,BR-00084
SAV-2921546,1ZRNTICJVU,Savings,83042186.76,2021-08-15,BR-00124
BUS-9340712,JXZSSEBU9S,Business,4268035.33,2022-09-17,BR-00053
CUR-2108703,4R8KE4BVAE,Current,67217917.94,2020-05-30,BR-00171
CUR-3576186,LBH2VNFG3B,Current,95325839.06,2021-07-14,BR-00166
SAV-9634517,MBFTNAFWD9,Savings,16524975.05,2019-08-16,BR-00172
BUS-1309301,G2PVWLMPBY,Business,14409225.75,2020-01-22,BR-00027
SAV-2482155,A5JSS2FOKJ,Savings,5835356.15,2021-11-16,BR-00128
CUR-4663229,O6VJQ49EVC,Current,36798812.65,2019-12-17,BR-00064
CUR-7204070,QNIFHBVXGN,Current,36732591.16,2021-10-31,BR-00195
BUS-5656813,V9KV8YDZV7,Business,84360354.41,2020-04-22,BR-00026
CUR-7539541,O2NAVHVKBC,Current,25310625.11,2020-01-09,BR-00183
CUR-9756222,23PK112VO1,Current,12564681.93,2020-01-24,BR-00035
CUR-7691608,MVCANKCQH6,Current,94271751.52,2020-07-15,BR-00200
CUR-2380453,OFGFBAU39V,Current,84479954.48,2019-05-09,BR-00077
SAV-2431170,WTJQMO2B3U,Savings,61016803.95,2019-08-05,BR-00198
BUS-2242716,I59FKNQZZQ,Business,18957220.59,2022-04-01,BR-00061
CUR-1009354,UBWWLJKPLA,Current,49894245.26,2020-06-12,BR-00128
BUS-4903322,PX76HR10C3,Business,24446493.85,2021-05-17,BR-00007
BUS-9271909,KICY43H0Q4,Business,7447224.71,2021-03-08,BR-00162
BUS-7664989,74F14DM1BE,Business,45454193.93,2020-01-10,BR-00048
BUS-4238450,VAV8K9M23V,Business,15536675.34,2022-10-03,BR-00166
CUR-8669063,Q3CBZ6ZUJU,Current,85936055.19,2022-05-31,BR-00015
SAV-8475222,MNSWVWXH1K,Savings,70325428.39,2021-01-02,BR-00023
CUR-7556742,9525GAMYRG,Current,65365408.21,2019-08-11,BR-00081
SAV-5873749,402RI5HQJ8,Savings,58211437.54,2019-04-01,BR-00076
BUS-6300797,ZKZMS6X52A,Business,21538890.37,2019-08-21,BR-00080
BUS-7634171,WZ1TUY8LAT,Business,79181229.03,2022-08-08,BR-00034
BUS-3551175,FKQBRZQ76Z,Business,20114020.93,2022-05-06,BR-00001
CUR-2000944,Q0NRC57EWO,Current,7889894.79,2020-02-28,BR-00100
CUR-2324222,0ZU2FQW8LB,Current,77480114.53,2019-08-06,BR-00009
SAV-4071522,6W6WF3T35P,Savings,53542849.2,2020-04-10,BR-00006
CUR-2653868,2PEEODDR4W,Current,37035558.9,2022-05-21,BR-00084
BUS-1877026,ZU62V4TTXB,Business,22510277.65,2022-09-12,BR-00070
BUS-8360756,NF0XJ0FSF2,Business,96379774.61,2020-07-04,BR-00127
CUR-1580381,GS0PTVV4V4,Current,65406004.86,2019-10-23,BR-00021
SAV-7820392,C0XMJCF11S,Savings,66318813.68,2019-10-20,BR-00041
BUS-1599055,TRNKAI0XEL,Business,45555377.49,2020-09-16,BR-00123
BUS-7519924,N9B92YI8DU,Business,40418855.65,2022-12-18,BR-00171
BUS-5096296,CS8FNWAEFC,Business,95017949.32,2019-09-08,BR-00104
CUR-8052433,MED7H7762K,Current,88566752.5,2022-09-23,BR-00138
SAV-5033949,J3SWY6DKN3,Savings,99751487.21,2020-09-11,BR-00063
CUR-5530601,699FZF570K,Current,75369894.76,2019-03-19,BR-00050
BUS-5004310,BVT8C2UQ22,Business,28266937.0,2021-07-12,BR-00027
CUR-6224102,MTUU4KINOE,Current,40141081.14,2022-05-16,BR-00120
BUS-9038755,IT5GK3LTZ2,Business,96342826.61,2020-03-05,BR-00020
SAV-9972180,F7F504X0I0,Savings,84290839.63,2021-08-14,BR-00092
CUR-5835873,43EP0BH0UH,Current,61447363.78,2022-10-04,BR-00014
SAV-5408576,NMKBMQA879,Savings,9308162.34,2022-09-16,BR-00125
BUS-9537437,W8DK3G1BFD,Business,45609764.61,2022-09-30,BR-00005
SAV-9718183,1TL5W4CVM4,Savings,17779279.03,2020-10-05,BR-00169
CUR-6837288,J3O0KHUTVS,Current,38265094.4,2020-08-25,BR-00025
SAV-6297130,Q6CIEWF6RG,Savings,75277774.8,2020-04-19,BR-00164
CUR-4471740,MNXSLZUIA4,Current,65564387.15,2019-01-03,BR-00111
CUR-2442871,IA55EA30YA,Current,2281055.71,2020-05-15,BR-00061
CUR-1611641,B7WP7OYUFD,Current,46174123.7,2019-11-15,BR-00065
BUS-9939155,9T4JGX8V4W,Business,50941891.34,2020-01-17,BR-00137
SAV-9716946,WA50A7LB5M,Savings,22530822.84,2019-01-07,BR-00169
CUR-8907484,FWV4IYFWCB,Current,43498641.47,2022-11-18,BR-00138
SAV-9113727,TR94VWQTN6,Savings,47181520.49,2021-08-31,BR-00165
SAV-9433452,N9V2GP1OOC,Savings,30905657.35,2020-11-07,BR-00150
BUS-5759115,3BXXP4QA7L,Business,63712281.65,2019-12-17,BR-00179
CUR-3250765,5KMDTIDQ81,Current,15997275.02,2019-04-29,BR-00016
SAV-2792629,OY20GP1F66,Savings,81724156.99,2019-01-30,BR-00082
BUS-7737688,BOFFQUXGQL,Business,41805485.41,2020-06-22,BR-00034
SAV-9783086,LDUPW9H4O3,Savings,77197302.52,2019-01-30,BR-00036
BUS-5032520,SI6QPHMPZD,Business,12937330.58,2021-09-05,BR-00038
CUR-9111026,KUS9KGWYK2,Current,63047833.63,2022-05-08,BR-00192
BUS-7876786,H2LFB9970G,Business,40541668.73,2021-06-26,BR-00002
SAV-1462445,WUKVEMQ3TP,Savings,62415747.87,2019-08-25,BR-00113
SAV-4957151,GMKJZA3I6H,Savings,77211312.14,2021-07-31,BR-00022
SAV-2695479,AI0LZ49E29,Savings,48979394.73,2019-11-09,BR-00093
BUS-9647004,VKSD3AJ70Z,Business,99100358.94,2022-06-14,BR-00109
CUR-6952813,ZOHNMEI29V,Current,81699096.27,2021-10-31,BR-00101
BUS-8012491,4Y7PM8V50Q,Business,71070547.07,2020-08-29,BR-00161
SAV-2837536,2DMJSSDE0Z,Savings,3424558.05,2021-12-17,BR-00075
SAV-6464301,7MY7AVPI7P,Savings,74117645.54,2019-09-06,BR-00132
CUR-4261476,IITRY4J21R,Current,70705738.06,2022-04-26,BR-00174
SAV-3023811,Z372K4CF8B,Savings,54902187.09,2020-07-18,BR-00034
BUS-5369026,LHR7N35208,Business,70492382.48,2020-08-19,BR-00019
CUR-9337860,IUDVY1O3FA,Current,20962979.76,2021-05-25,BR-00018
BUS-1801654,Q3CBZ6ZUJU,Business,76606271.45,2021-01-17,BR-00120
CUR-8223612,8XUN00CTTV,Current,69234844.46,2021-06-24,BR-00009
BUS-1657100,PPPZDO45MU,Business,6887556.88,2019-09-22,BR-00087
BUS-6017503,JA8R13JO6S,Business,65030493.69,2021-07-22,BR-00059
BUS-5204461,9Q3XCS9G2K,Business,77379645.83,2019-01-15,BR-00103
CUR-8631736,DZ0DTF3J9G,Current,19505224.46,2020-10-06,BR-00141
CUR-6041113,NE0BKD6N8T,Current,92367130.49,2021-06-16,BR-00073
CUR-3076891,USI76WGQYY,Current,8851485.81,2020-12-15,BR-00012
SAV-6127100,0DJQWXBDZA,Savings,78205748.78,2022-03-10,BR-00059
SAV-6625714,46WU1059FR,Savings,10217055.92,2020-07-23,BR-00082
SAV-6013621,VFY5043UMT,Savings,4068463.11,2022-03-26,BR-00167
CUR-5853221,P2AA1ULC17,Current,1579397.66,2022-07-05,BR-00009
BUS-4161470,UYV0ZZJBSX,Business,10037479.31,2019-06-13,BR-00139
SAV-1345881,LJJOFD2IQH,Savings,46647884.32,2019-03-01,BR-00089
BUS-9356689,KR6G7QXBRD,Business,33887070.4,2022-11-09,BR-00001
SAV-4872420,8UQX1D48GP,Savings,3265273.15,2020-11-22,BR-00002
CUR-5254294,M24RY5LS3E,Current,74175962.66,2021-08-06,BR-00058
CUR-1847754,W61CFPWUWL,Current,92559659.1,2019-06-30,BR-00182
SAV-8917382,ADRG6QFWJ1,Savings,84894136.15,2019-01-19,BR-00056
CUR-5431689,XF4K5D8D8W,Current,56050343.35,2022-06-28,BR-00180
BUS-4636797,NZRZUWT2JD,Business,67558550.5,2019-10-21,BR-00184
CUR-9062052,FZCYYOS3L7,Current,3133705.27,2022-02-12,BR-00123
BUS-8486412,LRTT3G09OS,Business,45644721.94,2020-11-09,BR-00159
CUR-2318466,9COULBISLI,Current,29106139.86,2021-03-31,BR-00192
SAV-9076856,2CYJ4BZZN8,Savings,68365179.9,2021-12-01,BR-00183
CUR-4859087,D48H4V2M4W,Current,24526066.91,2022-12-14,BR-00102
CUR-4313540,RJXWYXODU8,Current,42399822.5,2020-06-16,BR-00021
BUS-1389746,121XNXX1F0,Business,75653580.1,2019-10-30,BR-00145
SAV-6072627,T9J30VWJOV,Savings,77920335.24,2022-04-05,BR-00200
SAV-5496995,BAJV5YTFSJ,Savings,98180494.77,2022-08-26,BR-00060
BUS-4976111,BD0D8GW6ZK,Business,78513931.67,2019-02-13,BR-00057
SAV-6074857,SP65OOXD73,Savings,17028013.01,2022-09-06,BR-00136
SAV-9716406,5MUGTDTVY3,Savings,49582359.42,2021-08-19,BR-00087
BUS-7209459,DFSSCZUXVZ,Business,29350379.17,2020-09-11,BR-00032
BUS-2819768,BD0D8GW6ZK,Business,43655221.49,2019-12-20,BR-00136
SAV-3169694,VQE6BNI33P,Savings,25901074.81,2021-02-05,BR-00138
BUS-6514299,BDVKOKEQ25,Business,81675478.85,2021-03-21,BR-00025
SAV-6736060,AV8HQLSAG9,Savings,80819357.53,2020-06-16,BR-00163
CUR-2294808,NLWPNQG0P1,Current,95769235.97,2021-05-17,BR-00152
BUS-8131642,Z9139B86UG,Business,96193137.09,2019-10-29,BR-00196
SAV-1154881,J9CX1LBOX2,Savings,63170425.36,2019-10-31,BR-00183
BUS-8352535,L4RZSMGXIW,Business,48607770.27,2021-04-19,BR-00098
SAV-2443632,KL3P8L12BP,Savings,84142119.05,2021-02-14,BR-00052
SAV-1248371,W7PHHQAJFF,Savings,87506562.89,2020-02-04,BR-00195
CUR-3902459,POX3RDTCG2,Current,62263937.88,2021-06-10,BR-00016
CUR-5216765,BDK80IW4TT,Current,82386786.63,2020-10-26,BR-00129
SAV-9468859,L9SJETF1TI,Savings,43854679.01,2020-09-09,BR-00057
SAV-4060895,0O3UR6DKB9,Savings,19444477.76,2021-12-22,BR-00030
BUS-8228170,8U6T5D4CYN,Business,50143047.95,2022-01-01,BR-00182
CUR-3759627,FVHUU2TG46,Current,18129494.91,2019-02-04,BR-00136
SAV-7847050,DBECF1Q016,Savings,91558620.84,2020-04-07,BR-00015
SAV-1101594,7TH90TWPZ9,Savings,7455761.17,2022-07-28,BR-00007
SAV-4878649,9JLB8J2583,Savings,79914602.03,2021-01-08,BR-00116
CUR-5889553,AGKIYZLT3A,Current,60600273.72,2021-05-11,BR-00138
CUR-9260248,QPB28163W6,Current,99397419.56,2019-01-20,BR-00044
SAV-3342187,APAFBIEV1R,Savings,28378406.41,2021-03-05,BR-00112
SAV-3691153,K7XVIM9RY4,Savings,28642554.64,2021-06-09,BR-00087
BUS-6645990,2CZJ1UJ2YL,Business,55332536.99,2021-12-02,BR-00123
SAV-7217353,B8N46DS1W1,Savings,79741437.62,2020-11-17,BR-00031
CUR-5029635,6GQC4HXLJA,Current,26590567.63,2020-10-06,BR-00188
SAV-9457027,3GDRJ6VV5Z,Savings,59848165.6,2020-04-17,BR-00145
BUS-9809518,6FE4F4Z41O,Business,31928950.66,2021-09-23,BR-00093
SAV-4671184,BOUX9WYUI4,Savings,49805356.63,2019-05-30,BR-00087
SAV-7562139,A2G314ILMP,Savings,6111680.62,2022-11-26,BR-00073
BUS-9165102,JJFPUHHMPB,Business,71331015.19,2021-06-12,BR-00012
CUR-6245683,UCQ9Z5OL3D,Current,3171051.96,2019-09-26,BR-00057
BUS-6154879,CSJM2HT3PX,Business,87495398.99,2020-09-29,BR-00086
CUR-1593912,0V6N1D0BVD,Current,86791401.79,2020-04-04,BR-00137
SAV-2451461,7MY7AVPI7P,Savings,85948841.95,2019-11-17,BR-00152
SAV-2627804,F2T33GWHC9,Savings,77988267.28,2019-07-31,BR-00087
CUR-7972349,AG6K2PBRV0,Current,32728620.27,2022-11-25,BR-00132
SAV-7964175,VO2NR6MYSS,Savings,97801731.58,2020-02-07,BR-00170
BUS-4075349,83TJPNDQX5,Business,57296050.97,2020-05-17,BR-00014
BUS-2223994,PGJ0SFGCMD,Business,12834989.36,2020-04-06,BR-00131
CUR-9359830,NTSP6TZ2I5,Current,65783407.95,2019-11-23,BR-00093
CUR-6692520,H91XKPYTD9,Current,4434626.24,2020-03-13,BR-00146
CUR-4505687,4FROXJWT0O,Current,70675572.17,2019-07-29,BR-00082
CUR-8651773,UAOFYB74Y0,Current,75542997.08,2019-12-27,BR-00167
SAV-4361867,NUXOZZDIBI,Savings,13606542.36,2022-01-11,BR-00123
BUS-8357769,E010OEY4MQ,Business,4569539.94,2022-04-30,BR-00087
CUR-1165635,JS62YR3ZOJ,Current,24957643.94,2022-07-16,BR-00033
SAV-3309407,I3MT3E7REB,Savings,90002610.42,2020-03-18,BR-00003
SAV-2663479,JJDJKTPFHF,Savings,84867566.55,2021-01-18,BR-00136
BUS-3957654,7EMTTWIXWB,Business,74662346.3,2020-05-07,BR-00140
BUS-5276407,FXJO7C69BZ,Business,4805278.73,2021-11-20,BR-00038
BUS-6077016,0WIM1C1O8B,Business,70392591.09,2020-02-06,BR-00131
BUS-3701666,KE1QXSY8NY,Business,97526839.45,2020-09-01,BR-00137
CUR-3354596,D9HGT06QPJ,Current,61433870.52,2019-11-05,BR-00143
SAV-9813229,MFH7AZNLUL,Savings,54724483.66,2021-06-12,BR-00127
CUR-6841273,UJFFF1E613,Current,73003895.2,2020-01-10,BR-00041
SAV-7436676,RKYN8OA86X,Savings,5897943.04,2021-05-16,BR-00047
BUS-4551091,01I0BKS0WT,Business,90627673.35,2019-08-31,BR-00131
SAV-2921726,NVLWDILH0T,Savings,38863963.74,2020-07-03,BR-00140
CUR-1853637,TVE7MLKF6M,Current,57446632.79,2022-09-14,BR-00194
SAV-4256891,1S5VL5DUQ5,Savings,5101581.03,2019-07-27,BR-00041
BUS-3757937,SBGINCPFRX,Business,69976220.17,2022-02-20,BR-00145
BUS-6656379,63CUZ15MCR,Business,72367419.65,2021-07-29,BR-00008
CUR-2279180,JK5UZHFH9K,Current,96148405.3,2020-06-17,BR-00039
CUR-5121752,JRBO6OM2KD,Current,21154426.79,2020-10-31,BR-00197
CUR-9178099,1QQBHVD193,Current,66623591.28,2021-08-27,BR-00199
SAV-5790728,D2SU9MNL69,Savings,12650907.83,2022-12-02,BR-00056
CUR-5662818,VH6MUBEJZL,Current,35102220.53,2020-07-25,BR-00147
SAV-8371996,2SCZVZ47ZT,Savings,99188221.87,2019-01-07,BR-00179
SAV-6379807,FOL1M5WJOT,Savings,22604081.58,2019-04-12,BR-00195
CUR-6104310,8WEYLI98WZ,Current,82673862.45,2022-01-23,BR-00075
SAV-8887179,3UYPIBAMUR,Savings,69117574.83,2019-04-21,BR-00021
CUR-6759089,ZAQGQV750Y,Current,56386768.47,2019-07-21,BR-00079
BUS-2095114,5CIONRDSA6,Business,10330003.66,2020-06-14,BR-00004
BUS-6671988,PLG3JF1GK1,Business,91400423.25,2020-07-15,BR-00040
SAV-5689353,HQP2PNPCU0,Savings,63719607.73,2022-07-02,BR-00046
CUR-4319450,4KX8TAWDKI,Current,72660380.64,2019-04-17,BR-00059
CUR-3096646,ZEFGHXS5MO,Current,80688030.78,2020-07-25,BR-00103
CUR-3480340,4VQNON5H4P,Current,13679548.65,2022-11-18,BR-00160
SAV-1104010,D60VLIESVI,Savings,51725585.75,2021-02-06,BR-00051
BUS-7459075,PF5WHLPD6J,Business,32120066.84,2019-05-07,BR-00091
SAV-9042485,SSQVQSM15K,Savings,78682919.96,2020-02-22,BR-00147
CUR-3598867,SMS5VKBUI1,Current,46567731.58,2019-11-05,BR-00088
BUS-7696895,1STQMCX26Y,Business,12965561.43,2020-06-06,BR-00040
SAV-6879682,CNJL1LI7HF,Savings,71017055.25,2019-02-06,BR-00143
BUS-4977910,CYL3P9R57C,Business,73278775.58,2020-10-03,BR-00028
CUR-1392451,VE674KTE1E,Current,70616285.81,2019-09-18,BR-00090
BUS-1877701,BABOKTBKF1,Business,75209605.76,2022-09-28,BR-00096
BUS-9602264,N0E4R5BJRY,Business,29622044.49,2021-02-17,BR-00003
CUR-2985458,CAEZVQ4R5E,Current,72837704.86,2020-08-09,BR-00043
BUS-5106008,NTZAD3ELW7,Business,90632063.21,2020-04-19,BR-00116
SAV-9401186,UW7RH2XAYH,Savings,76444101.62,2020-12-10,BR-00147
SAV-1363783,BPPOWFK4V5,Savings,14061773.53,2020-04-13,BR-00004
BUS-4964944,41DO2NJBQJ,Business,50816436.14,2022-09-07,BR-00058
BUS-4837032,VPLBAZDG07,Business,80705727.7,2019-05-27,BR-00125
SAV-9446569,1WC4X8KF1W,Savings,31086176.1,2020-03-31,BR-00048
CUR-9462904,UVY4T2H7R2,Current,49090364.44,2022-11-18,BR-00064
SAV-1240990,GEHL3JV21Z,Savings,20269965.06,2019-12-27,BR-00193
SAV-2221916,FZI2JWRKTX,Savings,89598776.48,2022-12-21,BR-00173
BUS-7015742,ZQUKMUBMCR,Business,97395236.06,2020-07-27,BR-00141
SAV-1970887,FY21VSOGGY,Savings,40566152.59,2022-12-02,BR-00049
CUR-4670593,ON0HVNAHW6,Current,36143389.43,2022-12-18,BR-00043
SAV-6093576,94HA8FAO31,Savings,10887138.26,2022-05-13,BR-00096
BUS-9470575,GEGBFV55MR,Business,88863109.03,2022-08-31,BR-00130
CUR-9178944,G1YMPC6ZX4,Current,61564171.77,2022-08-12,BR-00165
BUS-1623393,LBH2VNFG3B,Business,93348924.08,2019-04-27,BR-00149
BUS-1158593,9IB3JWL2Q4,Business,36422708.57,2019-09-22,BR-00069
BUS-8971318,2MIG4N3FMU,Business,45215742.95,2020-11-01,BR-00170
CUR-6716341,70XUSEGD98,Current,13795478.39,2019-08-06,BR-00140
CUR-7479578,V69TMEZ3H1,Current,20217173.67,2020-07-10,BR-00178
SAV-8707747,U929ZZRQ2Y,Savings,34505316.23,2019-10-05,BR-00161
SAV-7792637,XS6IAFS0LB,Savings,87371657.34,2020-07-09,BR-00052
SAV-7441899,KD5SY7G0Y9,Savings,97488433.34,2022-05-28,BR-00174
SAV-4781103,EMWLCNCMXV,Savings,90698968.38,2021-11-30,BR-00018
CUR-1522489,M6M9G57UHD,Current,36564707.72,2020-10-22,BR-00189
SAV-1890722,N2F57QNMTO,Savings,24655600.58,2019-08-19,BR-00056
SAV-7773064,YAPCCD5HZS,Savings,11984227.67,2022-01-26,BR-00083
SAV-5268317,QORGNB0CZO,Savings,33810205.31,2019-08-25,BR-00064
BUS-1115141,DB2BWB5TJ8,Business,35597726.38,2022-07-19,BR-00014
SAV-8908492,N3K4RA99DV,Savings,81878709.75,2020-06-07,BR-00154
SAV-7791819,6KZJLQAG7E,Savings,54021932.34,2020-09-13,BR-00104
BUS-6592118,2BI2KGRAEV,Business,89010427.36,2019-01-12,BR-00104
BUS-1044904,2ZNCC8FBRP,Business,96116428.88,2022-04-29,BR-00137
SAV-9850733,OOFY8J29KQ,Savings,88776327.72,2022-05-08,BR-00070
SAV-2498954,GOJ8O55WL4,Savings,337933.22,2022-01-02,BR-00080
BUS-6003522,ADRG6QFWJ1,Business,17835105.15,2022-03-20,BR-00058
BUS-7790375,L8HBWMXM23,Business,73135988.2,2020-05-26,BR-00042
CUR-6176678,CYL3P9R57C,Current,17474988.0,2019-05-08,BR-00186
SAV-3796796,JXZSSEBU9S,Savings,30051806.9,2019-12-10,BR-00178
SAV-2246643,WCVGCWSBCA,Savings,35281998.05,2020-05-13,BR-00083
CUR-1863757,UMATMWBZG1,Current,2777745.7,2019-01-23,BR-00107
BUS-9461425,UIONSVUV8I,Business,75645143.61,2022-05-12,BR-00084
SAV-9705646,OXRR40ARJN,Savings,62038974.81,2020-02-14,BR-00029
SAV-7266365,R514LXFGHB,Savings,99015514.33,2019-09-13,BR-00156
SAV-5325023,ZRMR9EU7NO,Savings,55577219.4,2020-08-25,BR-00182
BUS-2858807,UP7REEALAY,Business,29753790.89,2022-06-16,BR-00146
BUS-6486144,1KDWUSU6Q9,Business,29408273.29,2021-06-09,BR-00174
CUR-8610853,DZ0DTF3J9G,Current,61527325.18,2021-10-23,BR-00082
CUR-4609712,5NLNX0J7A2,Current,79030529.73,2019-11-19,BR-00118
BUS-8145572,YGUSFIBLNY,Business,22175997.51,2020-09-27,BR-00146
CUR-2701210,FT09D9G5W7,Current,46929280.71,2019-07-14,BR-00191
SAV-9911575,RUW97856GL,Savings,4539933.63,2022-05-10,BR-00094
CUR-3098493,4TRUEXG4ME,Current,94001989.46,2019-02-18,BR-00137
BUS-8937857,2C9BANVW7A,Business,56283284.31,2020-02-05,BR-00187
SAV-5904731,8MR7Z7V35G,Savings,21320449.36,2021-07-23,BR-00060
BUS-6498300,5TOD9ZGD2Z,Business,84918295.45,2019-02-17,BR-00033
CUR-8896834,N6HB5EBYDY,Current,47805018.59,2022-04-15,BR-00074
SAV-6812109,JXZSSEBU9S,Savings,66554513.37,2022-03-09,BR-00050
SAV-6808786,C15MIBXY1G,Savings,65117063.23,2019-04-15,BR-00170
BUS-7405501,CU7TC2NUX6,Business,55826984.18,2019-09-12,BR-00032
BUS-8923758,6KHW38OYMA,Business,24145613.15,2021-03-11,BR-00029
BUS-9263494,7NYFW0EDZX,Business,51975598.03,2021-03-21,BR-00183
CUR-2021364,V1IEGSC21J,Current,5897920.62,2022-10-06,BR-00041
SAV-9790817,O68B09OPG3,Savings,60067116.96,2021-03-01,BR-00020
SAV-1240726,479EDEDTLL,Savings,20626681.92,2021-03-27,BR-00010
CUR-9245412,I6BO6Y6XWA,Current,86036126.06,2021-02-18,BR-00060
BUS-6060698,NQTN0DTTE1,Business,20019095.5,2020-12-10,BR-00144
CUR-9400715,VQQG2TI8UW,Current,14378915.04,2020-11-13,BR-00183
BUS-1944848,JS34ZMDEIY,Business,62743793.28,2020-12-18,BR-00165
BUS-8188995,DTLFYY4MCQ,Business,91977181.96,2020-06-24,BR-00091
BUS-6695253,SN4M55HTJJ,Business,38915000.14,2022-09-11,BR-00030
SAV-1559546,ELPHBYTQJT,Savings,25809654.61,2022-12-04,BR-00187
CUR-1730011,5454JKI9Y1,Current,21034822.27,2022-10-26,BR-00167
BUS-4882394,VG5BCHTBTM,Business,82553885.03,2022-10-05,BR-00114
CUR-3472834,DZ4ZT3OFX8,Current,8055610.94,2019-11-13,BR-00191
SAV-2541412,KRH5KSFPOK,Savings,79963133.58,2019-09-06,BR-00043
CUR-4180856,XLR7FQQOHK,Current,23444058.66,2022-04-24,BR-00072
CUR-5570217,PRPOZEBPWP,Current,24153741.46,2021-09-10,BR-00152
BUS-9036076,HJHBA7QHPF,Business,2936868.57,2020-01-07,BR-00153
SAV-4781386,9GRI824SFW,Savings,42348029.09,2019-09-08,BR-00096
SAV-1140093,TNK4Z9N23C,Savings,41160930.96,2022-08-25,BR-00029
SAV-5588945,E9W16U8MU5,Savings,2317303.39,2019-10-19,BR-00009
CUR-4667034,I3LND82AOB,Current,62394999.58,2020-03-19,BR-00153
SAV-3256436,27RVFAW1OH,Savings,20576556.61,2019-06-14,BR-00083
SAV-7651331,WRHI4RB2MP,Savings,68463741.49,2022-07-04,BR-00169
CUR-6386089,DUMN0V8DMD,Current,72465487.36,2021-08-23,BR-00187
BUS-9288791,B8BZAK1832,Business,81427260.52,2022-05-30,BR-00122
BUS-9196828,856VDW74IZ,Business,50864037.14,2022-10-11,BR-00070
BUS-8973303,U89TDTHMU8,Business,94911367.74,2020-09-06,BR-00019
SAV-7355979,U5XZSJ03QP,Savings,72265357.41,2020-05-27,BR-00065
BUS-1920356,KEXQDJAFDJ,Business,65180214.51,2022-08-18,BR-00017
CUR-3596003,AXIA5FUDN7,Current,25401778.17,2021-01-21,BR-00092
CUR-8468330,TPD785B3UH,Current,19889883.27,2019-08-20,BR-00110
SAV-9799512,5NGS4LDOIN,Savings,89804741.59,2022-01-13,BR-00127
SAV-8924343,EU0QG32HRX,Savings,74317231.57,2020-08-22,BR-00031
SAV-7230702,0C23OTUTGG,Savings,64613890.48,2019-03-29,BR-00073
CUR-4794725,V9PS6A3Y0F,Current,50158335.69,2021-05-29,BR-00182
SAV-8326922,Q63B0XMSNE,Savings,6505804.88,2021-11-23,BR-00175
SAV-8883226,XMMRYHW5YT,Savings,99590550.82,2022-03-19,BR-00023
SAV-7779911,NAFYWSL4BP,Savings,3303269.22,2022-05-04,BR-00067
SAV-5789347,47LR2R79DI,Savings,59032995.86,2020-10-23,BR-00104
CUR-9966492,4CAY9FUIVD,Current,8768747.79,2019-05-28,BR-00135
CUR-7012593,AG6K2PBRV0,Current,80325947.69,2022-08-30,BR-00004
CUR-2071457,2S1CSA0VUK,Current,97647851.91,2022-05-20,BR-00117
BUS-3423552,I0EMVMNLRI,Business,87960470.47,2020-03-22,BR-00161
SAV-7719153,SJ07TIT6OY,Savings,28653799.05,2022-05-21,BR-00063
CUR-4237581,G3EZ4USD3A,Current,11329079.73,2021-05-19,BR-00123
BUS-6368221,BP0G66K6F6,Business,50757169.89,2021-06-06,BR-00193
CUR-3814774,MZZU8N9SD2,Current,71336208.34,2020-09-02,BR-00184
BUS-9657652,99X3L79VWH,Business,65954149.06,2020-11-21,BR-00134
CUR-9241511,URRCJN9PRZ,Current,28919388.61,2020-04-27,BR-00026
SAV-5342086,1STQMCX26Y,Savings,48191446.61,2021-04-23,BR-00084
BUS-9376726,9GMPY4UBUR,Business,59012159.51,2021-04-09,BR-00022
SAV-7888586,6LJCPZI86N,Savings,13128333.77,2022-09-11,BR-00065
BUS-6256988,SZCE6TTTFJ,Business,65068582.0,2021-12-03,BR-00127
BUS-4680503,4FAIQBKVKV,Business,14143153.28,2020-11-11,BR-00054
BUS-4058889,NBL5N88N46,Business,42325760.96,2019-05-22,BR-00173
BUS-8699883,H7E20I4ABD,Business,70013187.72,2019-05-09,BR-00075
CUR-9910805,T1ZRRPQ02C,Current,1740094.35,2021-07-06,BR-00041
BUS-9008288,0OMOI65UEE,Business,68385697.48,2019-01-04,BR-00146
SAV-8933342,R38M1U1AFT,Savings,8553245.55,2019-08-03,BR-00077
SAV-2222880,GCB5Y2UZV0,Savings,16481925.1,2020-04-04,BR-00040
BUS-3130200,YVAA9DD7OU,Business,47153177.63,2022-01-14,BR-00153
CUR-2748938,U38Z486TPA,Current,28702495.0,2022-01-14,BR-00015
SAV-4332384,XFPL7Y6RS1,Savings,38224649.96,2022-05-30,BR-00196
SAV-1206625,XHXD31ASXG,Savings,54589037.53,2020-02-15,BR-00027
CUR-1947578,EJHEIYS8TA,Current,4725274.69,2019-09-04,BR-00122
SAV-3145561,XSMOYOCIL0,Savings,32527220.72,2020-02-23,BR-00056
BUS-9562407,XKKGTGEA36,Business,440633.13,2020-04-21,BR-00108
BUS-1413739,RIW7W79Z0M,Business,79735169.85,2019-09-11,BR-00005
SAV-2887996,F3A2LC6CD1,Savings,37997695.57,2020-03-28,BR-00110
BUS-9027833,ZFRYZARJQQ,Business,20968657.06,2021-04-23,BR-00032
CUR-1025188,PLBBR50ZMU,Current,30602379.39,2021-09-03,BR-00173
CUR-5235624,EP5MK1SB1Z,Current,8428357.16,2021-01-02,BR-00155
CUR-1413373,DZ4ZT3OFX8,Current,31869713.88,2022-11-16,BR-00109
BUS-8207883,9VU3VP8GU8,Business,1946344.93,2022-11-27,BR-00165
SAV-6661701,S7N75NO171,Savings,41706338.66,2020-12-06,BR-00159
SAV-2573497,PBBXFS52CD,Savings,94641954.38,2022-01-21,BR-00142
CUR-3006246,R1SRT3LODW,Current,49123577.54,2021-06-16,BR-00157
SAV-5613453,ZUWMX0L33Z,Savings,93974724.85,2020-11-29,BR-00023
SAV-3012150,1MU0PWDWE0,Savings,3760814.79,2022-04-05,BR-00184
BUS-6798997,YC89ZT339X,Business,65206822.01,2022-08-13,BR-00121
SAV-1423031,J8D56Z7U7C,Savings,95264874.03,2021-07-06,BR-00061
BUS-1763651,T5A0IOQ2IA,Business,7054602.24,2022-03-05,BR-00099
SAV-6017447,ANBDCR5XQM,Savings,9894343.24,2021-11-07,BR-00070
BUS-4317529,PQFQPYNACO,Business,32677317.59,2021-12-19,BR-00173
SAV-4529140,2S7RFNDZJ5,Savings,51063128.24,2021-09-27,BR-00137
CUR-6408661,0XKVY7TB2V,Current,5191360.62,2020-09-22,BR-00128
CUR-7231986,ADNKZP21GK,Current,36560612.62,2022-06-26,BR-00074
SAV-4558486,UDZS8LDQXL,Savings,99897556.83,2020-06-07,BR-00122
SAV-1556450,TTEIUEULOE,Savings,97269146.69,2022-05-05,BR-00186
CUR-3867101,8F4VK7JP4H,Current,29564441.95,2022-09-25,BR-00128
SAV-8423320,0TDZ32R2IH,Savings,13654433.74,2022-11-15,BR-00127
BUS-8640650,NGUYD3AFQH,Business,65202485.87,2021-02-02,BR-00148
SAV-7233674,PH4LV5C6H8,Savings,20437219.5,2021-09-11,BR-00060
SAV-2139052,LU32Q1VFS4,Savings,61957199.25,2020-06-19,BR-00026
CUR-8935376,2KZXZNYAMF,Current,41200493.96,2022-09-25,BR-00046
BUS-3780814,UDBXXHCUVH,Business,43860367.42,2020-09-18,BR-00167
CUR-2576599,L34HL45ZRK,Current,62655352.43,2019-09-02,BR-00079
CUR-2681844,38KG8ETCY0,Current,16058722.32,2019-08-14,BR-00141
SAV-1111973,KJTB5N2SCF,Savings,19518663.07,2019-07-15,BR-00053
CUR-5393030,PH7UIUR8K1,Current,16116515.32,2019-10-19,BR-00071
SAV-4435727,G7AP3TNC76,Savings,78434179.76,2021-02-12,BR-00130
SAV-3378970,VV2US0XDYF,Savings,41322586.86,2020-09-09,BR-00006
CUR-5403478,RJAKA92PK0,Current,73265715.94,2020-06-01,BR-00149
SAV-9710859,WUVKP30MI3,Savings,22186755.65,2021-05-23,BR-00041
CUR-4087946,ZMX777MY1B,Current,24003796.57,2022-06-29,BR-00184
BUS-8671720,QXPZPO8SFL,Business,39281636.51,2019-03-28,BR-00106
BUS-9867403,FZCYYOS3L7,Business,92339613.82,2019-08-01,BR-00096
CUR-6519839,LQZ8ET92I5,Current,89345496.88,2021-10-29,BR-00142
BUS-5764505,N9HGQJ4THJ,Business,48978555.91,2022-08-20,BR-00196
BUS-4734164,KBHKQ5RTSF,Business,46026296.68,2022-01-23,BR-00109
CUR-1620570,5IR02FXI0R,Current,66060982.14,2019-12-11,BR-00172
SAV-2897641,DYGZCCQ6CX,Savings,58690405.53,2021-04-30,BR-00132
BUS-7633140,86C2QWQOQU,Business,36724600.21,2022-10-24,BR-00129
BUS-7400166,CMTJTF10R8,Business,73817842.66,2019-01-03,BR-00167
SAV-1410009,L4OLD7VGNT,Savings,93836166.96,2020-08-16,BR-00168
CUR-2159497,52ZX4NFXYW,Current,35181394.1,2022-08-24,BR-00182
CUR-2133940,Q5CPRS9EF1,Current,47101344.89,2020-12-14,BR-00199
CUR-3556954,PQ2QUNJGYT,Current,43367993.92,2022-09-02,BR-00175
BUS-1978234,J8EBDFJ2WX,Business,5191457.69,2022-02-03,BR-00165
SAV-1101835,86DYA7ZRRC,Savings,84904380.63,2021-04-01,BR-00151
CUR-5117366,1QH7DHKW1Y,Current,9049641.72,2021-08-24,BR-00163
SAV-6759566,TA7I2VK368,Savings,98831824.91,2019-02-13,BR-00092
CUR-2562930,57E7VZ3O0W,Current,23744773.88,2019-03-30,BR-00165
CUR-4801375,I224JQXU3C,Current,46054285.16,2020-09-22,BR-00091
CUR-8526439,XW2Y028FHB,Current,35966285.89,2020-10-06,BR-00111
BUS-6836198,YE3DK9HJZO,Business,12413226.3,2021-04-23,BR-00196
SAV-7073921,084WTWYF9I,Savings,19672150.75,2022-12-17,BR-00081
SAV-2690400,EU5F6NHQYZ,Savings,27792574.99,2022-02-10,BR-00177
CUR-2600267,TH3BDXQOLL,Current,97697005.6,2019-05-27,BR-00026
SAV-4467771,WQFIC8RJG5,Savings,45955322.31,2019-04-09,BR-00072
CUR-2456326,C43C472NNE,Current,59711731.86,2020-08-15,BR-00107
CUR-3560235,FTCK25IEZG,Current,7656004.11,2021-09-08,BR-00083
BUS-9765821,SMY91MBBFD,Business,73318239.27,2020-03-26,BR-00183
BUS-1471265,OC58TZW3QN,Business,83475934.96,2021-05-27,BR-00189
CUR-2529384,Y1NLNSHW3E,Current,62721800.53,2020-08-01,BR-00168
CUR-5839867,BX38CBOOHG,Current,26672195.29,2021-12-02,BR-00129
SAV-8481858,XYGX2DEUTW,Savings,53027659.62,2019-06-18,BR-00179
SAV-8131119,WVST2MSFHH,Savings,85836864.72,2019-04-04,BR-00123
CUR-8054275,WO53SZM83U,Current,9217169.46,2020-03-04,BR-00187
CUR-1419077,S82XFNMDXD,Current,94989155.42,2021-01-02,BR-00066
SAV-2084266,GKD0UE37Y8,Savings,76091907.7,2022-05-01,BR-00196
SAV-9292950,1TZ59LABKX,Savings,89701380.95,2022-02-04,BR-00115
BUS-9123456,2NW84NSOBW,Business,68637465.41,2021-11-18,BR-00168
SAV-7056412,J4CD4D705L,Savings,84829349.67,2020-07-13,BR-00040
SAV-9170490,MRJ3JTFET2,Savings,66249756.94,2021-08-31,BR-00107
SAV-1872940,8ALJ2L3RLW,Savings,79643134.45,2020-11-09,BR-00197
CUR-9171521,I0OOY8PHK3,Current,69450018.23,2019-10-31,BR-00042
SAV-9318351,X3WK2G059X,Savings,20855182.8,2021-06-14,BR-00141
SAV-3671319,NL1S07K2NJ,Savings,91199176.17,2021-09-24,BR-00069
SAV-4052387,MED8RMZBOB,Savings,7448717.62,2021-04-20,BR-00125
SAV-4749899,XFPL7Y6RS1,Savings,12792678.32,2020-10-08,BR-00104
CUR-5431697,Y4WYPFO0P4,Current,7937622.07,2019-01-10,BR-00168
BUS-5365722,Y2GR0E5ER9,Business,55232331.86,2019-09-06,BR-00128
BUS-1580633,9OO88GZXT8,Business,43898782.12,2022-06-24,BR-00195
CUR-9656340,7MEKG4L3VL,Current,2879592.02,2021-09-01,BR-00199
SAV-6924488,0GUZ5ZDZK1,Savings,61305211.93,2021-08-13,BR-00086
CUR-2968628,WU8D2UOP61,Current,93110320.04,2022-03-25,BR-00126
SAV-4066212,RBMULIRJIL,Savings,97659809.56,2020-02-29,BR-00040
CUR-3793628,9R4NHWQPN4,Current,96176025.75,2022-01-13,BR-00199
SAV-1117941,8WYQI26VAT,Savings,40062169.81,2022-06-17,BR-00084
SAV-1734323,BCQKS3PXV1,Savings,15332755.95,2019-10-09,BR-00062
BUS-1852222,OD4ZM93D54,Business,47680319.98,2020-06-03,BR-00004
CUR-5264312,T3SV6WH77S,Current,52501843.32,2022-06-27,BR-00057
SAV-2307587,FS9DUI14KY,Savings,91711555.08,2020-06-19,BR-00114
SAV-9370389,F96RQWK6JQ,Savings,7411533.34,2020-08-02,BR-00085
CUR-9781869,O41Q6JOX65,Current,33783884.13,2019-05-16,BR-00044
BUS-7054375,YAVMYUW8KH,Business,52916707.62,2020-07-27,BR-00048
CUR-2486403,M2YMY29KLP,Current,58586710.49,2021-07-15,BR-00146
BUS-5707832,8G2MFJR9HN,Business,16178226.54,2020-04-17,BR-00176
SAV-2057851,POGRW87MKP,Savings,67192572.27,2021-09-19,BR-00172
CUR-7710342,UBZZV4WAXP,Current,46520528.39,2022-07-06,BR-00200
CUR-6724919,0PQ8TR2MV9,Current,42529033.08,2021-08-15,BR-00115
BUS-8451318,23QZ9NEH85,Business,69234689.29,2019-03-15,BR-00068
BUS-4622455,TNAJXLLNQ7,Business,23842593.96,2019-04-01,BR-00050
BUS-9418213,7JMRXR4RZF,Business,46266678.44,2022-11-26,BR-00125
CUR-7649517,9AA26WJU8J,Current,84598827.61,2021-09-12,BR-00124
SAV-1075770,74BYLQIDXZ,Savings,99660363.67,2020-05-19,BR-00018
BUS-3739073,BRDPGAELT8,Business,92054751.19,2020-08-04,BR-00130
CUR-5972230,QJAAUE3HNG,Current,29834853.73,2021-02-07,BR-00108
BUS-3310620,FVUUA090IO,Business,33427056.96,2021-09-02,BR-00078
SAV-7644629,VPYBMT2RQV,Savings,31523558.53,2021-04-21,BR-00143
BUS-9334163,8WEYLI98WZ,Business,52545567.29,2021-06-03,BR-00032
CUR-8426926,OOFY8J29KQ,Current,3860870.58,2020-08-13,BR-00098
SAV-9921234,SJ7L88WQ03,Savings,68713927.16,2020-11-01,BR-00131
SAV-4602526,BOFFQUXGQL,Savings,27003639.46,2019-04-16,BR-00172
SAV-8087341,U9VFVARK0E,Savings,66452907.93,2020-06-07,BR-00066
SAV-5058778,SRA3I9MI45,Savings,82318491.92,2019-07-31,BR-00170
BUS-4947563,UH50TWI15B,Business,46502023.28,2021-09-07,BR-00070
CUR-4146605,4R4GMBNQV3,Current,6293980.59,2021-07-01,BR-00095
SAV-4701281,UMMFJO6AVD,Savings,61157250.89,2019-05-02,BR-00152
CUR-7237587,M3P457JN45,Current,31386248.04,2021-08-10,BR-00152
SAV-6579169,BOFFQUXGQL,Savings,3439394.36,2022-06-14,BR-00090
SAV-8998663,0CV5GEDKCC,Savings,27900732.01,2022-04-03,BR-00133
BUS-6051343,2X423G172J,Business,12881900.59,2020-05-02,BR-00009
SAV-7131870,7LOHEC1SH5,Savings,76157997.69,2020-12-15,BR-00008
SAV-8453613,9D3N8GKGNI,Savings,24277635.96,2022-07-19,BR-00037
SAV-9916508,44K5J1TZBM,Savings,84422237.62,2022-10-13,BR-00110
BUS-6113191,2BI2KGRAEV,Business,64310091.19,2021-03-07,BR-00091
SAV-6105396,NVYUQSEQEW,Savings,66049898.3,2022-07-04,BR-00158
CUR-5618047,0DHLHQIDJG,Current,59889524.37,2019-10-12,BR-00192
SAV-7808770,7D40GQEXAM,Savings,38939188.36,2022-02-02,BR-00151
SAV-1306809,BLETUVNJIM,Savings,34569642.97,2020-03-13,BR-00132
CUR-1956630,NAW05TMETP,Current,66126859.09,2019-08-11,BR-00159
BUS-7145007,BFXIIIBQXY,Business,66041958.24,2019-07-13,BR-00140
BUS-7467507,361YDZYLEI,Business,19098286.34,2021-03-19,BR-00002
SAV-6006586,XMYED9UDEW,Savings,42303111.45,2022-12-20,BR-00132
SAV-1292441,QC5MC6CU20,Savings,42320031.02,2020-10-10,BR-00136
SAV-6351758,RJMH9L2QA5,Savings,2063463.11,2021-12-23,BR-00011
SAV-2283483,WM8S9077H1,Savings,82382708.95,2022-09-21,BR-00063
SAV-8787980,72QA21VPPI,Savings,45264542.79,2022-06-21,BR-00022
CUR-9772316,Z3P2BU9Q5T,Current,89383900.29,2019-05-26,BR-00130
BUS-8226096,2PKUKE7U2J,Business,42796338.75,2020-05-01,BR-00096
CUR-7354048,FHSY71DD9I,Current,81083879.26,2019-08-06,BR-00121
BUS-8528638,W2V8IDUCWD,Business,91459077.79,2021-07-26,BR-00193
CUR-3343566,AZR0D0SUER,Current,63371441.8,2022-12-26,BR-00102
BUS-7223063,MSHPJOZVGV,Business,3334391.29,2022-09-04,BR-00119
BUS-8525848,O2NAVHVKBC,Business,68718705.86,2022-07-12,BR-00006
CUR-8670691,W3HDT73X38,Current,66209292.72,2020-07-12,BR-00177
BUS-1504562,K8OURN3L2F,Business,39835519.91,2019-04-11,BR-00066
CUR-5290126,IUM9BQSTDG,Current,80866786.06,2020-11-08,BR-00197
BUS-6466883,YZZE8ZGK38,Business,66211016.23,2022-10-29,BR-00064
CUR-8978233,PMT95VMMWQ,Current,43451977.2,2020-06-04,BR-00131
SAV-6682315,3P1Q9M7KC0,Savings,50853435.29,2022-01-29,BR-00088
SAV-9626882,OWX9UXLD28,Savings,28812351.35,2021-01-02,BR-00147
CUR-7322504,A32FDKEW85,Current,64727555.19,2021-04-18,BR-00169
BUS-1869085,W3HDT73X38,Business,41919509.69,2022-06-29,BR-00013
CUR-3491954,U5KEI6TO97,Current,578476.08,2020-10-04,BR-00067
BUS-3221718,PDG4IFDYKJ,Business,40229705.73,2020-08-13,BR-00120
SAV-5810899,61GT80Q3BU,Savings,78889410.48,2019-02-07,BR-00099
SAV-7554360,75YYWDGLH1,Savings,38246340.51,2020-03-23,BR-00200
SAV-9867124,13AC0XTQYJ,Savings,46021748.24,2021-04-28,BR-00109
SAV-5763811,RGW6J8GZ1B,Savings,31140836.99,2019-11-17,BR-00178
SAV-6413129,OC58TZW3QN,Savings,17727486.0,2019-04-08,BR-00009
BUS-5075951,CJDY0OB40E,Business,46737458.76,2022-08-30,BR-00128
SAV-4787174,SH5I0PPPC4,Savings,75716923.21,2020-08-07,BR-00175
SAV-6840232,CKX4C9D0AY,Savings,39949705.79,2021-03-16,BR-00185
CUR-6285234,7EB3N42CNQ,Current,48033696.2,2020-03-23,BR-00177
BUS-2973523,E1PND0VTUO,Business,86630136.79,2021-04-10,BR-00031
SAV-9640691,AGKIYZLT3A,Savings,74590000.71,2020-02-21,BR-00040
CUR-6118833,CWMW9X2LGY,Current,50355610.67,2020-11-11,BR-00054
SAV-8095386,DLDLQWM4LQ,Savings,64048730.5,2019-03-09,BR-00175
BUS-4736249,L4O7QDACA8,Business,27870836.78,2022-09-19,BR-00008
BUS-9970215,WFZPB7K4MN,Business,57621280.16,2020-05-24,BR-00094
BUS-4978277,QQF5APIZ60,Business,10147348.7,2020-05-04,BR-00125
SAV-7251365,H2LFB9970G,Savings,55762512.04,2019-01-16,BR-00172
CUR-6702072,G9DGOBWQR6,Current,60888512.66,2020-02-19,BR-00187
BUS-5778982,TVRDOEX24K,Business,46601192.83,2022-03-01,BR-00007
SAV-7079076,NOA2URNDM9,Savings,2358140.99,2019-03-05,BR-00122
BUS-9680360,KPX63IJFLI,Business,23409528.29,2020-10-25,BR-00028
BUS-8777119,A871WAYK0U,Business,8899186.03,2019-03-18,BR-00067
BUS-9941825,1V4NZ9F7O0,Business,88826625.96,2019-03-23,BR-00063
BUS-4265521,C6EA82HLJB,Business,24456411.09,2019-08-20,BR-00062
CUR-6879456,ELQGPZLIUN,Current,28769227.76,2021-07-30,BR-00155
BUS-2670837,8DM46X2MGK,Business,43892333.2,2020-11-28,BR-00078
BUS-1819298,PDG4IFDYKJ,Business,11466311.97,2022-11-30,BR-00061
BUS-6915156,6DTAG8UD8Y,Business,47347452.76,2022-04-24,BR-00069
CUR-5008034,PKBKGQCV0Y,Current,91038287.21,2022-04-11,BR-00136
BUS-4267136,CP2MAEZVBI,Business,15974532.76,2022-05-01,BR-00031
BUS-1744905,TNM665639Q,Business,86638698.39,2019-06-19,BR-00085
BUS-5343997,HJGC0TF9IV,Business,8797149.94,2021-04-17,BR-00108
BUS-3476257,JA39GJXF8F,Business,66196174.52,2021-05-26,BR-00149
SAV-3117709,G0BZ3Y8HGN,Savings,49623185.11,2020-10-03,BR-00004
SAV-8513677,AQU8PDLVEH,Savings,41395681.33,2022-10-16,BR-00028
SAV-4797632,FXRTS7CWP7,Savings,73347709.88,2022-08-16,BR-00111
SAV-6099457,4YPQ7IJ5HT,Savings,68319153.88,2020-10-17,BR-00163
CUR-5204256,SI7BSZTUL9,Current,34052669.31,2019-02-09,BR-00174
SAV-1456432,ABFMQ1NUTM,Savings,47060950.91,2021-01-12,BR-00081
CUR-2442827,1VK8YD7LK8,Current,30397457.86,2019-01-16,BR-00161
SAV-3703781,1QM7YZMPAO,Savings,71603291.04,2022-09-21,BR-00058
CUR-8500171,OJKXQN5B9O,Current,51738882.43,2021-05-25,BR-00042
SAV-3449448,PRSFIGTX7J,Savings,81894246.52,2019-06-17,BR-00090
SAV-9850951,HLQHMBQQTO,Savings,23720668.56,2021-05-01,BR-00067
CUR-8207553,XPSB758DZR,Current,12774927.07,2022-03-24,BR-00059
SAV-2907868,0Q2B9MMGK1,Savings,23699486.66,2020-10-20,BR-00149
CUR-7410967,X3WK2G059X,Current,34483234.68,2021-01-28,BR-00043
CUR-5952949,UOG3N8126X,Current,44930935.5,2021-11-01,BR-00019
BUS-7525136,CZWFHVRYZF,Business,96183929.43,2019-12-17,BR-00036
BUS-3189017,5URMDZSZKN,Business,9073381.35,2022-04-09,BR-00049
BUS-2032528,KW062Q55MV,Business,80572651.58,2021-01-02,BR-00087
BUS-8157037,IJVEJ7U3HS,Business,31636869.38,2022-02-21,BR-00182
CUR-8877275,RQ40R0YI89,Current,79555387.52,2022-10-26,BR-00040
SAV-9608474,9NWZIWBV2A,Savings,99149071.51,2020-09-19,BR-00102
BUS-1472058,XGK0KP0D9B,Business,69008151.53,2020-04-15,BR-00106
BUS-5703673,6D7L5PCDBT,Business,4610998.56,2019-06-16,BR-00114
SAV-9195399,FFZ6L399W9,Savings,92184529.86,2019-08-15,BR-00082
CUR-1097419,YJT38O9QU9,Current,49475871.54,2020-01-24,BR-00147
CUR-8058105,UUE29F19QT,Current,51498770.26,2020-05-10,BR-00063
BUS-7342214,OTWR7SW017,Business,12959984.53,2022-06-15,BR-00167
CUR-8547414,EWJ75N13FA,Current,79134470.29,2022-07-09,BR-00198
SAV-4886520,PH82I0AX64,Savings,48683349.65,2020-07-04,BR-00046
CUR-6148765,SBGK5DAT9Q,Current,50364409.02,2022-02-20,BR-00141
SAV-3300632,D280XHLBI8,Savings,62808595.74,2020-06-14,BR-00050
SAV-6074131,70242T76HX,Savings,97943929.5,2019-02-25,BR-00050
SAV-5478627,UGITR8Q6ZU,Savings,54321563.37,2020-06-25,BR-00055
BUS-1078368,LNPEP3POA0,Business,80164141.71,2022-03-24,BR-00198
BUS-4471866,XSUS9ZM39H,Business,46151884.75,2019-04-24,BR-00079
SAV-4436353,CYYHVE7LY3,Savings,10550653.52,2020-10-22,BR-00093
BUS-2591519,LB7QYE6PJ6,Business,59436368.47,2019-02-23,BR-00178
CUR-5243287,FWCJEWUZRH,Current,86741603.35,2021-12-17,BR-00166
SAV-9260737,7MXTHBZQTN,Savings,37935918.96,2019-04-07,BR-00149
SAV-2596195,9T4JGX8V4W,Savings,66053996.34,2020-06-06,BR-00033
CUR-8330094,O6VJQ49EVC,Current,26371983.95,2022-09-08,BR-00107
BUS-5472260,V0H084B3FA,Business,95027452.34,2019-08-04,BR-00086
BUS-5555710,OE4CHLSNRJ,Business,70637661.26,2019-06-25,BR-00030
CUR-6664134,2XG605ZJQC,Current,63232796.5,2019-04-13,BR-00185
CUR-5095328,L9NMX7NNPI,Current,65861603.13,2019-11-28,BR-00082
SAV-9163889,J4SIQQH74C,Savings,14781896.29,2022-11-05,BR-00098
SAV-1615476,XDFMKP6HVK,Savings,4837348.99,2020-05-26,BR-00133
SAV-4721052,VD7VGDE4MC,Savings,15675340.16,2020-06-15,BR-00129
SAV-9015414,S1OLMRKJWS,Savings,60274770.75,2019-01-22,BR-00076
CUR-1944549,Q0OHWZ03FL,Current,93280888.03,2021-08-02,BR-00063
BUS-7119705,6XLI1WE2Z4,Business,58066937.77,2021-10-30,BR-00142
SAV-2959453,U6BRUWA4NG,Savings,3568624.96,2022-05-09,BR-00048
BUS-5277687,WIEQC1COMO,Business,21152625.15,2020-11-21,BR-00094
BUS-5815381,VOCIA2D3ZE,Business,84982194.19,2019-11-23,BR-00149
BUS-8269875,92X8V3GP5B,Business,39612951.17,2022-11-08,BR-00174
SAV-3799376,K3NG9JU4YR,Savings,24840173.78,2022-08-06,BR-00001
BUS-5480367,2E4SIFVWYX,Business,47276618.04,2019-09-15,BR-00155
SAV-4296200,QTR3EZCG42,Savings,72291646.31,2022-06-02,BR-00010
SAV-9087993,06D48OPWLT,Savings,16356321.58,2022-04-17,BR-00159
CUR-6224990,1FORAHSJTI,Current,36302337.26,2020-11-30,BR-00173
SAV-6254271,VKL9AQW0L6,Savings,14065758.95,2020-06-17,BR-00166
SAV-3811071,MFGZGJ4UC7,Savings,24445536.27,2021-07-13,BR-00063
SAV-7910803,P8GRR5HPKZ,Savings,97630168.99,2019-04-19,BR-00115
BUS-7680061,OIRE8J7RF2,Business,99712605.35,2022-10-11,BR-00085
SAV-6905390,ZLDV8P9MO7,Savings,16760255.58,2019-06-19,BR-00085
SAV-8291589,3RSK9SJJYM,Savings,53895681.08,2020-04-17,BR-00064
SAV-7246512,TE16OMCHXB,Savings,96065454.84,2021-08-09,BR-00129
SAV-2339202,BO8J8PE67H,Savings,21355290.34,2022-10-16,BR-00120
SAV-9853368,AGIR7CSETN,Savings,88054500.32,2021-11-03,BR-00089
BUS-9268405,93ZW2NHBYK,Business,21995376.91,2019-12-12,BR-00166
BUS-4805071,F1OCNJQ47U,Business,99146352.1,2021-01-16,BR-00030
CUR-3716887,X2ONVB7XK7,Current,66699247.51,2021-02-23,BR-00183
CUR-5814521,UJK8JMIU31,Current,80371945.69,2021-10-06,BR-00127
CUR-8437372,ODPGUTPNLJ,Current,60952873.27,2020-02-25,BR-00167
SAV-5775085,O437FFGB9I,Savings,58998809.23,2022-11-16,BR-00052
CUR-3246424,CC9ONROC8U,Current,7010767.52,2022-07-11,BR-00186
SAV-3829856,EFU83YE6QF,Savings,80729093.65,2022-11-05,BR-00091
CUR-6825964,MUDDSON9EH,Current,64348161.99,2021-05-05,BR-00038
BUS-9740710,856VDW74IZ,Business,77049122.63,2021-09-02,BR-00124
SAV-4967349,HIX4Z0ZTH8,Savings,39915555.33,2019-06-23,BR-00137
CUR-7789590,F8F529BJV3,Current,77018352.9,2020-12-14,BR-00135
SAV-5971421,JF916D7ONH,Savings,67660283.65,2020-02-19,BR-00111
BUS-9936537,T7SG2O1WQW,Business,5726987.87,2020-12-11,BR-00021
SAV-3182500,PH82I0AX64,Savings,59147447.4,2019-08-03,BR-00198
CUR-6460830,731XN3B29S,Current,29999777.17,2021-09-18,BR-00057
SAV-7845701,9YIXX9M6DH,Savings,62992503.48,2019-03-18,BR-00163
CUR-5491463,UCBUK0A5AL,Current,14495407.89,2021-12-20,BR-00176
BUS-3591689,EJSQ1TWN94,Business,60667311.21,2020-03-15,BR-00064
CUR-5890381,RICSE1I0LM,Current,17670020.38,2019-04-27,BR-00168
SAV-6002216,0F12R1IB77,Savings,36808688.73,2022-06-30,BR-00060
SAV-3253027,35DRB31FZS,Savings,90140713.01,2019-02-06,BR-00196
SAV-4878192,KHCFORTK1N,Savings,9453187.41,2021-02-15,BR-00178
SAV-8864212,0YO7OOTU2N,Savings,98381459.43,2021-02-03,BR-00103
CUR-7991607,XUT7CJFN85,Current,2109384.44,2021-09-09,BR-00162
BUS-1869520,2GFEJZ7Q0P,Business,82388578.26,2020-06-16,BR-00090
SAV-1874700,X0AR66QNGC,Savings,14254528.67,2019-06-26,BR-00015
SAV-4063183,WO9X94EE4A,Savings,85654868.92,2021-08-19,BR-00039
CUR-1144430,FRB7C7QQK1,Current,43625643.62,2021-04-10,BR-00031
CUR-3602124,82PYGT7I5V,Current,39243087.39,2022-06-27,BR-00048
CUR-1023707,WTZ8DFT8MM,Current,68401971.13,2021-02-16,BR-00156
SAV-5512706,OUUKXGDJ18,Savings,77269208.15,2022-10-28,BR-00086
BUS-5777146,YV2EWUNTPC,Business,30093809.18,2021-08-23,BR-00107
SAV-2149952,NZ9GFVHYFC,Savings,50511150.39,2019-11-28,BR-00107
SAV-4849562,K1K9KK07GE,Savings,42030304.81,2022-04-18,BR-00173
SAV-6616813,WFK5WAFJC2,Savings,55175416.76,2019-09-21,BR-00145
SAV-9455739,RF5KSEXDZV,Savings,34126297.44,2021-06-07,BR-00013
SAV-3661986,JDRFIPG8T5,Savings,3786867.29,2021-01-17,BR-00124
CUR-8609767,K4ZVKX75RO,Current,36208320.44,2020-11-06,BR-00065
BUS-4343265,XDZME30I1A,Business,15678946.07,2021-10-19,BR-00135
CUR-6851830,APMHDUXZ5I,Current,97147797.12,2021-05-07,BR-00079
BUS-8125592,8MR7Z7V35G,Business,25723289.96,2020-11-24,BR-00035
SAV-8747326,0E73F3VPA6,Savings,50733826.46,2019-11-25,BR-00009
BUS-4178152,ZIZGDEX6TW,Business,35425316.2,2019-05-31,BR-00001
BUS-2594141,KD5SY7G0Y9,Business,12748644.76,2021-08-25,BR-00189
SAV-7022789,CDHJR5HU9Q,Savings,85945775.18,2022-12-26,BR-00191
SAV-9346871,96S0KIDG8R,Savings,68175863.51,2019-12-14,BR-00041
CUR-1377201,MERRSOO437,Current,1020768.32,2021-11-30,BR-00078
BUS-6616191,BOPR06U2YW,Business,61317330.71,2021-05-12,BR-00115
CUR-9764800,U0WROQQCZ8,Current,47767081.47,2020-03-14,BR-00058
CUR-9596975,8LWM6TPNPB,Current,47889250.7,2022-12-09,BR-00088
CUR-5981605,DPHPLBQHV7,Current,67100811.69,2020-01-27,BR-00191
SAV-3804981,2CG6HLHF53,Savings,15554893.77,2020-03-24,BR-00092
BUS-8043544,VW260K44A7,Business,69609608.16,2020-08-12,BR-00043
CUR-4565131,K6NLVT08OG,Current,48779246.3,2022-08-18,BR-00147
CUR-2805164,PWO8OCN1FJ,Current,10438436.98,2021-02-26,BR-00116
CUR-5172509,X75R3TER97,Current,99574246.46,2022-03-20,BR-00159
SAV-2476430,VWHIMG8M38,Savings,94637728.54,2019-04-03,BR-00063
BUS-1177702,VFY5043UMT,Business,92076033.58,2022-11-26,BR-00126
SAV-3633396,DVTNMHBM3J,Savings,918555.68,2019-09-02,BR-00140
CUR-7211684,FDLB2HBUZJ,Current,87457631.02,2022-04-01,BR-00153
CUR-8386109,LBEELK38AY,Current,37380581.16,2019-02-13,BR-00024
BUS-9817849,TSMTPQUYMC,Business,17949083.24,2020-11-30,BR-00059
CUR-2699540,VPLBAZDG07,Current,24512759.01,2022-02-28,BR-00040
BUS-2870997,XHXVEM67D7,Business,93300699.46,2020-03-24,BR-00124
SAV-5630715,BLINX01YOS,Savings,20372763.03,2022-11-24,BR-00051
BUS-7563672,MXKVSXHY0S,Business,44393001.38,2021-04-11,BR-00198
BUS-1788477,7J6GYT6VRK,Business,41117543.75,2022-07-09,BR-00136
SAV-9497439,GZG485JZ8I,Savings,71961392.37,2019-05-19,BR-00111
BUS-8178206,RQ40R0YI89,Business,23906440.45,2021-02-15,BR-00121
BUS-8495091,2M6S8UX3IU,Business,89645125.25,2019-10-13,BR-00070
SAV-1790346,S5TF30A9WP,Savings,55760779.39,2021-05-09,BR-00049
CUR-8387670,TVDCGTVC3G,Current,91347487.04,2022-03-28,BR-00141
CUR-4541917,H4IARS82U8,Current,26380051.87,2022-03-16,BR-00187
SAV-6090827,QAPZYE6O3Y,Savings,34056810.94,2019-02-26,BR-00026
BUS-8677410,LGHWG7N2WK,Business,7884034.93,2022-04-19,BR-00181
SAV-2101082,DS6WUFDQDL,Savings,53411659.48,2021-04-05,BR-00053
SAV-5228453,4OAWXZQK0X,Savings,72057591.46,2022-03-14,BR-00198
SAV-8097638,SP0K6NV4PB,Savings,65946543.6,2019-12-01,BR-00056
BUS-4349281,CPAQE0VVQE,Business,85035056.67,2021-06-22,BR-00016
SAV-8512308,JJAX1F0JIK,Savings,24970986.27,2022-07-27,BR-00185
CUR-1267804,B7IMW22BXJ,Current,79235769.18,2019-12-25,BR-00114
CUR-8926084,3A97LYNL3A,Current,63519298.48,2022-07-08,BR-00148
SAV-3094168,IJVEJ7U3HS,Savings,15452124.56,2021-07-03,BR-00034
BUS-5306645,O7H5QR2SWG,Business,5576368.76,2021-02-04,BR-00078
SAV-8064275,6YT94HFNU7,Savings,22692206.43,2021-10-11,BR-00054
BUS-6017605,3WBQJKPRJ3,Business,7731802.21,2019-02-11,BR-00081
SAV-8639582,GQX9608O0E,Savings,97001726.09,2021-04-09,BR-00125
SAV-1009569,XXOISYA434,Savings,59102365.24,2019-04-23,BR-00051
CUR-5932770,HE0M4NCHOP,Current,67410405.22,2020-08-09,BR-00199
SAV-4319322,LOZVZE2AA5,Savings,26581116.91,2022-12-04,BR-00134
SAV-4729625,2VE3NAJ6TS,Savings,20598891.14,2020-02-21,BR-00060
BUS-2127812,URRCJN9PRZ,Business,41756266.12,2022-06-16,BR-00109
CUR-8148953,K2MMD5AXAZ,Current,27513803.07,2019-09-25,BR-00076
SAV-3647526,GYYP3DFDLD,Savings,64242889.78,2020-04-14,BR-00171
SAV-9149824,ERJYGJUTZ0,Savings,92497909.09,2020-09-26,BR-00001
SAV-5699347,BYERZRYT8R,Savings,23748651.61,2020-01-09,BR-00089
CUR-9198889,2N3GI01H7K,Current,90840458.25,2021-07-18,BR-00100
SAV-3866892,14TW90C4TW,Savings,67137582.86,2022-08-30,BR-00089
BUS-6134987,0SG0WD7O7Y,Business,54408798.44,2022-11-13,BR-00123
BUS-6116186,5K1ZO7OJXG,Business,71565915.64,2020-09-02,BR-00001
BUS-3865564,U716Q0GMYT,Business,18441716.66,2022-10-12,BR-00077
SAV-1755413,OL2AJ75VK9,Savings,96884159.49,2021-08-05,BR-00167
BUS-3414537,ZTDCAMP9SD,Business,91124178.78,2021-01-06,BR-00127
CUR-7654833,YMQ4QXH6GT,Current,89762239.9,2020-08-28,BR-00199
BUS-1112977,4MSZZ1I6QM,Business,35469180.66,2019-11-25,BR-00191
BUS-6403073,WN7S3SYXFZ,Business,33325474.34,2019-10-18,BR-00090
BUS-1775197,QO19US26CP,Business,8860324.5,2020-12-29,BR-00080
BUS-9438913,6VD0964C4K,Business,99718727.16,2021-05-01,BR-00051
SAV-5179046,CSG5WKCJL3,Savings,81065136.0,2022-08-17,BR-00021
CUR-9126744,RED2ZSM174,Current,36812068.03,2019-04-27,BR-00089
BUS-9121218,PG73S2BOYU,Business,87661786.31,2020-09-26,BR-00016
SAV-4230753,KICY43H0Q4,Savings,78511254.23,2021-12-02,BR-00167
SAV-3795266,3RQD76H01J,Savings,29369546.91,2020-01-21,BR-00051
BUS-1184030,GLC3B1NI23,Business,94796578.41,2022-07-14,BR-00094
SAV-5986642,NQTN0DTTE1,Savings,27088064.36,2020-03-23,BR-00114
CUR-1110801,WQIDSV6028,Current,1065256.72,2020-12-05,BR-00036
CUR-6198459,9X5ZBI4598,Current,35416994.09,2019-10-27,BR-00044
BUS-5338945,K4NEJM56RN,Business,6362051.82,2021-03-03,BR-00042
BUS-3541878,OZFVCS4TNO,Business,4775504.85,2022-09-21,BR-00170
BUS-2311026,Z4BN551BRZ,Business,51068387.72,2019-01-15,BR-00090
BUS-1367046,U0TDPKC1Z3,Business,62641040.68,2021-09-06,BR-00161
BUS-4764254,O9UGPQVGM1,Business,20500757.92,2021-06-12,BR-00051
CUR-8830498,1ZMVN7P5U3,Current,60533757.71,2022-07-18,BR-00077
BUS-1769511,5TCG5PN2EE,Business,47802250.13,2020-07-21,BR-00010
CUR-9336675,5YH1XODLOQ,Current,91116142.64,2022-11-23,BR-00055
SAV-3549548,EUMSFCEG9D,Savings,80041512.9,2020-03-19,BR-00025
SAV-1523326,75YI3SWWMF,Savings,25481658.53,2022-10-13,BR-00042
BUS-6202652,O5UG27JQM2,Business,34730217.96,2021-02-20,BR-00143
CUR-2708801,AWVATWP59G,Current,72496122.76,2021-10-24,BR-00016
BUS-2953220,K94KV2DX2X,Business,19712814.73,2021-05-27,BR-00136
CUR-8748004,U8NKGGU3W6,Current,9017959.7,2021-11-28,BR-00096
SAV-2105565,W3VB98N169,Savings,15618088.55,2021-12-27,BR-00043
BUS-3130912,C6L7XDPUH7,Business,62796804.34,2022-09-19,BR-00182
SAV-4153265,XCZRQF1L4I,Savings,18974116.72,2021-05-17,BR-00010
SAV-3539161,M6BZAH4CXK,Savings,29489729.74,2021-01-09,BR-00171
BUS-9786430,S5MUP4FFSG,Business,82042306.67,2019-03-16,BR-00124
CUR-2449986,XP0BQ1XHO0,Current,7442471.58,2020-01-17,BR-00086
CUR-3442398,VDWURMFRSK,Current,92682497.22,2021-04-09,BR-00082
CUR-6986179,U5XZSJ03QP,Current,96844669.59,2021-04-17,BR-00015
CUR-3019805,DVIOHY3AGZ,Current,34095368.93,2021-08-29,BR-00103
CUR-6476043,P614R92LN8,Current,22241483.38,2022-07-28,BR-00161
CUR-9688727,15HO47QAZ3,Current,58738930.58,2020-11-26,BR-00045
CUR-3270052,VPPOFZ19XU,Current,66242426.04,2022-03-23,BR-00077
SAV-8462535,EXYFW2H00Z,Savings,88644214.07,2019-05-15,BR-00073
SAV-8111359,QCOU1OHCAE,Savings,1496554.01,2021-05-14,BR-00145
CUR-5430406,TAH4A5K6HM,Current,19934093.88,2019-03-21,BR-00003
BUS-2736159,Q0NRC57EWO,Business,55425061.29,2022-04-09,BR-00168
BUS-2415456,8K4Y587KFD,Business,17217288.16,2021-10-21,BR-00115
BUS-7955279,XSMOYOCIL0,Business,23352847.26,2022-09-28,BR-00161
BUS-7251757,3EHJLFL7EZ,Business,24230724.78,2020-02-07,BR-00037
SAV-6065078,UI5JZ5S0FM,Savings,65232405.5,2019-07-30,BR-00108
CUR-1071985,WUQ9TQNUUY,Current,53167018.02,2021-12-12,BR-00063
CUR-4466811,M7KLXP4819,Current,46387581.38,2021-06-04,BR-00060
SAV-4491109,NI3KFXBI5R,Savings,97188853.59,2021-08-26,BR-00176
SAV-6993690,NW4YBDI9S1,Savings,35766853.84,2021-02-10,BR-00063
CUR-7755288,37T4180T8K,Current,45846215.25,2020-07-10,BR-00188
BUS-2421635,WVST2MSFHH,Business,29135844.38,2022-02-03,BR-00180
SAV-4847627,M7Z4BIC1A6,Savings,92863453.51,2021-03-15,BR-00076
BUS-5319200,0JTP9CFLZG,Business,56468946.51,2020-02-24,BR-00009
CUR-9952345,W3HDT73X38,Current,86806970.25,2022-10-25,BR-00056
CUR-8286526,J4SIQQH74C,Current,92071095.09,2019-07-11,BR-00034
SAV-5429672,82PYGT7I5V,Savings,22586313.4,2021-04-23,BR-00090
SAV-9563845,O0C7ZHJZMN,Savings,50774546.22,2021-05-31,BR-00108
BUS-5697678,A9YH3ARSIT,Business,22742627.07,2021-07-13,BR-00155
SAV-8225231,SDF7888YC7,Savings,90079633.75,2019-04-18,BR-00020
CUR-8173852,O5UG27JQM2,Current,21835755.29,2021-02-18,BR-00137
CUR-1319441,SDIF9HTCS4,Current,62637007.84,2022-07-13,BR-00021
CUR-7943121,3H4YSO13YF,Current,84155999.49,2019-02-19,BR-00074
CUR-1353924,560BRPJW34,Current,55908859.29,2021-07-11,BR-00035
SAV-2901176,T4UFZ3HBG5,Savings,46124401.13,2021-11-02,BR-00016
BUS-7267375,VDETUKQNX6,Business,40305893.23,2019-12-19,BR-00040
SAV-4684816,G9T6OAUJ85,Savings,29345560.52,2022-02-19,BR-00017
BUS-8642039,AEF9PT35QT,Business,72881146.09,2020-03-13,BR-00139
BUS-9858635,5KQC4SW75L,Business,16770765.12,2022-01-09,BR-00118
BUS-7063227,IT5GK3LTZ2,Business,90834620.96,2021-05-12,BR-00159
SAV-6589953,HG63C38MAF,Savings,11479571.06,2021-02-05,BR-00020
SAV-9524623,O640PI5M1S,Savings,94889545.4,2022-05-04,BR-00005
SAV-3685282,93ZW2NHBYK,Savings,28400309.72,2022-02-17,BR-00055
BUS-3762654,NKXTQLPRX1,Business,5304090.13,2022-10-25,BR-00187
SAV-1870679,1KOREKLFKA,Savings,34762927.03,2022-07-07,BR-00185
BUS-7116899,8AIX68E5UN,Business,21155310.82,2021-05-16,BR-00199
SAV-9128381,DSV8AGYSB2,Savings,74074579.99,2021-12-16,BR-00056
CUR-6462769,AJ1IA8RUMV,Current,75127419.2,2021-12-05,BR-00157
CUR-8519223,Y4LPIPQ0X7,Current,18319942.36,2021-01-31,BR-00132
CUR-3373021,92E3UYDGOI,Current,4602901.5,2022-07-29,BR-00040
CUR-4488994,EIPXT1I42Q,Current,96979335.81,2019-07-25,BR-00003
BUS-3664759,P7GNRSZXYW,Business,87554789.63,2021-01-24,BR-00075
BUS-7142474,8K4Y587KFD,Business,5765056.71,2021-01-29,BR-00110
SAV-9650317,2N3GI01H7K,Savings,6517289.3,2020-10-04,BR-00092
BUS-5857275,7IVSCYY9Q7,Business,38289744.58,2020-06-22,BR-00131
SAV-1858249,Z24U9EEUGF,Savings,91496888.8,2021-03-20,BR-00192
CUR-5488749,KGE29R6RAU,Current,81562733.54,2022-08-23,BR-00053
BUS-3435060,YDL89LKKZZ,Business,15880698.45,2019-07-29,BR-00104
BUS-6010556,F1OCNJQ47U,Business,47597214.69,2020-11-09,BR-00199
CUR-7230245,MBQAVM5U95,Current,60493428.16,2019-05-02,BR-00200
CUR-6031121,77DP3YLMJW,Current,91558747.65,2022-12-06,BR-00117
CUR-3972164,UG1TH0JVNT,Current,14237270.14,2020-08-02,BR-00064
CUR-2771153,FKQBRZQ76Z,Current,53563751.54,2019-11-18,BR-00057
CUR-7699452,J4SIQQH74C,Current,72173805.95,2019-07-18,BR-00016
CUR-8512611,GT7NZQ0KWS,Current,20999823.69,2021-07-13,BR-00194
BUS-3260459,VEAAHKI6DT,Business,14450242.0,2022-02-06,BR-00121
CUR-5616948,UJ4FPRN4QY,Current,59366137.52,2020-02-25,BR-00036
CUR-6572634,NT460734YZ,Current,68715908.42,2021-04-13,BR-00041
BUS-1950958,111JI1HNRI,Business,42357365.67,2020-11-06,BR-00111
CUR-6354423,R4I1PBL5Z3,Current,84922850.79,2021-12-02,BR-00003
SAV-1359363,2PEEODDR4W,Savings,75350115.73,2019-04-06,BR-00094
BUS-9990760,9043XF8YWQ,Business,3956707.96,2019-01-05,BR-00035
CUR-7768558,Y881PAGTPP,Current,42002246.54,2019-11-27,BR-00114
SAV-5384983,MNF9IRM3HL,Savings,28428541.0,2020-03-16,BR-00166
BUS-6588756,WETVXSZWJJ,Business,42309034.59,2020-02-27,BR-00041
CUR-9255679,AGKIYZLT3A,Current,17827120.25,2021-10-12,BR-00030
SAV-5455242,MYIVCD8YAZ,Savings,17382625.5,2021-01-20,BR-00092
CUR-1399844,K9Q1C2FU1N,Current,94465408.6,2021-05-25,BR-00132
CUR-2487724,UVLKZ8G2B3,Current,10746547.34,2020-08-08,BR-00035
CUR-1785687,56GOX0EAVK,Current,95587434.92,2022-07-08,BR-00037
CUR-5354995,PN0XELTSXP,Current,57552498.32,2019-11-13,BR-00101
BUS-4631535,K9I9A2O968,Business,40782623.44,2022-01-04,BR-00080
CUR-3408716,R5U06O0EDG,Current,22276580.98,2021-12-01,BR-00125
SAV-6328242,WT2ZTF92VT,Savings,19167347.81,2020-09-03,BR-00073
SAV-1907935,I224JQXU3C,Savings,16661380.57,2020-06-08,BR-00166
CUR-3129213,MPY75AWDAJ,Current,66942490.64,2020-12-04,BR-00127
CUR-2001729,ZUFPDXMBD9,Current,60754808.56,2022-12-29,BR-00105
BUS-4052313,8BUUV1K1D4,Business,19127440.19,2019-03-08,BR-00102
BUS-3445869,XHPVLRUU4W,Business,28720528.45,2022-11-18,BR-00068
CUR-8349160,MBSWHHK7HS,Current,84398120.4,2022-10-11,BR-00118
CUR-1935499,Y20Q55BDJC,Current,97809434.73,2022-10-12,BR-00072
CUR-3198539,NCW6H0ZOCB,Current,16756159.77,2020-06-17,BR-00011
BUS-9046260,D98G131NVR,Business,1511323.92,2021-04-30,BR-00081
CUR-5237906,A7AVHAUZ0I,Current,40427149.56,2020-02-17,BR-00131
BUS-8146341,KB0SJ326UO,Business,11885421.59,2019-06-17,BR-00007
SAV-3574307,68IN77NHWK,Savings,32983420.33,2020-08-22,BR-00024
CUR-5857890,XHXD31ASXG,Current,16255217.93,2020-08-18,BR-00199
CUR-1226270,F3GJMFZDMP,Current,39970167.47,2020-09-23,BR-00067
CUR-2964933,BG5QCH8PBQ,Current,75867957.46,2020-08-18,BR-00073
CUR-3654184,KFYXOHC67F,Current,68959819.59,2019-03-25,BR-00161
CUR-6483250,A0MVPJGAHC,Current,88186358.27,2021-02-12,BR-00086
SAV-8612870,X1YQW70IGG,Savings,91377752.03,2021-04-14,BR-00116
CUR-9808768,30A8RW9GJ4,Current,46402196.55,2022-11-23,BR-00118
BUS-1238347,05BIBEZHUR,Business,63869563.5,2020-09-04,BR-00147
SAV-5346892,29GY7QH9V5,Savings,57049469.76,2022-03-11,BR-00044
BUS-1162531,BFXIIIBQXY,Business,39248474.57,2021-08-26,BR-00153
BUS-9301916,8I2IH07SAN,Business,67497739.03,2021-10-08,BR-00099
CUR-9023407,IT8HWCTWZZ,Current,90199484.37,2021-07-18,BR-00077
SAV-7345593,N5LXGEIE4Q,Savings,15336665.24,2022-10-01,BR-00119
CUR-4143238,UMATMWBZG1,Current,36297700.05,2021-05-15,BR-00017
SAV-1830602,A5DLZGT0KQ,Savings,57987206.51,2021-03-12,BR-00049
SAV-3500635,LPUQH50M8C,Savings,74754980.57,2021-06-26,BR-00089
BUS-4037654,W81AJXJGKD,Business,60562145.79,2019-11-17,BR-00145
SAV-8756546,DV09J0AVPS,Savings,92953192.39,2019-07-01,BR-00079
CUR-4235728,W7OWUM6QI9,Current,29486657.98,2021-11-20,BR-00139
BUS-7863232,WAU8LSS2MY,Business,21610041.48,2020-08-06,BR-00045
CUR-9835287,9O1SIK65M8,Current,33043086.38,2022-10-06,BR-00136
BUS-3347842,BJQJFB0B1D,Business,63403195.51,2020-09-21,BR-00069
CUR-7188996,AEF9PT35QT,Current,26567789.97,2021-11-04,BR-00122
CUR-1123356,1EEYACX05R,Current,33735353.48,2020-03-20,BR-00005
SAV-6994514,K9O7RDB0XA,Savings,16237657.47,2021-08-18,BR-00095
BUS-7452505,V2VQC3019Q,Business,4816981.94,2021-10-11,BR-00146
BUS-8791116,IVA7ATVIYG,Business,26909214.22,2020-03-24,BR-00039
CUR-3169834,KTFTSFG246,Current,88577677.87,2019-08-13,BR-00151
BUS-5167132,ML5KC68IC2,Business,97764372.89,2019-05-09,BR-00019
CUR-1689256,JCQ2YQ20T8,Current,46023929.17,2022-03-17,BR-00029
SAV-6764453,YBYMVKU9YL,Savings,52722787.75,2022-11-07,BR-00104
CUR-9073273,8QI53UAIB3,Current,95722006.75,2021-09-10,BR-00110
SAV-2573539,KMZF12KTUE,Savings,79854660.29,2022-02-23,BR-00100
SAV-1107966,UP7REEALAY,Savings,28561753.37,2019-10-20,BR-00180
SAV-5928712,ZDRCON0A5P,Savings,1433010.7,2022-04-17,BR-00032
SAV-5197919,QCU15DMNHL,Savings,10826123.96,2022-01-19,BR-00156
SAV-8048565,FGO9IACMMU,Savings,46040558.51,2022-05-23,BR-00152
CUR-7525883,F1GGN5KWLS,Current,48617309.62,2020-09-05,BR-00098
CUR-1242540,NISRJTWLKX,Current,38975631.88,2022-09-24,BR-00073
CUR-5036409,FZ9KJTALNN,Current,27219466.16,2020-03-22,BR-00019
CUR-7984485,JCQ9TBG8I6,Current,45192732.68,2020-08-08,BR-00064
BUS-5926283,R24XSL8FKE,Business,29055862.0,2021-12-11,BR-00048
BUS-3258014,5YK6GE44YM,Business,95531231.08,2022-09-27,BR-00194
SAV-3493393,8NRZKDQF1X,Savings,55999342.43,2020-03-12,BR-00001
SAV-4756653,RDJ8Z858P0,Savings,91778446.06,2019-02-05,BR-00055
SAV-3092394,6LKPQZPISC,Savings,17261085.56,2020-11-23,BR-00059
BUS-7935012,NWDJ5ZKY1V,Business,35083411.93,2022-12-03,BR-00030
BUS-2539746,MXKVSXHY0S,Business,79793343.43,2019-03-27,BR-00188
SAV-8081469,EVGDLFYB5F,Savings,83781797.35,2022-12-04,BR-00053
CUR-2433027,N5F6P740Z7,Current,86880409.02,2022-09-08,BR-00055
CUR-7632685,7XESL6TT70,Current,12842903.24,2022-07-06,BR-00142
SAV-2358736,PRWMLQE55A,Savings,86226273.66,2021-03-10,BR-00159
CUR-2735906,ZN1SGP5IE6,Current,33373646.28,2021-07-25,BR-00074
SAV-2411446,RDANWMRXUG,Savings,16262626.25,2021-07-09,BR-00200
SAV-6848097,OIBZ888OVA,Savings,84845687.01,2020-02-26,BR-00021
BUS-2266321,Q4AERDZBUY,Business,21714596.21,2022-08-30,BR-00116
BUS-4097499,VV2561WH67,Business,76606146.82,2021-01-31,BR-00081
SAV-7086323,YT8EWTOJJ5,Savings,80943103.83,2022-09-09,BR-00184
BUS-8633753,2DMJSSDE0Z,Business,75123086.09,2021-04-18,BR-00060
CUR-3395407,E03XKHDJDU,Current,60076647.82,2019-09-09,BR-00175
CUR-3806871,Z5SKZRR1RD,Current,23034002.95,2022-01-28,BR-00037
SAV-8210854,6KHW38OYMA,Savings,98510745.83,2021-06-20,BR-00164
CUR-2249919,WZF8BD5F07,Current,28300389.03,2021-05-04,BR-00158
BUS-2781085,TB0SID0WBN,Business,39224980.69,2019-05-05,BR-00053
CUR-1645246,CMOP7HNEEW,Current,67396186.4,2021-11-19,BR-00113
CUR-7032850,5V09N6UMDG,Current,18769025.72,2021-02-02,BR-00014
CUR-2686470,57E7VZ3O0W,Current,65081729.84,2021-08-23,BR-00097
SAV-3962415,7DD4F8JZL1,Savings,30281356.1,2021-09-30,BR-00196
CUR-2852587,13AC0XTQYJ,Current,57864988.26,2021-09-11,BR-00013
CUR-8364545,GO97905K92,Current,68487838.94,2022-07-31,BR-00179
BUS-5944726,CEXZ4MRPVF,Business,81438294.75,2019-10-04,BR-00108
SAV-8637146,UWRF64M2CB,Savings,60529176.51,2021-11-20,BR-00166
CUR-1497191,3LHYE207QX,Current,3290282.72,2020-10-01,BR-00099
CUR-5345542,6D7L5PCDBT,Current,35222593.12,2021-01-07,BR-00120
SAV-8113762,DPHPLBQHV7,Savings,91673046.03,2021-02-08,BR-00027
SAV-2249162,8I2IH07SAN,Savings,35444302.71,2020-12-21,BR-00168
SAV-7365562,RD8U3XDJX2,Savings,90265708.3,2019-02-23,BR-00170
SAV-4129542,TEH5JAXU7P,Savings,4445215.37,2022-10-29,BR-00130
CUR-3694361,N4E2A6U37C,Current,32184218.21,2019-03-03,BR-00069
BUS-7154373,RZCM6K3NZL,Business,49054843.0,2021-12-24,BR-00187
BUS-5427232,LUR73IWIJQ,Business,1445286.18,2020-03-22,BR-00161
BUS-4699945,52ZL2M8W52,Business,11437682.66,2019-03-04,BR-00054
BUS-4792480,IN62AZTGFC,Business,38697844.54,2020-01-29,BR-00064
CUR-6500747,WWW23DPI8C,Current,63768565.54,2019-06-08,BR-00196
BUS-4017319,X9IGE81SJH,Business,33429614.89,2021-09-09,BR-00113
BUS-7145874,Y4E27473PV,Business,18195094.09,2021-01-12,BR-00149
BUS-3026038,OTF2F15GDV,Business,92645586.11,2022-11-13,BR-00017
CUR-3687905,ANUXA9HKB7,Current,28971980.26,2020-09-30,BR-00126
SAV-1869941,UDWQB1MZ5G,Savings,40344559.06,2021-02-24,BR-00056
SAV-6457159,7HN12NBCQG,Savings,24548797.07,2021-08-27,BR-00051
CUR-5273257,ESKENU8K0B,Current,64926537.16,2022-05-25,BR-00143
SAV-8319136,OK2EZGPWGS,Savings,98704325.29,2022-06-26,BR-00072
BUS-7613044,0Y4OHWP762,Business,89637225.73,2022-03-21,BR-00199
BUS-4792802,UHS2MJY0TK,Business,36653757.6,2020-03-19,BR-00053
SAV-4757329,GYO9R399CC,Savings,43310997.64,2022-03-06,BR-00122
CUR-9754901,O2O49ZHEXK,Current,61517626.61,2020-09-18,BR-00108
BUS-6950755,V1IEGSC21J,Business,63013280.14,2022-11-02,BR-00106
CUR-6216430,8BUUV1K1D4,Current,86224424.31,2021-09-28,BR-00081
SAV-6998980,4SDLU9BYW1,Savings,33199525.79,2019-12-26,BR-00013
BUS-3663165,Z0I2J4EZBS,Business,82862184.07,2020-10-18,BR-00139
SAV-7292782,SRHM4O0BO1,Savings,35766782.63,2022-07-05,BR-00162
SAV-1113695,XFIZ78GHL0,Savings,4738721.59,2022-01-02,BR-00124
SAV-6925620,N0SLA9ZMCV,Savings,70902366.74,2019-06-08,BR-00027
BUS-6058636,J6W7FDYBV2,Business,97039888.96,2020-07-18,BR-00021
BUS-5758386,GMLZELXB6P,Business,54202707.92,2019-04-26,BR-00185
CUR-5981065,KEXQDJAFDJ,Current,25325267.5,2020-02-22,BR-00151
CUR-1710516,XK0JHS3IH1,Current,22868229.8,2021-09-29,BR-00044
SAV-6588465,2ZNCC8FBRP,Savings,58883454.75,2019-04-06,BR-00127
CUR-5352964,VJTU78FI0C,Current,87726543.33,2021-06-09,BR-00110
BUS-2862857,9NKWDTGHYL,Business,59877661.08,2022-10-23,BR-00150
CUR-3886767,G8QIYSJ34J,Current,50575522.95,2019-09-18,BR-00196
CUR-8806604,HCG2FR62MU,Current,63980196.51,2019-04-29,BR-00108
CUR-5154779,IIODXKT504,Current,20818517.54,2020-11-11,BR-00088
CUR-4278687,9HC0X4USTH,Current,95867585.27,2020-12-08,BR-00083
BUS-8811923,Q9QMK4M0DP,Business,40319247.24,2021-07-28,BR-00097
BUS-2750133,PGJT1WN4K3,Business,4278809.97,2019-12-29,BR-00013
SAV-4759512,S85X0DXMA1,Savings,52709609.81,2021-06-22,BR-00198
SAV-2913052,45B8V42M22,Savings,71865518.82,2022-04-25,BR-00109
CUR-5986063,WRHI4RB2MP,Current,28891120.61,2022-05-26,BR-00143
BUS-3779227,GCBN5STBJ6,Business,52369097.46,2020-01-30,BR-00027
CUR-3428857,NTS21NH14R,Current,60475459.58,2021-05-18,BR-00080
CUR-7335787,699FZF570K,Current,22668600.17,2019-12-10,BR-00121
SAV-4005593,UEBA2SJ74Y,Savings,46014680.67,2019-07-08,BR-00011
CUR-9189305,86DYA7ZRRC,Current,261912.57,2022-04-13,BR-00073
SAV-7188762,TIXZ162K3L,Savings,78884776.4,2021-03-18,BR-00164
SAV-3570302,SBC4DY2B0F,Savings,36488719.23,2019-06-22,BR-00200
BUS-1106376,L2V53XI426,Business,62603857.11,2021-10-30,BR-00171
SAV-4429891,41E03QRKM2,Savings,19767214.11,2022-02-25,BR-00032
CUR-9666871,Q3BV1MF5HZ,Current,12838986.92,2020-08-20,BR-00172
BUS-8409477,F30HN55KIM,Business,32810388.92,2021-07-23,BR-00181
CUR-8617653,PH2L7A3DJO,Current,17544076.5,2019-06-05,BR-00143
SAV-7991719,YM0ACJCFFU,Savings,17991845.12,2022-10-03,BR-00051
SAV-2567968,V7BBZ558JS,Savings,62232175.73,2021-08-09,BR-00175
BUS-7352141,731XN3B29S,Business,46667229.27,2019-11-16,BR-00023
CUR-3585802,WR8RG7HFEQ,Current,68921580.81,2020-11-29,BR-00142
SAV-5692712,4HMBEXUN31,Savings,65125393.21,2022-12-20,BR-00130
CUR-4854898,OVIKS8XY5S,Current,40233190.94,2022-05-10,BR-00162
SAV-5491149,L7TY540BIJ,Savings,96039470.57,2021-05-22,BR-00192
SAV-9214628,SX64AIGZDB,Savings,14004902.2,2022-01-18,BR-00074
SAV-5307993,DMLR8SCT7R,Savings,1473252.21,2021-12-14,BR-00186
SAV-3005783,12QCM7EZCB,Savings,29496617.58,2020-05-25,BR-00085
SAV-1828556,V6956AD16N,Savings,10626776.39,2021-05-08,BR-00028
BUS-7508944,QAPZYE6O3Y,Business,21107329.28,2022-09-24,BR-00114
SAV-6642557,7QYDB83RJQ,Savings,54246992.45,2022-10-28,BR-00194
SAV-7316261,14UJBRPOXK,Savings,26510292.25,2021-10-15,BR-00020
SAV-3073695,ET5I6F215C,Savings,60272807.53,2019-03-30,BR-00147
BUS-7364341,S91AKFU8ZO,Business,79045351.84,2020-06-19,BR-00128
BUS-8884405,79Z87ZRXEI,Business,62139372.53,2022-02-05,BR-00112
CUR-2310774,9OO88GZXT8,Current,27105751.53,2022-12-13,BR-00111
SAV-6391717,N9KPHE4K1X,Savings,63466682.09,2021-09-21,BR-00168
CUR-3530761,XFV2EEDRXC,Current,80531663.46,2022-12-28,BR-00146
SAV-4514756,99LF6D3Q62,Savings,12775960.37,2019-08-25,BR-00162
CUR-8395678,H29A0EJ556,Current,5193018.87,2022-08-12,BR-00096
BUS-7544999,GQTZCUPWIV,Business,73034278.0,2022-07-16,BR-00121
SAV-8697954,0U5AJPYF2R,Savings,72633722.79,2021-02-10,BR-00169
BUS-1286110,GAZP5N7HC7,Business,56687400.81,2021-03-09,BR-00067
SAV-4108968,8LWM6TPNPB,Savings,89643354.07,2019-09-14,BR-00119
SAV-5216889,1RXIPZMXZ7,Savings,4905783.62,2022-03-03,BR-00174
CUR-4801886,2Y62JFJL5O,Current,35610350.95,2022-09-08,BR-00057
CUR-4971971,A5POZE4H2K,Current,12789373.54,2022-10-15,BR-00178
CUR-2725878,3UYPIBAMUR,Current,7458774.68,2022-06-01,BR-00123
CUR-2670596,ZXVLFMO68S,Current,33967915.26,2019-06-03,BR-00002
CUR-3490637,GBJ1C7VOO3,Current,68413476.17,2019-11-06,BR-00056
SAV-8674875,ET5I6F215C,Savings,69494219.18,2019-09-10,BR-00149
SAV-4319710,8LT1E8FCAF,Savings,63764043.53,2020-10-29,BR-00173
BUS-9240926,IOG5MDM4UN,Business,72266650.93,2019-11-25,BR-00016
SAV-4201459,0DXQ15ZRH3,Savings,56448642.66,2021-03-03,BR-00161
SAV-4852304,OSNHI1FCDA,Savings,10499402.05,2022-03-07,BR-00106
CUR-5616815,SHRYFDDDSS,Current,68745626.36,2022-08-04,BR-00096
CUR-4731348,FJ4G1VL97T,Current,74856721.38,2022-03-31,BR-00079
BUS-6654717,WK7RJFZ3WL,Business,38066721.54,2022-11-14,BR-00012
SAV-1439457,51ZBSEWUAG,Savings,79721337.73,2021-09-23,BR-00169
SAV-6952480,FB5ZKIMAA1,Savings,66771820.43,2019-06-24,BR-00049
CUR-6857671,WY8PV5WWB1,Current,98895822.38,2021-05-12,BR-00074
BUS-1157526,OE2KZWKZK2,Business,15446309.69,2021-04-03,BR-00080
BUS-9779746,L2APC0CCDE,Business,70259832.99,2022-11-20,BR-00021
CUR-3578482,9NWZIWBV2A,Current,5268501.77,2022-02-21,BR-00128
SAV-6513092,LI0WRRY6NO,Savings,66757008.16,2021-10-31,BR-00124
SAV-6409527,RGFG6JPLWO,Savings,48654608.6,2020-06-29,BR-00074
BUS-3314669,0MHKQ3VD59,Business,91117389.87,2021-09-20,BR-00072
SAV-2311330,AOX3CJI60D,Savings,57237664.24,2020-05-14,BR-00107
SAV-2385785,S90AUSGCQ1,Savings,974795.19,2021-02-06,BR-00087
CUR-6630420,4RSABCUEE5,Current,79648980.49,2022-06-21,BR-00126
BUS-9759032,D8MICG5N95,Business,17909010.66,2021-03-27,BR-00182
CUR-9081526,J7QM9YENHA,Current,45742524.6,2019-04-22,BR-00021
BUS-4390058,SDBM2HCX5R,Business,17258302.33,2020-04-23,BR-00070
SAV-1181658,JA2HT7X3O1,Savings,14979446.0,2019-09-29,BR-00134
SAV-2474981,Z5NTECTYHA,Savings,44557543.59,2019-03-10,BR-00050
CUR-4559427,GDGTICY6E5,Current,89123729.45,2021-05-01,BR-00070
CUR-2855644,GRL0JQOT3A,Current,964112.68,2020-01-28,BR-00194
CUR-3194602,C70GSWO143,Current,15754968.91,2022-07-22,BR-00007
CUR-9248094,EVVISNV0VT,Current,56205697.77,2022-05-23,BR-00125
BUS-2404238,O80LKV9UM8,Business,35999533.36,2019-02-13,BR-00150
SAV-2115517,XI89GG8YN3,Savings,45986849.02,2020-03-13,BR-00194
SAV-5882252,4FOJWYFWGI,Savings,3894588.37,2020-05-07,BR-00032
BUS-3712970,UDBXXHCUVH,Business,17884532.05,2022-08-10,BR-00057
BUS-2515870,TRYJRIPJ0B,Business,94789433.96,2019-05-03,BR-00176
SAV-4398244,DYW516LHGT,Savings,46423052.11,2022-06-11,BR-00174
CUR-7564827,RJAKA92PK0,Current,9415864.64,2022-09-11,BR-00187
CUR-5521705,AW8KXJNGRE,Current,28498401.94,2020-12-04,BR-00190
CUR-4470039,SO7O519G0I,Current,47626423.28,2021-05-20,BR-00156
SAV-5870394,JR3R3031B7,Savings,63568826.93,2020-06-19,BR-00126
BUS-8866333,LDSEL8SIOM,Business,13543780.53,2022-07-19,BR-00067
CUR-6872873,KHMWQBGYRU,Current,18786175.24,2019-05-23,BR-00012
BUS-2873964,IUDVY1O3FA,Business,12844338.94,2021-04-22,BR-00015
CUR-6138172,84INUCO6HY,Current,48131292.25,2019-04-16,BR-00108
CUR-8297098,WZ292FOU9O,Current,70399517.1,2021-10-15,BR-00066
SAV-2584631,CUA1IPO5JC,Savings,93973651.35,2020-05-25,BR-00058
SAV-3016537,2I8TYD7R0I,Savings,55019161.47,2021-06-01,BR-00110
CUR-7141046,R78G47IS5K,Current,24509854.96,2020-11-05,BR-00124
CUR-1720988,4YS69WQ50I,Current,70209342.2,2021-10-05,BR-00031
CUR-9747705,6U6H0M0KA2,Current,71633406.86,2020-08-24,BR-00047
CUR-4569984,AWE37OBW73,Current,86997760.12,2020-01-02,BR-00019
BUS-8389788,LXLPA69B0X,Business,74504400.0,2022-12-10,BR-00016
SAV-3884140,GSYP9WB6AO,Savings,67163063.97,2019-10-30,BR-00017
CUR-1934297,M8EP65LI7B,Current,48879465.68,2021-09-06,BR-00109
CUR-3747846,Q4AERDZBUY,Current,26575255.52,2022-09-26,BR-00109
BUS-9013078,2SK0N4LGVB,Business,13209221.91,2022-07-26,BR-00148
CUR-1942875,RB3XRWJGQ2,Current,24015515.43,2022-11-06,BR-00136
BUS-7866796,BJK8L3AEB6,Business,66773560.22,2022-11-05,BR-00147
SAV-9121183,4WFK5XLI4J,Savings,2070610.19,2022-10-10,BR-00103
SAV-7677212,QHX7IZZ2QA,Savings,39143652.72,2019-09-19,BR-00160
BUS-3904591,5FFM6S4GZL,Business,72324419.73,2022-12-24,BR-00152
CUR-8104011,7I5ZAQ46WY,Current,52849130.84,2019-07-17,BR-00055
SAV-8578593,AX8LFN77ZP,Savings,49194306.68,2020-04-17,BR-00057
SAV-9780853,A2B2EIPAB1,Savings,11641692.6,2022-01-29,BR-00008
SAV-5829197,0IHB4VAE85,Savings,1119042.8,2022-11-12,BR-00060
BUS-5886348,05N0LP1DTE,Business,78460581.78,2019-09-14,BR-00142
SAV-7438137,DV8K0ESMA6,Savings,12014236.49,2019-06-19,BR-00024
CUR-8398657,VY37E9UTQ0,Current,84380238.76,2022-08-31,BR-00196
CUR-1100115,40N5550OYS,Current,60144180.11,2021-01-31,BR-00119
SAV-1449658,VSYP9JPN3D,Savings,30917676.88,2022-09-19,BR-00119
SAV-2413583,N5LXGEIE4Q,Savings,21506453.86,2022-06-15,BR-00027
BUS-3656509,7D6SZNYEBC,Business,8699836.98,2019-01-08,BR-00161
SAV-4393020,C693OJY0JS,Savings,1831530.87,2021-10-25,BR-00151
BUS-1696191,E3RGOGRL3Q,Business,56317703.47,2020-04-13,BR-00066
CUR-7127803,J95YCC5TFK,Current,20525680.78,2019-02-25,BR-00120
CUR-3227623,DCE4JKT4CL,Current,2686459.56,2020-07-01,BR-00104
BUS-3751412,EBEKGMJ1UP,Business,38937061.3,2019-01-12,BR-00153
SAV-2010872,P36N3I8YQ0,Savings,49009400.58,2020-05-28,BR-00122
SAV-5634993,DJ3EHKYSIR,Savings,17877858.52,2022-01-22,BR-00166
CUR-3768889,CJDY0OB40E,Current,43403909.72,2021-06-12,BR-00111
CUR-8775689,BOTCOP8WXO,Current,91514998.78,2022-09-19,BR-00159
SAV-5511385,BFST809Z43,Savings,50902735.69,2019-05-04,BR-00066
SAV-4115393,QAVMKGN5TG,Savings,84947527.15,2019-04-27,BR-00007
BUS-6058931,NGYH5GFZ2W,Business,99807740.43,2022-08-03,BR-00179
SAV-3213890,C7MZ75MRG0,Savings,19771317.91,2020-11-26,BR-00105
CUR-9119817,SX94FE4DVQ,Current,15464391.97,2019-01-28,BR-00070
SAV-9377202,NZRZUWT2JD,Savings,83023732.34,2021-11-17,BR-00023
SAV-8052654,PGSDRG206X,Savings,2775573.31,2019-09-15,BR-00149
CUR-3022368,10EXWKWE52,Current,72666910.68,2020-04-18,BR-00091
CUR-8266772,N28SWNWNVG,Current,90973573.82,2021-09-24,BR-00185
BUS-8920320,E5J6KOEQDD,Business,55174348.47,2021-06-24,BR-00111
BUS-6673356,D9ELENBSFF,Business,62476120.38,2020-08-10,BR-00172
SAV-1919070,1RXIPZMXZ7,Savings,75322425.12,2019-02-27,BR-00096
BUS-8508148,GHI1M078G9,Business,59413895.06,2020-05-12,BR-00124
CUR-9396563,NZRZUWT2JD,Current,85190654.33,2022-06-11,BR-00111
SAV-8558064,LFLIQO2VV5,Savings,53207083.64,2021-09-15,BR-00197
BUS-2235321,FS1GMFHGVD,Business,84679962.07,2022-05-01,BR-00176
BUS-5243151,LGEP6VWXK8,Business,6590740.35,2021-06-16,BR-00197
CUR-7562661,YQQ5LDDML1,Current,52017271.81,2019-07-21,BR-00044
CUR-8766491,Y4OP0LL2SG,Current,99494963.63,2020-09-20,BR-00022
SAV-3855213,FGO9IACMMU,Savings,28296029.9,2021-12-27,BR-00070
CUR-2874946,DCGYBFFYFV,Current,79010143.33,2022-09-23,BR-00089
CUR-1729396,MRGI12NJVN,Current,29363883.12,2019-01-13,BR-00124
CUR-1283561,JBAKAQPMX5,Current,99622622.37,2021-08-06,BR-00185
SAV-2512653,WOT5TC8J5V,Savings,11402669.12,2022-09-09,BR-00028
SAV-8123388,KI2GEO2XDT,Savings,21003102.57,2022-04-17,BR-00015
CUR-4934459,EJLRYYLRDT,Current,62131426.91,2021-05-28,BR-00152
CUR-1321302,0JQ3JFLWMD,Current,74874346.8,2019-03-19,BR-00103
SAV-6256438,APAFBIEV1R,Savings,85889113.6,2020-10-18,BR-00105
CUR-7852173,5KLELU0Q2G,Current,70173107.22,2022-05-10,BR-00167
BUS-7326534,F8UQENH1M4,Business,34876888.5,2019-12-13,BR-00053
SAV-4468222,G5TSXSYIS3,Savings,25215682.37,2020-01-23,BR-00031
CUR-3236190,Y8ZYN2TB7P,Current,84518507.14,2021-09-05,BR-00085
BUS-1525494,TM0JOJDYG2,Business,73201943.22,2019-10-17,BR-00112
BUS-3599679,82VKP6EWCP,Business,18336143.87,2019-11-15,BR-00084
BUS-9998751,YAPCCD5HZS,Business,30106092.06,2022-09-09,BR-00014
SAV-5169401,WOIU5TGTDD,Savings,87380006.67,2019-07-20,BR-00139
CUR-9371879,NGL0KJZ4DP,Current,263259.28,2022-06-13,BR-00175
BUS-2698149,6KVS508R9W,Business,3066022.18,2022-09-21,BR-00139
SAV-2606661,FUCUUBCCMS,Savings,41543588.72,2022-12-22,BR-00199
BUS-1482053,KXGA8SKWE8,Business,69451839.98,2019-12-08,BR-00012
CUR-4348930,X8O3CZI8UW,Current,94322888.05,2019-10-22,BR-00002
SAV-3191781,HB9P5DS2U3,Savings,47567884.46,2021-10-07,BR-00145
BUS-8053021,PWZFKL15U6,Business,88094174.98,2021-07-28,BR-00082
SAV-6933537,OWP6K5REZD,Savings,90615195.93,2019-08-05,BR-00095
CUR-2142319,2VW16G1MYG,Current,82469587.19,2019-10-14,BR-00118
BUS-3728021,FH1S2NJ5YE,Business,25834056.94,2020-06-05,BR-00111
CUR-4156209,DMZEV66S9N,Current,88976590.79,2019-05-03,BR-00116
CUR-4043808,54LVCHKZEK,Current,29936570.95,2021-02-13,BR-00074
CUR-8838449,0LE6BQW659,Current,45174699.71,2022-02-01,BR-00132
BUS-5534648,GT2J0BPSLG,Business,86623688.71,2021-07-25,BR-00179
SAV-7724180,Y5H9U1YVD6,Savings,17759404.74,2021-07-23,BR-00079
CUR-4344958,TZ4SGKO09Q,Current,52669269.46,2022-09-15,BR-00075
BUS-7326719,MJW4ZLPSB6,Business,75114151.53,2021-01-15,BR-00145
SAV-9040740,GL2TVWJH0B,Savings,54410391.01,2020-11-04,BR-00011
BUS-1542827,HY4Y0LFH3L,Business,96920473.42,2022-01-01,BR-00108
BUS-1368730,BKMTXYVB36,Business,47519659.42,2020-09-13,BR-00190
CUR-8208317,K6NPX694UM,Current,23826826.3,2022-01-15,BR-00011
CUR-5011151,UO7A7O1SQK,Current,69864280.37,2019-04-28,BR-00045
SAV-6550374,OE4CHLSNRJ,Savings,50510932.71,2022-08-15,BR-00172
BUS-8421136,VQ8KUN0350,Business,32738033.01,2020-12-29,BR-00149
CUR-9674109,DSG3W571QE,Current,67523983.32,2021-02-07,BR-00028
CUR-9852024,BP0G66K6F6,Current,14922179.13,2022-07-13,BR-00006
CUR-8529961,HW3N8XXU35,Current,36519696.7,2020-09-15,BR-00161
BUS-7322827,UQD8GKP9G4,Business,62482443.34,2022-05-26,BR-00069
SAV-4630107,NYREFDM4LY,Savings,60515586.07,2021-06-20,BR-00049
BUS-7744072,OJB3NTIQBF,Business,21335288.91,2019-04-05,BR-00046
CUR-7104125,MFGZGJ4UC7,Current,49278449.07,2022-09-01,BR-00042
CUR-2020815,F8F529BJV3,Current,68791870.63,2021-08-04,BR-00169
SAV-8563937,SX94FE4DVQ,Savings,69537944.22,2019-04-21,BR-00073
BUS-7545802,TWCZZQ3RI1,Business,51042456.57,2022-11-24,BR-00119
BUS-6436004,J7H5VJX9A9,Business,1133393.85,2022-04-18,BR-00147
CUR-7272974,HWFOB4YTSO,Current,71543558.56,2019-05-30,BR-00071
SAV-5380207,SSM4YQX8WN,Savings,10963280.88,2021-02-11,BR-00095
CUR-1263458,C619SVMTKP,Current,5046500.6,2019-07-05,BR-00151
CUR-2766569,KV9JGAB98H,Current,50421687.44,2021-03-10,BR-00156
SAV-9764485,YY4KQ7WKJ6,Savings,1222772.99,2021-08-24,BR-00023
SAV-4616012,ONRKP2W8T7,Savings,60583617.51,2019-01-16,BR-00194
CUR-1997064,S9UCQV7Y42,Current,47826210.68,2020-05-16,BR-00124
SAV-9090050,R4I1PBL5Z3,Savings,97301085.53,2019-09-16,BR-00034
BUS-2396060,4TRUEXG4ME,Business,23268613.56,2020-02-19,BR-00026
CUR-8790361,4OHK8VL31F,Current,18898876.36,2020-04-16,BR-00195
BUS-7766642,1OKG9AZNME,Business,91974368.88,2021-01-29,BR-00164
CUR-6140216,B18GW4GONR,Current,97514611.02,2021-03-21,BR-00007
SAV-6473116,A4P02XG1F3,Savings,96319607.98,2020-02-10,BR-00022
CUR-7404003,VBJE5IGODT,Current,16383069.4,2021-11-28,BR-00129
BUS-5746739,WXW2MOPGF9,Business,80674880.12,2021-12-08,BR-00158
SAV-4414072,53S7K87IPW,Savings,95110003.23,2022-06-05,BR-00013
BUS-1433133,7GDVQELUXG,Business,82992343.74,2021-09-11,BR-00173
BUS-9085458,JXZSSEBU9S,Business,41812226.03,2021-01-15,BR-00066
SAV-4099877,U6BRUWA4NG,Savings,5048980.75,2019-07-13,BR-00118
CUR-9715750,CNC0FJ7KVQ,Current,14853614.13,2019-07-15,BR-00087
SAV-2101746,52FUKFV2OR,Savings,15472633.95,2022-04-28,BR-00145
CUR-7120359,526ZTHW2O1,Current,86404261.28,2019-12-10,BR-00186
BUS-3158614,AT5HUESAC9,Business,90487300.86,2021-10-07,BR-00200
CUR-2346749,H0JVX91RA7,Current,82901530.01,2021-02-14,BR-00002
CUR-6480328,KZADSZBRJV,Current,37923463.18,2020-10-07,BR-00032
BUS-2598204,HIX4Z0ZTH8,Business,31781592.22,2020-12-04,BR-00165
BUS-4833324,8Z48P6I6B1,Business,90256038.29,2019-08-22,BR-00025
CUR-1520593,GKL6ICM0HP,Current,73860811.66,2020-06-20,BR-00017
CUR-4734405,PF5WHLPD6J,Current,67852531.71,2020-08-22,BR-00154
BUS-4896475,I0OOY8PHK3,Business,23850750.68,2019-04-21,BR-00169
BUS-5696736,W7YES0G9V9,Business,39710589.1,2019-05-13,BR-00013
SAV-8810298,LDSEL8SIOM,Savings,35850720.84,2021-05-15,BR-00045
CUR-2505714,RH3NG44XSC,Current,77921583.46,2020-01-24,BR-00080
SAV-1620857,0W30BK3P32,Savings,58363649.53,2020-11-27,BR-00015
BUS-7308746,GQFZ5VLROU,Business,68112404.79,2022-05-14,BR-00132
SAV-8191257,CMAT4J5855,Savings,71104782.43,2022-02-27,BR-00191
CUR-9085068,5QA6OUGCC5,Current,50447758.23,2020-07-14,BR-00074
CUR-1353990,F96RQWK6JQ,Current,22536954.18,2021-03-09,BR-00113
BUS-4237082,30MO5SZOFO,Business,75211735.55,2022-07-22,BR-00144
CUR-5426288,HFH1BVLVX5,Current,67694655.96,2020-11-17,BR-00124
SAV-7628123,3BXXP4QA7L,Savings,87749742.58,2019-05-20,BR-00126
SAV-4475188,VMQE9M5CAC,Savings,63508562.81,2020-02-18,BR-00019
SAV-2828236,LC6AGO0VKF,Savings,4433193.96,2020-02-26,BR-00048
CUR-8808969,CF8RTCHGTE,Current,31376229.78,2020-05-07,BR-00041
CUR-7542123,SJSKXBX23D,Current,63047595.2,2020-10-13,BR-00149
SAV-2394153,46KD4HAK3C,Savings,15682531.24,2021-09-03,BR-00183
SAV-5466426,526ZTHW2O1,Savings,5176641.22,2022-03-08,BR-00044
SAV-9918425,M9VLDB6NS5,Savings,98757996.46,2020-10-31,BR-00060
SAV-6446035,P2G8VF49A5,Savings,12594461.7,2019-12-26,BR-00173
BUS-7349583,2N5LDIUB95,Business,73531692.72,2022-11-27,BR-00080
SAV-8378302,P3CSMHSZTP,Savings,629706.73,2021-07-20,BR-00020
CUR-8331960,I06Z56UKJ1,Current,58239070.2,2022-03-19,BR-00006
CUR-7713298,SSM4YQX8WN,Current,56331354.17,2019-03-17,BR-00074
BUS-1512782,TNAJXLLNQ7,Business,49185684.75,2022-09-17,BR-00030
SAV-4601737,6KC95UTAP8,Savings,18393609.56,2022-10-04,BR-00191
SAV-3838261,F04K0Q99TC,Savings,56780973.53,2021-11-30,BR-00171
SAV-8423238,8WYQI26VAT,Savings,68409421.4,2022-01-07,BR-00088
BUS-9887613,CQSKZYJBGB,Business,96907174.21,2022-06-11,BR-00098
BUS-2827580,EK40THCE0C,Business,83053928.15,2020-06-25,BR-00142
BUS-6091672,HGZLQ62J3A,Business,48893934.05,2020-02-23,BR-00032
SAV-3672907,BVT8C2UQ22,Savings,25686562.04,2021-11-15,BR-00062
SAV-2670120,CU2A149B2Y,Savings,23787611.55,2021-04-25,BR-00197
BUS-9220954,MEA4BI3NHR,Business,62130748.95,2022-02-18,BR-00063
BUS-4852682,P1JNYS2KS7,Business,76874100.05,2019-05-23,BR-00194
CUR-7321079,V2VQC3019Q,Current,17625932.68,2022-01-24,BR-00150
BUS-5108511,2VL8LXSLCJ,Business,64197243.81,2021-03-11,BR-00106
BUS-1250817,QC1TYFPI50,Business,23425176.66,2019-02-19,BR-00152
BUS-1712529,LX84W4JDA3,Business,42067767.14,2020-11-04,BR-00020
CUR-4449605,WYCH4DWYWM,Current,1657764.1,2019-07-11,BR-00180
CUR-3003248,Z0I2J4EZBS,Current,92467427.5,2020-07-29,BR-00180
BUS-3483045,90MDALIA1E,Business,65419346.04,2020-07-18,BR-00190
CUR-4750257,PFPF42MQHK,Current,63184150.44,2019-01-19,BR-00081
BUS-5958354,H4IHJDXGYC,Business,63852682.36,2019-09-15,BR-00060
SAV-6346153,JO2QH36DJO,Savings,82839232.13,2022-01-21,BR-00058
CUR-3276422,9X5ZBI4598,Current,60059765.71,2019-05-23,BR-00096
SAV-5771996,XC66YXK79W,Savings,16962592.66,2021-08-26,BR-00163
BUS-2286855,UY389GNUAR,Business,15837994.99,2022-09-09,BR-00174
SAV-7862908,CYP2OTWGJZ,Savings,88481044.86,2020-12-29,BR-00016
CUR-5209357,A7V05H5OO3,Current,17963577.06,2022-05-08,BR-00099
BUS-6425539,U8W55INFH3,Business,84641083.08,2020-02-05,BR-00162
CUR-7354697,FUPGLIZQ8D,Current,5683453.2,2022-04-25,BR-00158
BUS-5679483,1X2AO1OCVF,Business,46366305.67,2019-01-25,BR-00050
BUS-3567045,2FE7XSS98K,Business,74231910.2,2020-01-02,BR-00056
BUS-2821332,ZUWMX0L33Z,Business,62556103.03,2022-12-09,BR-00045
SAV-8639043,9H5ZYPEJU1,Savings,2566971.3,2021-06-03,BR-00113
SAV-5075010,O0JTJF8RJ4,Savings,94452016.38,2021-04-23,BR-00133
SAV-1296399,S9BF30CY5H,Savings,37865860.11,2020-04-23,BR-00086
SAV-2593391,XAWMKIBQDK,Savings,56932322.46,2020-04-30,BR-00126
SAV-3687280,O320O5ULOS,Savings,77963385.98,2019-12-16,BR-00178
BUS-3500792,AB1C7EN2RR,Business,56373083.91,2019-04-25,BR-00136
SAV-3062668,SYIS1WL1CR,Savings,94308662.47,2022-05-19,BR-00006
CUR-6045405,U4L01Z1V56,Current,88392322.72,2020-02-05,BR-00150
SAV-6777063,7HN12NBCQG,Savings,45653518.8,2022-12-18,BR-00146
BUS-5133854,C23P9D8IIY,Business,64941124.25,2019-03-17,BR-00188
SAV-9715853,UHFPN8ZQKQ,Savings,47049894.12,2019-08-09,BR-00087
CUR-4825320,R7V2SJEM3H,Current,37490844.3,2021-11-03,BR-00165
SAV-3817979,9LL7OGWYGT,Savings,-20034542.25,2022-01-24,BR-00076
CUR-6171546,T09KEB6NAK,Current,40663002.54,2021-05-31,BR-00178
BUS-5988107,OL6Z947JAA,Business,50443277.51,2022-07-18,BR-00063
CUR-9193971,6KHW38OYMA,Current,79292878.98,2021-02-14,BR-00195
SAV-1188592,1ZMVN7P5U3,Savings,76770309.07,2022-10-29,BR-00101
SAV-8938777,K2C1AMJB32,Savings,17388038.65,2019-12-29,BR-00091
CUR-5545203,69KWQSW770,Current,59494319.11,2021-03-14,BR-00004
CUR-2933268,SPL6XI6HWS,Current,2078317.13,2021-01-10,BR-00057
SAV-5435027,3IU2K3M52C,Savings,45112493.74,2020-07-05,BR-00006
CUR-4289266,TSFQ0I12Y3,Current,55553172.73,2019-07-16,BR-00116
BUS-1490624,PDG4IFDYKJ,Business,84695744.46,2021-04-23,BR-00086
BUS-7589333,D7YFBDJAP2,Business,19953462.88,2022-06-24,BR-00128
SAV-4525571,F2DLJ26VS3,Savings,89745813.2,2022-11-24,BR-00026
CUR-7291484,GZRSMFJPKE,Current,83007273.91,2019-10-14,BR-00186
CUR-3285019,SMS5VKBUI1,Current,65718900.25,2020-05-31,BR-00119
SAV-9340235,PWMG15KNB3,Savings,79489717.33,2022-06-24,BR-00168
CUR-3051381,WOQA9QETXA,Current,69338844.1,2021-10-29,BR-00124
BUS-2078753,UK0DJ04P9U,Business,55535008.77,2020-01-01,BR-00103
CUR-8757167,SIECV9KZTV,Current,65868213.94,2020-07-05,BR-00055
SAV-6156903,AC57QC2M8B,Savings,68330763.63,2021-11-07,BR-00089
SAV-5171906,1QM7YZMPAO,Savings,7773954.88,2020-06-10,BR-00126
BUS-6775296,G7AP3TNC76,Business,18146400.68,2020-12-22,BR-00176
BUS-6295223,9VQBYXD6LU,Business,87301581.9,2021-09-03,BR-00102
CUR-5242334,YLKCWCHUUN,Current,39531509.4,2020-10-20,BR-00054
CUR-2110799,AC4N68YFYB,Current,70024757.18,2019-10-13,BR-00120
CUR-3930674,9Y4MHY4WDH,Current,6371050.6,2021-09-19,BR-00045
SAV-8237993,E83I7GRH8N,Savings,29777518.27,2021-02-27,BR-00123
SAV-1601349,B5NFHA030O,Savings,93281933.45,2019-11-18,BR-00062
SAV-5616459,1EYNO1NJRN,Savings,96625844.28,2019-08-15,BR-00196
BUS-8449743,H84OYZ2YFW,Business,61003011.25,2019-02-18,BR-00024
SAV-1391329,ODVQDD0CKM,Savings,17762721.43,2019-07-28,BR-00057
CUR-4790103,I5LDKH9529,Current,86111140.0,2022-11-12,BR-00037
CUR-2805360,UJ4FPRN4QY,Current,10910905.75,2019-04-27,BR-00100
CUR-9341662,79F1WAQZX5,Current,51544917.05,2020-08-05,BR-00045
SAV-2723629,6VXL29QFCI,Savings,30025314.0,2020-10-12,BR-00036
CUR-6394515,0TUGW5FB7A,Current,18524050.25,2022-09-07,BR-00055
CUR-6379596,JTOSIZ7RAD,Current,69827621.62,2021-10-26,BR-00036
SAV-2116252,R0WXHPSG77,Savings,360600.44,2021-03-03,BR-00145
CUR-2838510,AEF9PT35QT,Current,54605506.36,2021-11-20,BR-00164
CUR-4917812,TFXD8385QX,Current,2492091.32,2021-07-11,BR-00062
BUS-7493808,EEI3MA3XWS,Business,31051521.84,2022-07-25,BR-00043
CUR-2880323,4G6XH0ZNCJ,Current,67673388.46,2021-01-22,BR-00157
BUS-5968723,CY7TTYXREZ,Business,41164348.3,2022-07-12,BR-00130
SAV-1305055,CUKSJB58I3,Savings,65887090.16,2022-01-15,BR-00078
SAV-7813432,3IU2K3M52C,Savings,4184978.43,2022-11-27,BR-00064
SAV-1185714,AA72Z9VJPJ,Savings,92749489.95,2019-04-25,BR-00048
SAV-3388824,0SG0WD7O7Y,Savings,23877927.16,2021-07-19,BR-00032
BUS-4703183,DKFOCTV3GU,Business,89908622.08,2020-11-06,BR-00098
SAV-8897897,W7I60LZQ1D,Savings,80804330.74,2021-10-08,BR-00122
SAV-2652386,YA45DLB1N5,Savings,71011330.45,2022-01-29,BR-00099
CUR-5733284,NCJYMLCE1M,Current,25244026.75,2021-07-24,BR-00081
CUR-2033018,J7WC66ON5H,Current,97020503.01,2022-07-07,BR-00046
BUS-2000847,6RZ1M7JV6B,Business,10157892.6,2022-10-26,BR-00070
SAV-6084562,5HEM214RF0,Savings,39800137.16,2021-09-05,BR-00113
CUR-6547209,G0I3KUWQ59,Current,77252801.72,2021-04-29,BR-00036
SAV-4712536,33MBH661CZ,Savings,33134447.22,2021-07-19,BR-00086
SAV-2629221,1VK8YD7LK8,Savings,65570711.46,2019-12-23,BR-00134
SAV-2895435,K38S4PUN3Z,Savings,71940826.48,2022-07-25,BR-00028
SAV-4296495,RW6AVS6KXT,Savings,18242482.37,2020-10-14,BR-00118
CUR-3161160,VU3FFA1RUI,Current,34310091.38,2020-11-13,BR-00197
CUR-8702295,XPSB758DZR,Current,11984760.74,2019-05-05,BR-00025
CUR-5404814,X9FE1TWK1Z,Current,54909343.16,2022-07-02,BR-00034
CUR-5130395,46BF7PM3VZ,Current,50959530.49,2021-08-18,BR-00068
BUS-7825260,7BO8I5KXFD,Business,95075655.47,2022-10-30,BR-00103
CUR-8565166,9SNNFT7LMP,Current,22243972.66,2019-06-24,BR-00100
BUS-6597249,P1JNYS2KS7,Business,96068574.7,2022-09-18,BR-00117
SAV-5352399,CUA1IPO5JC,Savings,1114583.82,2020-11-16,BR-00143
SAV-6165647,NVYUQSEQEW,Savings,62949731.38,2019-09-17,BR-00051
SAV-1426010,YNBRZQJICZ,Savings,29276915.2,2022-05-12,BR-00123
SAV-3959524,36H9KMGGRU,Savings,47922550.53,2022-02-12,BR-00150
CUR-8068294,91J2EZ8YUY,Current,39828694.03,2020-03-06,BR-00001
BUS-2211348,UP9O1Q0UXT,Business,90346576.99,2019-06-10,BR-00010
BUS-3577258,XPSB758DZR,Business,73627728.05,2020-12-31,BR-00073
CUR-1598255,MHVN0IIXQX,Current,26657755.27,2020-09-04,BR-00159
SAV-1015931,6YMQJZG6D7,Savings,84137207.32,2019-10-21,BR-00188
SAV-3466442,B67SC2B6QN,Savings,20528285.9,2021-09-24,BR-00148
BUS-1219358,RPQODMZ5G7,Business,53347298.23,2022-01-12,BR-00160
SAV-5258160,RMFCIJHTN7,Savings,27233404.89,2019-09-24,BR-00143
BUS-1791087,FXRTS7CWP7,Business,42795456.55,2021-01-23,BR-00114
BUS-6370794,BKMTXYVB36,Business,93599409.82,2020-06-19,BR-00166
BUS-6189359,8K7LFHJ4WP,Business,82019580.05,2021-09-03,BR-00086
SAV-5865519,R3WQ5URODZ,Savings,19808007.55,2019-04-22,BR-00044
SAV-7863761,R57KLBBGR6,Savings,75891066.18,2020-04-12,BR-00181
BUS-5323839,AVIVZAMGRY,Business,67361845.67,2021-09-09,BR-00153
SAV-9534790,SDMNVHVEKQ,Savings,40641474.21,2022-02-25,BR-00159
BUS-7380232,4WO98UIC96,Business,91195768.32,2021-02-17,BR-00126
CUR-1715037,JC608THPFF,Current,35896995.65,2021-01-26,BR-00004
SAV-1992929,C2LLBCD6FZ,Savings,24076004.1,2019-09-21,BR-00179
SAV-4594288,DKFOCTV3GU,Savings,99716051.08,2022-12-24,BR-00032
CUR-6144318,HVI0L0KFNY,Current,76382513.69,2020-07-01,BR-00194
BUS-3475710,C70GSWO143,Business,9771879.79,2020-03-21,BR-00092
BUS-6404725,KT8D9NFG6Z,Business,43169523.04,2019-10-27,BR-00085
BUS-6268853,H2SIRK6GY4,Business,16649609.68,2020-09-07,BR-00190
SAV-1690590,WUADTG4QDH,Savings,34353232.69,2020-10-22,BR-00139
BUS-9028538,XGI6A189YM,Business,40831110.24,2020-12-30,BR-00125
CUR-3826328,J3GU0Z3SZL,Current,50772377.61,2022-01-15,BR-00142
BUS-5304635,6KEDPRODBB,Business,32465986.56,2020-01-20,BR-00104
SAV-5046157,5RUPNFI04S,Savings,32575475.78,2019-02-11,BR-00107
SAV-6290042,4X22O8RXMK,Savings,50796781.5,2020-04-19,BR-00093
BUS-2728075,UJ13WOP43W,Business,79571255.41,2021-02-04,BR-00069
CUR-6447092,ZUWMX0L33Z,Current,1920845.17,2019-08-30,BR-00139
SAV-4232161,14A46U55WU,Savings,26577260.5,2019-07-01,BR-00070
CUR-6443269,B2JT9W1JYT,Current,39458167.13,2020-07-13,BR-00197
CUR-7915513,4C7R8TDMYL,Current,86561595.58,2020-07-21,BR-00197
CUR-5982667,JQA5HGMW6Y,Current,76735424.65,2020-12-26,BR-00017
CUR-9334982,FPM2GU2CRM,Current,49478111.75,2022-05-04,BR-00005
BUS-8150572,YRYV6E0H7G,Business,68247023.56,2021-05-15,BR-00041
BUS-9906599,UWRF64M2CB,Business,61644341.93,2020-03-26,BR-00121
CUR-8966781,L583FSO10N,Current,33124462.32,2019-02-15,BR-00138
CUR-7466962,V5R3C6MRZB,Current,69830521.4,2020-05-23,BR-00139
CUR-9376575,MYEXR0N18E,Current,11085384.26,2022-06-05,BR-00130
BUS-1453124,FPM2GU2CRM,Business,39782537.67,2019-08-19,BR-00040
SAV-2967783,P0S12YLXXK,Savings,2246243.46,2019-10-04,BR-00082
BUS-1997784,SS80LR61HB,Business,72093119.76,2022-12-12,BR-00013
BUS-2276054,DKWR6L67DW,Business,93193508.16,2019-02-15,BR-00091
CUR-8180083,X75R3TER97,Current,79540320.87,2019-04-04,BR-00169
BUS-5036347,9NWZIWBV2A,Business,17313207.21,2021-07-05,BR-00083
BUS-9556829,DDWZB8YW8P,Business,78687597.54,2021-01-04,BR-00086
CUR-2687799,QC1TYFPI50,Current,4403827.96,2019-09-28,BR-00025
SAV-1590626,XOLJBLDUQM,Savings,13224600.32,2019-12-22,BR-00193
CUR-9554659,TBLX3CFYDX,Current,86210083.88,2019-10-05,BR-00148
CUR-1438032,NCW6H0ZOCB,Current,26320550.19,2020-12-19,BR-00001
SAV-5656180,VP6E4Y0V7A,Savings,50827559.24,2021-09-11,BR-00168
CUR-1114790,3D46RYGY3F,Current,4126105.37,2020-06-18,BR-00174
CUR-9460930,BRDPGAELT8,Current,4643413.73,2022-07-30,BR-00185
BUS-2529598,HW3N8XXU35,Business,36569539.89,2019-12-27,BR-00097
SAV-6181197,DYW516LHGT,Savings,79183244.01,2022-10-12,BR-00088
SAV-8504188,8BR4HREWNT,Savings,75906168.26,2020-08-01,BR-00010
BUS-5929122,ZESI0JX3RF,Business,32955792.58,2021-03-23,BR-00005
CUR-1672009,GCUSIMK5SH,Current,41131390.18,2021-06-23,BR-00198
CUR-8681652,632AIZ6BOW,Current,81577284.09,2021-04-18,BR-00166
CUR-2009116,HTDKMWQIDB,Current,87613277.12,2021-09-09,BR-00155
BUS-2737227,UUC10XWQI1,Business,28855554.04,2019-04-16,BR-00041
CUR-1923378,OR5BAYOUVI,Current,20095594.85,2019-02-07,BR-00026
BUS-4980079,JPYHJMM5CT,Business,52644550.61,2019-05-09,BR-00142
CUR-4650307,UXAVTK2Y7R,Current,12131516.14,2022-10-01,BR-00130
BUS-8625325,CA5PKG8H01,Business,15315984.29,2020-06-05,BR-00120
SAV-9519010,VKL9AQW0L6,Savings,80968774.11,2022-06-03,BR-00161
BUS-5902232,K2HZSBACNX,Business,64872274.34,2022-07-15,BR-00088
BUS-2541165,MY8OQO9F54,Business,65486439.23,2021-02-02,BR-00005
BUS-5060672,R38M1U1AFT,Business,38695988.66,2020-04-13,BR-00014
CUR-7973609,06HWBI4NIA,Current,32967108.48,2021-11-14,BR-00046
SAV-3296876,ZJFVUHNMOB,Savings,27583087.64,2019-07-31,BR-00148
CUR-5449749,1LD5QFO2Q1,Current,59336640.03,2020-06-12,BR-00180
CUR-5863179,5CX7BOAP0X,Current,23417694.87,2021-08-10,BR-00013
BUS-6323999,OQSKIR4NXR,Business,64497233.3,2022-06-12,BR-00158
CUR-6801062,KWML51Y8NP,Current,13976747.32,2022-02-24,BR-00160
BUS-4768907,61N9M6IMPR,Business,98976809.19,2022-06-15,BR-00185
CUR-6843638,38L9MNAWV7,Current,58008486.92,2022-10-04,BR-00189
SAV-5555044,SA278EIA4F,Savings,99051919.28,2020-10-11,BR-00117
SAV-8104717,2ZDIV7UE3I,Savings,27028036.65,2022-05-18,BR-00181
CUR-9512989,J5F04NJNHX,Current,29922025.8,2021-06-22,BR-00008
CUR-5665706,NQTN0DTTE1,Current,10643799.72,2021-05-26,BR-00003
CUR-9160046,D8W1OSNG6U,Current,10834488.36,2021-01-04,BR-00079
CUR-9443269,ZBFOONJ3AQ,Current,50888074.2,2020-07-31,BR-00071
CUR-4242930,4D2LLAUH3P,Current,76094580.88,2021-10-23,BR-00054
SAV-7963256,NE0BKD6N8T,Savings,7821801.89,2019-07-28,BR-00022
SAV-3796691,J8D56Z7U7C,Savings,78444330.79,2019-04-24,BR-00176
CUR-7243792,9VQBYXD6LU,Current,53697526.28,2019-01-14,BR-00194
SAV-4952534,5TEKXA53O6,Savings,66224636.67,2022-05-25,BR-00183
CUR-7399116,EA60N7Y5DT,Current,94644334.4,2021-09-04,BR-00049
BUS-5842357,EEIHG0E1D2,Business,17325834.89,2022-02-15,BR-00068
SAV-4776605,XR4MIJFGVV,Savings,43957253.56,2019-01-01,BR-00166
SAV-6705298,X9FE1TWK1Z,Savings,14333874.05,2022-06-13,BR-00185
SAV-4250744,IO92QWL7C0,Savings,57672007.86,2019-07-11,BR-00184
BUS-6426501,GEHL3JV21Z,Business,87748965.92,2021-07-30,BR-00106
SAV-1588859,PEOUFG81VZ,Savings,72958274.73,2021-09-15,BR-00166
SAV-8644422,YHQQWXIQPY,Savings,44665900.3,2022-11-11,BR-00073
CUR-2385020,6S5W6A1EYJ,Current,34934753.44,2022-05-18,BR-00002
BUS-4245037,LXLPA69B0X,Business,52333388.59,2019-01-11,BR-00010
BUS-2372676,PYTD6L08D9,Business,85160785.56,2019-01-29,BR-00051
CUR-3855351,EZEPSRODAI,Current,69131709.43,2021-02-20,BR-00120
CUR-7458935,QQF5APIZ60,Current,85111036.99,2020-10-21,BR-00116
BUS-1002491,UMGG1K69WY,Business,67246007.87,2022-05-11,BR-00095
BUS-2974387,QGVVOW7NRI,Business,49557012.25,2022-03-12,BR-00107
SAV-5009300,TR94VWQTN6,Savings,22047753.91,2019-05-28,BR-00168
BUS-7790912,SCWTGMGSVA,Business,88543737.85,2019-06-09,BR-00141
BUS-3487046,7RM8JVKQ60,Business,12647689.6,2022-04-10,BR-00001
CUR-2282023,KE1XHVM1E8,Current,16876526.07,2019-01-29,BR-00004
SAV-1795425,T5A0IOQ2IA,Savings,86796013.84,2021-06-30,BR-00019
CUR-1991667,TW6CKHYU0D,Current,78421376.37,2019-07-10,BR-00198
BUS-6289416,XFIZ78GHL0,Business,2694248.17,2019-08-14,BR-00048
CUR-3345162,4KE53BA16T,Current,83651345.66,2020-02-20,BR-00081
SAV-6631409,V76YKGYLHT,Savings,33621911.93,2021-01-16,BR-00052
SAV-3086542,WQCOJ6AVIZ,Savings,72984137.76,2022-07-03,BR-00127
CUR-6972910,BTT9NCYMK2,Current,29464412.19,2019-08-24,BR-00140
BUS-7517229,F5R28FW773,Business,82946519.8,2022-11-15,BR-00054
BUS-8618542,DU4WYM1QJV,Business,84796416.61,2022-04-15,BR-00034
CUR-5651847,17IMBUSUM7,Current,38073729.63,2020-01-27,BR-00152
SAV-1378582,D1WLV9VXRO,Savings,99593529.9,2019-06-30,BR-00030
CUR-5660486,Z61VO4K4RK,Current,10591865.91,2021-11-07,BR-00025
SAV-1953375,LUR73IWIJQ,Savings,9899177.02,2020-08-24,BR-00167
BUS-2710090,8AIX68E5UN,Business,95004282.25,2022-11-22,BR-00174
BUS-2480162,YRYV6E0H7G,Business,91514933.58,2019-05-09,BR-00060
CUR-9502057,M5249S2IPA,Current,61460862.12,2019-02-24,BR-00110
SAV-6993419,WPCM4JIYXO,Savings,9640508.12,2020-05-28,BR-00061
SAV-4730205,2FE7XSS98K,Savings,44800100.74,2019-03-31,BR-00021
SAV-3097419,BZMOCQ24WA,Savings,20147299.17,2020-11-07,BR-00077
CUR-6975988,RLJMXZX9RL,Current,61528339.59,2019-02-19,BR-00107
BUS-5967750,LEU13JJNKU,Business,97276132.75,2020-02-24,BR-00198
BUS-2533516,U929ZZRQ2Y,Business,91651169.04,2019-03-25,BR-00087
SAV-2745163,FWP5U5I1FK,Savings,60478943.14,2019-03-01,BR-00125
SAV-2151398,8AV4AXVY3Y,Savings,60447758.17,2022-07-14,BR-00059
BUS-4673270,3H4YSO13YF,Business,20658100.34,2021-11-12,BR-00028
BUS-9060818,Y1I5DBMEC8,Business,43587202.55,2021-08-10,BR-00181
BUS-2056265,CFWPW24V97,Business,25136028.29,2022-04-19,BR-00052
SAV-4732057,HADEDX2DAZ,Savings,32706578.5,2022-03-08,BR-00061
BUS-4474874,H8FOBT35JQ,Business,71464051.73,2020-03-02,BR-00187
BUS-2038039,3VWCRPV0VI,Business,41771327.34,2020-02-21,BR-00188
CUR-8097143,LZD5GIGZ8H,Current,82551517.74,2021-03-10,BR-00122
BUS-6356220,RM157ETJ2J,Business,35455195.39,2021-07-01,BR-00055
CUR-3772919,RDAV88US7F,Current,93171226.55,2021-10-21,BR-00146
SAV-5101957,VPYBMT2RQV,Savings,29604539.42,2019-03-08,BR-00120
BUS-1038241,85L3QO8S4J,Business,57121662.9,2021-11-10,BR-00186
BUS-4237801,GLC3B1NI23,Business,58225256.07,2019-04-29,BR-00042
SAV-5277436,CHLGWNQYVF,Savings,66314127.14,2019-09-07,BR-00058
BUS-7014886,DUWAE3F99P,Business,48411353.23,2019-04-09,BR-00137
CUR-7765957,JCAG5PGTGD,Current,24442719.11,2022-11-21,BR-00001
BUS-6812208,5MTPBQ4QFO,Business,34256024.21,2019-09-08,BR-00086
BUS-5509812,3WX3LWHREG,Business,1550697.56,2022-12-24,BR-00149
BUS-2664961,3ER7WOABJD,Business,85617910.31,2019-01-25,BR-00050
SAV-6273394,7UTHUD2UIH,Savings,36182445.86,2019-08-24,BR-00129
BUS-9264931,WWJOFQWAMH,Business,94600872.14,2019-04-07,BR-00035
BUS-7199623,CBU7ZD996O,Business,99719141.25,2020-11-10,BR-00114
SAV-9127793,UBL7OBIPNR,Savings,30385027.63,2020-11-17,BR-00007
SAV-7779518,EVTULOLJEK,Savings,2757508.51,2020-03-27,BR-00114
CUR-5084453,7UW1AX8PNV,Current,36447606.16,2020-01-27,BR-00082
BUS-7246987,99MGA4QKEQ,Business,57315567.96,2020-04-21,BR-00136
CUR-9817426,WSF51XQEHW,Current,91160773.31,2022-02-27,BR-00020
CUR-7961533,RHI4O48MJL,Current,12826408.9,2020-09-21,BR-00002
SAV-9666029,ZD99NZ8Y6V,Savings,21049566.14,2019-04-16,BR-00099
CUR-8524654,90MDALIA1E,Current,30168618.64,2020-07-11,BR-00160
BUS-7685990,Q14Y4BJJGQ,Business,52625808.39,2020-12-05,BR-00105
SAV-6325156,RDANWMRXUG,Savings,66999173.72,2019-08-19,BR-00174
SAV-3833498,TPD785B3UH,Savings,29648526.45,2020-09-05,BR-00087
SAV-9484402,BDVKOKEQ25,Savings,46275245.19,2021-12-16,BR-00007
CUR-5427941,698UAJRQ7F,Current,26530649.15,2022-09-02,BR-00037
CUR-3870274,TA7I2VK368,Current,81974939.86,2019-06-25,BR-00133
SAV-5035168,TAW15L5LI8,Savings,91089505.77,2022-03-14,BR-00009
BUS-3133966,4IBOH8R58U,Business,94242892.54,2021-09-09,BR-00017
BUS-9850517,TXR332QNOY,Business,97189725.54,2021-10-07,BR-00106
SAV-9587626,I0OOY8PHK3,Savings,77367078.84,2019-09-30,BR-00133
SAV-8639147,F8ZF1QDAUO,Savings,34625889.53,2019-05-26,BR-00119
BUS-5232300,0OMOI65UEE,Business,51498580.5,2019-07-03,BR-00181
SAV-6086935,A02DJZYLR5,Savings,41416302.58,2021-08-15,BR-00181
SAV-2155075,JSA1CY11MG,Savings,22980577.91,2022-02-08,BR-00053
SAV-1533179,PQFQPYNACO,Savings,50445609.35,2021-02-11,BR-00110
CUR-8958144,4KE53BA16T,Current,86420522.3,2022-07-18,BR-00020
SAV-9279714,575ZXJ38A9,Savings,86049077.27,2020-08-19,BR-00091
BUS-5804477,W7C132JNTM,Business,27007844.98,2021-05-11,BR-00148
CUR-5662366,XLEXIFZG6Q,Current,40326037.84,2022-04-26,BR-00111
CUR-6016260,H4IARS82U8,Current,95027591.45,2022-01-21,BR-00168
CUR-5096759,C15MIBXY1G,Current,60993999.99,2022-04-26,BR-00192
CUR-8525294,Y2HFSO50ZJ,Current,53860933.17,2022-03-18,BR-00131
BUS-3374525,WSF51XQEHW,Business,47371227.26,2020-07-07,BR-00139
SAV-5279322,F1QIFX40Z2,Savings,34216718.77,2019-09-22,BR-00045
SAV-8954814,Q4VE4T86SX,Savings,45377652.67,2021-02-22,BR-00184
SAV-2967355,ONO1LYO05Z,Savings,17837680.62,2021-06-04,BR-00134
CUR-4201747,6J8W179YH3,Current,8954331.19,2020-07-05,BR-00176
BUS-8244080,X1UE5P3K00,Business,48133179.86,2019-05-13,BR-00067
SAV-2612671,8KKXX9R23I,Savings,82558893.28,2021-07-11,BR-00044
CUR-2687515,C2PS515S2A,Current,43313522.48,2019-03-07,BR-00011
BUS-8167289,I3LND82AOB,Business,62330678.13,2022-12-29,BR-00025
BUS-7704046,KFVYO02CG4,Business,69166226.59,2020-05-18,BR-00192
BUS-7803420,S9NQ5NTL0Y,Business,49491533.06,2019-07-03,BR-00193
SAV-3498314,OE3N8D39IV,Savings,20188984.29,2021-08-08,BR-00101
BUS-5085751,VWBDIDK89V,Business,52236054.46,2020-12-04,BR-00124
SAV-6179174,SPZC8DXPXS,Savings,86485048.54,2022-06-26,BR-00124
SAV-2587028,NN6AIRERY2,Savings,62268608.67,2020-03-16,BR-00112
BUS-8281838,NCD53GXQBW,Business,21957807.91,2020-02-14,BR-00155
BUS-3589952,QWGZC9SR87,Business,80218814.19,2022-07-17,BR-00049
BUS-3759932,GXFBT4Z6QF,Business,4160798.12,2019-11-16,BR-00096
CUR-1306588,45FFEYBMMD,Current,1511356.49,2021-01-07,BR-00132
SAV-3119339,M7ZG4L9H0J,Savings,99129766.57,2019-09-19,BR-00038
SAV-4461516,2VL8LXSLCJ,Savings,4960834.49,2019-07-15,BR-00062
CUR-1026001,C6KNLSUR37,Current,26041755.41,2019-01-03,BR-00130
CUR-9956027,XMMRYHW5YT,Current,20940190.67,2021-07-26,BR-00119
SAV-7780886,5AGMCQVM5F,Savings,32228115.83,2020-02-03,BR-00064
BUS-3035826,IN8AC39S0W,Business,46315087.02,2022-03-30,BR-00030
CUR-6785778,HUF7GEAEEG,Current,25126769.85,2020-08-13,BR-00187
SAV-1794170,CZ2490GVJ9,Savings,94811118.25,2019-08-14,BR-00091
SAV-9959818,2VMPDSP0FA,Savings,82060042.03,2019-09-30,BR-00021
CUR-3144392,Q3E0OUZH11,Current,54663796.02,2021-03-26,BR-00111
CUR-2504954,737AMWVTPV,Current,32266946.52,2020-02-24,BR-00008
CUR-8809897,4QZILDDFT6,Current,70262268.26,2019-08-13,BR-00178
BUS-7103814,8KL9ID4RBZ,Business,76965627.14,2020-03-24,BR-00082
SAV-7287910,NMKBMQA879,Savings,3948837.04,2020-09-16,BR-00113
SAV-5482284,9HC0X4USTH,Savings,69813918.18,2020-04-02,BR-00140
SAV-6500372,FUR83ZQ3DB,Savings,74642362.87,2019-01-06,BR-00029
CUR-7600203,4GTWVQI2XL,Current,65003901.28,2021-01-13,BR-00071
SAV-7901694,U55UQEKYW5,Savings,36085810.6,2020-09-23,BR-00032
BUS-3933739,C6EA82HLJB,Business,76157843.14,2019-06-29,BR-00161
BUS-4428897,FOL1M5WJOT,Business,43627408.74,2019-03-30,BR-00024
SAV-2234059,FPBGSNFLFJ,Savings,85170444.74,2020-11-02,BR-00020
CUR-7639820,82BHLNR3W9,Current,6120850.76,2019-08-03,BR-00008
SAV-2885582,N5LXGEIE4Q,Savings,95277624.07,2021-02-15,BR-00087
CUR-4962047,H1IGIO2AHF,Current,40851020.93,2021-06-11,BR-00065
SAV-1963659,G5N09I3DH7,Savings,67974194.03,2022-02-26,BR-00120
CUR-8794323,GEZVT71C3X,Current,24590961.83,2022-02-24,BR-00124
CUR-6404982,G9DGOBWQR6,Current,15705209.79,2020-06-27,BR-00091
CUR-2553662,JOTQD0C2CD,Current,18275432.45,2021-05-08,BR-00155
SAV-1461789,O5ELLUQUJC,Savings,14543360.79,2020-04-20,BR-00067
SAV-8564009,V8652NJJ2X,Savings,45966726.21,2022-08-22,BR-00150
CUR-4189817,7JMRXR4RZF,Current,47863666.74,2022-08-09,BR-00018
CUR-6372211,7UTHUD2UIH,Current,34801782.68,2019-10-23,BR-00190
BUS-1565551,V5Y7M4MVX5,Business,6952561.2,2019-10-24,BR-00183
BUS-1671548,ZDRCON0A5P,Business,77013542.06,2021-12-22,BR-00173
BUS-9208340,BFXIIIBQXY,Business,42923958.55,2021-10-12,BR-00170
BUS-1924644,IS60AYEOR3,Business,856331.8,2021-06-06,BR-00031
BUS-7400078,MKFN5L089M,Business,15724351.18,2020-02-23,BR-00052
BUS-3141869,D79A7U03TV,Business,20043181.58,2020-02-07,BR-00068
CUR-8583965,ANK0HPSQYG,Current,85836457.98,2022-01-15,BR-00134
BUS-1198714,TM0JOJDYG2,Business,59972847.45,2022-06-24,BR-00066
CUR-8931010,WUQ9TQNUUY,Current,24092330.15,2021-10-10,BR-00007
CUR-6290052,RQ2I2HOOUT,Current,53338100.16,2019-08-27,BR-00195
SAV-3554735,F6I90813HZ,Savings,35406760.93,2021-04-09,BR-00061
CUR-9600324,42GLVP99NR,Current,89516163.29,2021-07-20,BR-00071
CUR-1542002,70XUSEGD98,Current,97962717.53,2021-10-11,BR-00030
BUS-2381560,D9HGT06QPJ,Business,42240869.2,2020-10-12,BR-00190
CUR-8714249,JX3VZ7Z9AL,Current,91132438.99,2020-04-08,BR-00163
BUS-5727320,RDBFOG8JXU,Business,84378488.59,2021-10-01,BR-00117
CUR-1672039,GBQCB4F7PO,Current,14031694.03,2019-06-13,BR-00011
CUR-8800660,FLZCSCRPZW,Current,3579728.81,2021-10-08,BR-00135
BUS-5123083,Z9139B86UG,Business,25863374.93,2020-04-25,BR-00190
BUS-7378041,RB3XRWJGQ2,Business,74273246.96,2022-10-13,BR-00106
BUS-5906451,4WO98UIC96,Business,95223062.87,2021-09-15,BR-00134
CUR-3436463,UHS2MJY0TK,Current,56622954.53,2019-10-16,BR-00046
CUR-1439788,WGFLB2GZVT,Current,5903817.58,2019-08-18,BR-00168
SAV-9969459,BQ2I5NUNGM,Savings,98017070.15,2020-11-22,BR-00093
SAV-8049432,6XLI1WE2Z4,Savings,5924755.62,2022-05-12,BR-00062
CUR-9796311,CWMW9X2LGY,Current,25292832.39,2021-06-02,BR-00156
SAV-1738014,G7E5MEGHPD,Savings,6991809.33,2020-09-02,BR-00158
SAV-4761667,5TEKXA53O6,Savings,27516154.55,2019-02-07,BR-00169
SAV-1520196,CV75JIFEZT,Savings,9779692.77,2019-05-16,BR-00177
CUR-4903330,D2SU9MNL69,Current,48513406.36,2022-05-25,BR-00062
BUS-3286102,JQELHRRW1W,Business,28291722.56,2019-08-25,BR-00067
BUS-8529246,71JXPYVNP6,Business,5020841.09,2020-09-03,BR-00129
BUS-7069348,WFK5WAFJC2,Business,2880696.6,2022-05-13,BR-00137
BUS-4489902,DZ0DTF3J9G,Business,83663981.71,2022-06-13,BR-00042
CUR-4538212,KRH5KSFPOK,Current,8377756.44,2022-07-14,BR-00038
CUR-3619574,9D3N8GKGNI,Current,54499695.43,2021-02-20,BR-00112
SAV-6679754,QH0F9N75S2,Savings,72276771.17,2021-04-19,BR-00145
CUR-4842799,W7DH8TSIIY,Current,87274186.04,2020-07-16,BR-00084
CUR-4061812,NA327DDKGH,Current,21797948.22,2022-03-31,BR-00092
CUR-7383629,VRF2LC8JPQ,Current,27952014.35,2020-09-24,BR-00056
CUR-6475449,DVLMUBJFKF,Current,19631742.31,2022-04-19,BR-00039
CUR-9140855,XOFK81NIF1,Current,49982040.01,2019-07-08,BR-00020
CUR-3425245,IP3RHG4T7V,Current,52497126.09,2019-01-15,BR-00006
CUR-5749949,41E03QRKM2,Current,15617607.01,2020-03-24,BR-00107
BUS-7743459,WS1R9TFQHA,Business,75322193.55,2020-11-17,BR-00102
SAV-5513805,WRHI4RB2MP,Savings,48561991.26,2019-04-29,BR-00134
CUR-6301728,LR7JR2SDOK,Current,64631122.26,2022-03-20,BR-00027
SAV-5692027,UGEXSRJTMU,Savings,6898321.63,2021-10-11,BR-00132
CUR-4183226,PH4LV5C6H8,Current,73303453.33,2022-05-14,BR-00033
SAV-8947525,IHXX7TM7GG,Savings,59709495.02,2020-03-06,BR-00033
BUS-4734054,3U2UMJ9VEQ,Business,97719840.83,2020-08-24,BR-00186
SAV-4517683,AAIXCPDM5J,Savings,26742185.69,2020-07-18,BR-00188
CUR-8582712,DS6WUFDQDL,Current,30638349.44,2019-12-15,BR-00038
BUS-6118054,C157C3IPZI,Business,514132.73,2021-04-12,BR-00140
SAV-8251518,L6M9C8EFPE,Savings,29293543.21,2020-04-28,BR-00138
BUS-3055236,9KL6XB4GZH,Business,1314525.68,2019-10-25,BR-00009
SAV-4139529,UQD8GKP9G4,Savings,40133968.85,2019-11-06,BR-00112
CUR-9812947,VBIIFBVSUO,Current,35309830.28,2021-04-27,BR-00073
CUR-1776495,TSD04J402U,Current,28935188.78,2019-08-19,BR-00194
CUR-1573341,92X8V3GP5B,Current,5092764.37,2022-03-01,BR-00085
BUS-5432038,8I2IH07SAN,Business,73702808.66,2022-08-18,BR-00141
SAV-4281790,SI7BSZTUL9,Savings,9701077.95,2021-05-29,BR-00113
CUR-9358411,C15MIBXY1G,Current,13965003.68,2021-09-03,BR-00049
SAV-2784920,1S5VL5DUQ5,Savings,83960649.04,2021-09-19,BR-00062
BUS-3313748,I3ASPEHPQ6,Business,5330059.38,2021-02-09,BR-00198
CUR-7299008,T253LO0845,Current,17152635.55,2021-03-13,BR-00124
CUR-2927183,RO3H5N0KTC,Current,68903009.01,2020-04-10,BR-00017
BUS-8545060,QO19US26CP,Business,94587423.98,2022-08-01,BR-00052
CUR-9574175,UHALMLJQTA,Current,44831099.3,2022-10-31,BR-00144
SAV-4567662,CMAT4J5855,Savings,29657259.52,2022-12-10,BR-00187
CUR-6924685,2GYHZG4CJH,Current,77397591.67,2019-11-21,BR-00045
BUS-2948144,JR9D8YEVM3,Business,27560035.56,2021-09-12,BR-00023
BUS-8861138,AIU85ON20R,Business,20876702.62,2019-03-07,BR-00078
SAV-9141322,R0TWUCDKDI,Savings,46435067.55,2022-10-17,BR-00181
SAV-6444671,IKOI2TMYE1,Savings,12543090.88,2020-12-19,BR-00023
SAV-3141479,2JKK981LQP,Savings,78695553.66,2019-10-06,BR-00102
SAV-8508452,UKUC5Z6UER,Savings,51674745.77,2019-09-16,BR-00062
SAV-3671849,URVOOHB9KV,Savings,71500050.53,2022-08-23,BR-00124
BUS-9141147,F96RQWK6JQ,Business,99048235.68,2021-07-05,BR-00172
SAV-4212174,TYBZO7ASXK,Savings,62038549.41,2019-01-15,BR-00145
CUR-6041918,RR20ID1HBX,Current,43925764.51,2022-07-11,BR-00104
CUR-1052817,BO2NT2P0XV,Current,69921558.78,2019-02-08,BR-00112
BUS-9846485,PMT95VMMWQ,Business,24191708.97,2019-04-30,BR-00190
CUR-2637474,I3ASPEHPQ6,Current,2749863.67,2020-07-09,BR-00083
BUS-6057379,Y881PAGTPP,Business,17962911.01,2020-05-19,BR-00189
SAV-4317260,NAW25VLRJA,Savings,84675100.54,2022-01-23,BR-00020
SAV-9538268,3G9BQWXW9T,Savings,67404215.0,2021-07-27,BR-00186
CUR-8889518,7BO8I5KXFD,Current,53220840.38,2021-09-10,BR-00119
BUS-1844552,EIMXRTJC4K,Business,32024506.63,2021-04-27,BR-00083
SAV-7569700,HV1YSHIC4I,Savings,59848677.36,2021-10-23,BR-00081
BUS-1110584,QKSESG5HIK,Business,51411296.33,2020-05-23,BR-00039
SAV-5077640,D78QXF07O9,Savings,90015730.05,2020-02-17,BR-00122
BUS-9295275,Z4BN551BRZ,Business,9330828.68,2019-09-22,BR-00096
CUR-5697703,HJXRVDEEM2,Current,12683328.23,2022-02-21,BR-00198
BUS-4945754,Q9XQ2AODNP,Business,22349995.44,2020-05-18,BR-00021
CUR-3102351,TVY9BVZU34,Current,19606284.55,2021-07-14,BR-00103
SAV-9090723,CMAT4J5855,Savings,13494575.43,2021-05-19,BR-00017
CUR-4149610,A6DYOHNF1Y,Current,10205394.63,2022-12-31,BR-00195
CUR-4271782,1TWZ3AJ1AS,Current,99699692.25,2019-07-03,BR-00188
CUR-5838650,F04K0Q99TC,Current,20063494.87,2019-08-10,BR-00112
CUR-4814405,3P1Q9M7KC0,Current,71182218.56,2020-09-20,BR-00067
SAV-6322482,2V8Q2WCU7S,Savings,34148221.11,2019-09-12,BR-00005
BUS-7648012,CNJQE63LAG,Business,16193479.86,2020-06-19,BR-00008
BUS-1111023,K98WF75S8H,Business,29753692.27,2022-01-07,BR-00026
CUR-1675946,W22IT56W0W,Current,21050799.24,2021-12-29,BR-00020
BUS-6205002,JMLG5JKZVV,Business,40360824.72,2022-12-07,BR-00191
CUR-6093430,QPSZ9LMA6U,Current,22269094.32,2020-04-16,BR-00141
BUS-2368580,TH3BDXQOLL,Business,38427704.54,2021-12-11,BR-00196
CUR-2762744,1E254FBVTO,Current,90514588.96,2021-08-31,BR-00009
BUS-3072858,9Q3XCS9G2K,Business,79353736.48,2021-06-01,BR-00008
BUS-5385877,A8G2R8RCG0,Business,41829307.23,2022-02-08,BR-00108
SAV-4386347,8AIX68E5UN,Savings,87564472.81,2019-02-04,BR-00165
BUS-2886776,C6YD2VB33R,Business,47733355.33,2021-05-23,BR-00168
CUR-7336146,SL68RT7MJF,Current,8071863.14,2020-12-29,BR-00083
CUR-4914688,3UY71WEF8U,Current,14543837.12,2020-01-03,BR-00033
SAV-2359746,NF0XJ0FSF2,Savings,3647378.97,2019-06-28,BR-00061
SAV-6949821,D893L0IM26,Savings,73221032.02,2019-03-13,BR-00123
SAV-2344621,0NKYJXDY39,Savings,32785370.66,2022-11-30,BR-00050
BUS-1177954,EK7ID36HSW,Business,83960255.79,2022-09-08,BR-00091
SAV-6374706,U4Z2GS8ZIQ,Savings,19963810.94,2020-08-21,BR-00022
CUR-6585077,KDD8FEO1X7,Current,45529403.06,2022-10-07,BR-00121
CUR-8742299,K24X1O6AHS,Current,88567699.99,2019-07-13,BR-00123
CUR-3959037,NYR44CIGT3,Current,71635453.92,2022-06-01,BR-00197
SAV-5848109,CQJ9WBPPMH,Savings,58225925.46,2022-12-24,BR-00166
CUR-9533357,2PWD36CYIN,Current,97268934.02,2021-05-27,BR-00084
BUS-1061785,OY20GP1F66,Business,97085289.62,2021-01-21,BR-00191
BUS-6657267,DQRW52WKTJ,Business,34402603.81,2022-07-20,BR-00136
BUS-3965394,A2B2EIPAB1,Business,8079444.46,2022-08-22,BR-00164
CUR-8677379,VPE5WQWIV7,Current,77924515.19,2021-06-26,BR-00157
BUS-7173962,NQ76X5ZPCF,Business,61810729.79,2019-10-25,BR-00150
BUS-2776415,GNGOEC6B2U,Business,2817621.21,2020-08-22,BR-00145
BUS-3892161,UXL9G563H3,Business,92913563.73,2022-08-07,BR-00180
SAV-3664608,GSR2H5849R,Savings,87925366.86,2019-12-06,BR-00087
CUR-2790843,EIHW8OI8R5,Current,63766208.72,2021-09-14,BR-00018
CUR-7752265,0ZPGWEE2UP,Current,78345110.06,2021-03-06,BR-00067
SAV-2469507,O3VSJYD9QO,Savings,33560953.48,2021-10-25,BR-00198
BUS-1994385,A2P8REXWQT,Business,85909792.24,2022-02-11,BR-00150
BUS-3850981,QYPQWOAEW9,Business,6506182.1,2021-01-29,BR-00018
SAV-4444458,YFFMEBEDMD,Savings,54123705.21,2019-05-21,BR-00062
CUR-5646054,YFZ835VDS1,Current,49842010.74,2021-08-07,BR-00013
SAV-6985807,FEWMYGX0OH,Savings,67543657.73,2022-08-13,BR-00145
SAV-9574154,Z73P6DK1TM,Savings,17602580.39,2019-06-29,BR-00197
BUS-3317976,D2LZZ3SHQK,Business,41719213.88,2020-04-23,BR-00123
BUS-2352021,F7JAK435YF,Business,8750364.21,2020-03-06,BR-00098
CUR-7287430,K01ICGVYLR,Current,54989608.18,2020-05-14,BR-00103
SAV-8409336,IB5ABUF1UJ,Savings,21296472.33,2019-05-29,BR-00031
BUS-9231479,JOBVARCSZQ,Business,58237515.47,2021-02-07,BR-00002
BUS-5494175,AOR6NG081O,Business,85713569.8,2021-10-17,BR-00115
SAV-3270639,VTZ8IMNDHM,Savings,97322959.21,2019-08-06,BR-00144
BUS-5178173,1A81ACPZIC,Business,83369323.44,2021-01-21,BR-00103
CUR-1679250,V2J4WP2333,Current,44948711.85,2019-01-27,BR-00002
BUS-2673521,YRYV6E0H7G,Business,95888897.53,2020-10-02,BR-00084
CUR-6790229,8F4VK7JP4H,Current,68236466.2,2020-05-14,BR-00176
SAV-5600879,FN1CZFYHQ1,Savings,25558888.32,2019-09-27,BR-00016
SAV-2331749,7H93JJASZ8,Savings,95394860.47,2019-12-05,BR-00014
SAV-9553931,YQDPY0K40E,Savings,35081771.62,2019-05-07,BR-00090
BUS-2229260,XGI6A189YM,Business,61906304.74,2022-08-24,BR-00079
BUS-6991174,TD0T7URG31,Business,74577831.35,2022-03-22,BR-00134
SAV-6842773,OW2OCHUC1B,Savings,90587898.26,2020-08-12,BR-00055
BUS-6118243,JTIRUPOFI6,Business,40880656.88,2021-06-16,BR-00157
CUR-7429827,PFP1162H7Y,Current,42065352.3,2021-08-15,BR-00088
BUS-3565515,S7N75NO171,Business,65750043.89,2020-07-08,BR-00059
CUR-5994170,TIO6BF30Z1,Current,71029067.55,2022-04-06,BR-00114
CUR-7579037,UKVM570SPN,Current,6859923.24,2022-05-17,BR-00027
BUS-9017120,BRTRN18SB5,Business,54847398.61,2019-01-07,BR-00069
BUS-5956650,HUB3YUQR01,Business,24709398.29,2022-08-29,BR-00130
CUR-9826173,OKBI4TTKO5,Current,9485368.14,2022-03-04,BR-00020
SAV-9406472,RB3XRWJGQ2,Savings,14059248.66,2022-05-15,BR-00036
SAV-3542848,QQLJHKDTX6,Savings,95556169.43,2022-05-23,BR-00190
BUS-4585474,F2GP9KE8R3,Business,75901423.5,2019-10-05,BR-00039
BUS-8922989,N0PW7FNWBG,Business,16607210.61,2019-01-19,BR-00052
BUS-8588080,TBLLSUHIOQ,Business,29960870.46,2022-11-30,BR-00182
BUS-4243600,ANUXA9HKB7,Business,9302343.92,2022-05-01,BR-00159
BUS-3130874,HW3N8XXU35,Business,70854809.9,2020-08-30,BR-00097
BUS-8490525,3I0JDO0E0R,Business,89204166.77,2020-06-04,BR-00036
SAV-2021117,6DPMLMJAKF,Savings,33570384.04,2021-08-16,BR-00167
SAV-7412304,O1UHIM5A66,Savings,32764207.76,2020-02-27,BR-00195
BUS-3760837,VH6MUBEJZL,Business,77146970.56,2022-08-15,BR-00193
CUR-6661022,USYZNJKMVW,Current,23740818.42,2021-12-13,BR-00094
BUS-2826319,2S7RFNDZJ5,Business,31284964.11,2020-06-26,BR-00083
SAV-3321637,MF5G8EY88J,Savings,35026985.62,2022-01-11,BR-00142
CUR-8577827,FGLQ2ENE2K,Current,47460651.01,2021-05-02,BR-00048
CUR-2750088,296T350R6W,Current,55659336.03,2022-12-30,BR-00022
CUR-1968404,ZMMWQ6N4IQ,Current,54916865.48,2019-07-25,BR-00142
SAV-4665072,FPXM5TC28J,Savings,66774389.42,2022-10-12,BR-00019
SAV-8144353,9OK9PLWRL1,Savings,6543064.17,2021-05-14,BR-00125
CUR-6834290,IO92QWL7C0,Current,70102870.77,2019-12-16,BR-00107
BUS-7628336,STXEN1QX5Z,Business,46138322.5,2022-10-08,BR-00018
CUR-7962036,WY8PV5WWB1,Current,75097085.41,2020-12-12,BR-00187
SAV-9407586,JK5UZHFH9K,Savings,829793.55,2019-12-14,BR-00061
CUR-6782572,UTTZF63RH1,Current,97586011.33,2021-10-15,BR-00018
SAV-4028248,P8UFREOSHQ,Savings,25545010.21,2021-12-21,BR-00080
BUS-7074537,LUQ49Z9RLR,Business,56702625.24,2019-04-08,BR-00067
SAV-2781349,23QZ9NEH85,Savings,88991834.43,2019-11-28,BR-00021
CUR-5155821,I88OP2XRZ0,Current,5383408.57,2021-05-13,BR-00052
CUR-9048142,2D9YHIQLY3,Current,64620651.19,2020-06-14,BR-00097
BUS-4064463,W1BXECGF6N,Business,68497775.68,2019-12-01,BR-00199
SAV-6914908,82BHLNR3W9,Savings,63964956.76,2019-07-10,BR-00004
BUS-5170530,0TOSVIB2L8,Business,72046753.59,2019-07-27,BR-00164
CUR-1650177,YCXPNA6G8E,Current,51355261.29,2022-07-26,BR-00023
SAV-5327450,ENW7SEIMKW,Savings,60036305.17,2022-06-03,BR-00002
BUS-4272199,X4AYY48FOQ,Business,21173893.12,2019-03-05,BR-00145
BUS-2869221,QSH3JG5O1O,Business,64951679.31,2019-08-17,BR-00145
SAV-4955844,MHSDG7QCVK,Savings,97066865.71,2020-12-10,BR-00039
CUR-4609290,DUMN0V8DMD,Current,47077236.68,2021-11-13,BR-00128
CUR-4918858,7THFJ6S4RB,Current,49774669.45,2020-03-25,BR-00025
SAV-5529813,WQLDIWC6YY,Savings,71292917.54,2022-04-02,BR-00007
BUS-1891354,IWZ1Z3F2E9,Business,47462597.15,2021-09-29,BR-00058
SAV-9112155,NMELODZB4M,Savings,52541698.47,2019-07-27,BR-00055
BUS-7999676,Y045JHJGS9,Business,47164210.89,2021-10-14,BR-00046
CUR-1021205,4TEAMCHSU4,Current,27945987.84,2021-08-29,BR-00076
CUR-7290456,CETQMI2UFX,Current,37294269.28,2020-10-24,BR-00076
SAV-8413526,HOOZ2IUY2J,Savings,71630636.79,2022-01-15,BR-00012
BUS-6607900,GKUVLNGESB,Business,29256717.67,2022-01-02,BR-00043
BUS-7877794,VVXK38KZ1G,Business,45445867.31,2020-05-04,BR-00076
CUR-6966650,Z8KNFQFAKJ,Current,182264.64,2019-03-20,BR-00094
CUR-6564960,ZRLMVF370K,Current,61436921.91,2019-04-13,BR-00166
BUS-9077451,CA5PKG8H01,Business,56237446.43,2021-02-03,BR-00042
BUS-8048222,D5YY9GJCSH,Business,86797229.88,2019-06-17,BR-00122
BUS-2675905,BLETUVNJIM,Business,23580786.23,2022-12-02,BR-00125
CUR-7702018,Y2O0POVEHR,Current,20927467.74,2021-10-28,BR-00054
SAV-6315869,VZXCF3BL8V,Savings,99022217.24,2019-08-28,BR-00031
BUS-5264436,CYKQRF5701,Business,72098251.15,2020-10-05,BR-00129
SAV-5489696,LJJOFD2IQH,Savings,11015073.16,2020-03-14,BR-00200
CUR-3843137,NGUYD3AFQH,Current,91888233.5,2019-11-28,BR-00033
CUR-3666775,6U49N0337H,Current,23839286.19,2021-05-16,BR-00094
SAV-4527159,OF63GSQCRO,Savings,22031503.12,2022-04-06,BR-00008
SAV-1838403,LCUJ2RKMWB,Savings,21970026.22,2020-03-28,BR-00018
CUR-2103196,ECZ1Q7KMIE,Current,5830991.0,2020-04-28,BR-00161
SAV-3823801,UOG3N8126X,Savings,12588577.69,2019-09-20,BR-00033
CUR-4536517,QY4A1CGHXI,Current,14289308.8,2022-07-01,BR-00182
CUR-8095541,7H2K5R91G9,Current,2893246.1,2021-12-15,BR-00164
BUS-5125257,SFF7ELJAW4,Business,5118281.57,2020-09-10,BR-00083
BUS-6086486,6GF1L7P4X1,Business,31858907.35,2019-10-17,BR-00181
CUR-8641066,VJNEKLD8HE,Current,19397104.36,2020-10-07,BR-00059
BUS-7526094,CF4EE9PAKB,Business,36804336.72,2019-05-24,BR-00026
BUS-1663040,CMOP7HNEEW,Business,77010040.92,2021-12-06,BR-00004
BUS-2969152,0HEQ9DK6DE,Business,28105975.85,2022-03-10,BR-00022
BUS-9470144,KUD3IKNAB8,Business,43919081.73,2021-02-08,BR-00112
SAV-6074167,40RWBHW8X4,Savings,96588897.63,2020-10-27,BR-00090
BUS-2348692,UWQCS8UU8R,Business,27370242.62,2021-07-17,BR-00180
SAV-7848444,LP54HM1WS4,Savings,53444726.84,2020-04-18,BR-00197
BUS-4673837,EUMSFCEG9D,Business,35351668.3,2020-12-15,BR-00162
CUR-3416652,KGGAN3A035,Current,97371952.41,2022-12-16,BR-00060
SAV-2422562,B78OHOB7DH,Savings,18466655.64,2022-09-30,BR-00037
CUR-3375663,W4B4OBWG16,Current,92835365.29,2020-12-03,BR-00002
CUR-6965945,OXP82P22LQ,Current,68227666.27,2022-03-05,BR-00080
SAV-7221232,FU8G20FTLP,Savings,51883902.42,2022-04-26,BR-00160
BUS-9764608,NP58H013BW,Business,68519034.78,2022-09-26,BR-00048
BUS-5692502,0BZ4IJW8PN,Business,6529455.54,2020-04-20,BR-00162
BUS-1780635,KY1N1JQOXG,Business,88812394.68,2022-08-05,BR-00173
BUS-8515792,CPB36XIOKH,Business,69441081.73,2020-10-14,BR-00072
CUR-6113884,SI5RY3OE02,Current,32180538.32,2019-06-14,BR-00178
BUS-1894288,6KZXG3CK16,Business,84854056.9,2022-09-02,BR-00190
SAV-7329738,J3GU0Z3SZL,Savings,29310674.78,2022-05-18,BR-00033
CUR-3989374,QICSO0HC6J,Current,31020109.6,2022-03-20,BR-00142
BUS-8350793,IT88WXICSA,Business,87654532.86,2021-02-07,BR-00186
SAV-7695178,TJ6DAPKRKP,Savings,45741858.75,2020-09-29,BR-00063
SAV-2689930,ASGYFGA8KV,Savings,84841168.6,2022-02-18,BR-00003
BUS-7179434,F4RI2ESKRI,Business,12542438.32,2022-06-15,BR-00121
SAV-9663020,YE2IGTNXE4,Savings,45302084.57,2020-04-24,BR-00048
CUR-1314356,HUSE293IUJ,Current,73321199.55,2020-04-13,BR-00037
CUR-2004702,CIROXT4ZNV,Current,30011392.57,2021-01-05,BR-00033
CUR-2706278,OX4PERA7EL,Current,10202144.76,2021-06-09,BR-00170
CUR-4487663,X78KZJSIE0,Current,34733115.11,2021-04-23,BR-00097
SAV-6057732,BRDPGAELT8,Savings,30620079.75,2022-12-27,BR-00018
CUR-1304945,OC6FKFP5RB,Current,3453588.36,2021-04-19,BR-00102
CUR-6830508,1ELRNKCRXJ,Current,33266375.18,2021-04-24,BR-00030
SAV-6731311,SQ0T3JBGZ7,Savings,78148495.04,2021-03-26,BR-00061
CUR-2347078,I5O8NCM0G0,Current,38455231.28,2019-07-14,BR-00128
SAV-6541675,AW8KXJNGRE,Savings,17612150.07,2019-01-18,BR-00079
SAV-6808361,W3JV1SK2HS,Savings,71254367.4,2019-02-21,BR-00142
CUR-9520744,CS76JPPAJM,Current,96499814.63,2021-05-05,BR-00112
CUR-3030782,ZTT18IRBQ0,Current,69929983.09,2021-04-29,BR-00024
CUR-1365296,LQ218HTJHP,Current,566077.52,2022-09-20,BR-00026
CUR-4086547,I56HQFX4V2,Current,13807743.35,2021-12-18,BR-00093
SAV-1909690,4EMIYH3GJV,Savings,85585593.26,2022-09-09,BR-00148
CUR-5616281,E5917XUBUC,Current,8256389.72,2019-02-27,BR-00197
CUR-5785591,HVGYJNQZHZ,Current,45457277.56,2020-08-31,BR-00200
BUS-1133444,MVCANKCQH6,Business,12222727.47,2021-12-26,BR-00089
CUR-7704761,IHW86TCEL2,Current,22140138.28,2020-09-03,BR-00056
CUR-7665812,389RLAB9L7,Current,47823077.7,2019-01-12,BR-00098
CUR-8350063,VMS1SIGLHN,Current,7468363.63,2020-01-23,BR-00109
CUR-9550369,5NHR2A6E7D,Current,9890343.33,2022-12-26,BR-00114
SAV-3132435,WS2Z7A60WJ,Savings,81655030.24,2022-05-22,BR-00189
SAV-9677680,NVN19OKN2Q,Savings,58839956.33,2020-04-27,BR-00011
BUS-4689757,5RKF77657J,Business,64514200.25,2021-10-11,BR-00039
BUS-4220567,TVVAB37929,Business,34237239.04,2022-10-07,BR-00064
CUR-6626298,IDN91YZL6V,Current,22558831.85,2020-08-17,BR-00098
CUR-1541487,AJ1IA8RUMV,Current,97248458.46,2022-12-23,BR-00018
CUR-6794923,29ODG61DDN,Current,65129413.44,2019-11-13,BR-00073
BUS-7174984,TFI2R2QHLS,Business,4744567.64,2019-09-25,BR-00167
SAV-4465781,5A7DS6DQWI,Savings,83222256.82,2019-08-03,BR-00067
CUR-7593126,V76YKGYLHT,Current,99761261.21,2021-11-15,BR-00171
BUS-9872318,4XUCKGCFX9,Business,43907123.95,2020-05-30,BR-00157
CUR-6199980,1PX4A3OV7E,Current,96359014.43,2021-12-24,BR-00031
CUR-2762068,89H0ILFBFG,Current,13037870.95,2021-11-19,BR-00137
BUS-9455955,FKMMNK035T,Business,7797926.9,2021-08-27,BR-00067
SAV-6075671,YCWVDMIBV9,Savings,8245579.77,2021-01-15,BR-00135
SAV-9456565,TUF2QOO3IY,Savings,63181680.38,2021-06-03,BR-00072
CUR-6441329,Y5H9U1YVD6,Current,4689206.83,2021-10-19,BR-00007
SAV-8472466,4SHHMCL6SR,Savings,41571149.91,2021-10-15,BR-00068
CUR-1544940,SZXZOCQ2FL,Current,24876298.91,2020-11-15,BR-00077
SAV-5199197,4OHK8VL31F,Savings,78766491.78,2021-05-13,BR-00049
SAV-5410278,HMET2EY5UF,Savings,26589167.4,2021-09-13,BR-00160
SAV-9650669,00R40FRNLH,Savings,38850339.15,2019-08-19,BR-00107
CUR-7071505,GDSY0WMSC8,Current,26395973.96,2019-04-25,BR-00066
SAV-3214577,X2JB2WQT99,Savings,97217396.47,2021-09-13,BR-00186
SAV-2769993,N0PW7FNWBG,Savings,69855832.32,2021-06-02,BR-00020
SAV-5600922,W0LEI6YV5X,Savings,84105422.79,2022-07-11,BR-00086
SAV-6584251,ZN61W0G2J9,Savings,89625427.49,2019-12-25,BR-00156
SAV-3074087,FV4550ZDRB,Savings,14589573.72,2020-07-17,BR-00106
CUR-3436912,VN1A1530XS,Current,91496088.09,2020-05-26,BR-00039
SAV-3240079,FH14HQILM2,Savings,99848008.21,2021-07-24,BR-00078
CUR-6997919,Z60K28EPVE,Current,66458043.59,2019-04-28,BR-00044
SAV-8777333,YFVHOOAOEL,Savings,93212693.04,2021-01-26,BR-00038
SAV-5288741,0I1PXAXC4X,Savings,83627567.6,2022-09-27,BR-00025
SAV-8498179,JCQ2YQ20T8,Savings,90587047.96,2022-05-25,BR-00164
CUR-1006452,Z60K28EPVE,Current,84552777.52,2020-08-04,BR-00170
CUR-4458606,4748UDUSIQ,Current,71712018.56,2022-03-28,BR-00063
CUR-6935026,717SPK3FR2,Current,64986170.64,2022-04-18,BR-00038
CUR-1277741,93XT6NAY70,Current,11642201.38,2022-10-25,BR-00114
CUR-4265550,GL2TVWJH0B,Current,97112282.56,2021-03-28,BR-00104
BUS-1220072,TUF2QOO3IY,Business,32446823.69,2022-12-13,BR-00079
CUR-7880360,T8THJA17IL,Current,44763633.43,2021-07-27,BR-00151
BUS-9819679,9O1SIK65M8,Business,91141361.49,2020-12-30,BR-00094
SAV-8036484,A776Q0NH9K,Savings,59440175.29,2019-02-27,BR-00140
SAV-4903863,D7YFBDJAP2,Savings,39084582.49,2021-03-12,BR-00171
CUR-1838814,5OHUDSY0SD,Current,54676732.32,2022-03-19,BR-00007
SAV-1704792,E83I7GRH8N,Savings,60084449.03,2019-07-07,BR-00143
SAV-3671189,0VMZ2H4A0C,Savings,5715648.06,2022-04-02,BR-00006
SAV-4669843,5CIONRDSA6,Savings,74405543.74,2021-09-27,BR-00025
SAV-6146158,UGITR8Q6ZU,Savings,22186780.05,2022-09-29,BR-00131
BUS-5165001,J6W7FDYBV2,Business,95702651.04,2022-04-20,BR-00010
CUR-6062693,DX0R2906Z6,Current,37815943.16,2020-11-12,BR-00170
BUS-3544298,7W9NTFA26Q,Business,19499111.73,2021-04-02,BR-00005
CUR-1691633,2QAT13Q1A5,Current,25661016.33,2020-01-10,BR-00151
CUR-3884987,3N2XP0L91E,Current,41727515.2,2021-10-04,BR-00054
SAV-7548475,9JMVOA0DVX,Savings,18924497.01,2022-05-12,BR-00076
SAV-5998503,6CUNXV2SAB,Savings,18818362.78,2021-07-08,BR-00126
CUR-5025265,6V9FQH7HDX,Current,83392933.97,2019-05-09,BR-00120
SAV-2386515,IIODXKT504,Savings,5618465.8,2022-08-06,BR-00018
CUR-2601514,1VMVO489EG,Current,24154674.95,2021-10-09,BR-00091
BUS-3450700,IIODXKT504,Business,587200.84,2021-11-29,BR-00166
BUS-2365509,SI7BSZTUL9,Business,86950015.83,2022-08-11,BR-00088
CUR-3508723,XAU1SHTF81,Current,41229035.66,2019-04-30,BR-00022
SAV-1400244,LIQ19F8CIN,Savings,72580432.31,2021-07-15,BR-00130
CUR-1375474,GBEYDZIZFV,Current,50817175.16,2019-01-18,BR-00095
BUS-4287385,R2Z3OQTIPJ,Business,84393793.92,2020-08-13,BR-00170
SAV-2245416,01VOR5CWL9,Savings,75218873.22,2022-09-20,BR-00191
SAV-5711266,H3V2QEFWMH,Savings,95435355.21,2021-12-23,BR-00034
CUR-8907186,CU2A149B2Y,Current,27879059.21,2021-08-31,BR-00090
BUS-5363818,IT4K3WP1S7,Business,35042834.08,2022-09-01,BR-00086
BUS-5204163,3Q3NXSSR5E,Business,60292682.55,2019-08-30,BR-00133
CUR-8474518,PUNCCM3CLT,Current,12396496.69,2021-06-13,BR-00141
CUR-2940952,R514LXFGHB,Current,36244863.53,2022-06-23,BR-00153
CUR-6558314,TW1MTKMT61,Current,93309147.32,2020-08-06,BR-00193
CUR-2674347,C6SHIG4UTW,Current,25240786.81,2020-07-23,BR-00115
CUR-1258038,92X8V3GP5B,Current,25022948.39,2022-08-21,BR-00144
SAV-1482923,AQU8PDLVEH,Savings,62368210.43,2022-04-03,BR-00026
SAV-8552319,5038980ATZ,Savings,4568785.17,2020-11-04,BR-00161
CUR-8025143,HKYJDXB7FR,Current,98604455.52,2021-06-03,BR-00124
CUR-5834101,6DI1B9UP1N,Current,61219752.23,2019-05-21,BR-00123
SAV-2111238,O0JTJF8RJ4,Savings,30607194.11,2020-11-01,BR-00133
SAV-9879216,K9M2SZZNBP,Savings,77231715.23,2021-10-09,BR-00075
CUR-6578538,2CNGUXOI7O,Current,37495454.93,2022-07-04,BR-00036
CUR-6674779,3Z5DJTHXJ8,Current,92012563.5,2021-05-11,BR-00109
BUS-6695105,UWRU0JQZHY,Business,43970774.12,2019-09-16,BR-00176
CUR-4351078,D7P02N3Q2A,Current,16622337.15,2020-02-07,BR-00069
BUS-6216946,7HN12NBCQG,Business,92960774.35,2022-02-05,BR-00193
CUR-1530440,MSNWMR3AM8,Current,49532405.09,2021-07-09,BR-00067
CUR-4263070,YNV1H96U17,Current,10213557.55,2019-07-31,BR-00106
BUS-6408704,0L53FUA6LF,Business,3539301.33,2019-11-01,BR-00040
BUS-8600265,2LK3SFJ1E9,Business,81745789.65,2022-08-04,BR-00142
CUR-7480523,Q09LE1ST6A,Current,48341306.55,2022-02-10,BR-00196
SAV-3645705,PIMIQNBMZA,Savings,38728870.15,2021-11-08,BR-00054
SAV-7879802,1NRGB7GC57,Savings,88579125.2,2019-01-23,BR-00045
CUR-1414723,GSR2H5849R,Current,2500688.82,2019-12-08,BR-00018
SAV-3023675,Q63B0XMSNE,Savings,66609918.42,2021-08-23,BR-00193
CUR-6669995,HA55ZPB9IF,Current,97809815.93,2021-11-24,BR-00188
CUR-8219665,FOL8JZCS7A,Current,58032793.92,2021-10-01,BR-00025
BUS-2758784,81ZLY3XR5W,Business,91545181.54,2022-05-22,BR-00123
BUS-8927076,80NQTD8ZN2,Business,65121953.13,2019-01-17,BR-00186
BUS-9353497,EYI67DNCEZ,Business,72138393.58,2022-04-03,BR-00078
BUS-5443300,YRWFLL1FEB,Business,87403647.04,2019-02-27,BR-00026
CUR-5956698,TL2MFCWNAD,Current,83614462.36,2022-12-23,BR-00098
BUS-7536636,QEGRDNUCU5,Business,79993081.46,2021-07-14,BR-00104
SAV-7156913,Y045JHJGS9,Savings,9917522.66,2019-09-27,BR-00157
BUS-8572431,EQPCHXTS14,Business,24829377.49,2020-12-12,BR-00048
SAV-6858120,BOTCOP8WXO,Savings,30085273.71,2019-06-21,BR-00033
BUS-8164980,O864ZUXKC9,Business,59604770.91,2019-09-01,BR-00168
BUS-7510808,N6YGFFC9MY,Business,21496352.19,2019-10-04,BR-00148
SAV-4896499,HMPHAT7WAH,Savings,74784844.88,2019-04-06,BR-00122
CUR-2587696,MBFTNAFWD9,Current,8327787.46,2020-09-19,BR-00029
SAV-8174511,GW454XP70O,Savings,19158875.57,2021-12-30,BR-00108
CUR-3434996,N3YB5XEL12,Current,13651637.22,2020-08-18,BR-00060
CUR-7884440,JRAR6DEPKK,Current,73901127.53,2020-07-04,BR-00011
SAV-8300708,3RSK9SJJYM,Savings,10937184.88,2021-01-07,BR-00175
SAV-1766162,V87HQDY19F,Savings,50825100.72,2022-05-15,BR-00137
CUR-8677824,Z8KNFQFAKJ,Current,69405188.45,2019-03-26,BR-00107
CUR-9869313,PMT95VMMWQ,Current,2367643.5,2022-01-27,BR-00197
BUS-5542110,2G2M9YYWTI,Business,54544820.87,2019-12-15,BR-00111
CUR-8791929,LMAUW2SMX0,Current,90603912.79,2022-08-01,BR-00198
BUS-9934395,DZTZJGUAR3,Business,79265815.89,2020-07-21,BR-00163
CUR-2446680,M7KLXP4819,Current,63527058.28,2019-01-31,BR-00037
SAV-2948214,JMLG5JKZVV,Savings,12157550.31,2019-11-21,BR-00186
SAV-4017240,XCIGVJAO3C,Savings,1447154.14,2019-07-05,BR-00177
SAV-8939887,3X6LJVYNTY,Savings,68987051.13,2019-04-07,BR-00114
CUR-1620486,W6BD5PUT89,Current,63866799.66,2021-05-21,BR-00191
CUR-9765985,5KMDTIDQ81,Current,96128471.14,2021-01-18,BR-00110
SAV-8850341,MEGT40KKPF,Savings,66946901.24,2022-01-28,BR-00027
CUR-9475951,5J0RX0SL0I,Current,22528011.79,2021-09-12,BR-00091
BUS-9340854,C7SCDF4EW8,Business,53948667.11,2021-03-06,BR-00047
CUR-9734997,FEWMYGX0OH,Current,12655951.49,2021-05-14,BR-00059
CUR-1759335,2L78X8YUYT,Current,28065726.67,2020-11-29,BR-00013
SAV-1569873,J553MXBVWK,Savings,1150598.97,2020-09-06,BR-00052
SAV-5360949,BFM2RVHEDX,Savings,29438577.58,2019-04-27,BR-00074
SAV-4959860,8DAFYO8IM4,Savings,99610813.84,2021-06-16,BR-00022
SAV-7008931,5GCDHN9V1M,Savings,10274807.46,2021-03-09,BR-00039
CUR-5457376,PRTLWC31WS,Current,58003418.04,2019-10-31,BR-00009
SAV-2361041,3SJERTF5Z2,Savings,51197380.31,2020-04-03,BR-00148
SAV-7072667,OJB3NTIQBF,Savings,77249562.72,2021-10-15,BR-00051
BUS-8555874,ZZZR5O02HG,Business,53021441.95,2022-11-09,BR-00161
CUR-1911076,6HAXE0QVHC,Current,37354578.0,2021-11-03,BR-00034
SAV-3149609,B85CORKLW3,Savings,47808440.44,2020-10-16,BR-00166
SAV-2101771,BOS0IHNDT8,Savings,54180410.42,2022-02-03,BR-00082
SAV-5574787,IVA7ATVIYG,Savings,72191307.0,2022-05-16,BR-00187
CUR-8007605,YY4KQ7WKJ6,Current,73859491.18,2019-06-13,BR-00010
SAV-4795140,FMRYZKCD0Q,Savings,32724566.28,2021-04-04,BR-00178
BUS-5567716,QN97DI0X7F,Business,45077047.67,2020-09-24,BR-00008
SAV-3821614,23DY57PSGS,Savings,88175135.4,2020-04-22,BR-00009
SAV-5195597,T45MVGL9RL,Savings,96852660.83,2021-01-27,BR-00037
SAV-3606078,NGWTZJBA6L,Savings,36388859.89,2022-10-03,BR-00162
CUR-3647518,YA97HOY8AA,Current,52621584.24,2022-08-17,BR-00030
CUR-5481729,WUTX5N32W5,Current,12718383.72,2022-06-01,BR-00119
CUR-4681868,OIBZ888OVA,Current,34728747.57,2021-11-20,BR-00169
SAV-8077459,X78KZJSIE0,Savings,62534216.22,2019-10-07,BR-00059
BUS-1486497,PFQLLGLEJS,Business,88187008.57,2020-09-02,BR-00080
BUS-9868036,U8NKGGU3W6,Business,28888972.14,2020-07-18,BR-00174
BUS-8458469,7GXGWY953H,Business,1032102.94,2019-02-26,BR-00109
CUR-8950776,0XKVY7TB2V,Current,27615382.81,2019-07-23,BR-00065
SAV-4955405,UW7RH2XAYH,Savings,6950504.23,2022-09-14,BR-00142
SAV-3263814,GVQ7HSJUIR,Savings,1572258.52,2020-03-18,BR-00082
SAV-1972077,W7PHHQAJFF,Savings,82418567.96,2020-07-11,BR-00144
CUR-6072921,VVXK38KZ1G,Current,96413164.18,2021-09-07,BR-00135
SAV-8117771,45B8V42M22,Savings,56811393.66,2021-11-04,BR-00102
BUS-8341151,TAB8WSP0NP,Business,59743566.33,2021-07-23,BR-00184
BUS-8383599,DMLR8SCT7R,Business,1372100.37,2020-08-31,BR-00123
SAV-5360736,3N492VJ95K,Savings,96582484.18,2021-03-29,BR-00019
BUS-5326697,7TM4VHGCMR,Business,55399253.92,2019-08-19,BR-00200
BUS-8647524,U9VFVARK0E,Business,66621967.17,2021-11-22,BR-00101
BUS-7764707,GMO9UQ63P0,Business,82100433.8,2021-09-05,BR-00127
SAV-3194734,QPSZ9LMA6U,Savings,65473397.51,2021-10-03,BR-00178
BUS-7274502,PXET8V6JDS,Business,87076422.1,2020-08-04,BR-00076
CUR-7708340,68IN77NHWK,Current,18937250.17,2020-09-10,BR-00169
BUS-9238860,98FFE4TT07,Business,84177782.17,2021-10-15,BR-00003
CUR-9828525,OFGFBAU39V,Current,91640223.22,2019-09-01,BR-00003
BUS-1782118,MA4U3HJAJ1,Business,77234702.93,2022-08-28,BR-00036
BUS-8201638,H8IWF8EZY0,Business,82365374.15,2021-05-19,BR-00053
BUS-2166955,U6BRUWA4NG,Business,21793512.21,2020-11-10,BR-00167
BUS-8060494,2I8TYD7R0I,Business,19100988.13,2020-09-24,BR-00185
BUS-6088113,7BPW7KHOZJ,Business,15386191.1,2021-05-08,BR-00020
CUR-7495876,5038980ATZ,Current,27206810.44,2021-01-16,BR-00055
SAV-2769531,SRFVUM9EQ1,Savings,73208581.73,2019-01-23,BR-00008
CUR-8733160,37K1ISEDFS,Current,67802530.1,2020-06-10,BR-00110
BUS-1023546,8I0S1LY000,Business,85313373.62,2020-06-12,BR-00064
CUR-6265949,55UF3RKQGM,Current,65870365.42,2020-12-20,BR-00191
BUS-3229808,U5XZSJ03QP,Business,67428512.02,2019-08-10,BR-00027
SAV-2921706,BSQIFRMYKZ,Savings,32617936.63,2020-12-29,BR-00019
SAV-8856138,ZGPCJADWB3,Savings,90480419.42,2020-03-30,BR-00001
SAV-9605514,YA97HOY8AA,Savings,90708869.18,2019-11-08,BR-00032
CUR-6696496,GBH5G7Y4JC,Current,32874240.03,2019-10-22,BR-00139
CUR-4794122,I46G8G48NH,Current,76010033.29,2021-07-01,BR-00154
SAV-7703441,NEBSQLZMU6,Savings,78627458.9,2022-06-02,BR-00098
CUR-3625000,45FFEYBMMD,Current,63682751.71,2022-01-20,BR-00064
BUS-9891635,3RLH4FRVDX,Business,69466970.29,2021-01-16,BR-00056
SAV-2672880,IDI8CASYQU,Savings,519931.2,2021-04-09,BR-00062
SAV-3719912,JMCDX57BR4,Savings,39149300.93,2019-04-16,BR-00058
SAV-4895619,6X95ZCRBMI,Savings,14537599.63,2022-12-10,BR-00118
BUS-3705483,AG6K2PBRV0,Business,27117086.21,2022-11-22,BR-00182
CUR-8418231,O2WP6BNPTG,Current,24408181.14,2021-04-16,BR-00057
CUR-2593622,P54WIUPMOY,Current,92692279.04,2020-01-14,BR-00003
CUR-1642005,VR9JZ3ONP4,Current,62226873.29,2019-06-29,BR-00034
CUR-6870034,YEV0XI974J,Current,93166214.8,2022-12-07,BR-00159
SAV-3780581,CLH0N4J0YI,Savings,71085236.4,2019-12-02,BR-00123
BUS-2878133,MGAIBDO871,Business,74765404.35,2021-10-13,BR-00124
BUS-4205754,501YCUNPUI,Business,75181048.38,2020-07-08,BR-00094
BUS-7922694,BOTCOP8WXO,Business,93477222.15,2019-08-10,BR-00141
CUR-7553757,XOB5VO87TJ,Current,15751623.11,2019-07-14,BR-00080
CUR-8868712,5LBDNFHSJZ,Current,13280744.69,2021-04-25,BR-00015
SAV-1035643,75P75BZ6ZW,Savings,80883545.14,2021-07-26,BR-00123
CUR-6298349,4T5HQGREAP,Current,9389.88,2022-01-13,BR-00031
SAV-9272141,TCWBIH6V1S,Savings,86773192.54,2020-03-13,BR-00101
BUS-6451597,WUKVEMQ3TP,Business,61280549.99,2022-07-18,BR-00188
CUR-5650207,RHC8WCGLQY,Current,84424543.89,2019-09-18,BR-00045
CUR-4923158,WOL06B3UHS,Current,11663413.07,2022-11-28,BR-00088
BUS-5624327,MY8OQO9F54,Business,3332637.99,2020-10-01,BR-00107
SAV-6076209,5RUPNFI04S,Savings,37695527.94,2020-12-31,BR-00089
BUS-5085807,A7V05H5OO3,Business,17458342.84,2022-05-08,BR-00169
BUS-6620240,5B0G9CQJEY,Business,5543232.53,2021-04-09,BR-00098
BUS-5860578,A4R8W0GXCE,Business,66015933.28,2020-03-27,BR-00075
CUR-9675562,06HJQPIW45,Current,28473192.88,2019-05-24,BR-00165
SAV-7888854,MPY75AWDAJ,Savings,47698338.65,2019-05-04,BR-00015
CUR-2818895,WYCH4DWYWM,Current,9842741.89,2020-01-24,BR-00071
BUS-1692250,P28ZRAV054,Business,45685661.26,2021-12-13,BR-00196
BUS-5992860,9NJ3YNO63X,Business,19275251.08,2020-09-25,BR-00177
BUS-6650768,REIGQ9LUS6,Business,68230328.67,2021-05-26,BR-00139
CUR-5169416,FY7ILFAAZ3,Current,99340474.93,2020-05-09,BR-00010
SAV-1322123,WMW1Q4LC41,Savings,15715340.66,2022-11-02,BR-00099
BUS-1073391,2X423G172J,Business,42526373.45,2019-07-03,BR-00005
SAV-1451840,MI2CEFQU9J,Savings,1799191.82,2019-08-02,BR-00136
SAV-9454765,N5F6P740Z7,Savings,12738337.17,2019-07-09,BR-00140
BUS-4588844,GAZP5N7HC7,Business,15159692.91,2021-08-13,BR-00076
CUR-5411280,28V8H4A49I,Current,56440745.09,2021-11-26,BR-00145
SAV-2475586,RSCVY3QOAV,Savings,57120609.32,2022-05-20,BR-00017
SAV-2578667,Y8ZYN2TB7P,Savings,52291818.94,2020-07-23,BR-00083
SAV-9494961,VL5EKFTS21,Savings,17788812.13,2019-05-09,BR-00088
SAV-5612128,5GE9UIL7SH,Savings,34187318.96,2021-10-09,BR-00186
SAV-4411405,LDSEL8SIOM,Savings,24393438.03,2020-11-15,BR-00119
BUS-4248121,YQVHN1XGGW,Business,71607303.37,2019-06-24,BR-00082
SAV-8213564,WXY7UZES7G,Savings,56694912.36,2022-12-22,BR-00077
SAV-5171413,1MI3WALU4H,Savings,63569389.71,2021-04-30,BR-00064
BUS-5226967,R7MMZO6S8I,Business,77675453.58,2021-07-06,BR-00173
CUR-9111165,XDJ4GTGQLL,Current,49047230.13,2021-01-11,BR-00158
SAV-5991078,9543DNNNG7,Savings,74174120.4,2019-04-29,BR-00152
SAV-3938480,45XAAK6PJP,Savings,96598178.25,2021-12-28,BR-00149
SAV-1588400,BQ9DEX0CY0,Savings,80851115.04,2021-03-31,BR-00144
CUR-5671706,FNCO7N4KRT,Current,79407895.17,2022-02-03,BR-00073
SAV-1034703,ZXUOQQ321L,Savings,72358664.09,2021-09-21,BR-00063
BUS-6622832,XOLTA8CNYZ,Business,18612814.9,2021-10-24,BR-00043
CUR-3759718,RF5KSEXDZV,Current,49175883.26,2022-09-01,BR-00173
SAV-6370488,HOOZ2IUY2J,Savings,21451709.94,2021-02-22,BR-00141
SAV-1756196,M9VLDB6NS5,Savings,27003517.84,2020-05-26,BR-00107
CUR-7366300,KYM2VBHA3Z,Current,78393674.76,2022-12-30,BR-00023
SAV-1753396,BYO3SYZZ0F,Savings,1630008.43,2022-05-21,BR-00113
CUR-6036885,EZBK0W5HWJ,Current,98602459.18,2020-04-08,BR-00061
BUS-8676276,89QGCX0FOU,Business,56727609.94,2020-01-14,BR-00118
SAV-1133712,XVKQU0NH0W,Savings,47079735.41,2020-01-23,BR-00032
BUS-3218830,LNQLQ52FPL,Business,79608477.8,2021-05-08,BR-00038
BUS-1864935,B5GNLI6YK7,Business,1842051.23,2022-03-20,BR-00105
CUR-4509440,0K36NZ5C5N,Current,48578584.21,2022-07-30,BR-00191
BUS-1774573,JQ47X9S5XM,Business,58391765.86,2019-10-02,BR-00028
BUS-3387858,R79TFKV3B3,Business,72225961.65,2020-05-10,BR-00080
CUR-5757280,CIG6VFJSV4,Current,14879388.74,2021-01-03,BR-00113
SAV-8901913,ZBMGWOHLTL,Savings,64988675.98,2022-11-13,BR-00144
SAV-3326056,TRYTREUEQJ,Savings,51396878.07,2021-07-26,BR-00084
BUS-3230354,H91XKPYTD9,Business,6237554.27,2021-12-14,BR-00136
CUR-6532335,CYK6VF6Z3G,Current,25219240.6,2022-07-31,BR-00077
CUR-4148949,EYR64FD33J,Current,33039423.18,2021-02-09,BR-00129
BUS-7393738,D7IT0HOVSD,Business,59435057.37,2021-08-24,BR-00061
BUS-5505181,215U2ZBOT1,Business,35121052.58,2019-03-01,BR-00124
CUR-9188104,S9UCQV7Y42,Current,23374375.62,2020-02-13,BR-00001
SAV-8953109,JCQ2YQ20T8,Savings,82998584.07,2019-12-31,BR-00128
SAV-7035207,HF6DE4TUL1,Savings,34870917.12,2019-04-13,BR-00053
SAV-4819869,LPTLVS6LGI,Savings,34385175.27,2020-04-25,BR-00086
BUS-4053787,7JMRXR4RZF,Business,5525067.04,2021-07-02,BR-00020
CUR-3878250,ACPWB1LSR8,Current,4029114.95,2022-04-04,BR-00137
BUS-3971985,Q6G7T0U51G,Business,66963116.52,2020-08-03,BR-00099
BUS-2928117,LPW2NYR8M3,Business,312818.82,2019-11-29,BR-00129
CUR-7228202,XXWI8VLNKW,Current,60640948.08,2020-12-28,BR-00130
SAV-1831693,0CQTZ2BQM7,Savings,77800767.72,2021-06-05,BR-00031
CUR-4154287,5NHR2A6E7D,Current,92674956.61,2019-09-11,BR-00093
CUR-9478994,XMMRYHW5YT,Current,20783357.01,2019-11-17,BR-00013
BUS-5504647,W6CF50A5YB,Business,54279924.28,2021-09-22,BR-00190
BUS-7890939,76QFIIH3UR,Business,93128972.43,2021-11-28,BR-00162
CUR-6103052,2A2Q484759,Current,10305447.92,2019-09-16,BR-00164
CUR-4047634,XGK0KP0D9B,Current,46314340.26,2020-11-09,BR-00153
CUR-8110374,VD743N5AWX,Current,34821835.38,2022-08-01,BR-00140
SAV-5982580,SA67MAD6ZC,Savings,65196988.11,2022-01-20,BR-00145
CUR-5011405,K3VDWTTWTJ,Current,4654086.14,2020-09-30,BR-00029
SAV-2670911,KFT3GXHFFU,Savings,68229805.21,2021-06-25,BR-00012
BUS-9143741,P9A8SHRE1Q,Business,54800856.63,2022-09-07,BR-00180
CUR-4997138,RT9AINXCEV,Current,42233033.3,2022-02-13,BR-00063
BUS-6596274,6ZDSTYPBN0,Business,93095832.98,2019-11-09,BR-00098
BUS-6001934,Q811OIHOIR,Business,28420962.42,2021-01-10,BR-00089
BUS-3006303,WKJ0VXQFIY,Business,86399110.09,2020-08-29,BR-00128
CUR-2544726,2QAT13Q1A5,Current,35794911.43,2022-08-28,BR-00144
BUS-7969873,Q5A8Q3G5CQ,Business,36280075.86,2020-09-15,BR-00031
BUS-8690032,OE3N8D39IV,Business,47864556.59,2019-06-05,BR-00129
BUS-2210810,JTIRUPOFI6,Business,40066392.19,2020-11-05,BR-00099
BUS-8075699,BJLGZ77BZY,Business,53446742.07,2020-12-22,BR-00167
CUR-7898729,K68PICWHMI,Current,56449133.28,2020-02-04,BR-00121
CUR-3679752,DUMN0V8DMD,Current,48152520.82,2021-12-18,BR-00086
BUS-3070460,8QKIH95E4D,Business,70862698.31,2021-10-08,BR-00137
BUS-5935060,5XHA2MKFK0,Business,45961003.36,2020-11-01,BR-00193
SAV-3580257,LCVTD9VH7N,Savings,29426708.24,2020-07-01,BR-00087
CUR-5086481,NYC016YVUJ,Current,63901469.94,2021-02-04,BR-00105
BUS-8526411,HHQIMAH86B,Business,29133861.03,2020-05-13,BR-00074
SAV-7642227,5KLELU0Q2G,Savings,92911506.91,2019-04-22,BR-00102
CUR-7022778,6GMA075U72,Current,92374277.65,2022-04-20,BR-00150
BUS-5425227,9X6IT86SQ7,Business,7019431.42,2020-07-17,BR-00091
SAV-8466505,NKWYA2O35K,Savings,12947841.92,2020-05-05,BR-00051
BUS-6387462,P06ZGO0MNY,Business,3170735.8,2021-11-06,BR-00063
BUS-4163434,UXYHWEFUYS,Business,87508349.96,2022-12-17,BR-00058
CUR-7992319,450U2XGSXT,Current,4019154.07,2022-08-14,BR-00075
CUR-6167565,5AW9P2L0J9,Current,30096074.31,2019-07-31,BR-00003
SAV-7249039,J7WC66ON5H,Savings,35156041.58,2019-10-13,BR-00154
BUS-4195785,YT8EWTOJJ5,Business,96913421.95,2020-12-28,BR-00154
CUR-2294463,G07VK6WM5C,Current,70103921.11,2022-07-22,BR-00190
BUS-5678255,SDF7888YC7,Business,30835082.65,2021-01-09,BR-00090
SAV-4547204,7KV5J8M3PW,Savings,91148741.35,2020-03-29,BR-00043
SAV-5246390,9OK9PLWRL1,Savings,49155352.83,2021-04-17,BR-00080
BUS-4859617,NI3KFXBI5R,Business,37606321.81,2020-05-28,BR-00152
SAV-8570483,YYI8TXK2XV,Savings,53400582.27,2021-05-02,BR-00143
BUS-8077347,5URMDZSZKN,Business,57199370.15,2021-04-01,BR-00077
CUR-7626366,4HMBEXUN31,Current,15096056.94,2020-01-20,BR-00088
BUS-7889714,O05APJYM9W,Business,63787685.66,2022-04-14,BR-00170
CUR-4901194,3W0AR3PWLU,Current,78594936.17,2020-02-09,BR-00155
BUS-1262527,UCKNSP5X5E,Business,48058076.77,2022-09-09,BR-00011
CUR-5407599,LRR3OBFYSC,Current,99696409.58,2022-06-26,BR-00020
BUS-8234881,WC8UGE6GKA,Business,29877941.14,2022-05-22,BR-00115
BUS-2497911,NYR44CIGT3,Business,55211491.58,2019-09-06,BR-00086
SAV-8542651,BRXPY4FY8W,Savings,6954298.85,2021-09-09,BR-00099
BUS-8880831,75P75BZ6ZW,Business,31470217.14,2021-04-02,BR-00012
SAV-6951118,SN4M55HTJJ,Savings,98076461.11,2022-05-13,BR-00170
SAV-5099474,L0IZNMNULQ,Savings,2260911.72,2022-04-15,BR-00118
CUR-9215452,ERJYGJUTZ0,Current,84706486.47,2022-07-22,BR-00151
BUS-1202916,6ZSPZ4RZTF,Business,3291920.44,2021-04-25,BR-00017
CUR-8920977,4WFK5XLI4J,Current,72795321.93,2019-04-05,BR-00142
CUR-8052563,XVGIQTF9PA,Current,44437368.61,2022-02-06,BR-00033
CUR-3446325,CAEZVQ4R5E,Current,42821450.92,2021-01-06,BR-00172
CUR-9273264,8XUEH92WBC,Current,20164864.09,2021-07-19,BR-00144
BUS-4409110,JS34ZMDEIY,Business,35981912.29,2019-10-01,BR-00128
SAV-4138090,FJSY14V4C7,Savings,30589729.73,2021-11-05,BR-00042
CUR-5860280,22LXBRSVE6,Current,45377733.1,2020-01-22,BR-00135
CUR-9362628,VCLBZ8IUNM,Current,85799422.61,2020-06-06,BR-00104
SAV-8747627,Z8Y5T5K998,Savings,64767106.93,2022-12-12,BR-00137
BUS-3836576,8LT1E8FCAF,Business,20320137.96,2021-09-07,BR-00089
SAV-2872604,UJFFF1E613,Savings,79952573.42,2021-11-03,BR-00064
CUR-7690754,KF5ZRKA0BA,Current,17012694.33,2021-02-27,BR-00155
SAV-4004792,08LYNGOM84,Savings,20622932.97,2020-03-06,BR-00103
SAV-5672096,UH50TWI15B,Savings,31540528.58,2022-09-11,BR-00110
SAV-2443306,8QKIH95E4D,Savings,83475070.31,2019-07-26,BR-00104
SAV-2471022,5VZR6MN51V,Savings,74197347.5,2022-12-25,BR-00148
BUS-4181514,30MO5SZOFO,Business,91978346.27,2019-11-18,BR-00100
SAV-2574276,QPSZ9LMA6U,Savings,69358310.61,2020-06-06,BR-00084
BUS-4847238,E83I7GRH8N,Business,39462184.66,2022-11-24,BR-00114
SAV-4688407,B1C3PVHWFZ,Savings,47461804.16,2022-04-12,BR-00053
CUR-7158196,GWHZTN1OZ3,Current,73083528.65,2021-05-28,BR-00005
SAV-4615127,2S9P6N0DH5,Savings,32566497.03,2021-03-23,BR-00143
BUS-5834470,DTLFYY4MCQ,Business,93366573.43,2019-06-26,BR-00197
BUS-2361828,7B1LPVXDVZ,Business,30055245.33,2022-04-22,BR-00141
BUS-6253943,HYYIMBW4FY,Business,83228984.43,2020-07-29,BR-00159
BUS-6955863,KEBW6RBNYH,Business,43205794.66,2020-11-01,BR-00156
BUS-6431184,F8UQENH1M4,Business,25857332.04,2022-01-10,BR-00160
BUS-2398696,Q3BV1MF5HZ,Business,23516944.61,2022-06-02,BR-00107
BUS-7019312,SFC0GN8VXE,Business,76095996.49,2022-08-15,BR-00175
CUR-8701025,UGTL3EIP61,Current,35910349.43,2019-04-02,BR-00072
SAV-6645411,YHPB64B0XO,Savings,77925011.09,2022-07-25,BR-00183
CUR-4399309,Z5NTECTYHA,Current,91590955.49,2019-04-30,BR-00157
CUR-3573209,IGUC66MWTZ,Current,25014704.92,2021-09-16,BR-00191
BUS-9574282,HWIR9ZKCLN,Business,43055624.48,2022-03-23,BR-00048
SAV-3724175,XUT7CJFN85,Savings,23223074.43,2022-09-15,BR-00016
SAV-6478566,RYWN8BMLQQ,Savings,4452133.8,2020-05-12,BR-00165
BUS-9135534,6FV0L2TD3B,Business,59902706.35,2020-04-25,BR-00180
SAV-2542079,UV8INCLSM3,Savings,2832925.04,2020-12-24,BR-00200
BUS-2121674,IW8DPNUKR1,Business,27197989.76,2019-10-26,BR-00020
CUR-6326022,1NIYAVL65Q,Current,81442638.27,2022-09-09,BR-00112
CUR-7546324,DVPXLYXKD5,Current,50851539.25,2020-04-04,BR-00121
SAV-5016125,7OTDB7YUOR,Savings,44347124.4,2021-08-05,BR-00023
BUS-2601164,OKBI4TTKO5,Business,30108635.06,2020-07-31,BR-00057
SAV-3789824,SRGO2F01HG,Savings,16303147.35,2022-10-09,BR-00164
SAV-8134546,IZQKUPBLC2,Savings,63794285.42,2021-03-06,BR-00171
BUS-9409539,X4F90BYNCI,Business,76071265.12,2020-12-05,BR-00042
CUR-9226811,MHE2NN3Q0O,Current,31296245.62,2022-12-16,BR-00138
SAV-6734206,ENA6EJHXMY,Savings,93765375.68,2020-09-20,BR-00053
BUS-2025717,5T255TBIVI,Business,77505188.12,2022-02-14,BR-00126
CUR-9842791,IVXJPJM9HQ,Current,61405519.15,2021-11-09,BR-00066
BUS-7251392,Z8KNFQFAKJ,Business,48092795.41,2020-12-07,BR-00009
BUS-9506535,SO7O519G0I,Business,36727164.84,2020-12-01,BR-00109
SAV-4991999,E4N3P1B4IO,Savings,17473093.96,2019-10-15,BR-00030
BUS-7310650,RVIKX9YIP5,Business,62688278.4,2020-09-21,BR-00063
BUS-6489157,QCCWGQYN7T,Business,46314408.91,2022-04-16,BR-00163
CUR-6834187,36TQ4H2FL4,Current,17684632.8,2021-11-04,BR-00005
BUS-7195469,HGX6UDFV1L,Business,83921866.72,2020-07-20,BR-00199
CUR-9112016,9QZD5XA4NX,Current,49150214.55,2020-02-04,BR-00043
BUS-6556024,X2ZV2QM63R,Business,86383576.09,2022-07-19,BR-00076
BUS-8579580,RBLMF4ACS7,Business,46260688.19,2021-09-25,BR-00080
CUR-5437017,41FLBLJJ3K,Current,74884379.82,2020-01-15,BR-00181
SAV-9903136,7VVWQ214A1,Savings,89982325.02,2020-02-28,BR-00137
BUS-5990560,10CI1XMFDD,Business,95444735.01,2019-01-17,BR-00044
BUS-1523070,2PKUKE7U2J,Business,50121939.85,2022-11-04,BR-00182
CUR-2627976,8XEH55Z3OR,Current,12332219.63,2022-03-18,BR-00029
BUS-4479119,63BLMF8ROO,Business,16497651.38,2022-06-04,BR-00079
BUS-2502830,D98G131NVR,Business,7584908.79,2022-01-24,BR-00028
CUR-6166544,6J8UQ3FRZD,Current,96286472.65,2022-12-20,BR-00084
CUR-9869952,Z372K4CF8B,Current,29361688.07,2020-07-18,BR-00112
CUR-1965615,T1QRDF7OY9,Current,92273656.32,2022-02-17,BR-00114
SAV-4141008,2N3GI01H7K,Savings,54065235.14,2020-12-19,BR-00087
SAV-9057037,290EWAF051,Savings,37034596.87,2020-04-23,BR-00058
SAV-9476530,G4K4HDU58O,Savings,57373090.03,2019-05-11,BR-00033
SAV-2788325,LPUQH50M8C,Savings,92445521.85,2022-11-01,BR-00002
CUR-4129845,XZTSZOVF35,Current,4634052.38,2020-10-17,BR-00127
BUS-3410150,0NY7LZH2EL,Business,41616952.0,2022-08-16,BR-00072
CUR-3845543,2NRR5CHZEF,Current,82449519.27,2019-03-16,BR-00144
CUR-6376989,0VDOES9F68,Current,75924199.78,2021-01-30,BR-00044
BUS-2579760,0NKYJXDY39,Business,99208461.17,2019-10-31,BR-00193
SAV-9429744,OEAIS5LL4W,Savings,53904911.93,2019-05-22,BR-00102
CUR-6492977,N898QMW9DD,Current,55416717.34,2020-09-28,BR-00174
CUR-8520373,UGITR8Q6ZU,Current,4630052.76,2022-05-03,BR-00125
BUS-2552007,6SRAWS0WOI,Business,40620562.93,2020-06-03,BR-00128
BUS-5159171,7IA07R5Q63,Business,13799296.08,2022-09-11,BR-00128
CUR-8067643,7HCOHUT3SL,Current,52576354.29,2021-12-28,BR-00060
SAV-2729356,3JYY2YWXEQ,Savings,3668424.51,2020-07-07,BR-00005
SAV-7036665,DUGGTTBD46,Savings,84048441.41,2021-04-20,BR-00067
BUS-4347466,HVSE07Q3YT,Business,77763731.61,2021-04-11,BR-00187
CUR-9739719,FGFD4XWNWQ,Current,54381986.48,2021-12-10,BR-00026
CUR-4715874,LAPXLXY76L,Current,75715076.58,2019-08-15,BR-00080
BUS-1254054,FETZ4NM5VQ,Business,24031847.48,2021-03-25,BR-00031
BUS-1354624,8XP8ZWLK0I,Business,17633278.73,2021-04-05,BR-00060
SAV-7082014,TYKOJNLQK8,Savings,17457315.11,2021-11-07,BR-00179
SAV-9026256,K1SUQ39ICS,Savings,3425651.45,2021-05-15,BR-00089
SAV-8744546,DUZ17NCQ3H,Savings,6470023.24,2022-03-20,BR-00083
BUS-3810739,9KE9ARGHEQ,Business,78796898.94,2019-05-15,BR-00133
CUR-7666120,HSCL3T7NJN,Current,26119775.04,2019-08-18,BR-00138
CUR-3764340,QSVNJAPTAV,Current,30919063.88,2021-03-18,BR-00049
CUR-7221257,LT9O6DLIWB,Current,74587798.8,2020-03-15,BR-00183
BUS-6072060,TR0RLCTLDH,Business,33931998.61,2019-09-03,BR-00109
BUS-9690565,0E73F3VPA6,Business,44319431.33,2021-02-06,BR-00070
BUS-9200658,QM1JC7ZFE0,Business,53845430.01,2022-05-31,BR-00076
SAV-2954472,FUPGLIZQ8D,Savings,19767576.36,2021-11-29,BR-00105
BUS-1632516,FIDZDATH7P,Business,48953888.28,2021-10-12,BR-00136
SAV-7227133,RGW6J8GZ1B,Savings,31210809.11,2019-05-26,BR-00190
BUS-3946187,QGN8SB9O90,Business,78149687.88,2022-12-27,BR-00127
SAV-4261686,ND342YHKQT,Savings,42839739.83,2021-05-25,BR-00039
BUS-1909410,Z0I2J4EZBS,Business,1791109.78,2021-10-31,BR-00053
CUR-8095525,I11HA5HQY3,Current,69559120.82,2021-02-27,BR-00014
CUR-3844618,1L4EZVQL0O,Current,73171371.71,2019-06-18,BR-00023
BUS-2675511,3IQ25ARK8C,Business,62739051.33,2021-12-09,BR-00105
SAV-2644608,DLNLDLO01P,Savings,61440397.71,2020-12-14,BR-00160
SAV-6584816,Q5KB45PXOL,Savings,70628388.1,2020-09-07,BR-00143
BUS-1219474,W113LS3Q5K,Business,81610806.84,2020-08-24,BR-00051
CUR-8024688,F1KKBTQTMV,Current,97745099.42,2020-12-08,BR-00121
SAV-2305136,7M89K8E3TS,Savings,28323303.46,2022-09-04,BR-00135
BUS-5125880,RJK5F7XAFL,Business,78138418.04,2022-11-14,BR-00052
SAV-1485677,UNONP0X5AW,Savings,16251907.48,2019-09-16,BR-00024
SAV-8802318,ZBMGWOHLTL,Savings,62577199.7,2020-07-11,BR-00038
BUS-3786524,QHX7IZZ2QA,Business,42231966.21,2022-01-09,BR-00030
CUR-2487637,ENKYUT4OKE,Current,69867156.86,2021-05-19,BR-00054
CUR-5039940,IRH3IVVPHF,Current,76249995.7,2022-11-11,BR-00156
CUR-3086497,NW1S15VRKC,Current,83767866.28,2020-11-17,BR-00098
SAV-9913085,ASFP0N0JX5,Savings,7559770.75,2020-01-08,BR-00157
BUS-5260285,BUXBKJI00A,Business,65820673.58,2021-01-09,BR-00041
SAV-3618659,ZRLMVF370K,Savings,3334064.27,2020-11-05,BR-00116
SAV-6859294,HIJ689V14I,Savings,33454764.34,2020-07-12,BR-00189
SAV-2533053,O9FVIIYB0N,Savings,34511814.64,2020-12-12,BR-00042
BUS-3056152,ONO1LYO05Z,Business,49378474.87,2020-09-12,BR-00021
SAV-1683043,CG4DYZ4XW5,Savings,807253.2,2019-08-27,BR-00137
BUS-5700741,TVE7MLKF6M,Business,4433992.76,2019-03-24,BR-00066
BUS-4748249,TH6IZTYCW2,Business,53490834.62,2021-11-19,BR-00143
CUR-4186523,DUWAE3F99P,Current,84225131.72,2019-09-10,BR-00115
CUR-1012738,HVGYJNQZHZ,Current,61821592.38,2020-12-25,BR-00126
SAV-2308718,ABFMQ1NUTM,Savings,95783293.47,2021-06-26,BR-00154
CUR-8626346,3MZIWZH7JW,Current,9664962.25,2022-05-30,BR-00132
SAV-6007355,3OIJPKWX1Z,Savings,72350473.45,2021-12-09,BR-00128
CUR-4762039,9GXGVJOUV1,Current,34459003.38,2019-06-06,BR-00035
BUS-4439849,QM1JC7ZFE0,Business,29551397.12,2021-01-23,BR-00091
SAV-4564313,PLBBR50ZMU,Savings,82422112.85,2019-03-14,BR-00078
CUR-2000459,1TWZ3AJ1AS,Current,50969770.97,2021-05-29,BR-00130
BUS-8405257,NU5WU7S2BX,Business,56851351.71,2021-12-19,BR-00187
CUR-8257459,WUQ9TQNUUY,Current,61145517.45,2019-07-20,BR-00189
BUS-7501675,J1P9YR7MUX,Business,68839685.22,2020-02-17,BR-00133
SAV-5626450,IJVEJ7U3HS,Savings,41317106.71,2022-05-18,BR-00180
SAV-8145202,LI3LIKAILG,Savings,16336404.53,2022-06-05,BR-00179
SAV-2807480,YY4QPU6DA1,Savings,14054530.16,2022-05-02,BR-00143
SAV-2578039,04RWUGUV0N,Savings,19151025.29,2020-10-12,BR-00106
BUS-9089302,F2HNEWHIVX,Business,84350226.73,2021-07-09,BR-00021
BUS-4310142,77DP3YLMJW,Business,7764502.87,2022-08-06,BR-00023
CUR-7567079,Y4EHCD6U3G,Current,1004091.66,2022-05-31,BR-00119
CUR-6465453,3P1Q9M7KC0,Current,63528107.83,2021-10-24,BR-00167
BUS-6819736,3LSDMR0MR1,Business,45269990.92,2020-07-01,BR-00114
SAV-3537765,ZQMT4BR3J9,Savings,4860622.75,2019-07-02,BR-00189
BUS-3961859,CZWFHVRYZF,Business,94194910.66,2019-08-18,BR-00020
SAV-1114474,8WEYLI98WZ,Savings,76385224.72,2022-11-17,BR-00117
CUR-3176538,Z6326HMH5P,Current,3125463.86,2022-04-26,BR-00025
BUS-5128799,LWE2A70XB9,Business,15166830.19,2020-02-08,BR-00075
BUS-2495695,Y2MHAUTK2R,Business,2417801.09,2019-07-24,BR-00180
SAV-7368645,ME3TWW6P7P,Savings,83177151.29,2022-09-02,BR-00127
CUR-4705667,TSFQ0I12Y3,Current,52572031.36,2021-05-27,BR-00184
BUS-4312516,14A46U55WU,Business,69316193.84,2020-07-30,BR-00188
CUR-4416966,50LA4GZ7RX,Current,27175226.69,2022-09-30,BR-00025
CUR-2802717,XN60X6WOCK,Current,12351678.49,2020-09-06,BR-00192
CUR-2191389,MZ75LE6W2Z,Current,42114879.44,2019-05-01,BR-00198
BUS-3145656,4Y7PM8V50Q,Business,35057854.45,2019-03-31,BR-00070
BUS-2731961,IWCPW3M599,Business,37410887.04,2022-03-20,BR-00035
BUS-7406540,D21FVXDLZO,Business,43337235.77,2021-03-12,BR-00072
BUS-1267498,36ADL2FO5N,Business,75207428.93,2022-03-02,BR-00054
SAV-8753456,BVZA30CZ4F,Savings,91064966.9,2019-10-01,BR-00129
CUR-2190155,80LQA345UX,Current,66774702.76,2019-12-15,BR-00120
SAV-2855487,AZQK4AW45S,Savings,87340051.31,2020-08-27,BR-00191
CUR-3017454,XW1YHS306D,Current,72633323.79,2020-06-18,BR-00135
BUS-7083714,K6VSJS26WF,Business,29431546.35,2019-03-25,BR-00088
SAV-4270163,JEBT6LXKTV,Savings,48697496.6,2021-09-14,BR-00069
SAV-6757812,ULPF7JD5N0,Savings,32614589.03,2021-04-30,BR-00092
BUS-3665723,PBBXFS52CD,Business,50416631.28,2019-11-13,BR-00081
BUS-1760656,UJG5RKR993,Business,4868075.93,2019-12-25,BR-00137
SAV-4028457,RPQODMZ5G7,Savings,60720564.63,2020-09-01,BR-00191
CUR-2502821,IO9OQQ59W8,Current,2074469.93,2021-03-18,BR-00171
SAV-5388650,WRHGYZ3JCM,Savings,9370120.66,2021-07-18,BR-00189
CUR-4912039,SAYK4XHVTL,Current,88401783.18,2019-12-25,BR-00173
SAV-8630406,FZCYYOS3L7,Savings,58308180.98,2022-12-01,BR-00138
SAV-8641584,5SQVHG1O3H,Savings,90410307.24,2022-01-07,BR-00116
BUS-4922943,4WXB1UT4H3,Business,1374427.55,2022-07-14,BR-00013
BUS-1454972,DEQ657KS7D,Business,6606961.81,2022-04-11,BR-00056
SAV-5884796,TRVOXEGD5M,Savings,46283298.85,2019-03-29,BR-00170
SAV-9535747,E4WSS3QCPH,Savings,17837969.38,2019-12-31,BR-00043
SAV-5553902,3G5XAMRAZL,Savings,45691165.15,2019-02-03,BR-00195
BUS-6839471,NGWTZJBA6L,Business,14752407.19,2021-08-27,BR-00071
CUR-7247990,4NPBDTPHE2,Current,10681795.0,2020-10-20,BR-00145
CUR-5738063,FZTYIBYPLW,Current,66613875.33,2020-12-22,BR-00019
BUS-3760308,GHWORRELCZ,Business,4424977.0,2019-10-03,BR-00094
CUR-9310876,B942TS743K,Current,60921141.07,2022-07-13,BR-00099
SAV-5995640,QSVNJAPTAV,Savings,36465010.84,2020-02-15,BR-00082
SAV-1525743,NZJIM3Q2DE,Savings,54482678.12,2022-02-03,BR-00075
BUS-9442563,PRTLWC31WS,Business,85571081.05,2020-04-09,BR-00149
BUS-1848815,XLR7FQQOHK,Business,98404783.87,2019-11-06,BR-00196
BUS-4909597,8T580LXQST,Business,70308671.6,2021-09-02,BR-00029
BUS-2009945,C29LOBP35Q,Business,16261512.23,2021-03-15,BR-00198
SAV-6460942,VBWCGJIT3G,Savings,24006398.03,2022-07-09,BR-00186
SAV-7823733,GZ36IHJG1E,Savings,11639715.4,2021-07-22,BR-00154
SAV-1685229,RECE6R99MX,Savings,29423603.43,2020-09-03,BR-00042
CUR-3452047,4R8KE4BVAE,Current,54090913.21,2022-02-13,BR-00187
CUR-6690903,FKN7SOD9TS,Current,87287940.88,2020-12-15,BR-00048
CUR-6518265,IN1G7LZZ1Z,Current,91629647.64,2022-04-27,BR-00108
SAV-5141799,UNONP0X5AW,Savings,6477202.84,2019-04-03,BR-00032
BUS-7174705,MODWM6RQXB,Business,76664494.83,2022-02-12,BR-00052
BUS-9019590,SZCE6TTTFJ,Business,36025888.11,2021-09-04,BR-00157
BUS-1081496,F8ZF1QDAUO,Business,79165846.09,2021-10-22,BR-00164
BUS-6395994,V84PK4PWQ9,Business,56998751.21,2021-06-29,BR-00096
BUS-3395863,33TOUU9NAF,Business,25934134.04,2022-09-30,BR-00102
CUR-9302237,N6HB5EBYDY,Current,82582073.96,2019-09-25,BR-00013
SAV-6621342,Y1NLNSHW3E,Savings,60073743.49,2020-11-27,BR-00167
BUS-8786617,YHPB64B0XO,Business,52828327.63,2022-05-08,BR-00112
CUR-6983513,5QOF5LMSSU,Current,64293438.71,2021-11-21,BR-00046
SAV-7510799,SS80LR61HB,Savings,24895123.56,2020-04-03,BR-00124
CUR-2524440,XR9KKDGOY6,Current,51179671.91,2019-12-04,BR-00089
SAV-1759614,ZSGATAGPPG,Savings,58779051.07,2021-04-29,BR-00125
CUR-5698838,WQLDIWC6YY,Current,30353606.38,2020-08-15,BR-00170
SAV-9828014,FAIQZ6KBEL,Savings,58499473.09,2021-10-21,BR-00035
BUS-2881308,2ZLEUSHJ33,Business,77643328.2,2021-07-12,BR-00021
SAV-4200668,EAGIPPVLKC,Savings,93316297.28,2022-04-17,BR-00014
BUS-3598511,PN81O6U6P2,Business,4193294.16,2019-05-10,BR-00049
SAV-9346318,7OZAI4F47U,Savings,33515529.56,2021-09-26,BR-00042
CUR-9608524,5IR02FXI0R,Current,46081745.75,2019-01-11,BR-00103
CUR-4898182,90LY7RKDAF,Current,81196702.24,2021-05-25,BR-00069
BUS-4724212,8322Y2Q6QO,Business,52922719.68,2021-09-05,BR-00127
SAV-1843390,ULPF7JD5N0,Savings,51276769.96,2022-10-23,BR-00067
CUR-3739120,4GTBGWVZGS,Current,35669675.48,2020-12-06,BR-00023
CUR-5650186,IR75WKYPPC,Current,1820602.77,2019-02-08,BR-00185
CUR-9493234,E8Z0NU6DZV,Current,31920655.5,2021-10-14,BR-00113
BUS-1122836,FQJ1YHXMQH,Business,65237345.62,2022-07-12,BR-00054
BUS-1704667,YIK8NJFY4M,Business,2991475.9,2021-06-16,BR-00059
CUR-6715336,673JGUZMWF,Current,62368843.14,2019-04-14,BR-00080
SAV-1672569,DIXINNJ8LQ,Savings,80082187.8,2020-02-23,BR-00180
CUR-9681557,AIKUW6J4OS,Current,62791087.22,2021-04-29,BR-00037
BUS-8137713,G7XYSS3H6F,Business,4352062.69,2021-07-11,BR-00152
CUR-7817165,V5VHAIR3V2,Current,52831162.97,2019-09-30,BR-00070
CUR-1410391,UZH4RATW5X,Current,3902736.64,2019-05-06,BR-00113
CUR-8840578,FY21VSOGGY,Current,75445030.17,2021-03-04,BR-00093
SAV-9866261,JR9D8YEVM3,Savings,9857591.26,2021-07-10,BR-00107
BUS-4776296,K633PHIT5Q,Business,22235487.94,2020-12-24,BR-00079
SAV-3513844,B0IV9NM7V1,Savings,28650678.57,2020-09-13,BR-00008
SAV-9599323,XK0JHS3IH1,Savings,21921180.85,2019-12-16,BR-00082
SAV-4624613,4WFK5XLI4J,Savings,19179561.3,2020-12-08,BR-00168
CUR-4093335,3H9YJPT2UY,Current,74520999.43,2022-03-20,BR-00037
CUR-1171769,4A18TAIMB9,Current,25284522.65,2022-02-16,BR-00124
CUR-6577261,SNPSADDFMM,Current,36744173.33,2019-07-05,BR-00045
SAV-5848068,PT3R57VJNR,Savings,66831696.28,2022-08-10,BR-00100
SAV-8417387,ADUECB7P9D,Savings,88294412.67,2022-04-15,BR-00138
SAV-2271915,BRDPGAELT8,Savings,45963367.86,2019-02-11,BR-00108
CUR-1727991,J1PVTDNAE4,Current,11091843.39,2020-09-15,BR-00157
CUR-2353305,1CJY5K1M7M,Current,64873185.54,2021-07-11,BR-00156
BUS-5724100,CXTC6VEGAQ,Business,64710272.26,2019-12-17,BR-00066
CUR-5163027,N55MLR05QY,Current,91717504.64,2020-12-27,BR-00044
CUR-4609797,O5ELLUQUJC,Current,55442020.61,2022-03-17,BR-00088
BUS-2528180,PEQ43THSCA,Business,59043205.57,2021-04-27,BR-00158
SAV-9439055,KRH5KSFPOK,Savings,19721980.29,2022-01-18,BR-00069
BUS-7431286,KCCKZ9FOOZ,Business,71272838.96,2020-01-27,BR-00105
BUS-6346806,M9C4LTI7KE,Business,54330013.71,2019-04-19,BR-00088
CUR-8920950,8OKBD8EQOU,Current,98074347.61,2020-03-22,BR-00029
BUS-8955963,QO19US26CP,Business,84702.91,2022-02-02,BR-00045
SAV-6443550,JOTQD0C2CD,Savings,96454501.39,2021-05-13,BR-00060
BUS-2559913,ZQMT4BR3J9,Business,2143831.09,2019-02-05,BR-00071
SAV-7333002,CY1J3XNHD8,Savings,88565906.43,2022-01-17,BR-00184
BUS-8798920,WRHGYZ3JCM,Business,31136352.21,2020-09-20,BR-00050
CUR-2754608,904BW5C8DR,Current,23169046.17,2019-02-20,BR-00010
SAV-4806540,AK3CWN5MKA,Savings,44502058.79,2019-02-23,BR-00173
BUS-2068148,HGZLQ62J3A,Business,2819767.29,2021-11-15,BR-00082
BUS-4296238,IWCPW3M599,Business,51798041.16,2019-07-24,BR-00001
BUS-9485273,XDZ03BA4Y3,Business,86060104.77,2022-05-03,BR-00096
BUS-3196709,KKY8MLPU8O,Business,82643118.83,2021-09-10,BR-00104
CUR-6892972,X5Y8H23APY,Current,67933585.68,2022-04-26,BR-00064
CUR-2883127,T1X6YNT4B4,Current,58617588.19,2019-03-06,BR-00081
SAV-8760395,RQ40R0YI89,Savings,56348095.14,2020-12-13,BR-00109
CUR-7884782,PEO4OC333K,Current,93989205.15,2020-02-15,BR-00133
CUR-4667364,CYK6VF6Z3G,Current,86669603.56,2022-11-19,BR-00038
SAV-4041170,7SI1YKSDMB,Savings,571537.87,2020-07-15,BR-00091
SAV-4344724,O0PAGPMKUW,Savings,13008106.23,2019-04-27,BR-00134
BUS-5187998,82C73YQDAO,Business,12168571.74,2021-01-31,BR-00028
SAV-1663388,D93ETCKAZ2,Savings,38091205.72,2020-07-19,BR-00192
CUR-2668210,IM548SCWEI,Current,3878992.6,2019-09-13,BR-00015
BUS-6129883,9R9B9FCHSI,Business,92729324.95,2019-07-19,BR-00169
CUR-4564146,U0WROQQCZ8,Current,9415686.54,2019-08-24,BR-00066
BUS-4094838,R4I1PBL5Z3,Business,76299992.16,2021-09-25,BR-00116
SAV-9643795,6ZDSTYPBN0,Savings,2852034.69,2021-10-09,BR-00166
CUR-7029991,ODVQDD0CKM,Current,31235874.92,2020-11-30,BR-00100
BUS-5897735,BKBJ6RQP2T,Business,90586877.99,2019-11-23,BR-00093
SAV-2629189,GEX0RRL0PF,Savings,6683585.45,2019-06-09,BR-00035
BUS-6362699,LI0WRRY6NO,Business,20534135.9,2020-06-26,BR-00110
SAV-3471027,4C96RNKB9L,Savings,61096355.59,2020-10-14,BR-00177
BUS-6265202,T5A0IOQ2IA,Business,92688719.06,2019-05-27,BR-00100
SAV-6365574,CPSW5NE2IR,Savings,58151600.53,2021-01-01,BR-00039
BUS-9741480,YHZ0F3E815,Business,408213.9,2020-08-25,BR-00084
CUR-5179260,BLETUVNJIM,Current,93545687.59,2019-06-29,BR-00187
SAV-2760790,BT8CBT6MQY,Savings,87421316.12,2022-07-25,BR-00164
SAV-5474237,VTQBH1PELO,Savings,58441032.07,2020-04-11,BR-00004
BUS-1852731,VJNG75VX0N,Business,38845050.13,2020-12-15,BR-00065
CUR-8251032,RFE2DP7FIV,Current,60291442.56,2022-09-05,BR-00084
CUR-9913562,UEBA2SJ74Y,Current,22856058.88,2022-04-29,BR-00001
CUR-9221524,86C2QWQOQU,Current,81727218.95,2019-11-08,BR-00037
CUR-4029253,GKD0UE37Y8,Current,99699417.99,2022-06-09,BR-00153
BUS-3229148,05W56WNWUP,Business,8633444.69,2020-01-04,BR-00122
SAV-2046153,OZFVCS4TNO,Savings,95799135.45,2019-01-14,BR-00104
SAV-4785002,HUF7GEAEEG,Savings,1365828.57,2019-01-24,BR-00065
CUR-3107151,HPXX7VQQUX,Current,68780504.96,2020-08-13,BR-00114
SAV-5309033,717SPK3FR2,Savings,76554984.81,2020-08-25,BR-00168
BUS-6355464,2TWIA3LWCZ,Business,43137385.83,2019-04-25,BR-00161
CUR-8102078,TI1UTHGDSI,Current,62069019.71,2020-05-13,BR-00127
BUS-9439722,SE2T5WPOEN,Business,24830794.33,2019-12-13,BR-00172
SAV-6472381,78CT3J84FM,Savings,7419666.63,2020-11-04,BR-00141
SAV-6486868,YIK8NJFY4M,Savings,76084809.72,2020-03-04,BR-00126
SAV-2538643,NW4YBDI9S1,Savings,60261751.96,2022-01-03,BR-00153
CUR-9004493,5ZIFLAP3W5,Current,29762411.41,2019-06-04,BR-00002
CUR-5519906,QKWI8PF3XY,Current,51938816.71,2020-09-15,BR-00196
CUR-4140552,5QA6OUGCC5,Current,91427839.16,2020-03-22,BR-00014
CUR-1552895,L3RWYGVTBR,Current,9909485.3,2020-03-09,BR-00071
BUS-6612758,3Q9G62NZ1P,Business,2024500.05,2022-07-08,BR-00189
SAV-3571930,1X6DEN7C3E,Savings,43618772.31,2020-12-06,BR-00011
SAV-8773989,N0ZTE3O1ZY,Savings,5798674.75,2020-11-02,BR-00139
SAV-4825848,RVDK4LLI8P,Savings,22989640.91,2022-04-20,BR-00178
SAV-9081891,GDX3E04540,Savings,40263109.81,2021-07-31,BR-00099
CUR-3677596,WXP2LA15ZS,Current,7115021.52,2021-11-04,BR-00122
CUR-7882089,QXV7QJCODS,Current,40777141.74,2021-05-25,BR-00062
BUS-8962835,PUNCCM3CLT,Business,17850121.72,2021-05-25,BR-00133
CUR-2058409,5GNLDQZPPW,Current,73226428.35,2019-07-26,BR-00133
SAV-3183904,OTF06CUKNB,Savings,27801102.14,2022-12-01,BR-00089
BUS-2416322,04DG16GIM7,Business,9098564.63,2020-10-21,BR-00114
CUR-4918838,S3T790UOK4,Current,12885638.69,2019-11-02,BR-00003
SAV-7851027,TC9NBQE2RR,Savings,40982764.87,2019-07-19,BR-00089
BUS-4825350,WUWPU87P9C,Business,89466973.22,2019-09-03,BR-00197
BUS-9749328,S0M07P622I,Business,69230473.9,2019-03-03,BR-00085
SAV-8790238,HCV210D3CL,Savings,93775950.98,2022-04-01,BR-00112
BUS-7109799,KMYTYRN35S,Business,84062868.1,2021-07-09,BR-00083
BUS-6369470,4YS69WQ50I,Business,75608453.11,2020-08-30,BR-00143
BUS-3626762,4YPQ7IJ5HT,Business,23800357.44,2021-11-16,BR-00120
CUR-3568803,SBBGZ78BRV,Current,30384114.55,2019-01-06,BR-00049
BUS-5320474,ETPDX1BPZQ,Business,71620543.71,2021-08-12,BR-00015
BUS-5035037,JPBENF2TIP,Business,5745673.42,2020-12-01,BR-00178
CUR-3099953,2WQRUEW5HT,Current,39124036.35,2022-05-05,BR-00031
CUR-7489458,U9VXB6R2RL,Current,43820451.67,2022-11-30,BR-00143
BUS-7669743,WY37WGZIRH,Business,81329274.17,2020-06-06,BR-00054
SAV-4062981,GBEYDZIZFV,Savings,85239579.14,2019-07-28,BR-00168
CUR-6304411,WD6H6BK7KL,Current,71456372.58,2022-01-23,BR-00112
SAV-9686128,CZNC38CBG4,Savings,48567997.72,2020-05-04,BR-00060
BUS-4302879,70SFFAM5YN,Business,40500919.32,2019-07-13,BR-00063
BUS-9528825,CC39QY961L,Business,41845579.55,2020-12-30,BR-00135
SAV-3594651,1YHY4XY1UG,Savings,3139115.27,2019-02-12,BR-00166
BUS-7950221,LFLIQO2VV5,Business,94587671.06,2019-02-24,BR-00104
CUR-8230674,7LB5RITZ6G,Current,17508339.81,2021-01-17,BR-00109
BUS-9086647,2C9BANVW7A,Business,57928521.6,2019-07-19,BR-00179
CUR-9585338,MEA4BI3NHR,Current,90944586.12,2022-11-10,BR-00079
CUR-7447976,VO8595XLX3,Current,42238076.7,2021-05-26,BR-00066
CUR-6705790,HJXEMZ6V9C,Current,46427644.81,2019-05-20,BR-00061
BUS-2771589,Z1K6PLLXB4,Business,39723747.04,2021-03-13,BR-00075
BUS-6975880,DC8MVEWL1C,Business,65847638.04,2020-07-10,BR-00061
CUR-2814712,LWF1459X61,Current,53047020.72,2021-11-07,BR-00089
SAV-5192724,7VB8W1USH3,Savings,41392444.74,2020-08-14,BR-00013
CUR-6949031,14VT70IS6V,Current,91621418.0,2022-09-27,BR-00109
SAV-7917176,HUB3YUQR01,Savings,23753419.13,2019-12-28,BR-00113
SAV-1866135,H0JVX91RA7,Savings,69328621.97,2021-04-28,BR-00111
BUS-5415010,L9SJETF1TI,Business,71841564.79,2020-02-03,BR-00006
BUS-6852394,SI7BSZTUL9,Business,57068602.19,2022-05-19,BR-00085
CUR-6982757,3QYVHZTGK9,Current,29959950.81,2021-12-01,BR-00154
SAV-6429367,MKU69FPPL9,Savings,66256037.94,2020-02-09,BR-00034
CUR-4318391,PH7GUIAJ35,Current,67277030.97,2021-11-21,BR-00188
BUS-6208127,WJ1158UPS6,Business,93787299.48,2020-04-27,BR-00057
BUS-9421609,WC903846N7,Business,80171606.2,2021-11-15,BR-00022
CUR-1211155,ON3BLZT808,Current,25809869.55,2020-06-14,BR-00089
SAV-6277976,01S02ED7QX,Savings,93381108.76,2020-11-02,BR-00052
CUR-6602816,AXRXDLEJGX,Current,31279392.7,2021-01-14,BR-00016
BUS-9308854,PJZZ4HGBJQ,Business,16355625.48,2021-10-27,BR-00070
BUS-8559451,ASFP0N0JX5,Business,82265292.44,2022-05-09,BR-00117
BUS-3213561,PFKI5AEZ1W,Business,54788974.01,2022-12-24,BR-00125
SAV-8164636,89JC1TKSYD,Savings,49511503.98,2022-09-19,BR-00158
CUR-9022686,XNS8EXNY0M,Current,13393924.71,2022-11-13,BR-00170
CUR-4120917,IPN5W53B8M,Current,24018287.1,2021-12-23,BR-00111
SAV-3726979,HVGYJNQZHZ,Savings,74718758.51,2021-08-31,BR-00001
BUS-4908959,8QI53UAIB3,Business,95355037.2,2019-11-10,BR-00097
CUR-5661961,IM548SCWEI,Current,64856801.91,2021-06-26,BR-00091
BUS-5836701,NZJIM3Q2DE,Business,46289846.46,2021-11-06,BR-00008
BUS-6437286,KSTCDNRYGF,Business,10397443.66,2022-10-05,BR-00113
SAV-4129958,84EFYP1GL9,Savings,19318586.44,2021-08-26,BR-00061
SAV-6135869,7LB5RITZ6G,Savings,21134082.52,2021-06-01,BR-00160
SAV-5146569,CZGM5KB9WF,Savings,83174427.42,2022-03-04,BR-00089
BUS-7539514,MV56E1J9QR,Business,95670343.17,2021-08-28,BR-00035
BUS-8751753,8N1VK1WXBM,Business,86525799.36,2019-06-03,BR-00022
BUS-6585256,40RWBHW8X4,Business,3206786.87,2021-07-03,BR-00193
BUS-3590975,QAVMKGN5TG,Business,2051476.25,2019-06-25,BR-00024
BUS-8985286,6QIWS84MNH,Business,25689586.4,2022-04-01,BR-00090
SAV-7597408,QL4DM70CH5,Savings,73100991.04,2020-10-08,BR-00123
BUS-2577531,23WKHEC3QL,Business,58533024.97,2020-08-02,BR-00099
BUS-6876427,7S70MT9V2Q,Business,6868548.64,2021-12-19,BR-00074
SAV-3995431,STXEN1QX5Z,Savings,40466963.31,2020-06-16,BR-00192
BUS-7901801,USYZNJKMVW,Business,45089431.02,2022-02-13,BR-00003
CUR-4469184,N47CIMKPD5,Current,3733258.57,2021-09-19,BR-00052
BUS-8377522,LNPEP3POA0,Business,84268666.76,2020-09-23,BR-00055
CUR-7928045,6EEC8LPWJQ,Current,92396092.02,2019-12-11,BR-00172
BUS-3906846,MDP7QZISWU,Business,38567397.55,2020-12-16,BR-00148
SAV-3747798,EVC7UE5PA9,Savings,48889596.6,2019-01-30,BR-00077
SAV-3695870,6LO9E9YYFV,Savings,41186989.42,2020-11-09,BR-00077
SAV-3903567,QGVVOW7NRI,Savings,25040952.49,2022-12-20,BR-00040
SAV-1716706,QE8DLU99WJ,Savings,56118276.83,2019-06-01,BR-00046
BUS-2236080,MF7R2PM6LF,Business,70190142.84,2019-02-17,BR-00134
SAV-6313952,VMQE9M5CAC,Savings,36679413.74,2021-06-17,BR-00040
CUR-6520895,8JD78QJ1TB,Current,43252057.43,2022-06-08,BR-00032
CUR-3338701,JCQ2YQ20T8,Current,92722995.09,2019-01-28,BR-00106
SAV-8509641,EA60N7Y5DT,Savings,40144983.12,2022-03-02,BR-00044
SAV-5238439,WZ292FOU9O,Savings,88671524.68,2019-08-20,BR-00074
SAV-9057466,1E7WE3NTII,Savings,ERR,2019-08-11,BR-00045
SAV-4221788,29GY7QH9V5,Savings,90302721.96,2019-01-03,BR-00106
CUR-3965498,SSM4YQX8WN,Current,61003338.23,2022-08-08,BR-00109
BUS-5405479,OH5NKXZ1A3,Business,79788084.32,2022-07-09,BR-00031
CUR-2690112,S11R9YBBT2,Current,51643631.71,2022-05-03,BR-00136
SAV-8092793,2SHICT3U7L,Savings,15884578.91,2019-12-04,BR-00181
CUR-5202801,AZ1VGKAHD3,Current,38090960.83,2019-02-14,BR-00081
SAV-5308946,COLEHGHR9H,Savings,81018315.08,2019-06-15,BR-00051
CUR-6523773,A4YTQBPO1T,Current,34697784.31,2020-08-28,BR-00187
SAV-8689769,U9VFVARK0E,Savings,37065098.34,2019-01-31,BR-00012
CUR-7244920,WXP2LA15ZS,Current,90885087.69,2022-03-04,BR-00093
SAV-9768547,W7XPYGYGXR,Savings,474658.69,2021-03-17,BR-00111
BUS-3880055,N7IUWFWT6I,Business,21327138.14,2019-06-14,BR-00183
BUS-5219239,OSNHI1FCDA,Business,28943376.6,2021-06-29,BR-00017
CUR-6890129,VTZ8IMNDHM,Current,29677545.0,2022-04-03,BR-00046
BUS-2032162,XQ3YW1PJSN,Business,29946935.58,2021-08-14,BR-00130
SAV-6229004,U7A6EV1XHA,Savings,77061631.73,2020-04-28,BR-00167
SAV-6695534,FV4550ZDRB,Savings,85060160.97,2020-06-21,BR-00076
SAV-5659159,3H9AGW204O,Savings,22062028.95,2020-09-05,BR-00162
CUR-5101800,764QBB7L43,Current,85504109.92,2022-01-10,BR-00075
CUR-9764836,CNJL1LI7HF,Current,43339193.79,2021-02-10,BR-00064
CUR-6235422,WXP2LA15ZS,Current,79050329.09,2021-03-08,BR-00063
CUR-9256159,XEWXCT6ME3,Current,3844334.46,2019-04-29,BR-00071
CUR-8640402,IK40YY8MO7,Current,857233.89,2019-02-17,BR-00107
BUS-6191124,DZ0DTF3J9G,Business,60108699.68,2022-03-08,BR-00128
CUR-8614045,WCVGCWSBCA,Current,52346092.84,2022-01-11,BR-00008
SAV-5033717,5YK6GE44YM,Savings,59952931.82,2022-12-15,BR-00108
BUS-1110521,CU7TC2NUX6,Business,59449800.66,2020-07-07,BR-00169
CUR-6727991,IZQKUPBLC2,Current,31309933.4,2020-12-19,BR-00043
CUR-3999343,W61CFPWUWL,Current,24849989.34,2022-10-14,BR-00035
BUS-1924099,A9YH3ARSIT,Business,88726828.77,2020-04-23,BR-00005
BUS-4050188,33TOUU9NAF,Business,11366222.86,2021-07-27,BR-00177
CUR-7893381,EZ3JXWOH27,Current,90289827.11,2020-02-10,BR-00168
CUR-5146353,OP6QQ589XI,Current,62850220.12,2022-01-28,BR-00084
CUR-7502146,L1ZQ721MWK,Current,69801657.45,2021-03-29,BR-00074
CUR-2229874,HUSE293IUJ,Current,39922923.06,2020-06-04,BR-00071
CUR-1085520,Y4WYPFO0P4,Current,90838154.53,2020-03-28,BR-00164
CUR-4375415,OEIH8AF6U4,Current,63317013.66,2021-10-23,BR-00069
CUR-5781274,ZGE0H8QTH8,Current,16844692.05,2020-04-06,BR-00010
CUR-6238902,E7MA5V4YYI,Current,45293357.96,2022-02-21,BR-00006
CUR-4620105,CY7TTYXREZ,Current,60413743.05,2022-07-04,BR-00047
BUS-4422810,XHXD31ASXG,Business,52979995.63,2021-02-07,BR-00006
SAV-2579436,LPUQH50M8C,Savings,23164814.55,2021-01-26,BR-00188
SAV-4973543,1LRD43FNM3,Savings,33074379.51,2020-09-11,BR-00152
SAV-3183012,XHXVEM67D7,Savings,89015090.06,2022-03-07,BR-00183
SAV-7757128,O0FJ4GV1HS,Savings,98023990.93,2022-12-12,BR-00071
BUS-2920431,NX8MCZ77QB,Business,93803320.1,2022-05-25,BR-00167
SAV-2107499,ZDCT75H09S,Savings,41749165.35,2020-06-02,BR-00006
SAV-4630006,PEOUFG81VZ,Savings,55825576.41,2019-05-07,BR-00033
CUR-4288700,UJK8JMIU31,Current,32047203.91,2019-07-15,BR-00100
BUS-4882242,JPBEWKVVQF,Business,5355824.73,2021-08-29,BR-00049
BUS-5258995,KROR6JM64K,Business,53684161.66,2022-12-07,BR-00197
BUS-1989075,ZX12SYP4Z4,Business,22805815.75,2021-07-18,BR-00096
SAV-4861283,HWPNT117OG,Savings,36251848.76,2021-04-11,BR-00122
CUR-2811848,A7Y2DI9T41,Current,9627782.65,2019-08-17,BR-00053
BUS-9484682,VDETUKQNX6,Business,77693560.49,2019-05-24,BR-00064
SAV-5861994,RFO4YKAHWK,Savings,56829104.85,2022-02-07,BR-00034
CUR-1455884,KK3MDMBVGN,Current,51823848.6,2022-07-28,BR-00046
CUR-3863842,WU8D2UOP61,Current,42961418.11,2019-03-21,BR-00068
CUR-4706832,ELY3KLM1GH,Current,7422140.8,2021-10-08,BR-00092
SAV-7728693,TN4K1IM8LU,Savings,93052521.73,2021-01-05,BR-00058
SAV-6296536,1T0T7IL26V,Savings,24063959.64,2019-06-02,BR-00034
SAV-6079967,OUSDMPOT3C,Savings,57751234.13,2020-09-02,BR-00032
CUR-6137597,T1X6YNT4B4,Current,18034214.9,2020-02-10,BR-00111
BUS-4904771,1RXIPZMXZ7,Business,34503576.25,2019-11-04,BR-00194
BUS-3568578,08OPUVJNN6,Business,35368055.41,2022-04-06,BR-00116
CUR-8560459,Y6TFS6GFB9,Current,38813517.03,2022-07-04,BR-00070
BUS-4578957,76QFIIH3UR,Business,32287363.28,2020-02-13,BR-00194
CUR-6306257,GAVHEDQ759,Current,82548384.15,2020-02-10,BR-00017
CUR-3631198,GXFBT4Z6QF,Current,25151478.51,2022-01-16,BR-00083
BUS-7048746,1QQAD5W7YH,Business,85038570.77,2019-01-07,BR-00037
CUR-9820925,BABOKTBKF1,Current,53580400.15,2021-06-10,BR-00177
SAV-6082156,2LRWW351AU,Savings,22337357.27,2019-04-13,BR-00023
CUR-1483971,RUW97856GL,Current,28984073.69,2021-09-01,BR-00162
CUR-5070830,RAP7IY952P,Current,63741769.69,2021-01-27,BR-00197
SAV-9230486,0NKYJXDY39,Savings,90013704.18,2020-11-13,BR-00016
BUS-8093780,RIW7W79Z0M,Business,22671366.75,2022-06-16,BR-00116
CUR-4052541,ENW7SEIMKW,Current,93613719.91,2019-01-20,BR-00180
SAV-8289632,X5L9TJKBJL,Savings,77727675.29,2019-08-03,BR-00174
SAV-5848971,4YPQ7IJ5HT,Savings,70954461.47,2022-04-27,BR-00176
CUR-9673206,UAOFYB74Y0,Current,99249717.85,2021-03-09,BR-00012
CUR-2330890,PFP1162H7Y,Current,55635841.7,2020-12-02,BR-00167
SAV-4277011,FXPWCNWNIQ,Savings,94806859.18,2019-12-16,BR-00155
CUR-9686373,8322Y2Q6QO,Current,50363546.45,2021-08-11,BR-00147
SAV-9855395,I5O8NCM0G0,Savings,4403725.94,2020-04-03,BR-00200
CUR-1009286,JP752B3V20,Current,22521144.87,2019-06-04,BR-00035
BUS-2299939,W2GAUDI70P,Business,14558231.54,2020-11-04,BR-00019
CUR-2407470,K98WF75S8H,Current,24341505.32,2022-08-02,BR-00200
SAV-8369025,N8DL5JF8F0,Savings,38809384.11,2020-05-21,BR-00183
BUS-2869946,JBJX9FP0TR,Business,9231802.61,2021-05-07,BR-00086
BUS-9161092,LT63NMKZU5,Business,4423314.56,2020-03-04,BR-00073
BUS-4692181,D78QXF07O9,Business,9724508.72,2020-12-18,BR-00121
SAV-4465163,2FGKX00ZJN,Savings,88107.15,2020-01-23,BR-00159
SAV-8459258,THYIBO7T4Q,Savings,10533402.49,2019-09-03,BR-00091
BUS-2264025,EAGIPPVLKC,Business,66860513.67,2019-11-08,BR-00024
BUS-8456142,ITU6PWX9VO,Business,67187471.3,2020-02-21,BR-00092
BUS-3595285,OPP7YSW716,Business,78844783.16,2021-11-15,BR-00072
SAV-3904161,FZ4PLLYHQ8,Savings,78619069.86,2019-12-23,BR-00169
BUS-9488043,82BHLNR3W9,Business,61046264.55,2021-12-25,BR-00090
SAV-2388908,VR9JZ3ONP4,Savings,18128344.11,2020-08-06,BR-00052
CUR-6485776,ZMMWQ6N4IQ,Current,44913624.39,2022-10-20,BR-00029
SAV-6967231,VW260K44A7,Savings,49443964.58,2022-07-31,BR-00111
CUR-1826843,NWSKJKJA3A,Current,17778664.14,2021-05-22,BR-00002
SAV-9883928,DCECNMRROL,Savings,24603053.83,2019-03-19,BR-00004
BUS-8090557,4PG5VL9P31,Business,24171799.99,2019-02-02,BR-00098
SAV-6072200,01S02ED7QX,Savings,18864882.86,2020-11-25,BR-00149
CUR-4851404,WK6EE7DRZO,Current,56620529.56,2022-11-25,BR-00136
BUS-4312589,1CYQTVR0VT,Business,82406786.22,2020-05-17,BR-00169
SAV-6837507,5CJ9QECDMJ,Savings,87086365.74,2021-11-03,BR-00152
CUR-7148007,EGK4SRRNTM,Current,47826641.3,2021-02-21,BR-00043
SAV-7025439,G1J78UVFP7,Savings,29525912.11,2021-04-09,BR-00134
BUS-5554166,QCOU1OHCAE,Business,2542805.3,2021-10-13,BR-00048
SAV-8452431,FPXM5TC28J,Savings,28120924.96,2022-11-24,BR-00025
SAV-4020875,QGVVOW7NRI,Savings,39411328.92,2022-12-26,BR-00093
CUR-2016066,9W74EED5LB,Current,95578451.1,2022-07-11,BR-00042
CUR-5717843,1VK8YD7LK8,Current,84083007.55,2020-12-03,BR-00001
CUR-4581843,62WK5VAO35,Current,50972850.41,2021-10-02,BR-00055
BUS-5829574,N6KG8X05HM,Business,69092858.16,2020-11-21,BR-00175
CUR-3142928,EQVLJ4KW8S,Current,4698754.03,2022-01-08,BR-00006
SAV-1393388,3LHYE207QX,Savings,31461197.5,2019-01-14,BR-00046
CUR-7602168,L9NMX7NNPI,Current,86997644.92,2020-12-23,BR-00175
CUR-9044601,1SKARNL1LY,Current,58685831.45,2022-11-29,BR-00089
CUR-7183019,VW9L15SWLX,Current,6062044.69,2019-01-21,BR-00046
CUR-7428562,YI4PG06EK3,Current,36238040.02,2019-09-19,BR-00167
BUS-3985414,Q09LE1ST6A,Business,53344600.12,2020-12-02,BR-00122
SAV-8201332,EYR64FD33J,Savings,32231262.44,2020-12-18,BR-00166
BUS-9175984,JYLELO8J6I,Business,97564849.42,2021-05-07,BR-00110
CUR-4232100,P614R92LN8,Current,67756618.78,2021-05-16,BR-00127
SAV-6482251,W6CF50A5YB,Savings,66416584.75,2020-02-25,BR-00126
BUS-4079017,K6NPX694UM,Business,59665952.14,2020-10-26,BR-00054
BUS-9679156,75P75BZ6ZW,Business,98316037.17,2021-03-21,BR-00155
SAV-4121417,EVWU3FNX6F,Savings,46364702.17,2022-08-31,BR-00069
BUS-8652350,26ESKWY4LO,Business,38580766.03,2022-06-16,BR-00139
CUR-2151892,MSE0IEM0HP,Current,90237011.37,2022-05-25,BR-00130
BUS-6699909,NWSKJKJA3A,Business,9292531.87,2020-04-05,BR-00184
CUR-7434534,I9QM4D7VER,Current,34006202.65,2019-08-21,BR-00147
BUS-7432721,U0L22559GT,Business,52027521.34,2021-02-03,BR-00111
BUS-5596875,NULKYBR79D,Business,15613140.4,2020-01-26,BR-00097
SAV-8075920,8Z5SQVNK6F,Savings,5512911.18,2022-11-06,BR-00017
CUR-1414985,SO7O519G0I,Current,52415545.88,2020-12-24,BR-00186
BUS-5546764,HOE2X8C0RL,Business,36659381.29,2022-07-27,BR-00129
BUS-2154859,X4F90BYNCI,Business,87791168.67,2022-04-12,BR-00162
SAV-1865537,TGR1MD2OPH,Savings,94570270.31,2021-06-05,BR-00103
SAV-4300251,ABFMQ1NUTM,Savings,50964367.92,2020-06-29,BR-00143
BUS-6811139,4KX8TAWDKI,Business,58006555.05,2021-10-01,BR-00138
BUS-3189201,K9O7RDB0XA,Business,65248829.45,2020-01-11,BR-00061
SAV-5809757,GACHIBFBCI,Savings,82383891.24,2020-07-25,BR-00152
BUS-4825566,EVWU3FNX6F,Business,22901463.87,2022-09-15,BR-00101
CUR-2431047,832XJWI5KY,Current,62499113.12,2020-11-08,BR-00060
SAV-1220492,G1R00ZBJ53,Savings,42101647.64,2021-12-30,BR-00177
CUR-1545095,1BIZIXJUK5,Current,39480316.68,2020-01-24,BR-00022
BUS-4067405,2XG605ZJQC,Business,15346840.03,2022-04-19,BR-00194
SAV-3106339,71GAYFEP7L,Savings,55707762.75,2020-05-23,BR-00183
BUS-9938383,SU2U0SRXET,Business,46539571.66,2021-07-14,BR-00078
SAV-1030356,T06ULR1R1L,Savings,44411019.03,2021-03-23,BR-00119
BUS-7922653,82T72K4HY0,Business,98901114.34,2022-12-11,BR-00160
BUS-8648017,Q63EM7F7C4,Business,56392759.62,2019-05-11,BR-00197
SAV-3460871,IOTEKC6CX2,Savings,26818385.32,2022-04-21,BR-00057
SAV-9161043,9YTWW92WRR,Savings,5008998.92,2021-01-22,BR-00045
CUR-1008151,O6VJQ49EVC,Current,13776800.66,2022-06-19,BR-00048
BUS-3780661,9LL7OGWYGT,Business,71995541.33,2021-05-20,BR-00175
BUS-7142165,E1PND0VTUO,Business,80248998.38,2022-12-07,BR-00055
SAV-9197260,T7XRVEMG4H,Savings,82261405.4,2021-11-15,BR-00060
SAV-9869580,F6I90813HZ,Savings,60934882.73,2019-02-08,BR-00114
SAV-2253767,N6YGFFC9MY,Savings,97535226.94,2022-10-23,BR-00003
SAV-5822948,M691Z79MA9,Savings,20510430.49,2019-12-22,BR-00031
BUS-2775310,2772AI8GXF,Business,72895597.78,2020-06-20,BR-00133
CUR-9785539,ELPHBYTQJT,Current,77065712.38,2020-06-17,BR-00024
CUR-9344657,TK7ZD2EJ6N,Current,43276613.43,2020-08-05,BR-00167
CUR-5268809,9OR39SXE3F,Current,44743502.57,2019-09-04,BR-00007
BUS-6522836,4QC742QU78,Business,27674467.46,2020-09-09,BR-00096
SAV-4636700,ADUECB7P9D,Savings,16339135.98,2020-09-15,BR-00136
SAV-6708619,BOTCOP8WXO,Savings,71228252.51,2020-08-12,BR-00153
SAV-6714371,C7SCDF4EW8,Savings,47249910.24,2022-01-20,BR-00016
CUR-2214024,NCC9I5HA08,Current,25692530.47,2019-04-04,BR-00098
SAV-4016499,XM658UNXEN,Savings,40325666.48,2021-04-18,BR-00197
BUS-8562115,GKKMT37KFY,Business,95346793.88,2020-11-24,BR-00041
CUR-9644216,F3AX46VV6I,Current,27144182.31,2019-12-12,BR-00152
BUS-7352907,89H0ILFBFG,Business,39445681.82,2021-03-18,BR-00002
SAV-2661308,2TIP28HMAA,Savings,20904006.44,2019-04-27,BR-00104
BUS-3490817,56WERVP92M,Business,63287916.79,2022-05-09,BR-00135
SAV-9021024,A2B2EIPAB1,Savings,18279897.81,2019-09-21,BR-00152
CUR-7039553,DB2BWB5TJ8,Current,12121238.95,2019-09-10,BR-00178
BUS-7481936,HWOIFWKYJU,Business,11747552.79,2019-10-04,BR-00099
CUR-5703624,SPL6XI6HWS,Current,78042410.21,2020-10-10,BR-00172
SAV-4761130,BCQKS3PXV1,Savings,71725657.83,2019-08-07,BR-00152
BUS-1281546,Q4VE4T86SX,Business,15085514.09,2019-10-25,BR-00006
SAV-7226789,NGL0KJZ4DP,Savings,57994089.94,2019-07-31,BR-00115
SAV-2390738,BDK80IW4TT,Savings,26890251.59,2021-05-01,BR-00032
BUS-1086441,QNHTORDASA,Business,96739803.97,2021-03-09,BR-00154
SAV-5766515,U7OY7C1S6Y,Savings,75143251.77,2020-06-22,BR-00129
SAV-9646662,CI2X0BLZCA,Savings,4083271.44,2020-11-18,BR-00156
CUR-2955690,GZG485JZ8I,Current,41933612.86,2021-08-03,BR-00126
BUS-6744632,EVVISNV0VT,Business,3328102.12,2022-03-08,BR-00188
CUR-7910707,TOUZRZRYTL,Current,9855257.55,2022-06-14,BR-00146
SAV-9326291,YLBBTTXX43,Savings,23998451.78,2020-06-06,BR-00155
CUR-4941590,Q1LT2250S0,Current,77534965.49,2019-02-05,BR-00127
SAV-9033007,0W30BK3P32,Savings,59573125.85,2022-06-26,BR-00013
SAV-4777985,OD03XEER7K,Savings,12444268.68,2021-01-26,BR-00042
BUS-4281183,T8THJA17IL,Business,4661961.11,2021-01-14,BR-00083
CUR-2707994,MGIOVFSWZ0,Current,65753630.35,2021-11-12,BR-00009
CUR-5162928,QPSZ9LMA6U,Current,30874389.49,2020-08-11,BR-00171
CUR-7373363,KQD5CG4RO2,Current,10781319.67,2019-03-27,BR-00035
BUS-7207608,VLU4NP720C,Business,50373198.85,2021-01-28,BR-00080
SAV-6483515,POO7PIHDZL,Savings,96239681.61,2020-05-18,BR-00090
SAV-7300893,IKOI2TMYE1,Savings,18803168.42,2021-05-06,BR-00133
SAV-6451190,SMY91MBBFD,Savings,70269471.9,2022-06-22,BR-00015
SAV-5442066,0RB3RTA4H0,Savings,68745475.99,2022-11-05,BR-00119
CUR-9399782,3D46RYGY3F,Current,75948642.22,2022-12-16,BR-00117
SAV-6786579,RO3H5N0KTC,Savings,31514379.19,2022-03-22,BR-00070
CUR-8092658,13AC0XTQYJ,Current,75837719.65,2020-08-01,BR-00071
SAV-9915791,RRDPZAHB04,Savings,36011589.46,2020-11-25,BR-00167
SAV-2526281,WQY6IZEIYF,Savings,72312880.77,2019-07-20,BR-00027
CUR-9000139,HB9P5DS2U3,Current,42586071.54,2019-10-16,BR-00196
BUS-6008581,9TUR8ZO3FQ,Business,34808006.72,2021-07-16,BR-00081
SAV-9371700,PIPWYTVC4N,Savings,66444549.82,2020-11-21,BR-00146
CUR-6182190,SE2T5WPOEN,Current,50071102.71,2022-11-30,BR-00004
SAV-9146794,GW454XP70O,Savings,56970605.34,2022-10-03,BR-00054
SAV-4166522,K38S4PUN3Z,Savings,51378534.85,2020-03-19,BR-00176
SAV-3567586,5OHUDSY0SD,Savings,34366631.7,2022-01-28,BR-00114
SAV-7475462,5E7BB4Y5BH,Savings,17507555.36,2019-12-04,BR-00128
BUS-9917445,36ADL2FO5N,Business,83956861.66,2021-08-11,BR-00153
BUS-1723690,F7F504X0I0,Business,60306412.6,2022-02-07,BR-00183
CUR-8033918,GTIA8QBP0G,Current,96624836.55,2022-06-10,BR-00070
BUS-9458550,OD03XEER7K,Business,44896795.37,2020-02-25,BR-00191
CUR-8242111,6WZHFPK6SZ,Current,45021083.09,2022-03-04,BR-00184
CUR-2421679,YA45DLB1N5,Current,87808584.86,2021-12-20,BR-00174
SAV-7719497,SE2T5WPOEN,Savings,78537335.29,2020-01-11,BR-00053
CUR-1024797,YJT38O9QU9,Current,40193925.83,2022-03-08,BR-00170
SAV-4411723,IN62AZTGFC,Savings,76843771.83,2020-11-13,BR-00059
BUS-2886637,OC603I3PWT,Business,11746586.51,2022-06-01,BR-00115
BUS-2684215,PPVMKL4TIN,Business,53496302.67,2019-12-08,BR-00052
BUS-2425122,1ZRNTICJVU,Business,73303072.14,2019-06-24,BR-00048
SAV-6200372,89YTNVL974,Savings,2900451.52,2022-12-04,BR-00144
SAV-3981473,CC9ONROC8U,Savings,24720969.75,2021-04-24,BR-00093
CUR-2874860,B8BZAK1832,Current,66573868.99,2021-04-05,BR-00167
CUR-5594739,VW9L15SWLX,Current,53253265.82,2019-01-08,BR-00153
SAV-9432773,HP1SY58DOS,Savings,94709149.61,2019-03-11,BR-00094
SAV-9330424,WZD9VFCBDH,Savings,46429692.82,2019-11-19,BR-00144
BUS-9450636,OC6FKFP5RB,Business,61113705.25,2020-02-21,BR-00184
CUR-8453431,O9UGPQVGM1,Current,30706202.32,2020-08-04,BR-00124
SAV-6554937,TBLX3CFYDX,Savings,50220139.6,2021-02-25,BR-00073
SAV-2042967,W81AJXJGKD,Savings,62914036.7,2021-06-19,BR-00027
BUS-4943415,RQAX8ELNEX,Business,28207084.54,2022-07-04,BR-00049
SAV-6327366,7S70MT9V2Q,Savings,99512414.74,2021-10-18,BR-00048
BUS-4831371,2SCZVZ47ZT,Business,17290668.7,2019-12-25,BR-00155
BUS-1669502,5LGO5P6B9Q,Business,84059615.42,2019-06-07,BR-00158
CUR-3398332,ADRG6QFWJ1,Current,28372332.4,2019-01-14,BR-00049
CUR-3618752,N74KAXQN6M,Current,4919579.22,2020-01-30,BR-00099
SAV-5995502,L9SJETF1TI,Savings,75403290.59,2021-04-11,BR-00186
CUR-8456232,J4DUUPXHH7,Current,88307690.79,2021-08-11,BR-00029
SAV-9680282,5HEM214RF0,Savings,40914106.56,2019-07-04,BR-00071
BUS-1441978,7ZZ1OPO7FZ,Business,47364113.97,2020-12-21,BR-00126
CUR-2689238,OE2KZWKZK2,Current,9706820.52,2021-05-02,BR-00146
SAV-4225059,JSWR1DO0EJ,Savings,3658096.89,2022-04-05,BR-00192
BUS-9305003,VRRF3JIVTL,Business,53863664.15,2022-04-01,BR-00059
CUR-1139993,QY4A1CGHXI,Current,37339943.42,2019-08-05,BR-00072
SAV-1196319,GWDLF0E2LZ,Savings,21418507.61,2021-08-18,BR-00003
BUS-4845002,L9VXBYCEEP,Business,10442957.83,2019-09-09,BR-00137
CUR-2542624,UL0DSLJEV5,Current,27054079.96,2021-04-30,BR-00128
SAV-4988794,WCNY1LHMJD,Savings,50176390.23,2021-05-04,BR-00050
SAV-8380687,121XNXX1F0,Savings,63185072.64,2020-09-12,BR-00116
BUS-3900811,4EGUXCJJS0,Business,15225474.46,2020-01-06,BR-00167
BUS-3258655,8BND6Z945B,Business,50266642.94,2022-04-10,BR-00158
SAV-4070327,NA4578HCDF,Savings,39931734.2,2020-07-11,BR-00064
CUR-4359777,NWDJ5ZKY1V,Current,86894441.53,2019-07-01,BR-00092
SAV-6802070,3NDFNCB70D,Savings,31572671.51,2022-06-07,BR-00191
BUS-3175112,BP0RP56R25,Business,4833026.72,2019-06-19,BR-00091
BUS-4815699,TL34PNHBMJ,Business,6959567.93,2019-09-09,BR-00130
BUS-6348356,EP5MK1SB1Z,Business,98027689.79,2020-10-01,BR-00176
CUR-7586271,6BIWQ8J0MF,Current,37518358.95,2022-03-10,BR-00078
CUR-8301306,FY7ILFAAZ3,Current,7868889.12,2022-05-29,BR-00065
CUR-4126283,Y0ZM363N5K,Current,92832362.28,2022-10-01,BR-00019
SAV-8868396,9LOU0Y5RMW,Savings,13262378.3,2021-09-27,BR-00011
BUS-3142774,KT8D9NFG6Z,Business,22084953.15,2021-03-12,BR-00053
BUS-2464285,V2SOE0H088,Business,92424877.9,2019-12-15,BR-00107
CUR-5704558,I5O8NCM0G0,Current,84662964.05,2019-06-19,BR-00115
CUR-6543248,7S70MT9V2Q,Current,68747769.9,2019-02-01,BR-00129
SAV-1988787,H4IHJDXGYC,Savings,3835435.68,2022-04-03,BR-00083
BUS-4043158,L2E89YK26A,Business,45049350.14,2020-01-12,BR-00072
CUR-7769815,N0PW7FNWBG,Current,82626649.0,2022-11-21,BR-00173
BUS-7462553,AHVRBMHBNB,Business,32640214.48,2019-11-20,BR-00009
CUR-1880307,EBNW565FL5,Current,80800426.26,2019-01-01,BR-00179
SAV-7034740,G3T75C46R7,Savings,37101674.27,2019-08-16,BR-00182
BUS-9568893,9OR39SXE3F,Business,49291156.41,2019-06-11,BR-00180
SAV-8466143,AHR0NTFFPU,Savings,6396956.2,2019-09-17,BR-00052
CUR-3645867,SJ7L88WQ03,Current,13741988.93,2019-05-24,BR-00172
CUR-6607500,727RLHZE4J,Current,6265602.59,2019-07-18,BR-00088
SAV-9158516,EOQ1HD3D9Q,Savings,46156191.0,2020-11-27,BR-00144
CUR-4605609,SMNQSU2FJG,Current,19268585.61,2019-05-13,BR-00070
BUS-5294070,W27XYODWYH,Business,4061797.03,2022-09-23,BR-00180
CUR-3648281,W8UXMZMN9H,Current,41529664.65,2022-07-22,BR-00185
SAV-9820660,IA55EA30YA,Savings,71267183.56,2020-07-16,BR-00014
SAV-6112099,SS6FMTT3UM,Savings,29771033.68,2022-09-18,BR-00188
SAV-2740390,STQASXF3YU,Savings,63366787.89,2020-10-11,BR-00047
SAV-3407263,X2JB2WQT99,Savings,95895675.73,2019-12-30,BR-00123
SAV-5066401,XMGVLT3GVE,Savings,52116270.78,2022-12-12,BR-00180
CUR-4326085,R03C9BWG31,Current,1829279.02,2021-05-04,BR-00195
BUS-1016372,9RDQN8ND5C,Business,63002657.66,2021-01-21,BR-00147
CUR-8864231,AVGKCNZBGE,Current,58643341.71,2022-07-11,BR-00030
CUR-1803283,1TZ59LABKX,Current,86582004.08,2020-06-14,BR-00156
BUS-7996675,X01VWKSB5Y,Business,51602142.09,2019-05-04,BR-00195
SAV-7565451,33IIQ86YK7,Savings,7869344.52,2021-06-06,BR-00119
BUS-5411995,99X3L79VWH,Business,35837234.54,2019-12-07,BR-00048
BUS-9829817,LCUID8USK4,Business,84227281.3,2020-03-17,BR-00042
BUS-4076787,JRW7ZH0V0V,Business,54920895.11,2019-11-19,BR-00013
BUS-4841424,FMK6HN3WFZ,Business,41075347.33,2020-06-15,BR-00009
SAV-6865148,0E7LMZ7ECN,Savings,98458825.56,2019-08-19,BR-00100
SAV-7749181,NTSP6TZ2I5,Savings,57315200.19,2021-09-15,BR-00189
SAV-9133666,ULMOTMVISO,Savings,2437124.53,2020-05-12,BR-00147
SAV-2786674,YQQ5LDDML1,Savings,44780818.68,2022-01-28,BR-00180
BUS-9123647,V430W7CWXO,Business,80023818.2,2022-09-25,BR-00058
BUS-5995330,WCNY1LHMJD,Business,40897363.05,2020-10-17,BR-00078
SAV-9615736,YMP54Y3Y26,Savings,52127374.42,2019-03-06,BR-00038
CUR-2449312,WUQ9TQNUUY,Current,1591012.69,2022-12-24,BR-00109
CUR-8728654,32WK8QT2Y1,Current,26824600.7,2020-04-08,BR-00149
SAV-8463566,S91AKFU8ZO,Savings,82611114.19,2020-09-17,BR-00082
BUS-3855897,4K6PGDE2HG,Business,45597894.57,2019-06-21,BR-00022
CUR-2545362,BCXNVCWHXN,Current,84463054.1,2019-09-25,BR-00164
SAV-6819841,0YBA5NQGSO,Savings,2136722.74,2020-01-30,BR-00058
SAV-2412377,CZNC38CBG4,Savings,91832058.01,2021-01-22,BR-00017
SAV-9537458,WM3A7VOC1Z,Savings,90601981.04,2019-01-18,BR-00167
BUS-3167828,R2413SRA7R,Business,7140530.57,2019-09-06,BR-00142
SAV-1952994,1GFGPVQDT4,Savings,1010034.9,2020-02-14,BR-00044
BUS-2323411,V7JS4340VL,Business,41288709.89,2022-02-18,BR-00071
BUS-8665911,IJVEJ7U3HS,Business,43973645.67,2022-03-10,BR-00106
SAV-5121450,YN3MNZ23Y0,Savings,36984669.53,2021-01-04,BR-00008
CUR-1971811,1WC4X8KF1W,Current,59132515.92,2020-09-06,BR-00185
CUR-6100350,DP19U7DDI0,Current,44584739.8,2022-10-09,BR-00102
BUS-5944778,Z425NQB3BR,Business,75106231.58,2022-06-12,BR-00089
BUS-4239557,8N1VK1WXBM,Business,65022849.87,2019-11-11,BR-00159
BUS-3484152,3S9Z3L8KWE,Business,58259429.47,2022-01-04,BR-00078
CUR-3221873,NZRZUWT2JD,Current,86632607.9,2019-09-04,BR-00163
SAV-9290975,A3A5JZS29W,Savings,14244757.57,2022-01-01,BR-00145
SAV-5264038,95APOQEPVN,Savings,71092945.71,2021-06-24,BR-00161
CUR-6995812,HWPNT117OG,Current,52530441.24,2019-05-07,BR-00053
CUR-3845355,BT8CBT6MQY,Current,12199183.64,2022-03-13,BR-00196
BUS-5724506,UDBXXHCUVH,Business,19276372.11,2021-09-27,BR-00174
SAV-1904718,LCVTHWRQ9A,Savings,96377118.3,2021-03-31,BR-00061
CUR-9318896,VCBY1GOUJ7,Current,70877600.42,2021-01-02,BR-00110
BUS-7767575,KT93469CR4,Business,95421299.27,2021-05-14,BR-00170
SAV-1320401,OXP82P22LQ,Savings,34128885.69,2022-08-17,BR-00094
CUR-5310226,WZ1TUY8LAT,Current,36597911.6,2020-01-02,BR-00126
BUS-7606597,NA327DDKGH,Business,72462984.55,2021-09-16,BR-00151
CUR-5480078,V3Z47YS0TI,Current,72442253.68,2022-03-28,BR-00140
CUR-1105957,NHGSSOFP2Q,Current,24358870.89,2019-01-04,BR-00080
CUR-3011322,ASK8W70WH1,Current,9179008.1,2022-04-13,BR-00100
BUS-6713104,9JUIY5HIT1,Business,63738442.01,2022-06-08,BR-00029
CUR-4349822,QSIGVONOWA,Current,46721969.2,2021-02-01,BR-00046
BUS-4348724,FOR3AUEHCI,Business,12799351.25,2020-02-04,BR-00160
BUS-1916610,JP752B3V20,Business,57054416.92,2020-12-13,BR-00014
CUR-3898710,JMW6PHHRZE,Current,78326897.78,2019-08-19,BR-00087
SAV-5497844,6KJDTOZ4SO,Savings,13591004.0,2019-07-13,BR-00168
SAV-9827439,AHHWZJZ3OW,Savings,46417273.28,2020-10-21,BR-00137
SAV-2163660,EGK4SRRNTM,Savings,78349825.98,2020-09-19,BR-00027
CUR-9851180,4R4GMBNQV3,Current,73176120.1,2019-07-18,BR-00177
BUS-2774826,GRL0JQOT3A,Business,51046579.77,2019-12-14,BR-00133
BUS-9490582,SA67MAD6ZC,Business,7746515.02,2021-02-26,BR-00085
SAV-3193897,IABAPRAJXO,Savings,88473713.05,2019-06-28,BR-00054
CUR-3245179,5YH6HEM38H,Current,18052090.36,2022-05-20,BR-00170
BUS-5707038,36R638H1C6,Business,1428372.09,2020-01-18,BR-00142
CUR-4459097,2ZNCC8FBRP,Current,56082557.8,2022-10-30,BR-00102
CUR-4206573,LOHE868BQT,Current,1589014.52,2019-12-06,BR-00106
CUR-2348455,DFUI85TG4C,Current,48125716.71,2022-06-15,BR-00004
CUR-9584012,X75R3TER97,Current,60527367.38,2021-12-14,BR-00059
BUS-7178238,EI8BZUNOB1,Business,19030485.95,2022-05-12,BR-00194
BUS-7871384,NPZUNEPZTO,Business,65394037.22,2019-07-07,BR-00092
BUS-3963735,UGITR8Q6ZU,Business,11840621.32,2021-07-26,BR-00021
SAV-5599553,1WY6405VNO,Savings,95125687.75,2019-06-13,BR-00175
CUR-8410714,OWA9VFT5YC,Current,35642137.58,2020-02-25,BR-00078
CUR-3337768,LAPXLXY76L,Current,93010537.68,2021-06-28,BR-00112
CUR-5272438,8DI0VMAYJC,Current,38267065.5,2020-02-16,BR-00181
BUS-1770055,P4RVAOQV78,Business,72586855.01,2020-04-16,BR-00141
BUS-4806959,S9NQ5NTL0Y,Business,21842733.75,2020-11-06,BR-00094
CUR-9282724,RYWN8BMLQQ,Current,29412415.52,2020-12-20,BR-00097
BUS-9631266,8P0N5QKT8L,Business,1986168.24,2019-09-10,BR-00125
CUR-7443836,O2O49ZHEXK,Current,63720759.2,2022-04-20,BR-00024
CUR-9357903,MFPDWDBLD8,Current,51192059.76,2022-02-14,BR-00185
BUS-7119096,JBJX9FP0TR,Business,72725996.81,2019-08-14,BR-00168
CUR-7579598,DLNLDLO01P,Current,29831559.51,2020-08-28,BR-00077
CUR-8575218,EI8BZUNOB1,Current,18718433.62,2022-12-03,BR-00146
CUR-5065896,QC5MC6CU20,Current,57591341.75,2019-11-18,BR-00156
CUR-1299049,VU870C81A3,Current,50551397.8,2019-03-01,BR-00068
CUR-9309166,YADM51BT83,Current,46565504.78,2019-12-25,BR-00127
BUS-5785253,CYKQRF5701,Business,58588217.13,2020-01-12,BR-00035
SAV-4614600,8MP76IPJO8,Savings,64585981.54,2022-02-06,BR-00111
SAV-5827172,PPONCEK35D,Savings,52762931.46,2022-11-04,BR-00052
BUS-8176581,8T5IVA6LUS,Business,61215951.12,2020-09-17,BR-00029
SAV-2302070,N0SLA9ZMCV,Savings,6248150.97,2022-09-15,BR-00035
SAV-8151469,UVLKZ8G2B3,Savings,91582783.06,2021-01-18,BR-00013
CUR-3997988,M0M5IFTBKF,Current,97475871.14,2019-02-10,BR-00079
CUR-4420211,X0R9KHL5N2,Current,6487417.74,2021-12-14,BR-00197
CUR-9028955,UR9M3UDUJL,Current,91298944.25,2019-05-02,BR-00123
CUR-9503339,2PKUKE7U2J,Current,65871216.27,2022-12-31,BR-00144
CUR-2389764,35PAW94IWQ,Current,55753797.61,2020-01-03,BR-00048
CUR-1277487,JK5UZHFH9K,Current,68054024.68,2022-11-14,BR-00054
CUR-1545005,S7U23N8V1B,Current,58713712.55,2020-06-02,BR-00130
CUR-9447425,2FY8B944Q7,Current,97026611.8,2021-09-04,BR-00182
BUS-3096805,BVWEMWDVGJ,Business,85827748.23,2022-01-31,BR-00171
CUR-2947823,FAPNOHZSS4,Current,40976478.8,2021-01-14,BR-00008
SAV-3450718,PEO4OC333K,Savings,11308409.62,2021-04-07,BR-00111
CUR-5161629,5R5RU7XEZ8,Current,52841167.25,2021-03-01,BR-00160
CUR-6082313,TGR1MD2OPH,Current,64534725.15,2020-12-09,BR-00116
BUS-1344223,WY77XEBDGC,Business,9820364.66,2022-07-16,BR-00079
CUR-9203578,4EGUXCJJS0,Current,98975937.89,2021-03-14,BR-00070
BUS-8896906,CSKW1VNHW7,Business,44107841.33,2019-05-03,BR-00182
CUR-5982010,8XUEH92WBC,Current,88118043.25,2022-04-01,BR-00007
BUS-5388493,6PL1JJZNFS,Business,81528325.06,2019-04-27,BR-00115
BUS-6309299,ZLFAUHQVKP,Business,81455790.57,2021-08-15,BR-00006
SAV-7463110,V7JS4340VL,Savings,96450746.31,2020-01-03,BR-00095
CUR-3814667,IQ3IX6NX0R,Current,12996833.71,2021-10-01,BR-00089
CUR-4956230,PYUJG0FTOQ,Current,6541135.67,2022-04-17,BR-00020
SAV-8286308,F01Z8HQDTU,Savings,3716357.69,2022-12-21,BR-00182
CUR-4305136,0H49Z6GJ3R,Current,9975941.0,2019-08-18,BR-00166
CUR-9926646,IJAPJPVQH9,Current,2878219.95,2019-07-30,BR-00096
CUR-5638368,DCE4JKT4CL,Current,54549298.64,2021-08-28,BR-00023
BUS-5272051,WFR2OADMCF,Business,6343450.89,2021-12-15,BR-00051
SAV-4457644,UBZZV4WAXP,Savings,66747704.61,2019-06-30,BR-00040
BUS-2937083,JW56H8ZF48,Business,43200994.03,2020-04-13,BR-00057
SAV-7452602,V430W7CWXO,Savings,26679899.39,2020-10-11,BR-00160
CUR-3305667,JOCQ7IO9GP,Current,81429541.25,2020-09-24,BR-00185
SAV-3734184,737AMWVTPV,Savings,66722839.58,2021-08-07,BR-00060
SAV-6482319,C6YD2VB33R,Savings,18016804.0,2019-12-22,BR-00107
SAV-4461383,2T9VRUWMF2,Savings,95796599.9,2021-03-08,BR-00158
SAV-2861857,RFWNRQ54EV,Savings,28122684.8,2019-01-10,BR-00136
BUS-9164640,PG73S2BOYU,Business,25731331.17,2019-10-29,BR-00111
SAV-3763820,6UT7US68DN,Savings,26908019.63,2020-05-28,BR-00101
SAV-9023593,VBJE5IGODT,Savings,88953700.07,2020-01-20,BR-00019
BUS-5729692,3PZNPMXDVW,Business,67683613.81,2022-10-01,BR-00179
CUR-9796358,BNILNLFSOC,Current,61516167.02,2020-06-30,BR-00039
BUS-6877894,XKO1662WSH,Business,86835993.64,2022-10-11,BR-00107
BUS-3758460,H2SIRK6GY4,Business,51066005.98,2021-10-28,BR-00188
SAV-9205108,FRHCQOCQPK,Savings,27898144.28,2019-08-31,BR-00053
CUR-6171046,JS3WBRHD57,Current,88396989.32,2021-07-21,BR-00094
BUS-5897541,543RDNON6F,Business,12410236.76,2020-01-23,BR-00174
BUS-4174147,1EYNO1NJRN,Business,46438342.45,2021-04-03,BR-00035
SAV-8898204,O2U0XL0DJ9,Savings,19106425.43,2021-11-07,BR-00109
SAV-3132629,5GCDHN9V1M,Savings,41927407.45,2019-11-21,BR-00040
SAV-9035686,F7F504X0I0,Savings,31062285.27,2022-04-26,BR-00081
SAV-3187086,MILLG04IPV,Savings,19246822.55,2019-02-15,BR-00008
SAV-8715556,NBL5N88N46,Savings,15732301.79,2021-12-14,BR-00028
BUS-2849482,IR75WKYPPC,Business,5165730.02,2021-09-01,BR-00093
BUS-1598604,VU3FFA1RUI,Business,24277306.73,2022-09-04,BR-00072
CUR-3129726,LSOYDNC1A8,Current,51637721.44,2021-07-06,BR-00102
SAV-4183419,9QUCOGH6X6,Savings,17931270.48,2022-12-27,BR-00022
SAV-5915481,TR94VWQTN6,Savings,56897905.02,2021-10-20,BR-00198
BUS-8673496,RH3NG44XSC,Business,32930988.61,2021-06-07,BR-00189
SAV-5951077,0HX94SRW1R,Savings,49251239.44,2022-02-14,BR-00025
BUS-4732038,SDPWTA6QJS,Business,35691636.02,2021-09-11,BR-00114
BUS-1733378,4IR7HFZWCE,Business,15545340.5,2020-11-25,BR-00199
BUS-7672996,92MKNFWCG8,Business,84702666.55,2019-07-30,BR-00064
CUR-9541398,CT3SV69H7P,Current,75573307.57,2019-06-28,BR-00176
CUR-4736730,JA39GJXF8F,Current,8148766.3,2019-07-22,BR-00046
BUS-8703803,4KX8TAWDKI,Business,74465667.37,2019-10-19,BR-00043
CUR-8621470,F3KIKQB2BO,Current,82044796.47,2019-04-07,BR-00019
CUR-4550660,WIEQC1COMO,Current,3612771.88,2020-01-23,BR-00184
BUS-3054796,RIW7W79Z0M,Business,84909596.37,2021-06-22,BR-00190
BUS-9876984,FS9DUI14KY,Business,92909769.55,2019-07-11,BR-00136
BUS-1629425,0YMHT5GNYP,Business,89219358.32,2020-11-18,BR-00088
CUR-6210680,YIK8NJFY4M,Current,339316.63,2020-01-23,BR-00098
BUS-1175840,9OK9PLWRL1,Business,83868331.83,2021-10-21,BR-00090
SAV-6648564,8NTQ2DMC3D,Savings,79420215.18,2020-06-27,BR-00003
BUS-6785343,Y1NLNSHW3E,Business,40896422.18,2022-09-16,BR-00192
CUR-2757115,3O4E8R56ZY,Current,38893673.64,2021-08-24,BR-00120
CUR-1614120,46HF83S6D2,Current,12884175.86,2021-07-27,BR-00103
SAV-4486940,L8HBWMXM23,Savings,27070612.22,2021-05-02,BR-00172
BUS-1492733,FHPPNRM2N5,Business,79029755.78,2021-09-15,BR-00019
SAV-9130618,MLZ1I2DVFJ,Savings,49380297.97,2022-06-22,BR-00056
BUS-8347411,V40C0MC8XS,Business,92349224.61,2019-01-27,BR-00051
BUS-8612949,PYTD6L08D9,Business,20079592.71,2021-02-27,BR-00099
BUS-7863937,PZCHR9E3KQ,Business,57677000.0,2019-05-09,BR-00097
CUR-3491926,X0R9KHL5N2,Current,27154044.02,2019-04-26,BR-00019
SAV-1638879,PI0ZAPPZJD,Savings,3442174.03,2021-06-17,BR-00151
SAV-6177882,LU32Q1VFS4,Savings,58645781.59,2019-08-09,BR-00149
SAV-2257562,8Z5SQVNK6F,Savings,26929990.22,2019-05-12,BR-00180
CUR-3155231,L34HL45ZRK,Current,93585245.0,2022-06-17,BR-00137
BUS-5421160,XOLTA8CNYZ,Business,29538818.88,2019-08-04,BR-00032
SAV-8486813,7IVSCYY9Q7,Savings,32667985.0,2020-03-30,BR-00005
BUS-6940593,W22IT56W0W,Business,75271983.99,2021-09-11,BR-00088
BUS-4064470,WNXSJ8WGG8,Business,60824389.71,2019-08-20,BR-00116
BUS-8847244,MNBSF8XUJG,Business,13834317.46,2021-01-10,BR-00145
CUR-5891959,4CAY9FUIVD,Current,55867442.63,2021-04-18,BR-00034
BUS-7933742,575ZXJ38A9,Business,15128294.79,2022-04-14,BR-00116
CUR-1412703,K23G9QPMGO,Current,29577340.76,2022-10-31,BR-00037
BUS-6196163,TAB8WSP0NP,Business,56257565.95,2022-08-09,BR-00016
CUR-6086850,LKUBJ4IHRZ,Current,26746157.09,2019-07-29,BR-00069
CUR-2656750,IU4G3LUCLO,Current,50346230.95,2019-05-24,BR-00165
BUS-8272850,EKLC9P7HLE,Business,81540379.64,2019-12-14,BR-00041
BUS-4896939,FHPPNRM2N5,Business,38203197.9,2020-02-11,BR-00096
BUS-8898521,POTMNTJYNV,Business,98318629.34,2020-03-31,BR-00136
BUS-7375859,8I4YIIHOZ4,Business,1823205.62,2021-03-26,BR-00017
CUR-3382849,XZTSZOVF35,Current,85031720.44,2020-09-16,BR-00050
SAV-5989424,Z9ECG2VHX6,Savings,3295221.25,2022-05-15,BR-00129
SAV-9405305,QCOU1OHCAE,Savings,15765013.21,2020-08-30,BR-00070
CUR-5451898,GIXJOWG0IF,Current,60252434.87,2021-11-13,BR-00185
CUR-9834241,JHCU1MZ5Z0,Current,71340362.34,2019-12-31,BR-00043
SAV-9700856,9IOKXL3T8V,Savings,89611470.55,2021-03-18,BR-00198
SAV-2957023,SZXZOCQ2FL,Savings,57734577.81,2022-07-24,BR-00034
SAV-1980785,PQ2QP90CBS,Savings,19224701.3,2020-02-10,BR-00052
BUS-3968745,T8QUONFLJ4,Business,90366336.97,2019-08-31,BR-00131
CUR-3854844,6IW5TLFQWJ,Current,80321252.21,2021-01-23,BR-00185
CUR-3594796,5MTPBQ4QFO,Current,89289610.46,2022-05-08,BR-00119
CUR-1562784,JUMVL6CNGJ,Current,38921055.74,2022-11-06,BR-00085
CUR-4504767,OC0MDJZFD2,Current,9897427.62,2019-10-24,BR-00002
SAV-4881684,W2CJ26JTND,Savings,80702599.04,2020-03-11,BR-00112
SAV-5630733,I21IUMPDF1,Savings,92710141.28,2022-09-22,BR-00198
BUS-1024717,4UVMMP776A,Business,77353449.59,2021-03-07,BR-00064
SAV-9953114,L2U8EJ41BJ,Savings,38715904.71,2019-01-05,BR-00028
CUR-6740196,O68B09OPG3,Current,6726995.21,2020-10-24,BR-00087
BUS-1245978,J8D56Z7U7C,Business,39280110.57,2019-10-10,BR-00174
BUS-4718161,HMET2EY5UF,Business,45548492.17,2021-02-11,BR-00110
BUS-3501062,21Z596MDXA,Business,51828594.32,2021-11-21,BR-00146
CUR-6447944,KMZF12KTUE,Current,33379436.24,2020-06-07,BR-00123
BUS-9955001,RFLV8NY0UZ,Business,86684805.54,2022-10-04,BR-00107
SAV-8065670,0U5AJPYF2R,Savings,1589761.88,2022-08-29,BR-00196
CUR-9621985,CETQMI2UFX,Current,76368262.63,2021-08-17,BR-00176
SAV-8985742,8EHQNW7F5Z,Savings,56323446.33,2020-04-09,BR-00156
CUR-2234196,LMA86P3VS8,Current,20501864.32,2022-05-31,BR-00086
CUR-4611254,020WJCHN5O,Current,82000692.15,2021-06-19,BR-00084
BUS-1697306,Y18SZ7PK8Z,Business,19856158.41,2021-04-16,BR-00040
SAV-3638263,1YHY4XY1UG,Savings,27470428.3,2021-07-06,BR-00112
BUS-3108795,FHSY71DD9I,Business,56064985.65,2019-03-13,BR-00002
SAV-5998419,GHWORRELCZ,Savings,90049699.73,2020-02-12,BR-00141
BUS-3946051,G9S0IT7H7W,Business,90843713.83,2022-09-10,BR-00145
SAV-3608557,TH3BDXQOLL,Savings,64379875.56,2021-10-03,BR-00052
SAV-1506301,0RLNLRDLQT,Savings,37723289.59,2020-01-26,BR-00102
BUS-8275023,L2U8EJ41BJ,Business,88116087.53,2019-11-16,BR-00095
SAV-6282715,T8WAQLG7G1,Savings,65189156.46,2021-02-05,BR-00196
BUS-1150533,WZ9QA75RGG,Business,39712536.36,2021-02-26,BR-00116
SAV-7253791,JSWR1DO0EJ,Savings,36403485.3,2020-07-20,BR-00180
SAV-2146109,QDNTF4Y1WX,Savings,92946733.77,2019-07-23,BR-00142
BUS-3697232,Z24U9EEUGF,Business,22908122.22,2020-10-29,BR-00138
CUR-1629592,BKBJ6RQP2T,Current,2445024.88,2021-07-21,BR-00037
SAV-8583840,ZQMT4BR3J9,Savings,3545188.73,2019-03-08,BR-00056
SAV-4704693,FYAKBVBYQ9,Savings,87474249.41,2022-02-14,BR-00005
BUS-3308221,RN7EFH1AK7,Business,67037115.88,2022-06-10,BR-00140
BUS-1278977,I5LDKH9529,Business,99494832.96,2020-08-09,BR-00151
SAV-8652869,FMDHFM8QBC,Savings,66219080.4,2021-09-23,BR-00005
BUS-4605819,8BUUV1K1D4,Business,40426867.35,2020-11-27,BR-00200
CUR-6148374,6UT7US68DN,Current,48880274.65,2020-03-02,BR-00187
SAV-7513234,XZU5R3NU88,Savings,6834298.77,2022-09-09,BR-00104
SAV-3595679,21IXOKYLE1,Savings,50466765.23,2019-05-15,BR-00102
CUR-1576267,F6H4D0JYKD,Current,81229654.8,2022-01-07,BR-00080
CUR-9350710,VQQG2TI8UW,Current,40637630.61,2021-03-06,BR-00182
SAV-9066359,G9DGOBWQR6,Savings,14908101.37,2022-07-18,BR-00003
BUS-7352662,K29U8ZYOQH,Business,55325107.93,2020-03-11,BR-00021
CUR-2905519,HVHF4IJQOS,Current,79444447.45,2019-12-21,BR-00156
SAV-7876496,XOPX8AOJPM,Savings,63947531.38,2020-09-11,BR-00176
SAV-6714214,8583F7070D,Savings,16828963.73,2021-01-23,BR-00134
BUS-3845035,9VU3VP8GU8,Business,70889004.06,2019-01-15,BR-00179
SAV-9132076,BOPR06U2YW,Savings,15455050.52,2022-06-13,BR-00116
BUS-9970183,0B387SSWCA,Business,72344285.54,2021-01-06,BR-00003
BUS-9288849,98ANGTHE6R,Business,55822893.34,2021-05-09,BR-00189
CUR-1041531,RLJMXZX9RL,Current,58499454.28,2019-01-24,BR-00164
CUR-6333445,JHYFFJQOUL,Current,76265755.41,2020-04-16,BR-00101
SAV-5775348,GCBN5STBJ6,Savings,32410443.19,2021-12-01,BR-00120
SAV-9967973,7OZAI4F47U,Savings,9614553.75,2020-07-09,BR-00026
SAV-1398126,4EMT9RU2VW,Savings,32373137.57,2021-05-31,BR-00047
CUR-1163789,7SI1YKSDMB,Current,94526410.78,2020-06-25,BR-00031
SAV-3134255,9KL6XB4GZH,Savings,61913122.44,2020-04-15,BR-00030
SAV-8593203,DB2HI07NCA,Savings,103285.55,2019-03-07,BR-00155
SAV-7329590,Z0ANYY8U1K,Savings,56854823.92,2020-10-31,BR-00198
SAV-3228514,93KTHU76TO,Savings,62663591.85,2020-09-07,BR-00029
CUR-8448578,4N65FPE1AF,Current,91345552.23,2020-05-04,BR-00043
BUS-2864281,1NRGB7GC57,Business,90098468.53,2019-05-13,BR-00123
BUS-3105013,DS7LN34UQP,Business,60825982.21,2019-01-24,BR-00182
SAV-3681223,MT314QOUMP,Savings,48095200.24,2022-02-27,BR-00159
BUS-2935699,UJ81BY3WVH,Business,83837284.64,2020-05-23,BR-00085
CUR-4805328,EZJ343UDQE,Current,85738155.12,2022-02-04,BR-00012
CUR-4364949,DZVEJEUAH3,Current,90895359.81,2021-01-27,BR-00172
BUS-8371629,8I0S1LY000,Business,41885494.6,2022-12-17,BR-00070
BUS-6761363,4LDX3VE9MF,Business,65800979.8,2021-09-07,BR-00087
CUR-7779395,TQM2TRYPDA,Current,24337084.47,2020-08-22,BR-00025
CUR-5873114,VI9HCH5PTG,Current,37610369.55,2019-02-21,BR-00181
SAV-6985576,1L8K1LJ1D6,Savings,89079555.58,2021-10-14,BR-00020
BUS-8511699,1QH7DHKW1Y,Business,22086361.75,2020-07-01,BR-00060
BUS-4761925,NF0XJ0FSF2,Business,31700027.02,2019-09-17,BR-00164
SAV-7391583,7Z1F3UXHMP,Savings,96651899.2,2022-04-15,BR-00176
SAV-9505741,SDMNVHVEKQ,Savings,10584599.19,2022-10-05,BR-00138
BUS-1616113,VKNW1JOXNZ,Business,40603677.78,2020-05-17,BR-00133
SAV-8305351,B7IMW22BXJ,Savings,25439066.72,2019-05-27,BR-00079
SAV-7657457,UTSW2F4UWZ,Savings,52669234.05,2021-05-22,BR-00196
SAV-1195779,LRMBLTQNP8,Savings,98746787.61,2020-03-09,BR-00150
CUR-8830121,GSR2H5849R,Current,54280857.02,2022-05-24,BR-00001
CUR-8342059,VX3K3D53OA,Current,99101141.56,2021-11-24,BR-00078
SAV-4158681,T1X6YNT4B4,Savings,67830212.7,2021-03-24,BR-00097
SAV-5275723,WZNZ6VPQG8,Savings,4953607.02,2019-06-15,BR-00020
SAV-3750883,SSM4YQX8WN,Savings,40364506.53,2021-03-25,BR-00094
BUS-2109523,WY37WGZIRH,Business,30430978.68,2021-03-31,BR-00102
BUS-9503598,FB8N5E0CQM,Business,44251845.8,2020-07-10,BR-00196
BUS-1839499,2T9VRUWMF2,Business,68360681.1,2019-09-04,BR-00110
BUS-3368744,P9S5E0IG95,Business,94893045.71,2021-08-08,BR-00170
BUS-2946406,5AF4MYOIJH,Business,6752230.16,2021-05-06,BR-00013
SAV-8820816,K4ZVKX75RO,Savings,15733633.17,2019-02-09,BR-00026
SAV-2078547,8NRZKDQF1X,Savings,76010819.73,2020-08-17,BR-00002
CUR-3194815,UC261SVYYU,Current,56730099.47,2019-05-01,BR-00131
SAV-2593310,BT347KCDEA,Savings,7573325.36,2022-02-10,BR-00003
BUS-9283953,1TL5W4CVM4,Business,13196399.35,2021-01-29,BR-00147
CUR-9668281,VDW90OISGJ,Current,58436983.1,2021-10-20,BR-00161
SAV-9321605,35EFERLVO8,Savings,15333640.26,2021-02-06,BR-00032
BUS-1303757,PH2J8XTL5W,Business,1911274.9,2021-11-03,BR-00026
BUS-2340084,AG6K2PBRV0,Business,48222571.57,2020-06-19,BR-00092
BUS-3481040,2UHOO2AE8K,Business,17975754.7,2019-12-02,BR-00153
SAV-7360332,DZDEDB2GZ0,Savings,21417451.4,2020-08-11,BR-00011
CUR-8678392,J6KANHUS39,Current,46819839.26,2022-08-09,BR-00071
BUS-8763673,UY6ZXBU3FB,Business,21313871.82,2021-03-23,BR-00190
BUS-9184179,S0M07P622I,Business,54704056.51,2019-01-19,BR-00165
CUR-2449173,C8QF5RZ1GZ,Current,997545.55,2019-11-11,BR-00072
SAV-1068106,XF6Q1DR4DX,Savings,58523979.4,2020-12-29,BR-00005
SAV-9601791,AZ1VGKAHD3,Savings,49235234.23,2022-02-21,BR-00155
CUR-2033303,9UHEHX6UYP,Current,76913013.61,2022-06-06,BR-00158
BUS-5419973,WRH4B322O9,Business,47508031.2,2019-06-23,BR-00170
CUR-3217309,75YI3SWWMF,Current,57604401.01,2020-06-24,BR-00068
SAV-4731446,WUVKP30MI3,Savings,77236855.78,2020-04-10,BR-00145
SAV-8230691,55UF3RKQGM,Savings,89833942.47,2022-03-24,BR-00023
BUS-9809406,0TDZ32R2IH,Business,84954972.52,2019-02-02,BR-00058
BUS-2094863,61GT80Q3BU,Business,75520242.48,2022-11-23,BR-00106
SAV-6137566,WM3A7VOC1Z,Savings,83781988.35,2021-05-29,BR-00071
BUS-3810971,SED8CIR2IZ,Business,23894788.98,2022-12-01,BR-00156
CUR-1047013,RKRBYY4RQG,Current,52622616.77,2021-04-22,BR-00106
CUR-6045403,9043XF8YWQ,Current,25184604.42,2019-08-04,BR-00009
CUR-9792860,8BTHCRNU6R,Current,8192032.63,2022-01-21,BR-00030
SAV-2135474,YWZCLPC1ZC,Savings,68054475.96,2019-08-25,BR-00144
CUR-5306076,R5XVMZNRTW,Current,62520389.71,2021-01-29,BR-00135
BUS-2346787,GIXJOWG0IF,Business,82411283.45,2020-06-01,BR-00050
BUS-3911968,MYIVCD8YAZ,Business,58833528.29,2021-07-06,BR-00172
CUR-9998001,4JN327IL0S,Current,80103395.82,2020-12-14,BR-00017
BUS-7545261,DSC7JJUN2A,Business,28931868.3,2021-09-10,BR-00149
CUR-2673350,FOL8JZCS7A,Current,58193266.46,2021-11-26,BR-00146
BUS-3600340,GZ7SNIHKSG,Business,78692319.72,2020-12-16,BR-00134
SAV-6688854,NVRS2LZB29,Savings,68996330.96,2019-05-07,BR-00011
SAV-6526089,T5A0IOQ2IA,Savings,35032129.28,2022-09-15,BR-00046
SAV-9711083,MA4U3HJAJ1,Savings,58398551.41,2020-07-14,BR-00112
CUR-1572719,C693OJY0JS,Current,19230413.69,2021-07-27,BR-00112
CUR-9263239,0780ZLPILL,Current,19470665.88,2021-04-21,BR-00195
CUR-4094790,6VD0964C4K,Current,79249951.75,2020-09-28,BR-00117
CUR-8796764,6MX83Q3DXS,Current,83733998.46,2019-04-27,BR-00150
BUS-3908909,2JAYLIT56C,Business,89463587.77,2021-07-11,BR-00005
BUS-9654706,I7Y0GCHR4L,Business,19748890.39,2021-04-28,BR-00122
CUR-2295105,RFLV8NY0UZ,Current,45114298.94,2020-03-13,BR-00116
CUR-8138785,3ER7WOABJD,Current,14234475.43,2021-08-11,BR-00044
CUR-8416911,9AG00ZKZL7,Current,86036036.89,2022-03-16,BR-00182
SAV-9746337,8N8AX5RH8B,Savings,23014224.35,2019-10-09,BR-00121
CUR-2908431,1STQMCX26Y,Current,87691198.24,2022-05-15,BR-00028
SAV-3107743,HB185O86YQ,Savings,57405167.61,2020-06-08,BR-00015
BUS-1410134,VU870C81A3,Business,5987876.86,2021-11-19,BR-00141
BUS-5391389,7UZTXJ936S,Business,18716121.01,2019-07-21,BR-00054
BUS-3410761,I4MCYZKA4K,Business,64679738.02,2019-12-31,BR-00138
CUR-8821729,YOA1DLOW1V,Current,39851034.51,2019-10-14,BR-00068
SAV-6872927,6TRZO5OD5G,Savings,3151698.97,2020-05-14,BR-00123
CUR-9156945,4W35FTPFTB,Current,88462813.7,2019-08-14,BR-00119
BUS-9152222,IHXX7TM7GG,Business,54533987.25,2021-08-17,BR-00082
CUR-7995820,JOCQ7IO9GP,Current,89132484.78,2019-02-02,BR-00095
BUS-7783232,4YPQ7IJ5HT,Business,51304401.5,2019-05-10,BR-00115
BUS-9898269,LMVWYBI8R9,Business,1446919.07,2021-01-03,BR-00124
SAV-2344291,3A8TKKO1IP,Savings,72747512.01,2019-09-08,BR-00159
BUS-9442481,H1XH9ZHRBZ,Business,10775391.46,2020-09-24,BR-00178
BUS-7920803,LDSEL8SIOM,Business,14093777.19,2019-11-10,BR-00104
SAV-9877007,SF9FD8THOP,Savings,14649372.03,2019-08-11,BR-00024
BUS-7339856,OQSKIR4NXR,Business,55767265.51,2021-04-24,BR-00022
SAV-8205218,4MG9VHQRCE,Savings,8738840.19,2020-03-02,BR-00013
CUR-4791643,0CV5GEDKCC,Current,99065343.34,2022-04-06,BR-00170
SAV-2818875,3FM82HRFNY,Savings,1764817.6,2021-11-29,BR-00119
BUS-1772680,27YTERMRX5,Business,7124233.24,2021-08-25,BR-00184
CUR-1363216,PNJEW3WNWS,Current,50297791.98,2019-03-02,BR-00065
CUR-8146907,XY45WQETCZ,Current,12312248.25,2020-10-07,BR-00139
CUR-7973455,D9TEGY8W8M,Current,30924091.61,2022-05-10,BR-00096
BUS-3915232,C6EA82HLJB,Business,15819927.16,2021-11-04,BR-00168
SAV-1708860,0N3KSFAE41,Savings,74509366.85,2019-03-31,BR-00087
SAV-1377247,VPE5WQWIV7,Savings,73162120.27,2019-03-17,BR-00050
CUR-2303941,30A8RW9GJ4,Current,25377281.44,2022-05-28,BR-00105
SAV-3408366,O864ZUXKC9,Savings,79131021.43,2021-02-26,BR-00022
CUR-1876945,FP82XRJJ2Y,Current,55360230.11,2021-06-23,BR-00190
SAV-4548257,B78OHOB7DH,Savings,40547659.91,2019-04-26,BR-00120
BUS-2173569,89H0ILFBFG,Business,14228766.87,2021-03-11,BR-00193
CUR-5149158,FXRTS7CWP7,Current,88118512.42,2019-01-11,BR-00003
CUR-1548947,FOL1M5WJOT,Current,72681201.05,2019-10-31,BR-00009
CUR-7960637,L9IY6VCZSJ,Current,69716949.92,2021-01-19,BR-00140
SAV-7302998,BLETUVNJIM,Savings,37458168.06,2022-07-30,BR-00094
CUR-8152594,L2RYJ09XHR,Current,18468994.15,2019-09-06,BR-00038
CUR-1089657,N74KAXQN6M,Current,85657951.59,2021-06-21,BR-00149
SAV-5603071,FV4550ZDRB,Savings,9195236.79,2021-01-13,BR-00025
CUR-8277579,AHVRBMHBNB,Current,38547832.76,2022-03-12,BR-00194
CUR-8791350,OTF2F15GDV,Current,25713018.8,2021-01-29,BR-00032
BUS-6616211,QQRGVMH3OX,Business,78487610.7,2020-11-01,BR-00073
CUR-6476750,6YSGOVQUHU,Current,85238296.13,2022-08-29,BR-00011
CUR-1131590,RQYGHQZ3RV,Current,33763269.98,2021-03-12,BR-00099
CUR-3269289,FP4I4PQI7C,Current,50252058.11,2021-03-13,BR-00151
CUR-4295691,6X74I9FS4Q,Current,34517289.83,2019-10-11,BR-00058
CUR-3877022,W22IT56W0W,Current,95962063.62,2019-02-08,BR-00087
BUS-8530225,9OF1ZKJ8OP,Business,87693969.08,2021-09-27,BR-00100
BUS-6959666,WGZBRB3061,Business,70478209.3,2020-11-27,BR-00025
CUR-7400138,24ACZ5ZCGJ,Current,5057886.67,2022-08-07,BR-00038
SAV-1316134,W915G7NKAB,Savings,19265848.52,2020-08-18,BR-00144
SAV-2633890,3G5XAMRAZL,Savings,78344455.28,2022-04-14,BR-00090
CUR-7363574,YLBBTTXX43,Current,48053949.03,2020-02-20,BR-00122
CUR-7253967,7QSF51CQ4P,Current,13005479.17,2022-04-27,BR-00119
SAV-4570087,D8W1OSNG6U,Savings,81772129.97,2019-05-29,BR-00161
BUS-7173883,7XHCWS8TL0,Business,15007388.91,2020-07-14,BR-00074
SAV-9939235,9TC2IQT0Y1,Savings,40524503.93,2022-09-09,BR-00115
BUS-4415009,9RNTGAV605,Business,4847920.82,2019-08-21,BR-00056
BUS-5047459,29ODG61DDN,Business,18442642.89,2019-04-20,BR-00035
BUS-6938371,6Q15I7NT2B,Business,13927036.5,2021-03-20,BR-00117
CUR-3457658,6NF2783BAH,Current,55005670.28,2021-06-16,BR-00170
SAV-1066944,25W4PBENIV,Savings,83000028.62,2021-01-17,BR-00186
CUR-4639876,XVYITCZORL,Current,99354479.43,2020-09-15,BR-00097
CUR-7431154,1TNQ49O8AI,Current,96102745.67,2020-10-22,BR-00140
SAV-7255194,S90AUSGCQ1,Savings,29925978.72,2019-09-30,BR-00039
BUS-3957764,KXC7WQJN73,Business,80398175.94,2021-02-02,BR-00089
CUR-2969987,G1ACG6QDF6,Current,75221804.7,2022-08-25,BR-00147
BUS-6807896,96QA9XEPXN,Business,20666474.88,2019-02-28,BR-00091
BUS-1563977,D1DR70CMUP,Business,34554995.88,2020-12-25,BR-00138
CUR-3077482,Y4PE7C3YQO,Current,73631229.94,2022-05-09,BR-00103
CUR-7141894,BPBJON1HH6,Current,38065633.91,2020-11-24,BR-00152
CUR-4968475,D0VUZ21QW5,Current,52694928.88,2021-03-10,BR-00156
CUR-2021952,NLSGTNJYTI,Current,78541845.68,2020-06-04,BR-00022
SAV-4514110,JRBO6OM2KD,Savings,67495560.42,2022-04-20,BR-00007
BUS-1207161,XJSL38AICO,Business,16945249.29,2021-02-28,BR-00149
BUS-1090440,X58DWSWZ52,Business,76148273.02,2020-01-23,BR-00163
CUR-6341939,FINOSHMVXT,Current,35008769.37,2022-08-22,BR-00193
CUR-9590351,O78KV7MGW8,Current,96528838.86,2019-04-14,BR-00109
CUR-6636202,KE7U397HES,Current,93569504.74,2022-11-20,BR-00105
SAV-8167749,ZXVLFMO68S,Savings,47116246.17,2019-02-14,BR-00123
BUS-8303306,PE0V0BL8XI,Business,3835599.08,2021-11-02,BR-00038
SAV-5460093,3VGUIJTBAS,Savings,68077006.85,2022-04-05,BR-00136
CUR-6529421,VR7T5BXUWX,Current,50728665.15,2022-06-19,BR-00042
SAV-7777133,EPB1P6R4XC,Savings,88835951.23,2019-05-17,BR-00089
CUR-8098057,A0IZBNY87A,Current,47834125.71,2021-05-25,BR-00108
BUS-8678662,DB2HI07NCA,Business,3193366.6,2020-12-21,BR-00026
SAV-4157675,UHS2MJY0TK,Savings,13639136.17,2021-03-22,BR-00131
SAV-1794377,YAPCCD5HZS,Savings,45014646.46,2019-11-19,BR-00067
BUS-2357867,T7MCK1CBOQ,Business,68002260.33,2021-02-11,BR-00050
SAV-7340536,HX7VFV0E23,Savings,19386508.41,2020-04-05,BR-00159
CUR-5724832,I06Z56UKJ1,Current,61376859.8,2021-01-26,BR-00185
CUR-6902617,BD4I2WPQTY,Current,53076872.54,2020-11-25,BR-00013
CUR-4390665,CZDNZ0JMHV,Current,53389354.43,2021-11-26,BR-00106
BUS-8283029,7JMRXR4RZF,Business,6541193.47,2020-06-10,BR-00153
CUR-8324823,QNHTORDASA,Current,22955840.37,2022-06-24,BR-00065
BUS-9242328,0H8RKWTN8T,Business,94723405.5,2021-04-04,BR-00131
CUR-1368576,8OT5IXO1LD,Current,83831937.56,2020-03-13,BR-00036
SAV-6818687,MX4UEF6ZAQ,Savings,68136123.44,2020-02-11,BR-00099
BUS-2792677,VRU3A5G9Q9,Business,72807840.36,2021-05-24,BR-00052
SAV-5697043,14A46U55WU,Savings,14935673.82,2019-06-13,BR-00061
BUS-4208273,PH2L7A3DJO,Business,4974742.26,2022-01-26,BR-00160
SAV-9040402,T09I21JJCM,Savings,3893500.66,2022-01-21,BR-00097
BUS-8142439,PA5HFLMINP,Business,26309002.22,2021-01-08,BR-00040
CUR-2167431,LXLPA69B0X,Current,16292720.0,2021-11-17,BR-00042
BUS-6429339,2GLF6RBO99,Business,94744281.59,2020-06-19,BR-00143
SAV-5717022,DB2BWB5TJ8,Savings,66487141.72,2019-06-25,BR-00053
CUR-8666893,B98DSAJ2D7,Current,23389747.37,2020-01-01,BR-00195
SAV-4932001,NKKT5VF7ZX,Savings,39642550.05,2020-07-28,BR-00137
SAV-2084206,TCWBIH6V1S,Savings,72404765.9,2019-07-25,BR-00012
BUS-9082589,CT3SV69H7P,Business,73759079.57,2022-06-21,BR-00175
SAV-8835563,NGL0KJZ4DP,Savings,43172140.78,2022-12-26,BR-00097
CUR-7961334,K2AHCX3ZLF,Current,86661701.8,2020-12-10,BR-00124
SAV-8520006,KRW8DAMKTM,Savings,67456964.81,2020-02-12,BR-00151
CUR-9923478,9T2LYH46IE,Current,10888399.87,2020-11-11,BR-00146
CUR-3623885,HP1SY58DOS,Current,78136499.26,2019-04-20,BR-00071
CUR-6782270,Y6TFS6GFB9,Current,30627244.36,2021-02-11,BR-00049
CUR-1820899,DVS7SD38Q0,Current,97214706.06,2019-04-12,BR-00181
SAV-7639381,FEWMYGX0OH,Savings,84187505.94,2022-10-04,BR-00166
BUS-8048457,MA4U3HJAJ1,Business,3745111.67,2019-07-03,BR-00157
BUS-4744457,P9NGIWUOUQ,Business,33425612.84,2020-10-27,BR-00013
SAV-6731785,CCVQLU2SEJ,Savings,69759947.76,2019-02-18,BR-00083
BUS-2474834,OKKS9QMPVE,Business,17107078.71,2019-11-12,BR-00023
BUS-7861930,J26DQYVBNC,Business,90479355.36,2019-09-26,BR-00044
BUS-1094466,0DHLHQIDJG,Business,32244460.05,2021-08-11,BR-00017
CUR-3836016,PEOUFG81VZ,Current,87923943.24,2022-05-09,BR-00129
CUR-5670706,92UCNPAD1E,Current,65012782.6,2022-06-04,BR-00073
BUS-9159676,K23G9QPMGO,Business,34235050.97,2019-10-01,BR-00186
SAV-4475850,ZPSQ38KRB7,Savings,10120461.29,2022-07-02,BR-00088
CUR-5117170,F1KKBTQTMV,Current,74483002.61,2021-03-09,BR-00060
BUS-7217995,HHQIMAH86B,Business,12791938.31,2020-07-02,BR-00021
SAV-3726324,UCIUKW38RP,Savings,69261660.18,2022-01-31,BR-00114
CUR-7814543,U1W1YMNRXK,Current,46847977.45,2019-11-03,BR-00089
CUR-2721930,VE674KTE1E,Current,14849534.32,2020-06-11,BR-00197
SAV-8152407,DZ0PIKNJB5,Savings,43342836.76,2019-02-19,BR-00031
SAV-2045796,BSQIFRMYKZ,Savings,75062237.89,2021-02-25,BR-00050
CUR-2923954,ZTN0DUG1H6,Current,85142623.65,2021-06-30,BR-00193
CUR-6130370,E4CGVDRVX0,Current,911140.84,2022-06-28,BR-00019
SAV-9030998,W6ETYYV6ZI,Savings,74021968.92,2019-07-20,BR-00122
BUS-3999074,GDSY0WMSC8,Business,64625197.88,2022-04-14,BR-00042
CUR-4263515,6NU5CMAJLF,Current,38156809.51,2022-11-28,BR-00190
CUR-5382803,MGAIBDO871,Current,83927709.33,2021-01-13,BR-00175
CUR-6046267,NRREG983S5,Current,93536923.05,2021-08-14,BR-00176
SAV-7060211,4QC742QU78,Savings,96061869.67,2022-09-15,BR-00104
BUS-9905059,UMB65APE18,Business,70755424.39,2022-04-12,BR-00076
CUR-8068632,1E0N3IHY7Q,Current,48261418.43,2022-01-07,BR-00092
BUS-4209197,U8NKGGU3W6,Business,65436272.31,2021-12-20,BR-00067
CUR-2436604,7P4NJ9HY51,Current,29776874.27,2019-06-02,BR-00100
SAV-8930507,HT4P3N5R38,Savings,19276716.86,2022-08-26,BR-00133
SAV-3367947,32HC7H1Q1N,Savings,59337149.0,2021-08-03,BR-00082
BUS-8438918,X4AYY48FOQ,Business,16616292.05,2019-01-03,BR-00099
CUR-9772914,35EFERLVO8,Current,7946317.71,2019-05-15,BR-00070
SAV-5287547,FFBIMY9M3A,Savings,75824307.18,2020-05-05,BR-00105
BUS-6611968,WZD9VFCBDH,Business,14181009.43,2019-03-14,BR-00050
CUR-2025774,XCJTBYOLVC,Current,97791463.76,2019-11-21,BR-00063
BUS-1256151,EV22001CVK,Business,93214014.51,2022-09-05,BR-00176
BUS-8597151,RMM84HYMC1,Business,4392811.72,2022-04-04,BR-00018
BUS-8164673,1S5R6APUJA,Business,50016763.92,2021-10-18,BR-00072
CUR-1575325,U18IQRVK0I,Current,25801147.53,2022-02-14,BR-00153
CUR-2181802,61N9M6IMPR,Current,84684229.68,2021-11-11,BR-00094
SAV-7296734,WN4I1P8ZX8,Savings,42078505.0,2020-12-31,BR-00150
CUR-4524715,JA8R13JO6S,Current,71309468.89,2019-03-31,BR-00096
BUS-2787804,K6VSJS26WF,Business,5574430.4,2021-03-21,BR-00158
SAV-8718195,H6392UIB3E,Savings,12933027.33,2022-10-20,BR-00088
CUR-9065234,SP9LK15YBD,Current,61460673.58,2019-03-12,BR-00050
SAV-4544741,SJSKXBX23D,Savings,13527829.59,2019-07-28,BR-00139
SAV-8291220,HYJWU0FOEG,Savings,75197423.87,2021-07-26,BR-00053
SAV-9039160,LZD5GIGZ8H,Savings,9027730.35,2021-11-10,BR-00025
BUS-4356376,0AF20QWEF3,Business,27961471.23,2020-07-18,BR-00099
CUR-5098431,A2G314ILMP,Current,34388512.98,2022-12-18,BR-00199
CUR-1159420,05N0LP1DTE,Current,26688648.72,2022-07-12,BR-00077
BUS-5814761,G9S0IT7H7W,Business,11151175.12,2021-01-04,BR-00036
CUR-9033905,9O5HIS4G8K,Current,12920116.98,2020-03-24,BR-00172
BUS-7348149,K2C1AMJB32,Business,3735020.56,2021-07-24,BR-00021
BUS-2327905,JW56H8ZF48,Business,53917541.18,2022-05-01,BR-00164
CUR-5866325,T5SVSUQ1L6,Current,45900487.27,2021-12-04,BR-00085
SAV-7106435,UCIMPSBIH5,Savings,40367505.52,2021-01-07,BR-00062
BUS-8678366,MNBSF8XUJG,Business,8768873.57,2022-02-10,BR-00048
BUS-5423774,6V9FQH7HDX,Business,71824748.12,2020-12-10,BR-00089
CUR-6447319,1CJY5K1M7M,Current,94393613.5,2020-10-14,BR-00034
SAV-1377207,FB5ZKIMAA1,Savings,77645241.36,2020-06-25,BR-00022
BUS-7782474,MJSPBH9VVE,Business,98759953.94,2020-05-23,BR-00165
BUS-2704770,URWFMEF74X,Business,77094503.19,2020-07-18,BR-00092
BUS-6533394,WXW2MOPGF9,Business,6906898.59,2022-08-13,BR-00001
SAV-2408972,ELGWPKREDA,Savings,87106729.78,2022-04-11,BR-00195
CUR-6918387,D98G131NVR,Current,14393529.98,2022-02-25,BR-00118
BUS-2728004,Y20Q55BDJC,Business,64782206.05,2021-11-01,BR-00199
BUS-8286070,BTT9NCYMK2,Business,35447248.13,2021-09-24,BR-00156
CUR-6544743,I4GKGR1ZDQ,Current,74079650.95,2019-12-30,BR-00170
SAV-5246955,MI2CEFQU9J,Savings,15140630.61,2019-02-20,BR-00139
BUS-7479081,43F1J0ZM0K,Business,97766477.6,2019-05-13,BR-00134
CUR-1295739,DPHPLBQHV7,Current,31498175.44,2022-12-16,BR-00073
SAV-5282050,D9RXPQYC8C,Savings,75732938.2,2019-10-11,BR-00198
CUR-1124050,8HA6QZT85S,Current,67703226.1,2022-01-02,BR-00184
CUR-6927347,GLCYWRIEB7,Current,45039456.95,2022-12-31,BR-00038
CUR-9348347,8VMQJLYYDG,Current,95031882.08,2019-06-16,BR-00085
CUR-9376073,A7YTJ21EHV,Current,73647892.06,2020-03-16,BR-00174
CUR-7450240,4G6XH0ZNCJ,Current,25074722.18,2020-02-14,BR-00009
SAV-7712820,FT0TMOUB49,Savings,41009990.34,2019-12-25,BR-00173
CUR-6376575,XLDRXMB4PQ,Current,76527160.93,2020-01-06,BR-00008
CUR-1496354,RICSE1I0LM,Current,84702366.12,2021-07-31,BR-00024
SAV-7788065,DCECNMRROL,Savings,30789995.77,2019-04-20,BR-00136
BUS-4494094,SI7BSZTUL9,Business,16745457.7,2022-05-12,BR-00021
BUS-9097482,22LXBRSVE6,Business,61916569.33,2021-06-23,BR-00008
SAV-5598138,I88OP2XRZ0,Savings,55216329.31,2020-12-10,BR-00155
BUS-8119432,X95GL1GXZ8,Business,35345880.71,2021-01-09,BR-00158
SAV-5002687,LMNBMMZE66,Savings,51557304.88,2019-11-12,BR-00170
BUS-6637285,W27XYODWYH,Business,56901848.39,2020-11-24,BR-00171
SAV-2005628,PX11KXQ587,Savings,4028521.73,2019-02-17,BR-00133
SAV-4964985,H9J790B20U,Savings,20305331.9,2020-07-05,BR-00108
SAV-5489714,QHTN4LECID,Savings,81605806.97,2019-03-02,BR-00095
BUS-8580813,0U5AJPYF2R,Business,28323951.52,2022-03-10,BR-00149
BUS-3144080,J5Z9M4SYOC,Business,95207515.66,2019-04-14,BR-00028
CUR-1968717,O640PI5M1S,Current,59157203.31,2020-12-19,BR-00099
SAV-2775359,GHWORRELCZ,Savings,2727770.69,2021-04-19,BR-00123
BUS-6210369,F609ZGEN7Y,Business,18465686.66,2019-05-19,BR-00084
BUS-6158791,6X5ON5OTDV,Business,22316633.3,2020-11-29,BR-00070
BUS-2706366,AOR6NG081O,Business,92385058.79,2020-07-24,BR-00011
CUR-6426335,WVSRN5EEQO,Current,2524360.1,2022-09-26,BR-00179
CUR-3432385,T1X6YNT4B4,Current,58923817.19,2021-02-21,BR-00102
CUR-7139273,TYK002UVNO,Current,70643138.33,2022-04-23,BR-00095
BUS-3759649,VL5EKFTS21,Business,43407509.03,2019-12-15,BR-00082
SAV-6896100,HVGYJNQZHZ,Savings,23107249.53,2019-07-20,BR-00040
CUR-4642510,IJVEJ7U3HS,Current,21486279.08,2020-11-19,BR-00178
CUR-9012559,T6VF77PX46,Current,23367380.17,2020-12-21,BR-00029
SAV-8103880,UXL4BB6TGA,Savings,56862667.92,2020-11-14,BR-00072
CUR-7936992,RKASEWXNVF,Current,89468193.19,2021-09-23,BR-00163
BUS-9636576,2SHICT3U7L,Business,4571012.25,2021-02-21,BR-00157
SAV-6882175,OC603I3PWT,Savings,37311256.07,2022-01-13,BR-00187
CUR-7119159,ZWU6OB2QC0,Current,87066306.75,2020-11-16,BR-00020
BUS-4375433,TU3JAW40ZV,Business,94507785.76,2021-05-04,BR-00154
SAV-4652224,6IDZ09BXZ1,Savings,43198114.44,2021-10-31,BR-00087
CUR-6185132,V1IEGSC21J,Current,91326902.21,2019-12-10,BR-00132
CUR-2912593,KNA4D320IZ,Current,16614448.0,2022-11-07,BR-00069
BUS-5124287,UWEM9NNSYV,Business,321.26,2020-02-20,BR-00134
CUR-9427357,0X2SYAJVX4,Current,12374249.55,2019-06-08,BR-00049
CUR-9192874,S1OLMRKJWS,Current,24335719.33,2022-02-01,BR-00070
CUR-1075780,RQYGHQZ3RV,Current,88636797.26,2022-02-01,BR-00114
BUS-4247724,J9M2662890,Business,56822692.06,2022-07-11,BR-00110
CUR-3604258,XOPX8AOJPM,Current,51365435.87,2020-02-04,BR-00120
BUS-2379324,4C96RNKB9L,Business,97088301.37,2021-08-02,BR-00014
BUS-6780599,U929ZZRQ2Y,Business,74898499.02,2021-07-21,BR-00080
SAV-7313134,61HWN5BNHK,Savings,83558952.18,2019-07-13,BR-00130
SAV-4083093,31I7MOSWJU,Savings,49643219.38,2019-05-10,BR-00061
SAV-7533811,X2ZV2QM63R,Savings,96031999.4,2022-09-01,BR-00152
CUR-5112721,SCF24MPZHQ,Current,98040926.89,2019-01-02,BR-00159
SAV-4026832,8T580LXQST,Savings,35068292.31,2022-04-27,BR-00185
SAV-4160750,EXA1N11NU7,Savings,15429775.26,2019-07-07,BR-00073
BUS-7114455,SDF7888YC7,Business,67055535.19,2022-08-20,BR-00151
SAV-1319509,BP0RP56R25,Savings,16435912.78,2022-11-08,BR-00028
BUS-2761690,P37KB9XHWA,Business,76238938.21,2021-08-13,BR-00100
CUR-7597096,52ZL2M8W52,Current,17984331.9,2019-01-14,BR-00063
CUR-5592270,J6B7ABNB2F,Current,69553936.08,2022-07-14,BR-00032
BUS-8030932,TSGWN68MJJ,Business,56731798.18,2019-10-01,BR-00129
CUR-8034289,P39EAV7HBY,Current,30690171.0,2021-06-08,BR-00153
BUS-6291843,5KLELU0Q2G,Business,31597816.9,2020-11-28,BR-00180
BUS-6682575,E6WAZIKOGE,Business,49124123.8,2020-01-03,BR-00026
BUS-2247795,TM0JOJDYG2,Business,97521684.81,2020-02-23,BR-00177
SAV-4631293,NT1U6LDGFZ,Savings,76856659.95,2022-09-17,BR-00008
BUS-7484496,8ITF77TRN9,Business,3275452.65,2019-05-25,BR-00073
CUR-4142566,A7Y2DI9T41,Current,54882107.29,2021-10-19,BR-00059
CUR-4172542,RBI1O9PLE1,Current,7671961.48,2021-11-17,BR-00039
SAV-9236083,7ATP0OKR1K,Savings,58426882.93,2022-08-12,BR-00134
BUS-6111478,YEL6E211A2,Business,69577925.9,2020-04-11,BR-00088
CUR-1085766,ZMMWQ6N4IQ,Current,38924978.57,2020-10-20,BR-00033
BUS-7620149,1YHY4XY1UG,Business,81084259.57,2021-10-16,BR-00048
CUR-9936213,RL6B9R13OA,Current,10500928.46,2022-05-12,BR-00135
SAV-8466911,TIO6BF30Z1,Savings,99154427.84,2022-04-14,BR-00190
BUS-4528711,WR8RG7HFEQ,Business,21239515.38,2021-03-01,BR-00198
CUR-8598468,RIHDP1WPNV,Current,67117207.34,2020-09-19,BR-00198
BUS-2058851,6TWH2C71ZD,Business,61796960.35,2020-10-14,BR-00012
CUR-1348881,8PKM5CNMSK,Current,74209464.05,2021-06-27,BR-00168
CUR-5474772,GF7GNBULPV,Current,2346928.46,2020-10-14,BR-00182
SAV-8987772,3SQPEGZAKZ,Savings,60565437.14,2022-12-24,BR-00027
BUS-7864953,H5ZQGNM6KD,Business,24615868.69,2022-10-16,BR-00153
SAV-5483407,THMKXPZ638,Savings,98775137.96,2019-08-12,BR-00041
CUR-5316494,WTZ8DFT8MM,Current,48864809.82,2019-02-09,BR-00003
SAV-5021879,DQRW52WKTJ,Savings,9907308.79,2022-09-20,BR-00068
SAV-8188679,VZXCF3BL8V,Savings,79203267.61,2021-12-04,BR-00150
BUS-2342825,8QKIH95E4D,Business,75567434.97,2020-11-15,BR-00079
SAV-6403473,QC5MC6CU20,Savings,9064166.92,2019-05-01,BR-00163
SAV-8187159,4ZS0JD0ZH1,Savings,97975847.25,2020-08-15,BR-00063
SAV-1496703,RKRBYY4RQG,Savings,48123089.1,2022-08-20,BR-00181
SAV-9554044,4OAWXZQK0X,Savings,65750651.08,2019-02-19,BR-00011
SAV-1922648,5MTPBQ4QFO,Savings,68426686.78,2019-06-02,BR-00097
SAV-4947526,XKO1662WSH,Savings,63663581.06,2020-08-17,BR-00144
CUR-6559990,F2GP9KE8R3,Current,10222754.57,2020-01-11,BR-00121
CUR-5008477,UK3CMZ7X0Z,Current,74427188.05,2021-07-18,BR-00068
CUR-9242196,IABAPRAJXO,Current,23060323.02,2020-03-19,BR-00194
BUS-9496867,0RB3RTA4H0,Business,89497677.37,2019-04-25,BR-00061
SAV-1423416,0B387SSWCA,Savings,60477604.42,2021-02-17,BR-00164
SAV-9345059,RICSE1I0LM,Savings,49117234.53,2021-07-23,BR-00097
CUR-3999126,QNBVR4AIGE,Current,87561063.64,2020-09-01,BR-00024
CUR-5008512,Z6326HMH5P,Current,92915299.46,2019-09-30,BR-00063
CUR-1632760,GJQDWYUKUU,Current,91886183.12,2022-04-22,BR-00025
CUR-3730612,EEK7UGAY4C,Current,82126106.36,2020-11-20,BR-00096
SAV-7002991,K68PICWHMI,Savings,51503800.21,2019-05-05,BR-00184
CUR-1848328,R81C1UMZ2K,Current,59384182.22,2022-05-05,BR-00093
BUS-9408693,BS473OXKXN,Business,69441426.52,2019-11-29,BR-00165
BUS-5896462,VCBY1GOUJ7,Business,45284381.75,2022-05-21,BR-00094
SAV-1154887,V69TMEZ3H1,Savings,44896631.1,2021-07-09,BR-00192
SAV-6299232,DM0XKSEMZW,Savings,34332718.46,2019-11-23,BR-00001
SAV-1446922,8JY7GPI9UM,Savings,56764608.65,2020-10-20,BR-00156
CUR-9500652,OR5BAYOUVI,Current,91074299.09,2020-04-05,BR-00154
CUR-6632460,2MW90ZT8Y4,Current,59326129.07,2021-10-31,BR-00030
CUR-8536994,OFZ01QF6YN,Current,62293688.28,2021-08-19,BR-00137
BUS-5521858,IRH3IVVPHF,Business,733816.21,2020-06-07,BR-00132
SAV-4116892,8UWO3DYWUK,Savings,26424842.66,2021-05-16,BR-00156
SAV-6288707,2CNGUXOI7O,Savings,10500685.37,2020-03-27,BR-00075
CUR-4962454,QG6NI3CIC1,Current,88056580.89,2022-09-12,BR-00151
BUS-8502599,JS3WBRHD57,Business,48561768.87,2019-10-27,BR-00053
CUR-5554309,HX7VFV0E23,Current,71119494.02,2021-05-23,BR-00120
CUR-3257519,O640PI5M1S,Current,21279576.24,2020-03-29,BR-00168
BUS-2090635,G67DVKMF6O,Business,37075172.08,2020-06-02,BR-00014
BUS-2579730,ZX12SYP4Z4,Business,1331178.16,2022-07-25,BR-00171
CUR-2619009,KPX63IJFLI,Current,61881767.69,2022-10-20,BR-00193
BUS-4765263,VH6MUBEJZL,Business,74496121.94,2019-02-26,BR-00149
CUR-4491159,5Q01MPKBHQ,Current,84616947.39,2020-01-20,BR-00123
SAV-1800403,S5N4WJLSSY,Savings,99289895.63,2021-07-10,BR-00124
BUS-2354587,KEA4URLADD,Business,49765288.27,2020-11-21,BR-00195
CUR-1261887,QRI12Z0ZD2,Current,90659270.77,2020-05-10,BR-00053
SAV-2508541,QE8DLU99WJ,Savings,80364134.65,2021-05-17,BR-00166
BUS-2100551,TYKOJNLQK8,Business,30931853.22,2019-01-29,BR-00139
BUS-6343951,N47CIMKPD5,Business,61160388.92,2021-04-19,BR-00187
CUR-9254892,A2G314ILMP,Current,86933008.72,2021-05-31,BR-00037
SAV-9247807,YVAA9DD7OU,Savings,39484415.38,2019-08-17,BR-00093
SAV-1414998,O4DJBIVPEK,Savings,90603201.28,2019-03-02,BR-00061
SAV-4789199,229TP0W9RT,Savings,43528458.01,2021-01-25,BR-00149
BUS-4182708,YI4PG06EK3,Business,31871424.02,2019-06-11,BR-00018
SAV-9759620,1KMBFVNBRT,Savings,70211372.64,2020-02-12,BR-00006
BUS-3987062,AZRSQV638A,Business,48948046.08,2021-02-22,BR-00040
CUR-6349911,9CRCG319OP,Current,91232606.82,2021-03-16,BR-00171
BUS-4241750,EOQ1HD3D9Q,Business,40924499.13,2019-07-19,BR-00166
CUR-6462484,4XFTE0N9C4,Current,42486533.11,2019-07-13,BR-00060
CUR-6279424,JOKQK35YVW,Current,7077143.79,2021-07-08,BR-00009
SAV-8168328,05N0LP1DTE,Savings,7138245.24,2019-10-13,BR-00007
CUR-6931824,GOJI5MYP2B,Current,63868211.67,2021-04-25,BR-00155
CUR-8993606,NE0BKD6N8T,Current,47477703.3,2022-02-15,BR-00041
BUS-6057472,WBM493QB6C,Business,35537081.39,2022-02-17,BR-00084
CUR-1681658,86DYA7ZRRC,Current,98898031.15,2022-04-07,BR-00118
SAV-1769387,15TS2FUUWY,Savings,92427253.53,2019-09-18,BR-00055
CUR-4235410,UIZWXS7GKN,Current,61035886.55,2022-01-08,BR-00090
CUR-5918065,0SG7NNSF4X,Current,8738064.55,2021-04-09,BR-00002
SAV-6383077,MFPDWDBLD8,Savings,833296.29,2022-11-10,BR-00159
SAV-6575460,EQI2FH7KT0,Savings,54492959.62,2022-07-22,BR-00048
CUR-4747032,F3A2LC6CD1,Current,29432782.34,2021-07-04,BR-00102
BUS-6823295,YJDGXI1K9W,Business,60540695.82,2021-10-24,BR-00070
BUS-2883252,VVXK38KZ1G,Business,47017673.57,2020-03-27,BR-00087
BUS-1206644,1ZEBAPFQIM,Business,44464789.98,2019-01-31,BR-00131
CUR-9592107,4GUZ6UG6DE,Current,26379585.75,2019-04-18,BR-00165
BUS-8547485,ZJFVUHNMOB,Business,8488941.65,2020-03-18,BR-00157
CUR-8801422,K1K9KK07GE,Current,90666770.05,2020-11-04,BR-00101
BUS-1701032,NAW25VLRJA,Business,90092662.09,2019-05-19,BR-00187
SAV-8130769,OFA11ONZKG,Savings,82274347.92,2019-08-12,BR-00031
CUR-3778336,27RVFAW1OH,Current,61001604.73,2019-06-08,BR-00173
CUR-6440017,CS8FNWAEFC,Current,97627478.33,2022-01-26,BR-00173
CUR-7978329,0U5AJPYF2R,Current,1681683.92,2019-08-16,BR-00173
BUS-2648525,T0O382A7WS,Business,72202241.88,2020-11-06,BR-00189
BUS-3734101,NKFWPP0LCK,Business,83539778.26,2021-06-01,BR-00013
BUS-9684435,6I324KGK08,Business,18561168.3,2019-11-26,BR-00132
BUS-1783919,L9VXBYCEEP,Business,9978570.97,2022-09-27,BR-00134
CUR-1068885,MRJ3UIO2SD,Current,94170791.67,2021-06-23,BR-00154
SAV-9012231,YW7YBZ4EC7,Savings,84968902.75,2020-03-27,BR-00132
CUR-5927879,71E4TM9A7S,Current,27003284.88,2022-04-25,BR-00148
BUS-6766772,APLSQRTWP9,Business,49551906.55,2019-04-03,BR-00104
CUR-4893557,RED2ZSM174,Current,80926025.53,2019-09-27,BR-00124
CUR-1163392,VJKA8DXF92,Current,94054896.4,2020-05-28,BR-00047
SAV-1353059,I46G8G48NH,Savings,4899336.76,2022-07-22,BR-00114
CUR-3765204,1SW8UPUWBV,Current,72883482.46,2019-08-26,BR-00143
CUR-5759680,RILAQHADPW,Current,87510160.4,2022-05-07,BR-00108
BUS-3092655,AXIA5FUDN7,Business,72583812.69,2019-02-13,BR-00131
SAV-8495929,9G11RNDKVV,Savings,72534063.06,2021-10-22,BR-00073
SAV-3441341,4GTWVQI2XL,Savings,69682669.33,2022-10-19,BR-00103
CUR-6901276,MHUHMK0QKL,Current,47109698.18,2021-08-20,BR-00102
BUS-3599267,P8PFJ5IE8R,Business,46904853.22,2021-11-30,BR-00038
SAV-5056189,19DTVYHBQX,Savings,79268690.38,2022-03-17,BR-00091
SAV-6874916,GMZCY2KEXI,Savings,71990186.42,2020-09-22,BR-00174
BUS-8464130,UJAF0PRII5,Business,59764591.71,2021-10-18,BR-00153
CUR-1864784,V6YT1XXYVO,Current,2494164.29,2022-12-30,BR-00049
BUS-9764374,JZHZ14JKFC,Business,49768171.14,2022-05-28,BR-00144
CUR-1744568,2BADLPIJEW,Current,4857938.51,2019-02-04,BR-00194
SAV-7918641,O9FVIIYB0N,Savings,24413506.04,2022-01-09,BR-00170
SAV-9380272,0IPPGUEKP7,Savings,30052629.29,2020-01-04,BR-00048
CUR-1650289,LHKPT5A72X,Current,14096681.0,2019-09-08,BR-00137
SAV-6082484,7BPW7KHOZJ,Savings,85577465.3,2021-03-23,BR-00189
SAV-4266604,H2LFB9970G,Savings,79675968.4,2021-06-22,BR-00105
SAV-7777279,RSQ8977J65,Savings,60986897.06,2020-03-26,BR-00122
CUR-7202845,I87CQGHB1N,Current,98841905.13,2022-04-21,BR-00181
BUS-3753329,4OHK0T6TED,Business,49776500.44,2021-01-17,BR-00118
SAV-4330228,XDEZ22I81U,Savings,37419218.08,2021-04-12,BR-00103
BUS-3760504,SQWMKT4SIL,Business,---,2019-09-13,BR-00152
BUS-4650961,BNILNLFSOC,Business,31471774.79,2021-10-21,BR-00142
SAV-4591914,9KT92ZBQPC,Savings,81326288.01,2021-02-24,BR-00111
SAV-6192912,O864ZUXKC9,Savings,38859970.19,2020-01-15,BR-00091
CUR-9956966,9QZD5XA4NX,Current,3396235.39,2022-01-12,BR-00087
CUR-6017914,DFLFN60ZC1,Current,17244886.22,2022-01-19,BR-00056
SAV-5188740,1NAT4N6A2Q,Savings,95347933.28,2021-01-19,BR-00161
CUR-9987082,2EXU3CJYRZ,Current,74525302.36,2022-02-27,BR-00178
CUR-1611085,SBGINCPFRX,Current,49955209.54,2019-09-21,BR-00066
CUR-6609210,9CPCP8DTKU,Current,82246582.52,2022-03-11,BR-00001
CUR-7521715,8HTRXT4OUF,Current,37994236.77,2020-03-31,BR-00145
BUS-7078371,PN81O6U6P2,Business,8457421.75,2021-02-09,BR-00089
SAV-6448224,VZXCF3BL8V,Savings,78949496.46,2021-06-30,BR-00018
SAV-9013827,XTS5EV5XTA,Savings,80043877.61,2019-02-01,BR-00050
SAV-5974786,OF3E9GOO64,Savings,81692287.0,2021-12-23,BR-00070
CUR-3430188,Y2MHAUTK2R,Current,72381464.42,2020-12-01,BR-00148
BUS-5326780,MRJ3UIO2SD,Business,27903173.27,2020-11-16,BR-00145
BUS-4647048,T7XRVEMG4H,Business,53693689.98,2019-08-06,BR-00101
BUS-7873325,UW5PHQ63TE,Business,1386304.21,2019-01-17,BR-00026
BUS-1680677,T8S2731HW9,Business,18117240.9,2019-09-15,BR-00083
CUR-8013871,2ZDPJ9XNRT,Current,75810815.33,2022-08-05,BR-00177
SAV-4111175,TRVOXEGD5M,Savings,92908089.6,2021-09-10,BR-00161
CUR-2975044,V7BBZ558JS,Current,80760742.47,2022-10-17,BR-00156
BUS-7379006,70242T76HX,Business,18730530.61,2021-12-29,BR-00138
SAV-7302958,R69WPMPHPN,Savings,29491248.09,2022-03-10,BR-00150
BUS-8952168,KYRZH2BNVT,Business,3244486.01,2019-06-25,BR-00005
BUS-5199814,4R4GMBNQV3,Business,37971258.33,2022-10-03,BR-00004
CUR-4448514,ZBUVMH0QF5,Current,80841738.01,2019-08-15,BR-00086
SAV-1553893,YKKKM4TL03,Savings,72332294.03,2019-11-11,BR-00169
CUR-5279851,BYRA59J5CW,Current,40510540.31,2020-07-11,BR-00109
SAV-7369659,Q2S6HY5S71,Savings,477166.17,2022-07-11,BR-00001
BUS-2723184,9H105H18K0,Business,85546589.36,2021-10-22,BR-00152
BUS-2421264,477G6SF1WG,Business,27633023.66,2020-02-23,BR-00119
CUR-9749915,2CNGUXOI7O,Current,97861924.3,2020-09-22,BR-00110
BUS-9274927,APLSQRTWP9,Business,61490501.72,2020-02-18,BR-00004
SAV-5334423,7UZTXJ936S,Savings,42763713.0,2020-02-24,BR-00159
CUR-9210676,M8EP65LI7B,Current,89048799.03,2022-11-13,BR-00109
CUR-9361974,IPCCOITKLK,Current,37897386.3,2019-02-25,BR-00174
CUR-8321258,8O6MNB9GY7,Current,1283485.14,2021-06-24,BR-00124
CUR-1288229,8WYH3RUUCC,Current,70365140.45,2022-12-22,BR-00038
SAV-2530262,Q10WUBBIH9,Savings,65505577.41,2021-05-06,BR-00105
SAV-7123099,GXCRLA0LDM,Savings,22705137.01,2019-06-23,BR-00128
SAV-6367972,D9RXPQYC8C,Savings,36903896.4,2019-02-01,BR-00110
CUR-9427981,IMD9DSVKBZ,Current,48097631.59,2020-09-30,BR-00001
BUS-1803420,B7WP7OYUFD,Business,67611049.97,2021-04-22,BR-00148
SAV-4120734,W9WCZUT2DD,Savings,78775323.19,2022-10-05,BR-00111
CUR-1908000,SBS5Q0TZYR,Current,43816356.17,2022-08-05,BR-00135
SAV-5690228,62RCFBSFPK,Savings,43141506.93,2022-06-04,BR-00057
CUR-6030317,JOBVARCSZQ,Current,50847906.31,2019-09-25,BR-00019
SAV-1193347,XEE4LR9X0U,Savings,59900685.13,2019-09-29,BR-00059
CUR-2873837,J3SWY6DKN3,Current,75234368.85,2019-06-20,BR-00108
SAV-1640361,YYUU22X4Z3,Savings,37392857.5,2022-09-01,BR-00166
CUR-4300588,ACKYG8YN2F,Current,80395840.71,2021-11-11,BR-00046
SAV-8873958,N5LXGEIE4Q,Savings,60277540.57,2022-09-14,BR-00044
SAV-8386473,9NTX49IO8J,Savings,8617538.41,2021-11-24,BR-00125
BUS-8646467,SCUXEWBBE7,Business,79365860.99,2020-09-30,BR-00080
BUS-9525686,LPTLVS6LGI,Business,6501039.43,2022-08-07,BR-00144
CUR-7870353,Z4J39LW3B0,Current,52121793.86,2019-10-07,BR-00176
BUS-8091896,M7KLXP4819,Business,16864170.27,2021-07-10,BR-00095
SAV-7128123,DKWR6L67DW,Savings,6902810.29,2019-01-05,BR-00048
SAV-1936375,1E7WE3NTII,Savings,63700318.88,2021-11-28,BR-00179
CUR-8003168,RMFCIJHTN7,Current,12245291.9,2022-07-23,BR-00189
CUR-4538156,P37KB9XHWA,Current,50022277.91,2021-09-06,BR-00136
BUS-4165573,ULEA1U9MXT,Business,42895783.29,2022-06-16,BR-00060
SAV-4058956,AVGKCNZBGE,Savings,7598006.58,2019-04-11,BR-00159
BUS-7234133,QT7GQM8Q53,Business,84768919.84,2020-01-18,BR-00168
BUS-8588604,A0MVPJGAHC,Business,98294300.06,2021-09-27,BR-00072
CUR-1684804,JTOSIZ7RAD,Current,39408770.74,2022-07-30,BR-00200
BUS-4832550,I6BO6Y6XWA,Business,72561436.53,2021-09-06,BR-00181
SAV-2477610,W15VKDRJYW,Savings,9094607.65,2021-01-14,BR-00026
BUS-5876952,DVTZSQLU45,Business,97234544.01,2022-08-07,BR-00121
CUR-3029702,0NKYJXDY39,Current,16229395.1,2019-04-15,BR-00199
SAV-3380760,FB8GXJAG3X,Savings,27657357.94,2020-09-16,BR-00124
CUR-6316617,9FP3VQ7J3J,Current,44997185.38,2019-08-22,BR-00146
SAV-7333797,KDBHPNTJUE,Savings,34125768.03,2019-05-29,BR-00124
SAV-6629221,3GT6QMJL6S,Savings,54173147.46,2019-11-16,BR-00031
BUS-3005494,4R4GMBNQV3,Business,60150755.45,2019-04-29,BR-00136
BUS-7710976,8LT1E8FCAF,Business,38537231.38,2021-04-27,BR-00174
CUR-7519155,UZH4RATW5X,Current,72946684.05,2022-08-31,BR-00018
SAV-6163423,3N2XP0L91E,Savings,71137943.71,2021-11-21,BR-00174
BUS-1752847,HWPNT117OG,Business,10060536.88,2019-11-28,BR-00080
SAV-3122853,UMGG1K69WY,Savings,88811253.97,2021-08-06,BR-00185
CUR-8991043,GZMUPWDV8N,Current,55169689.32,2020-04-10,BR-00117
BUS-9289325,F1QIFX40Z2,Business,8929183.05,2021-06-10,BR-00007
SAV-6415571,L2E89YK26A,Savings,18011779.11,2021-05-16,BR-00173
BUS-1511082,ONRKP2W8T7,Business,23984265.86,2020-01-21,BR-00186
SAV-8602318,8RNDVFAAG5,Savings,55062040.47,2021-12-05,BR-00086
SAV-3936569,LUQ49Z9RLR,Savings,37453939.95,2019-08-23,BR-00030
CUR-9246007,EI8BZUNOB1,Current,3933698.44,2022-09-21,BR-00159
BUS-6753871,DX0R2906Z6,Business,23497332.07,2022-06-23,BR-00103
CUR-4922604,N5F6P740Z7,Current,4596808.21,2021-04-30,BR-00093
CUR-7604422,ZOQ07ZERIV,Current,91885603.44,2022-03-27,BR-00002
SAV-6606785,1GZIRL5OFM,Savings,1765522.7,2019-06-15,BR-00082
BUS-2865150,X0L2IKY4KM,Business,88383734.69,2019-02-09,BR-00019
SAV-3555178,EJ9PVLPXMN,Savings,77746998.86,2020-07-22,BR-00192
SAV-8959767,V9KV8YDZV7,Savings,74899659.75,2022-10-13,BR-00161
SAV-3738361,HB185O86YQ,Savings,24978105.93,2020-05-14,BR-00016
SAV-8086105,RX10G9Q895,Savings,48299771.9,2022-07-27,BR-00164
SAV-2061614,9D3N8GKGNI,Savings,67307962.57,2021-10-26,BR-00156
BUS-6886006,2J49H0ORQZ,Business,78658923.77,2021-05-10,BR-00178
BUS-8471564,6D4XSJHE7I,Business,89618437.12,2019-10-09,BR-00131
SAV-9664673,G0GCGT4GIW,Savings,6106934.66,2019-03-14,BR-00045
CUR-1617145,QEGRDNUCU5,Current,9616366.98,2022-06-16,BR-00113
BUS-3687757,CS76JPPAJM,Business,62229574.11,2019-11-18,BR-00124
BUS-9969020,57OKEH481L,Business,31418991.6,2020-04-18,BR-00106
BUS-1906913,FPBGSNFLFJ,Business,49211111.4,2020-06-22,BR-00073
CUR-1225169,5AW9P2L0J9,Current,43846276.32,2022-04-14,BR-00130
BUS-6060871,K4GXVHVAK7,Business,79591402.66,2019-08-20,BR-00036
CUR-1594122,GEK6PPULVZ,Current,79408286.4,2019-10-29,BR-00064
SAV-8287558,2UHOO2AE8K,Savings,28999244.47,2021-03-16,BR-00117
CUR-2736741,VJTU78FI0C,Current,54697928.21,2019-03-31,BR-00033
CUR-4651999,0IPPGUEKP7,Current,86843199.41,2019-06-20,BR-00129
CUR-9318522,6GF1L7P4X1,Current,3435782.21,2022-08-13,BR-00010
BUS-8751900,RTKIIESLXQ,Business,11085629.36,2022-03-06,BR-00063
SAV-8311194,5ZFLI1W5UA,Savings,10046135.57,2021-12-20,BR-00158
BUS-3399656,CPMUSVYO9T,Business,28366960.58,2021-09-17,BR-00083
CUR-9744107,ZBFOONJ3AQ,Current,92534178.95,2022-09-25,BR-00007
BUS-6432133,2WQRUEW5HT,Business,8925026.21,2021-12-29,BR-00059
BUS-5867109,NEBSQLZMU6,Business,57822613.32,2021-01-09,BR-00158
SAV-1696608,FGLQ2ENE2K,Savings,20088325.98,2019-04-21,BR-00127
CUR-8282497,BKBJ6RQP2T,Current,30050121.39,2021-02-22,BR-00178
BUS-1887341,2U2T2LSQQ5,Business,62788757.16,2021-12-19,BR-00009
BUS-1883475,IITRY4J21R,Business,31047874.36,2020-05-24,BR-00170
SAV-2089205,YGUSFIBLNY,Savings,84591330.28,2019-07-21,BR-00094
BUS-7409763,D250IFYVOV,Business,53055756.25,2022-09-30,BR-00082
BUS-8313638,XOLJBLDUQM,Business,21690569.3,2020-02-11,BR-00001
BUS-8092768,3BXXP4QA7L,Business,92432531.14,2019-01-29,BR-00147
CUR-9107291,ANBDCR5XQM,Current,90700814.8,2019-06-09,BR-00092
CUR-9847746,SN9IILMMRN,Current,65276231.65,2021-11-27,BR-00124
CUR-1128742,U9VXB6R2RL,Current,75798322.06,2019-03-23,BR-00128
CUR-5729470,7BPW7KHOZJ,Current,77516833.11,2021-09-06,BR-00020
SAV-6211511,EYR64FD33J,Savings,46798910.29,2022-03-17,BR-00047
CUR-1073897,I4FD43WPM5,Current,85055404.14,2020-04-01,BR-00098
CUR-8782007,AB5URWNO9B,Current,90229650.64,2022-01-19,BR-00121
SAV-9810692,08QCMP8EG4,Savings,20263090.86,2020-08-09,BR-00066
BUS-6985600,UJG5RKR993,Business,13581359.82,2022-04-24,BR-00121
SAV-5933449,32PRTO9MER,Savings,56626440.67,2021-10-27,BR-00100
CUR-6770543,76XZF9AO3I,Current,89393498.02,2020-03-18,BR-00105
SAV-9411249,W61CFPWUWL,Savings,68917366.78,2019-09-10,BR-00151
BUS-9207617,ETHQ9CFLSU,Business,35207710.21,2022-06-20,BR-00184
SAV-7178708,QEE6PW6KSR,Savings,42730918.11,2020-02-14,BR-00025
BUS-4256639,UDBXXHCUVH,Business,16345526.92,2021-08-08,BR-00188
BUS-9742542,MA4U3HJAJ1,Business,50556481.23,2022-12-10,BR-00183
SAV-3027892,8FOXQPDTKT,Savings,6186790.81,2019-11-07,BR-00083
CUR-8971735,OYQKDZRV26,Current,92216543.66,2019-11-03,BR-00042
CUR-1067791,EGK4SRRNTM,Current,99830420.01,2022-03-02,BR-00199
CUR-9487307,EQW9OM668A,Current,27865761.29,2021-02-04,BR-00164
SAV-1231816,XMPOZYFPJD,Savings,80075250.37,2019-01-23,BR-00084
BUS-3169867,9525GAMYRG,Business,53822706.87,2020-05-28,BR-00132
CUR-5242915,1AFB7KR1ER,Current,11345863.65,2019-12-20,BR-00026
SAV-4444046,CZWFHVRYZF,Savings,26321600.89,2020-10-29,BR-00199
BUS-1418209,DKFOCTV3GU,Business,35598396.36,2020-03-17,BR-00075
CUR-4392942,LE5DVRZQGT,Current,58565524.54,2020-10-14,BR-00079
CUR-3661763,7EB3N42CNQ,Current,83854151.82,2022-01-31,BR-00083
SAV-1444063,1RXIPZMXZ7,Savings,84772084.05,2020-11-25,BR-00085
CUR-1792683,75RUQWAV0G,Current,59023169.45,2022-06-13,BR-00011
CUR-8947467,9OVX9SRW5S,Current,56355367.43,2022-07-25,BR-00036
SAV-6677596,URRCJN9PRZ,Savings,56085939.37,2022-07-15,BR-00106
CUR-9120083,ZPSQ38KRB7,Current,85135738.53,2019-09-01,BR-00142
CUR-2549169,EEK7UGAY4C,Current,394680.98,2019-07-10,BR-00027
BUS-6222918,M9C4LTI7KE,Business,47577484.21,2022-02-08,BR-00140
BUS-5002270,LL8332A1NI,Business,36129877.37,2021-11-18,BR-00151
CUR-3639504,FOF7C5YYAZ,Current,29944823.76,2020-03-03,BR-00184
BUS-4100123,HR3JYV37KU,Business,65576843.23,2021-02-22,BR-00137
SAV-5352000,4TRUEXG4ME,Savings,98279616.32,2019-03-31,BR-00007
SAV-9350517,JMCDX57BR4,Savings,53516095.32,2022-07-31,BR-00091
BUS-9142548,GXGOLJQZY0,Business,71112054.97,2020-10-16,BR-00150
CUR-8302962,UF1C2J8CKH,Current,65256678.59,2022-12-18,BR-00198
CUR-4449952,XFXA0QJEMZ,Current,82670165.63,2022-06-12,BR-00191
SAV-4118082,EZBK0W5HWJ,Savings,6903426.66,2021-04-16,BR-00116
SAV-6851076,8SABU5VBHH,Savings,13768074.06,2021-02-19,BR-00045
CUR-5409136,MKFN5L089M,Current,10327114.61,2022-12-31,BR-00138
SAV-7279602,UK3CMZ7X0Z,Savings,97034690.81,2022-12-03,BR-00012
BUS-3100583,89YTNVL974,Business,52251617.91,2019-09-25,BR-00042
CUR-6530373,UD8TR8EVB9,Current,44417480.88,2021-05-02,BR-00023
BUS-8794834,8BZYKXJ6OE,Business,88272409.73,2019-05-01,BR-00194
SAV-1929635,Q5WVP41PJS,Savings,90696625.66,2020-11-22,BR-00031
BUS-7224890,JRCY9SVVP2,Business,10145732.93,2021-01-16,BR-00111
BUS-4652836,OFSBQ2YZGE,Business,97771805.31,2019-12-01,BR-00076
CUR-8887054,CYKQRF5701,Current,22061794.39,2022-11-24,BR-00042
SAV-1463881,MJFMGP32PU,Savings,70318252.95,2022-11-08,BR-00020
SAV-8908382,HLC9OPXI57,Savings,75591393.96,2021-10-24,BR-00117
CUR-9960133,33TOUU9NAF,Current,57713332.05,2020-02-29,BR-00080
CUR-9269634,MNGVY4BJZH,Current,59558878.61,2019-03-12,BR-00101
CUR-8938946,WV0T18TV6C,Current,9571481.06,2021-03-25,BR-00115
CUR-6568542,2G2M9YYWTI,Current,87708835.37,2021-11-09,BR-00029
SAV-6553701,8NRZKDQF1X,Savings,82781700.84,2020-04-27,BR-00187
BUS-7517802,PPYULIBQBA,Business,88940072.16,2019-07-14,BR-00198
BUS-9184150,XCRBICB8WV,Business,17559523.64,2020-11-10,BR-00008
CUR-9985270,5F4I0T4481,Current,10285308.29,2021-11-20,BR-00044
CUR-6006278,5B4YSTJYKZ,Current,13288290.34,2019-01-08,BR-00084
CUR-4215864,ORESP426X5,Current,46086382.36,2021-08-16,BR-00196
BUS-4236614,82PYGT7I5V,Business,22668655.19,2022-01-26,BR-00135
CUR-4220773,1K0CZAX8II,Current,25429513.56,2022-11-20,BR-00073
CUR-8895419,WOQA9QETXA,Current,23401179.07,2020-04-25,BR-00153
BUS-9331112,2L78X8YUYT,Business,50451938.07,2022-02-16,BR-00187
BUS-7095334,FPRGA9GA7O,Business,15763543.26,2020-03-18,BR-00058
CUR-8448972,9OD2VUGE10,Current,62293336.13,2019-05-12,BR-00112
BUS-2308270,SS6HF87QCL,Business,42947763.34,2021-10-01,BR-00099
BUS-3285639,8ZGOZJNZGV,Business,47992327.82,2022-10-14,BR-00170
SAV-1083948,5CJ9QECDMJ,Savings,92079741.68,2022-04-23,BR-00180
CUR-2619865,5488I93Y0U,Current,75767765.46,2022-10-31,BR-00088
BUS-3820210,9ZV9NQFHO8,Business,91762716.71,2019-06-12,BR-00073
BUS-1227262,JS62YR3ZOJ,Business,95439563.57,2021-04-27,BR-00051
CUR-4542271,SBBGZ78BRV,Current,92287851.63,2020-08-06,BR-00055
CUR-5990471,AO4JWV5BN3,Current,47876607.5,2022-10-03,BR-00054
SAV-7991132,W15VKDRJYW,Savings,9011009.16,2020-12-08,BR-00059
BUS-2958078,XEE4LR9X0U,Business,54642672.95,2019-08-11,BR-00125
BUS-6814873,RURLR71U8A,Business,74395486.87,2019-04-12,BR-00047
BUS-3345088,SWIQKJBXG3,Business,18566244.93,2021-07-14,BR-00185
CUR-3530739,673JGUZMWF,Current,27503313.43,2022-03-21,BR-00135
SAV-8044922,CLCTWB3DWG,Savings,48797882.92,2019-10-31,BR-00155
CUR-5702304,TW7JG4EH33,Current,11827085.26,2022-06-30,BR-00183
SAV-5022357,A8ZLX80LWE,Savings,17342825.61,2022-04-16,BR-00176
CUR-3496496,7PO3DT7QLO,Current,11244790.35,2022-12-31,BR-00097
CUR-7647251,3WLYLOZHLV,Current,57598234.28,2021-05-27,BR-00041
SAV-1313344,9G11RNDKVV,Savings,77731640.93,2021-06-20,BR-00027
BUS-7341183,XJPGD8UKCM,Business,58324847.13,2022-10-25,BR-00060
CUR-1295008,7I70Z3OLOW,Current,97519366.59,2019-09-16,BR-00119
CUR-6490194,E83I7GRH8N,Current,11043873.81,2022-05-30,BR-00165
CUR-1893056,J1P9YR7MUX,Current,91440491.01,2019-02-23,BR-00086
SAV-7383093,H15CM8OFV3,Savings,42023284.55,2020-05-01,BR-00062
SAV-6430008,AKYLHG8FBG,Savings,49745194.64,2020-02-01,BR-00119
SAV-1667666,TPEOQEGCTJ,Savings,96717273.7,2020-02-15,BR-00137
BUS-6443963,3FUMEY28Q6,Business,5290014.23,2020-07-08,BR-00161
CUR-7463535,M2HTW8VPHM,Current,11428126.54,2020-08-23,BR-00065
CUR-7070315,T0PP6806G2,Current,79609581.25,2019-05-30,BR-00127
CUR-4492006,IT724WLGU7,Current,92662371.62,2021-11-29,BR-00177
CUR-1213508,V0H084B3FA,Current,37180515.56,2021-02-03,BR-00140
BUS-6929024,PPONCEK35D,Business,7639916.37,2019-01-19,BR-00140
SAV-3767458,1E7ZPCUO0G,Savings,98890189.35,2019-04-25,BR-00081
BUS-8554800,DJ3EHKYSIR,Business,68564600.56,2021-10-14,BR-00053
CUR-7415817,F77W6W7HM6,Current,56087542.12,2020-02-29,BR-00132
SAV-1583985,OXRR40ARJN,Savings,69602507.44,2022-02-18,BR-00154
SAV-3377008,7T1SZ05ZY3,Savings,38631819.39,2020-02-23,BR-00119
BUS-8668794,IMU062TDZV,Business,18306815.72,2019-03-08,BR-00034
SAV-3018794,VRWR0O400I,Savings,15900182.47,2021-08-28,BR-00180
BUS-6767359,S6RZSOST6C,Business,11093614.58,2021-08-06,BR-00150
SAV-1984177,XSHWB2CARU,Savings,61533668.08,2019-05-13,BR-00117
BUS-1887695,QQF5APIZ60,Business,39249487.79,2020-02-25,BR-00064
SAV-2397022,GPYNPZBZFD,Savings,96324187.94,2019-04-05,BR-00154
SAV-7233892,X6AZ1SJ0RV,Savings,66090984.23,2020-04-03,BR-00103
CUR-4197885,WPCM4JIYXO,Current,82534307.24,2020-12-30,BR-00133
CUR-7458810,UONPLSBXIW,Current,57107061.55,2019-12-03,BR-00067
SAV-4830924,IJJ75MQZ2Y,Savings,29276499.54,2021-11-25,BR-00164
SAV-2763392,KQSEZ2DZ32,Savings,45405016.91,2019-04-01,BR-00044
SAV-9839494,DSG3W571QE,Savings,58687645.2,2021-06-07,BR-00009
BUS-3324699,RJXWYXODU8,Business,93990885.07,2019-06-30,BR-00056
SAV-2998132,KKRS7E7P8B,Savings,83913725.69,2022-09-23,BR-00128
SAV-8113975,GQTZCUPWIV,Savings,32235829.93,2022-06-09,BR-00178
BUS-4806256,NZJIM3Q2DE,Business,864162.8,2020-10-29,BR-00016
BUS-8371612,J5BR5F0NKD,Business,66531838.44,2021-01-22,BR-00182
CUR-1727035,AI0LZ49E29,Current,41545763.14,2021-03-04,BR-00199
CUR-6826549,D280XHLBI8,Current,26452186.76,2022-07-17,BR-00119
CUR-1373551,70Z1PV4VQW,Current,8878682.06,2021-09-03,BR-00198
SAV-3279036,6NF2783BAH,Savings,90400860.98,2022-04-24,BR-00175
SAV-1358852,TKL5605REQ,Savings,99998546.01,2019-07-31,BR-00146
SAV-6676906,ADRG6QFWJ1,Savings,12593337.99,2019-01-21,BR-00174
BUS-9624117,4JN327IL0S,Business,94713880.33,2021-07-13,BR-00135
BUS-4718478,79F1WAQZX5,Business,21551531.81,2021-01-12,BR-00099
SAV-3886146,KY1N1JQOXG,Savings,2595229.96,2021-04-15,BR-00089
CUR-9430585,WXKKV9TIIB,Current,41183304.07,2019-05-10,BR-00174
CUR-9230113,JQ47X9S5XM,Current,820849.12,2022-01-05,BR-00043
SAV-9915213,FVUUA090IO,Savings,97968977.45,2021-06-13,BR-00028
SAV-1282578,TGYQ3MAZ53,Savings,20099522.97,2022-02-17,BR-00072
BUS-2179880,8NRZKDQF1X,Business,37120659.7,2021-04-27,BR-00183
SAV-6793349,DEQ657KS7D,Savings,5517841.56,2019-07-20,BR-00150
BUS-7124304,4B1QPV2ILS,Business,10456700.42,2021-11-09,BR-00132
SAV-2580896,6KJDTOZ4SO,Savings,93762293.97,2021-01-01,BR-00010
CUR-7328711,DH1HACHRH6,Current,90124894.39,2022-01-07,BR-00132
CUR-4474745,D9QG2LYO52,Current,95971293.39,2020-05-25,BR-00174
BUS-5390985,PKBKGQCV0Y,Business,33974916.18,2022-09-08,BR-00007
BUS-5399534,FGFD4XWNWQ,Business,64481832.09,2022-08-22,BR-00190
SAV-4424698,FJE5PK8APF,Savings,92911824.64,2019-02-26,BR-00166
BUS-4532059,N5OJ7SYFGJ,Business,92347464.77,2019-08-09,BR-00152
SAV-8190446,37CN32L4ND,Savings,3226145.65,2022-01-09,BR-00003
BUS-4881350,PGNN9DPAR2,Business,90191581.82,2022-05-11,BR-00095
SAV-5390683,RYGO8KOBIC,Savings,48236246.82,2020-07-05,BR-00021
CUR-4010867,A5DLZGT0KQ,Current,87325863.7,2020-08-07,BR-00009
SAV-8012108,K38S4PUN3Z,Savings,63734352.81,2020-08-06,BR-00110
CUR-8381672,F8ZF1QDAUO,Current,73150797.79,2021-03-10,BR-00040
SAV-3191495,AMBLQZJVLS,Savings,22253480.03,2020-06-08,BR-00094
BUS-2010731,OF97V7SDTR,Business,93697891.16,2020-07-16,BR-00178
SAV-4952423,YRY7S9XVGS,Savings,55453499.75,2020-01-30,BR-00021
BUS-6816230,ZUOQG73G39,Business,42927632.44,2019-04-10,BR-00176
SAV-6731778,PFQLLGLEJS,Savings,79644769.93,2021-06-25,BR-00082
BUS-6756596,L2E89YK26A,Business,56290566.43,2019-09-17,BR-00007
BUS-5485600,FFZ6L399W9,Business,31282753.94,2019-12-20,BR-00111
SAV-8579332,LMGFX0B5G4,Savings,75265612.22,2019-04-02,BR-00190
SAV-5853421,XFPL7Y6RS1,Savings,11632559.18,2019-11-25,BR-00027
CUR-9905058,VQQG2TI8UW,Current,38075543.14,2021-02-27,BR-00124
BUS-3554471,1F4VELVR1C,Business,92942457.29,2020-12-19,BR-00129
CUR-5215912,3I0L1OOUJA,Current,33149398.72,2022-05-30,BR-00081
CUR-3955381,7HNFV6RKZD,Current,92706430.52,2022-04-08,BR-00171
SAV-5673029,GA2U0OMU0B,Savings,69543669.69,2021-06-21,BR-00193
SAV-5162551,8LT1E8FCAF,Savings,14949878.4,2021-09-02,BR-00123
BUS-6960834,J5D9Q75FWV,Business,81237622.05,2020-05-08,BR-00104
BUS-7390081,DUKYHL6WM3,Business,6049685.23,2019-04-14,BR-00048
SAV-5629468,VD743N5AWX,Savings,92433115.7,2020-06-24,BR-00188
CUR-1169713,6UPCM4LPQA,Current,50961910.69,2022-11-23,BR-00036
CUR-4620533,MDP7QZISWU,Current,75609733.29,2019-06-13,BR-00191
SAV-7852073,GLC3B1NI23,Savings,15578357.46,2021-08-11,BR-00132
SAV-8174239,BJTBS6OOAR,Savings,12198827.89,2019-05-22,BR-00200
CUR-7961209,B67HIE4B4U,Current,34725032.01,2020-12-27,BR-00071
CUR-8115338,F3A2LC6CD1,Current,29103571.35,2020-06-08,BR-00161
BUS-6287973,8JY7GPI9UM,Business,96800268.61,2021-04-17,BR-00046
CUR-6095234,UJZ3B3VTZ9,Current,24298976.55,2019-02-18,BR-00016
BUS-8420824,XM658UNXEN,Business,45245008.52,2022-11-07,BR-00157
BUS-5487056,ZTXGD7K6ZB,Business,42958648.12,2020-02-27,BR-00195
CUR-4064714,E8Z0NU6DZV,Current,5788450.4,2021-11-24,BR-00091
CUR-4875457,NOA2URNDM9,Current,80637013.22,2021-12-24,BR-00179
BUS-3372550,U929ZZRQ2Y,Business,45604890.82,2021-10-25,BR-00063
CUR-9676512,EFQE6M9MXN,Current,28847606.12,2021-02-01,BR-00195
BUS-8917147,UXL4BB6TGA,Business,10670584.4,2022-07-21,BR-00162
CUR-8372175,WZ9QA75RGG,Current,35827147.17,2020-08-03,BR-00075
CUR-1366346,23PK112VO1,Current,94091325.43,2019-09-26,BR-00042
CUR-1871583,UJ13WOP43W,Current,72793292.45,2019-03-27,BR-00179
BUS-2798457,SU2U0SRXET,Business,60266004.79,2022-02-22,BR-00137
CUR-5004811,WP5A8DTM23,Current,88221826.81,2022-04-22,BR-00123
BUS-8521259,3S9Z3L8KWE,Business,83804448.53,2020-10-02,BR-00147
BUS-6727414,PL4HU4MG0E,Business,87167834.61,2021-01-28,BR-00140
SAV-5062940,P0XZEU7AXQ,Savings,75487637.41,2021-08-11,BR-00102
BUS-7629698,PH2L7A3DJO,Business,30207131.07,2022-05-25,BR-00141
SAV-7538787,XVKQU0NH0W,Savings,98557503.85,2022-01-22,BR-00001
BUS-1641527,VWHIMG8M38,Business,45193113.66,2020-08-04,BR-00035
BUS-9122441,KK3MDMBVGN,Business,43350994.2,2020-11-08,BR-00115
BUS-6526553,P9QMLDBRR3,Business,54851037.99,2020-12-09,BR-00067
SAV-9154941,OFQK2UETC3,Savings,29196778.35,2021-05-16,BR-00107
SAV-9601364,OFQK2UETC3,Savings,24091814.76,2022-10-23,BR-00029
CUR-4560132,E5J6KOEQDD,Current,24582830.25,2021-12-23,BR-00123
CUR-7206178,R79TFKV3B3,Current,3282783.16,2020-09-27,BR-00072
BUS-2787220,UMGG1K69WY,Business,85098123.95,2020-02-07,BR-00181
SAV-4425303,IVXJPJM9HQ,Savings,68691796.32,2021-01-13,BR-00035
SAV-5977759,R94YADI25M,Savings,14248061.33,2022-11-04,BR-00074
SAV-8821662,HUSE293IUJ,Savings,1654362.52,2020-06-07,BR-00195
BUS-1644904,66R3ZPLTMM,Business,74801520.47,2020-07-21,BR-00001
BUS-9278688,229TP0W9RT,Business,90051628.92,2022-07-08,BR-00039
SAV-5920127,ZH8AJRDDYF,Savings,45479993.45,2021-11-15,BR-00143
BUS-2714209,49OBITUSVA,Business,19826686.23,2022-11-26,BR-00163
CUR-6867165,ISVOWMSCBY,Current,65487027.77,2020-11-09,BR-00177
CUR-2667648,5T255TBIVI,Current,49340417.16,2022-09-29,BR-00063
SAV-8606736,GNGOEC6B2U,Savings,69515296.25,2020-10-30,BR-00043
SAV-3218090,QO35YRNADK,Savings,2249175.59,2021-06-01,BR-00062
CUR-5942995,N1OPJLXKEV,Current,6709137.39,2020-08-27,BR-00002
SAV-6454152,EI8Z5K65HB,Savings,74233819.88,2022-08-30,BR-00122
CUR-6728146,YQDPY0K40E,Current,28886600.21,2022-07-17,BR-00085
BUS-3092652,83TJPNDQX5,Business,13277338.75,2019-10-14,BR-00145
CUR-5197375,01VOR5CWL9,Current,40728527.1,2019-10-25,BR-00199
CUR-6004992,DMZEV66S9N,Current,58785676.65,2021-11-24,BR-00001
BUS-3594459,KEEWJRQ7ZO,Business,70307756.66,2022-09-16,BR-00200
BUS-8099618,8JM2NA01Y4,Business,41002114.45,2022-09-26,BR-00010
CUR-5730912,RFLV8NY0UZ,Current,17311055.14,2020-11-17,BR-00034
SAV-5941094,RJMH9L2QA5,Savings,64787572.43,2021-04-19,BR-00077
CUR-9091309,FYC99MOKX7,Current,79157045.93,2020-12-05,BR-00177
SAV-7479574,DXNRCNVL3V,Savings,40014474.04,2020-07-20,BR-00082
BUS-7247274,AC4N68YFYB,Business,59825148.78,2020-06-06,BR-00081
SAV-1080811,GAZP5N7HC7,Savings,6169394.46,2019-12-22,BR-00130
SAV-8580636,LU3TG4INOK,Savings,56614247.61,2021-11-06,BR-00065
SAV-4616615,JOWSMXSW8H,Savings,88931159.61,2019-04-18,BR-00067
CUR-5300566,Y4OP0LL2SG,Current,23665554.6,2021-05-08,BR-00129
CUR-1947768,44GT497VID,Current,98017689.97,2019-01-29,BR-00050
SAV-3819058,NPEC809HZL,Savings,49159788.94,2022-08-08,BR-00169
SAV-9528057,IUM9BQSTDG,Savings,98190146.88,2022-05-01,BR-00197
SAV-9985780,1RLVQ1NFP3,Savings,56357212.74,2019-03-09,BR-00115
SAV-2644502,IPTNV4ZCKF,Savings,7523483.68,2021-04-12,BR-00129
SAV-1365638,TYBZO7ASXK,Savings,72755746.63,2022-07-06,BR-00003
CUR-7340094,RW6AVS6KXT,Current,66723101.83,2020-10-14,BR-00002
CUR-2230563,XFPL7Y6RS1,Current,40064281.53,2020-08-21,BR-00005
CUR-5445899,3D2XT30FTB,Current,27896071.63,2020-02-21,BR-00119
BUS-5911484,BS6SWJJ50L,Business,28345388.49,2022-01-05,BR-00031
BUS-3039816,99MGA4QKEQ,Business,54529978.29,2019-02-14,BR-00036
SAV-6245422,BECSYU5FXC,Savings,19967341.04,2021-04-28,BR-00011
SAV-8232976,QOSDJ5ODP0,Savings,54023140.14,2022-02-12,BR-00090
SAV-8197986,RUUF5WQYNS,Savings,79770811.23,2022-05-20,BR-00075
BUS-8894954,UZH4RATW5X,Business,15976157.53,2020-01-03,BR-00152
SAV-8563551,B85CORKLW3,Savings,8063374.22,2019-11-25,BR-00003
SAV-9813366,DLNLDLO01P,Savings,76223051.15,2022-01-04,BR-00069
SAV-4838075,MEGT40KKPF,Savings,65006765.14,2022-07-05,BR-00136
BUS-3552523,XF4K5D8D8W,Business,9839133.07,2019-07-15,BR-00169
CUR-4096007,KENA7MG0T1,Current,49272906.77,2019-06-12,BR-00093
CUR-6416044,UCQ9Z5OL3D,Current,2253197.93,2019-05-06,BR-00030
SAV-1244132,6RD26UJFP9,Savings,64458301.94,2019-05-04,BR-00138
SAV-5338765,76CZ3EZVVI,Savings,64224280.97,2021-12-06,BR-00079
CUR-5750109,5AF4MYOIJH,Current,72390778.09,2019-05-02,BR-00171
BUS-5285220,EAGIPPVLKC,Business,95644487.08,2021-03-18,BR-00050
CUR-1209160,9KL6XB4GZH,Current,89957197.94,2020-12-17,BR-00190
BUS-8719959,LCVTHWRQ9A,Business,21093625.93,2019-03-19,BR-00019
BUS-8213076,LCUJ2RKMWB,Business,66790633.24,2022-07-05,BR-00128
CUR-5679011,NKXTQLPRX1,Current,22921116.78,2022-04-25,BR-00164
CUR-2471955,MP4BOKVQNW,Current,91783803.72,2021-12-28,BR-00138
CUR-1970291,F609ZGEN7Y,Current,11222681.18,2020-02-01,BR-00064
BUS-8740832,QQ3DMF7ZIM,Business,7958394.44,2022-08-02,BR-00180
SAV-3879362,BGVR6D11N4,Savings,95377809.76,2020-06-16,BR-00140
BUS-2291854,YA45DLB1N5,Business,89960386.45,2019-07-02,BR-00157
SAV-7661829,2AB8UXMQY8,Savings,3881738.71,2022-04-06,BR-00031
BUS-8102988,FWX32DQI73,Business,94566493.63,2022-04-30,BR-00149
CUR-9037196,AR40JKR97S,Current,99680458.3,2022-06-01,BR-00142
CUR-8023955,CMPN6R0OW5,Current,83056643.72,2020-08-14,BR-00083
CUR-8832289,KKY8MLPU8O,Current,22040813.07,2019-04-19,BR-00099
BUS-6283140,WK6EE7DRZO,Business,28821419.1,2020-08-24,BR-00002
SAV-7990915,86O08YK561,Savings,68585559.08,2021-06-17,BR-00001
SAV-6257385,P9V3YAWF6P,Savings,68788943.09,2020-11-21,BR-00068
SAV-2669567,52ZL2M8W52,Savings,62281071.18,2022-12-20,BR-00083
SAV-8754411,Y20Q55BDJC,Savings,74236192.5,2020-10-15,BR-00150
SAV-4287126,GJQDWYUKUU,Savings,58650002.4,2019-01-06,BR-00147
SAV-3659502,WM8S9077H1,Savings,69632087.16,2021-03-20,BR-00135
CUR-2862932,S7ULLHA3XX,Current,5890658.0,2022-01-05,BR-00115
SAV-1565262,UOBPZ9N96U,Savings,39585475.18,2021-11-04,BR-00099
BUS-9090905,L2RYJ09XHR,Business,94927066.89,2020-04-14,BR-00029
SAV-9300422,U0TDPKC1Z3,Savings,52964474.99,2022-07-23,BR-00019
CUR-1120355,AVPHX61H8I,Current,36005559.29,2022-04-13,BR-00078
BUS-5856521,X9FE1TWK1Z,Business,16510732.05,2021-01-22,BR-00135
SAV-4376792,IEOZOK721K,Savings,82031860.23,2022-08-11,BR-00013
BUS-7933842,ZE6PRKFFP9,Business,18889413.81,2021-03-29,BR-00149
SAV-9207024,CNJQE63LAG,Savings,53580914.54,2022-10-25,BR-00155
SAV-3438853,UJ4FPRN4QY,Savings,1183185.28,2022-04-06,BR-00029
CUR-2105711,AXIA5FUDN7,Current,47941887.53,2022-06-17,BR-00106
CUR-3965929,U5KEI6TO97,Current,67491900.54,2019-03-06,BR-00069
BUS-4842812,PFQLLGLEJS,Business,36802635.83,2019-12-24,BR-00190
CUR-2337740,FLZCSCRPZW,Current,34163333.78,2019-12-17,BR-00163
SAV-6960103,S5N4WJLSSY,Savings,16518765.35,2022-04-02,BR-00036
CUR-2449595,I3MT3E7REB,Current,48927682.35,2020-04-09,BR-00158
BUS-7702112,FWX32DQI73,Business,78597559.77,2021-01-24,BR-00113
BUS-6373044,CXA25KAXFR,Business,66047651.68,2022-04-02,BR-00064
BUS-4861323,0HKMVEWS26,Business,32010999.16,2019-08-10,BR-00046
BUS-4790754,KHMWQBGYRU,Business,11742230.95,2022-05-06,BR-00181
CUR-5524377,XIW5ZUPTFQ,Current,55824677.57,2021-07-29,BR-00189
SAV-8103412,WN7S3SYXFZ,Savings,95349814.86,2021-09-23,BR-00122
CUR-4184842,LRR3OBFYSC,Current,26635413.45,2022-09-29,BR-00003
CUR-1241672,2Q2HJPZ79T,Current,28984110.24,2022-01-14,BR-00156
CUR-8169847,FRHCQOCQPK,Current,54878134.1,2019-06-23,BR-00003
CUR-7069991,YJFIHQ4D99,Current,81984481.48,2019-08-16,BR-00178
BUS-4352811,MHUHMK0QKL,Business,62682904.63,2020-12-01,BR-00107
SAV-6593404,D8MICG5N95,Savings,89805744.88,2022-06-29,BR-00051
SAV-8614366,PH2J8XTL5W,Savings,55586222.63,2019-04-08,BR-00067
BUS-6581907,1VMVO489EG,Business,88460135.97,2019-07-10,BR-00162
CUR-7721933,QTR3EZCG42,Current,40017873.25,2021-11-19,BR-00004
SAV-8861504,Q63EM7F7C4,Savings,69803089.24,2019-07-21,BR-00074
CUR-9403888,HK8Z8WZMJM,Current,38051995.37,2021-06-06,BR-00076
CUR-5735975,CZWFHVRYZF,Current,14463653.75,2019-03-06,BR-00145
SAV-2830890,46WU1059FR,Savings,2265706.4,2019-01-27,BR-00031
SAV-6726453,U3PPJHM03Z,Savings,13043860.36,2019-10-28,BR-00172
BUS-8488237,0BS7DGYMR6,Business,88942207.5,2022-03-27,BR-00046
SAV-4282554,PFF8TIQ5OH,Savings,93655059.13,2022-09-14,BR-00145
SAV-1812453,X03ZSQOK39,Savings,55318826.5,2022-07-12,BR-00033
SAV-8645058,6F6M218ACJ,Savings,34412276.25,2019-03-17,BR-00054
CUR-1627785,YQH8EV3WKL,Current,74124615.22,2022-06-14,BR-00136
BUS-4520975,ZX12SYP4Z4,Business,54682810.1,2020-04-22,BR-00199
CUR-5559205,86O08YK561,Current,74638927.07,2019-01-21,BR-00020
BUS-2237875,LOMG04LU0I,Business,71552026.06,2019-08-31,BR-00002
CUR-5698012,RYWN8BMLQQ,Current,87308183.73,2021-03-02,BR-00103
CUR-2728678,32PRTO9MER,Current,1894344.83,2021-08-11,BR-00001
SAV-8659243,LOHE868BQT,Savings,55655310.42,2019-07-25,BR-00129
BUS-4069367,639DBUFI44,Business,39119778.68,2020-10-06,BR-00111
CUR-9552687,Z8YGCIZKRM,Current,92763215.3,2019-11-17,BR-00091
CUR-8556022,G9S0IT7H7W,Current,4933870.51,2020-02-29,BR-00121
CUR-4794753,KELKXNAP7X,Current,23367526.15,2021-07-05,BR-00115
CUR-8893798,NJIPYT39I3,Current,30849322.48,2022-09-13,BR-00035
SAV-4115535,GWHZTN1OZ3,Savings,96507419.5,2021-08-17,BR-00004
CUR-1791074,KL3P8L12BP,Current,10262362.82,2020-11-19,BR-00097
SAV-3339969,RE03TZD58X,Savings,55128178.2,2021-01-08,BR-00022
BUS-2473155,MSE0IEM0HP,Business,80521414.91,2021-04-16,BR-00114
SAV-4378583,3TCPMJTZZ3,Savings,18017272.35,2021-06-22,BR-00004
CUR-1748838,UKVM570SPN,Current,62403721.39,2020-07-25,BR-00002
CUR-7631262,QWGZC9SR87,Current,21790134.53,2021-11-25,BR-00024
CUR-4522512,IP3RHG4T7V,Current,77467474.59,2020-02-09,BR-00100
BUS-5766711,LQ3CXZD27E,Business,5994698.91,2021-10-23,BR-00176
SAV-3753562,CZN2JIE3Q7,Savings,12006055.2,2019-10-25,BR-00120
BUS-3303136,5V09N6UMDG,Business,75297506.68,2019-01-29,BR-00037
BUS-4429907,QAVMKGN5TG,Business,8982384.38,2020-02-29,BR-00125
CUR-5561512,4GWFDA32N1,Current,95888558.87,2020-07-12,BR-00074
CUR-5465017,FY49OTQ4M8,Current,58956201.68,2021-08-19,BR-00026
BUS-1378003,L8HBWMXM23,Business,51851741.01,2021-07-31,BR-00024
CUR-3006752,09VOL7EEK3,Current,68238021.9,2019-05-27,BR-00008
SAV-2870657,9FP3VQ7J3J,Savings,73242647.31,2021-08-12,BR-00143
SAV-8700823,VROGJ6AGBO,Savings,37215179.51,2020-09-27,BR-00120
BUS-7698675,UDZS8LDQXL,Business,34756483.68,2019-02-03,BR-00170
BUS-8742579,9XZBVAU0CO,Business,64755626.31,2021-09-30,BR-00075
CUR-7780669,X0L2IKY4KM,Current,37265451.13,2020-06-17,BR-00092
SAV-8407604,BVWEMWDVGJ,Savings,18073518.67,2021-03-10,BR-00028
CUR-7731399,ID9FYP7ZY4,Current,37184507.88,2022-06-24,BR-00074
CUR-4774156,P4DNLPNFZU,Current,68885199.14,2020-03-03,BR-00044
BUS-9687230,JYLELO8J6I,Business,58247834.67,2019-09-24,BR-00108
SAV-9723692,XDFMKP6HVK,Savings,19981450.36,2021-05-31,BR-00092
CUR-6443812,JHSM9YY2BE,Current,56282246.12,2019-06-25,BR-00138
SAV-7103905,3ER7WOABJD,Savings,97137829.54,2020-08-11,BR-00019
CUR-2320458,8HA6QZT85S,Current,3403360.75,2022-05-16,BR-00050
SAV-6363958,111JI1HNRI,Savings,84825710.31,2021-06-18,BR-00181
BUS-6605882,JPH55ZHUDJ,Business,57604276.02,2019-06-01,BR-00143
CUR-9638213,N28SWNWNVG,Current,40750552.85,2020-03-07,BR-00067
BUS-1671963,4IR7HFZWCE,Business,94566488.72,2021-10-01,BR-00097
CUR-3940041,SEOVMJXCLI,Current,55567387.3,2021-10-09,BR-00054
CUR-3792890,BTT9NCYMK2,Current,97204892.71,2019-11-15,BR-00024
BUS-6003717,37K1ISEDFS,Business,48198338.22,2020-03-03,BR-00057
CUR-5040385,4748UDUSIQ,Current,19277031.24,2021-02-11,BR-00101
BUS-1748437,9491U9AT8N,Business,11397123.24,2019-08-10,BR-00085
CUR-7664077,814ZIL2ZTW,Current,24481848.72,2020-02-24,BR-00188
CUR-5173735,F8ZF1QDAUO,Current,60663378.33,2019-08-02,BR-00107
CUR-1500670,FTCK25IEZG,Current,85666293.78,2022-02-19,BR-00176
BUS-8757491,GEE3GPZ9NO,Business,6077409.82,2021-11-01,BR-00180
CUR-7325331,5GUZF9R2Q0,Current,39165070.99,2022-06-09,BR-00192
BUS-8546168,V7JS4340VL,Business,20738976.24,2019-04-27,BR-00197
CUR-8143737,H6HIMPPNQW,Current,92763688.82,2019-04-05,BR-00079
BUS-3706683,8U08PY2QA1,Business,44740859.04,2022-08-05,BR-00084
CUR-2694275,K03I39KLLJ,Current,83220048.77,2021-03-15,BR-00168
CUR-3584887,RAWHW9SUY4,Current,54696688.95,2019-03-06,BR-00030
CUR-2178996,JJAX1F0JIK,Current,65261305.97,2021-06-13,BR-00182
BUS-5560872,5VLMUDIU47,Business,23129011.83,2020-01-13,BR-00132
SAV-5999179,NAW25VLRJA,Savings,77171887.93,2022-04-11,BR-00009
SAV-1679751,4SHHMCL6SR,Savings,55057591.15,2020-04-25,BR-00147
BUS-7538144,OYQKDZRV26,Business,75042070.61,2022-01-17,BR-00063
CUR-9397113,QVWNBNE716,Current,79645485.3,2019-03-12,BR-00047
BUS-6919284,0I622N92HA,Business,10560934.66,2019-11-21,BR-00124
BUS-4725606,HUB3YUQR01,Business,81732124.81,2021-06-03,BR-00101
CUR-8078886,0JTP9CFLZG,Current,27069442.22,2022-07-24,BR-00033
SAV-6835000,1YM9RZ17G4,Savings,59994693.06,2021-09-13,BR-00015
CUR-5851134,PPH9PI4VQO,Current,4493832.76,2020-03-04,BR-00162
CUR-7119813,CLCTWB3DWG,Current,47049244.21,2019-07-06,BR-00056
CUR-5882704,14VT70IS6V,Current,67813740.27,2021-04-28,BR-00006
SAV-7916053,KLSRH63TZW,Savings,70722763.86,2022-10-22,BR-00053
BUS-4329593,F8UQENH1M4,Business,99160532.71,2019-05-06,BR-00036
SAV-6065317,BECSYU5FXC,Savings,37369601.51,2020-01-30,BR-00145
SAV-9153016,IT8HWCTWZZ,Savings,4055847.28,2022-08-08,BR-00007
BUS-3016743,74F14DM1BE,Business,22753638.88,2021-12-25,BR-00086
BUS-8091179,UY6ZXBU3FB,Business,91652042.61,2019-11-17,BR-00066
SAV-2019652,9IJWNBDSMP,Savings,24194436.62,2019-06-23,BR-00054
BUS-9963544,E4UQ3VH9LT,Business,25196373.05,2020-01-27,BR-00034
BUS-1912561,6U6VUP9JUI,Business,57557550.32,2022-02-05,BR-00050
CUR-2406733,NCJYMLCE1M,Current,95519703.31,2021-01-09,BR-00199
SAV-4783388,YUQBEA83MM,Savings,76221970.74,2020-10-09,BR-00017
BUS-3236045,IZQKUPBLC2,Business,75360175.0,2020-03-18,BR-00013
CUR-8707370,ETSBC2ID4W,Current,47569549.1,2021-03-28,BR-00093
SAV-3386288,99LA3UGOFV,Savings,93420977.21,2022-01-11,BR-00179
CUR-8139365,2VL8LXSLCJ,Current,65668767.61,2021-03-11,BR-00096
SAV-7608078,4RLEPACVR6,Savings,3075565.79,2020-12-01,BR-00048
SAV-7583897,V0NKWGLC2M,Savings,5812875.13,2019-03-10,BR-00019
SAV-5032409,5HEM214RF0,Savings,43117590.18,2020-11-05,BR-00141
CUR-4157194,SPL6XI6HWS,Current,5631460.16,2022-09-21,BR-00024
CUR-1462174,RKRBYY4RQG,Current,54930571.46,2021-06-23,BR-00086
BUS-6599110,RJK5F7XAFL,Business,29404646.58,2021-03-12,BR-00008
BUS-9648901,UO4N80TQ2L,Business,13216301.44,2022-06-03,BR-00161
SAV-8776082,084WTWYF9I,Savings,61854540.25,2020-10-10,BR-00139
SAV-6035563,2NOVXH7BQ9,Savings,30079724.7,2021-07-06,BR-00097
BUS-2006769,UUC10XWQI1,Business,99019478.65,2020-10-12,BR-00181
SAV-8101327,CUKSJB58I3,Savings,82816557.56,2022-05-26,BR-00120
BUS-7893369,A7V05H5OO3,Business,11932241.35,2020-03-14,BR-00153
SAV-2302119,86C2QWQOQU,Savings,68823437.35,2020-12-09,BR-00153
SAV-4741645,4FOJWYFWGI,Savings,1068066.74,2020-05-25,BR-00066
BUS-7083540,E2GAJSPCTR,Business,94946059.67,2021-05-22,BR-00196
SAV-2221852,G7QCB29A3N,Savings,74410731.04,2022-03-29,BR-00192
CUR-8788172,0YBA5NQGSO,Current,13336641.83,2020-08-14,BR-00041
CUR-6924647,2E4SIFVWYX,Current,22996252.61,2019-11-17,BR-00061
BUS-3620582,MW5SPUJAK8,Business,20389012.73,2020-05-16,BR-00087
SAV-1633705,7D40GQEXAM,Savings,65887533.06,2020-03-13,BR-00051
SAV-4070403,M9U30QVNRC,Savings,20972398.34,2020-07-07,BR-00008
SAV-9466556,DEIMX3XVKD,Savings,6453229.55,2022-09-22,BR-00138
CUR-3507734,WOIU5TGTDD,Current,89198568.28,2019-07-24,BR-00017
SAV-5530083,8ZAV51S97H,Savings,70549751.45,2021-06-22,BR-00066
CUR-1068205,4OEQLLUKZN,Current,81371818.22,2019-10-14,BR-00167
SAV-6683480,4GXPSDN9DM,Savings,34093570.97,2020-11-05,BR-00189
BUS-5391977,PWRJ121AQT,Business,23291874.03,2022-11-04,BR-00126
CUR-3475800,WT11IO7BRK,Current,39675068.29,2020-08-30,BR-00017
SAV-7267814,LZLOXPBN37,Savings,18544582.2,2021-02-10,BR-00004
CUR-3317853,MP4BOKVQNW,Current,27135271.21,2020-03-19,BR-00079
SAV-8501332,5HGTZL37RL,Savings,9948048.0,2020-07-21,BR-00104
BUS-2434013,75P75BZ6ZW,Business,77914289.32,2019-05-08,BR-00140
BUS-3260501,73CRVEJVLW,Business,45091098.81,2022-10-27,BR-00073
CUR-4847093,26KABZ9IO5,Current,14835779.13,2020-06-18,BR-00100
CUR-4339374,FXPWCNWNIQ,Current,78109444.76,2020-05-30,BR-00055
SAV-1891176,IOJY3U0JU8,Savings,29294562.82,2019-12-15,BR-00037
BUS-8249999,WUADTG4QDH,Business,76668972.09,2022-10-27,BR-00035
CUR-6545117,PYJHW3YD6C,Current,92490255.15,2019-10-26,BR-00195
SAV-2850576,4E6HNCC7NK,Savings,20737187.45,2020-02-07,BR-00032
SAV-9841139,1YLWE9G2ME,Savings,5864533.01,2019-06-02,BR-00178
BUS-9278432,BABOKTBKF1,Business,58773719.45,2021-09-09,BR-00196
BUS-4502723,1ELRNKCRXJ,Business,65546811.36,2019-04-08,BR-00086
SAV-3633980,XGQC7A545I,Savings,65019321.14,2019-09-13,BR-00044
CUR-5535829,KZWCCIV09Y,Current,43954496.67,2019-08-25,BR-00067
SAV-4870764,VZ917357ET,Savings,27267127.16,2021-04-27,BR-00049
CUR-6948770,8P8NMUFA5S,Current,31293061.87,2019-12-21,BR-00145
SAV-5658906,67OMJRTVZO,Savings,49106819.41,2021-12-09,BR-00086
CUR-2654174,BFXIIIBQXY,Current,35664812.54,2019-06-09,BR-00038
CUR-9541906,4W35FTPFTB,Current,97260375.05,2019-12-22,BR-00092
SAV-4749147,R6UHWQWO1Y,Savings,78650028.05,2022-03-15,BR-00122
SAV-9812332,CI2X0BLZCA,Savings,77247498.93,2020-08-24,BR-00119
BUS-8689887,HKA8BRH7I5,Business,64029963.64,2019-08-01,BR-00149
SAV-7843221,HUSE293IUJ,Savings,7872283.29,2021-01-12,BR-00058
SAV-8708154,95DZS4Z7WP,Savings,46569784.64,2020-01-21,BR-00198
BUS-1714675,LNNZY4O6MG,Business,90457533.3,2020-01-25,BR-00076
BUS-6319803,7PSTH1ROET,Business,71548478.48,2020-07-17,BR-00143
BUS-6656996,IWW2P4LVOS,Business,58132280.85,2020-09-11,BR-00127
SAV-9041133,NNI5ATD2H7,Savings,20749825.87,2022-07-22,BR-00041
BUS-8330147,C6KNLSUR37,Business,63367291.46,2021-11-08,BR-00043
BUS-1724070,BLIQXN6BTZ,Business,51002315.73,2021-11-07,BR-00161
BUS-5910730,HCXH0C5ASF,Business,43282485.88,2022-05-04,BR-00093
SAV-9701238,842IOPF78L,Savings,76855141.92,2020-10-31,BR-00014
BUS-8309719,SWC58NNX6L,Business,1941908.58,2019-12-05,BR-00166
CUR-8681714,8QGA6E56F1,Current,10026712.58,2019-08-13,BR-00193
CUR-3059328,CU2A149B2Y,Current,82363942.29,2022-11-11,BR-00054
SAV-8120700,479EDEDTLL,Savings,37993288.65,2021-03-11,BR-00001
SAV-9585446,DXVQQXBIKD,Savings,48758728.95,2019-01-13,BR-00081
SAV-7650622,DV1IQD8G4U,Savings,50960041.12,2021-02-05,BR-00159
SAV-8929017,DFSSCZUXVZ,Savings,26030227.6,2019-07-28,BR-00012
SAV-6235567,YT8EWTOJJ5,Savings,41348687.13,2022-01-31,BR-00003
SAV-4081638,BAONNRNE2Q,Savings,4331677.61,2021-12-12,BR-00143
BUS-8334966,L2V53XI426,Business,63159719.23,2020-07-07,BR-00039
SAV-4071303,5NX137G2NY,Savings,83758226.13,2022-05-18,BR-00018
SAV-2883087,RZCM6K3NZL,Savings,81866118.74,2021-09-30,BR-00085
CUR-6710721,8JWRPBU4TZ,Current,71207266.25,2019-08-18,BR-00180
SAV-3173571,1CHB5AA2RV,Savings,95450424.77,2020-04-10,BR-00170
BUS-3444910,N5OJ7SYFGJ,Business,74338288.74,2019-03-01,BR-00048
BUS-1318389,XJSL38AICO,Business,66390201.22,2019-04-27,BR-00183
BUS-9676832,1KDWUSU6Q9,Business,63109286.52,2020-02-26,BR-00077
CUR-8087223,WH0C5QPNSW,Current,77872592.81,2019-06-15,BR-00193
SAV-6152910,7GO1NWYZU9,Savings,31926168.35,2019-11-12,BR-00125
BUS-4667776,DZ0PIKNJB5,Business,5266836.92,2022-06-06,BR-00103
SAV-1852567,YPEAI77RDG,Savings,12732595.46,2020-07-26,BR-00099
SAV-6692484,8GNW89FED4,Savings,92148724.85,2019-02-03,BR-00158
SAV-9961290,CC39QY961L,Savings,94895631.57,2020-03-03,BR-00102
BUS-8355762,71JXPYVNP6,Business,9233093.03,2020-09-04,BR-00150
CUR-1658123,EFQE6M9MXN,Current,74176565.57,2022-04-28,BR-00083
BUS-9031064,J0100IWMZN,Business,24620885.92,2020-07-26,BR-00169
CUR-4438357,JPBEWKVVQF,Current,29904559.38,2019-04-15,BR-00042
SAV-6130390,KM0HEMORZF,Savings,3052841.26,2022-06-15,BR-00149
CUR-2548123,SCSCKMTEOQ,Current,42838224.36,2021-12-13,BR-00071
CUR-5507474,VNQK3COTMU,Current,10512909.89,2022-02-02,BR-00184
CUR-9814928,VAHBV7WUVS,Current,12287252.66,2021-10-26,BR-00037
SAV-8056000,40N5550OYS,Savings,53777979.29,2020-12-17,BR-00103
BUS-7831950,V0NKWGLC2M,Business,52166264.52,2022-05-01,BR-00052
SAV-4529386,Q1UEFXBEPE,Savings,66149737.53,2019-05-20,BR-00027
CUR-3703744,WCNY1LHMJD,Current,2259491.74,2020-10-11,BR-00064
BUS-3155002,WM3A7VOC1Z,Business,42861103.71,2022-05-09,BR-00126
BUS-2352218,NAW25VLRJA,Business,27193469.4,2022-10-06,BR-00130
SAV-5253273,5QY2PYZEDB,Savings,25991670.89,2020-12-15,BR-00042
SAV-3517503,94IK69GGKN,Savings,85477243.45,2020-06-27,BR-00114
BUS-3013317,51BKUAUO47,Business,1225020.75,2020-08-12,BR-00186
BUS-4105448,SA67MAD6ZC,Business,2224055.19,2019-03-18,BR-00079
SAV-6254111,V87HQDY19F,Savings,87567170.75,2019-07-19,BR-00082
BUS-7683446,76GE7GRBPB,Business,38586930.85,2020-08-31,BR-00040
SAV-7872227,475IJCBFSG,Savings,12128401.17,2021-08-08,BR-00193
CUR-2573560,JY6DVT10UL,Current,99085116.04,2019-05-20,BR-00173
CUR-4794285,LRR3OBFYSC,Current,47285830.78,2022-01-17,BR-00160
CUR-8801510,FEWMYGX0OH,Current,63438136.55,2020-01-16,BR-00182
BUS-8244170,UP9O1Q0UXT,Business,72810117.81,2022-04-09,BR-00189
CUR-7866067,6R5Q9IM9PM,Current,1485052.37,2020-04-13,BR-00001
CUR-7905124,VJKA8DXF92,Current,58908409.0,2019-06-06,BR-00195
CUR-3165893,3HTQ1P60RY,Current,34156282.5,2019-06-18,BR-00192
BUS-8748368,ZN0AEUPM52,Business,85448689.93,2019-06-17,BR-00048
BUS-3230879,KYRZH2BNVT,Business,13227375.05,2019-01-31,BR-00054
SAV-1500650,RKYN8OA86X,Savings,29712846.53,2020-07-19,BR-00161
CUR-4956330,2RDXSJH6MA,Current,7529180.42,2022-01-07,BR-00088
CUR-3049864,OXP82P22LQ,Current,66049294.44,2022-03-10,BR-00063
SAV-8267660,TRPML2H6ZT,Savings,72757659.86,2022-09-24,BR-00170
BUS-2892683,TYBZO7ASXK,Business,2525029.88,2021-05-20,BR-00024
SAV-3081742,JTC5MB8CRU,Savings,50175904.89,2019-11-12,BR-00076
BUS-6937701,R775XZX8XP,Business,78246479.5,2019-11-11,BR-00028
BUS-7297447,JD00VA48ZJ,Business,44048054.36,2022-08-14,BR-00046
SAV-7904377,I4KQGMQBAI,Savings,50977564.88,2022-01-18,BR-00171
SAV-6716561,EWXLTDO14A,Savings,32554147.82,2022-10-21,BR-00193
CUR-1674821,YJ1B46VSTW,Current,1021319.24,2022-03-09,BR-00049
CUR-4634945,1U2EOGH2Z8,Current,41483994.94,2019-07-04,BR-00005
CUR-5255277,5AW9P2L0J9,Current,68156942.92,2022-01-08,BR-00016
CUR-5902291,020WJCHN5O,Current,85238421.47,2020-08-09,BR-00198
SAV-3304471,A4BUURNCNW,Savings,24382313.26,2021-05-18,BR-00141
CUR-1728317,KTI2YC6B8H,Current,37686758.46,2019-07-11,BR-00135
CUR-4838179,2G6ZLMG4NM,Current,30219879.12,2019-06-08,BR-00181
SAV-8407529,C8BOXGCLTU,Savings,82368327.77,2021-02-02,BR-00181
SAV-5195172,9G5C7492AF,Savings,55397441.62,2021-05-10,BR-00156
BUS-2676555,CXA25KAXFR,Business,66405557.27,2022-09-21,BR-00024
SAV-8846481,UCELJL0A9Q,Savings,30857222.82,2019-12-17,BR-00081
CUR-4315955,I0OOY8PHK3,Current,57108047.24,2019-03-15,BR-00036
BUS-7282326,4WO98UIC96,Business,3236795.33,2022-05-04,BR-00179
CUR-5963719,G1OPLR7TSH,Current,89265949.86,2021-10-23,BR-00005
CUR-5663247,VLU4NP720C,Current,79305139.45,2020-01-03,BR-00136
BUS-1551357,U3PPJHM03Z,Business,31009569.12,2019-07-23,BR-00049
SAV-3702188,VVPZGFGPR7,Savings,93184010.46,2021-12-19,BR-00146
BUS-8661215,27DHLNNCYZ,Business,11655599.02,2022-08-25,BR-00051
BUS-7314890,0E1UXJDRJX,Business,34827150.27,2022-08-06,BR-00114
BUS-1080412,1M645UTKB4,Business,60135879.85,2022-04-27,BR-00039
CUR-4043278,JS3WBRHD57,Current,27053327.95,2020-04-25,BR-00177
CUR-3803974,DB2HI07NCA,Current,59863429.91,2020-01-02,BR-00132
BUS-4312221,TR94VWQTN6,Business,42476424.42,2022-10-21,BR-00067
SAV-6593803,9RNTGAV605,Savings,59049705.7,2022-03-02,BR-00114
SAV-2335730,STQASXF3YU,Savings,28264799.62,2021-09-10,BR-00140
BUS-5303366,858E7Q15MI,Business,78214546.91,2021-11-10,BR-00021
SAV-3731525,I4PWBMFWEO,Savings,17875403.32,2019-01-31,BR-00094
BUS-5042619,PWACHY08B2,Business,72460113.97,2022-05-22,BR-00161
CUR-1911896,HBPMHQG2UL,Current,80152994.8,2020-10-17,BR-00010
SAV-2364332,NY07R8FOLD,Savings,71957682.28,2019-07-14,BR-00040
SAV-3062602,X2ZV2QM63R,Savings,14032660.46,2022-11-14,BR-00174
SAV-5546850,BRXPY4FY8W,Savings,75510823.55,2020-12-06,BR-00134
BUS-1175013,NPQ5EJCNZ5,Business,55171560.43,2021-12-11,BR-00179
BUS-6449824,H0JVX91RA7,Business,73349841.39,2019-08-30,BR-00093
SAV-3961538,XK0JHS3IH1,Savings,27693575.58,2021-05-06,BR-00118
SAV-8318513,FMK77366N6,Savings,29311390.22,2019-01-03,BR-00104
CUR-3436768,05BIBEZHUR,Current,83483451.84,2021-10-23,BR-00128
CUR-7881174,DIG231NA8J,Current,29407786.18,2021-01-24,BR-00143
SAV-1243543,0U185VS7C8,Savings,20324359.16,2020-06-03,BR-00040
SAV-8081929,WW7VSZC9DI,Savings,92394791.66,2022-06-02,BR-00043
BUS-2138167,KDBHPNTJUE,Business,73648938.44,2022-04-24,BR-00191
SAV-9827598,JBN7W9W215,Savings,80417356.57,2019-09-14,BR-00081
CUR-1137795,HEP50IPJZ0,Current,53364281.99,2020-10-24,BR-00115
BUS-1219689,CC4RPXJNSE,Business,92281323.45,2021-09-27,BR-00081
CUR-1156054,XC5K61S6NM,Current,63933527.97,2022-11-28,BR-00186
CUR-5042361,WN4I1P8ZX8,Current,35686022.59,2019-04-28,BR-00144
BUS-3968286,XE2169LCOB,Business,70411586.57,2020-12-06,BR-00039
SAV-7332338,2TWIA3LWCZ,Savings,86383296.01,2022-02-03,BR-00142
BUS-3243943,HB1A6VLY35,Business,59328581.13,2022-12-13,BR-00075
BUS-3034403,QSH3JG5O1O,Business,22738065.69,2019-04-01,BR-00021
CUR-1273775,FWCJEWUZRH,Current,96542613.34,2021-04-28,BR-00094
CUR-8151732,JTOSIZ7RAD,Current,52962425.5,2022-07-02,BR-00046
SAV-3175709,BATDS9UPUM,Savings,60866439.57,2019-02-14,BR-00024
BUS-4120421,GQX9608O0E,Business,91231923.49,2020-01-30,BR-00012
BUS-6796322,WP5A8DTM23,Business,43882033.84,2020-05-17,BR-00009
BUS-4969977,9XB854R4LW,Business,90840538.5,2021-09-02,BR-00034
BUS-6283302,UCELJL0A9Q,Business,75854033.45,2021-06-12,BR-00031
CUR-3601470,PIPWYTVC4N,Current,77622806.43,2019-12-21,BR-00024
SAV-8267031,TU7HHH6GSE,Savings,45200439.67,2020-06-19,BR-00018
CUR-3268742,29U8L1E1XJ,Current,43061274.68,2022-02-11,BR-00054
CUR-7344226,1F3DSEJ3J9,Current,39621710.81,2020-12-07,BR-00126
BUS-6925822,W1HM9AJU7S,Business,46506014.62,2022-09-12,BR-00155
BUS-8778435,ZSOP9CVNGS,Business,3082684.16,2021-08-22,BR-00133
SAV-7797882,M3P457JN45,Savings,4732593.79,2020-09-13,BR-00141
SAV-8330185,JP642KZ20V,Savings,26471199.96,2019-08-17,BR-00120
CUR-8474663,Y18SZ7PK8Z,Current,90116583.1,2021-12-08,BR-00049
BUS-8335982,D5T5E4NB2O,Business,59187236.0,2021-09-14,BR-00026
BUS-3523992,YE3VPVKI6T,Business,66211212.1,2020-08-20,BR-00019
BUS-8696309,DVN3HDCEHN,Business,90508497.13,2022-12-16,BR-00024
BUS-6854713,BZH0TQS2ON,Business,12861412.17,2020-05-12,BR-00152
SAV-1079025,JHCU1MZ5Z0,Savings,34454473.74,2019-08-20,BR-00007
SAV-1735340,0NOUP34TR1,Savings,56557921.36,2022-12-10,BR-00046
CUR-1440652,FB119P6JKP,Current,58282352.39,2021-01-24,BR-00016
CUR-9653896,ID8NBZK7W9,Current,24562057.41,2022-08-28,BR-00183
CUR-3802949,1AYDVR1SQK,Current,17634456.01,2021-09-03,BR-00035
SAV-5906850,Y18SZ7PK8Z,Savings,5190878.82,2021-08-13,BR-00091
BUS-7743290,26ESKWY4LO,Business,96736559.96,2021-06-06,BR-00110
CUR-8907138,WK6EE7DRZO,Current,65017340.25,2019-05-14,BR-00025
SAV-1583476,0XKVY7TB2V,Savings,62587273.74,2019-04-21,BR-00109
CUR-3909051,5QOF5LMSSU,Current,82573964.27,2021-06-22,BR-00115
BUS-1854834,S91AKFU8ZO,Business,45235506.17,2019-04-03,BR-00071
BUS-7939934,OOFY8J29KQ,Business,85335439.69,2020-03-27,BR-00170
CUR-7281301,SDIF9HTCS4,Current,16825571.38,2019-01-22,BR-00006
CUR-7392328,BZMOCQ24WA,Current,17676879.93,2021-10-10,BR-00111
SAV-2067297,717SPK3FR2,Savings,68042760.16,2022-02-08,BR-00060
BUS-4418892,VD743N5AWX,Business,66177202.43,2021-08-05,BR-00197
CUR-6314833,IPSZ1Y9IP5,Current,5644166.75,2022-01-28,BR-00103
BUS-1398226,9OK9PLWRL1,Business,82762202.86,2019-12-16,BR-00066
SAV-5419987,RW6AVS6KXT,Savings,46400272.21,2021-04-09,BR-00071
CUR-5140044,E5C5AJHHP1,Current,84815301.03,2022-05-24,BR-00002
SAV-4583592,LOZVZE2AA5,Savings,74695833.66,2022-10-07,BR-00114
SAV-8337058,65YH4SRFHV,Savings,6802953.14,2019-11-09,BR-00086
CUR-3845966,0HNH7C8GF5,Current,26818601.33,2019-10-20,BR-00082
BUS-5623695,QORGNB0CZO,Business,96070990.17,2022-12-13,BR-00183
SAV-9611571,4ZY7KLGVJS,Savings,84412904.17,2019-06-14,BR-00170
BUS-6011986,2AV9G4PPMX,Business,34493795.18,2022-04-20,BR-00042
CUR-2953339,K03I39KLLJ,Current,63537511.09,2019-01-06,BR-00021
BUS-6942420,D9QG2LYO52,Business,93456002.85,2019-12-30,BR-00167
SAV-2691436,LYY3ETTR13,Savings,70599502.38,2021-06-06,BR-00055
CUR-2358943,2RDXSJH6MA,Current,58801803.74,2019-12-17,BR-00091
CUR-1063366,I59FKNQZZQ,Current,74530212.49,2021-06-25,BR-00016
CUR-7134840,N74KAXQN6M,Current,50672273.45,2019-12-19,BR-00009
SAV-5060829,C88P9VJSQ0,Savings,9214552.51,2019-10-23,BR-00048
SAV-5768933,LUJ6U4H4XN,Savings,90770964.98,2022-04-03,BR-00009
BUS-4454004,BVY7XC9CKI,Business,68365341.78,2022-12-18,BR-00196
SAV-9360509,B5RA92CVM8,Savings,45418140.98,2022-05-12,BR-00199
CUR-9203717,0EEHXL4Z5S,Current,49884381.25,2021-06-16,BR-00181
BUS-9189456,VBWCGJIT3G,Business,42518448.67,2020-12-02,BR-00172
SAV-8384575,6YGAAAFU08,Savings,89244770.92,2020-06-01,BR-00117
CUR-6114761,5AGMCQVM5F,Current,84029800.51,2021-06-29,BR-00014
SAV-3834528,8DG57ZR31F,Savings,45033873.15,2022-11-27,BR-00048
SAV-6750633,M5249S2IPA,Savings,44173139.16,2019-02-05,BR-00084
CUR-6917831,JXZSSEBU9S,Current,54526420.87,2020-01-10,BR-00123
BUS-7402632,A5DLZGT0KQ,Business,38723578.56,2020-01-15,BR-00183
BUS-1172684,QPWJM69D4E,Business,79900846.09,2021-05-19,BR-00078
SAV-6222180,08K6S4C4M4,Savings,48568225.55,2022-04-14,BR-00008
CUR-4332843,82VKP6EWCP,Current,75356810.9,2021-07-03,BR-00162
BUS-5111473,SJSKXBX23D,Business,7348217.77,2019-06-12,BR-00150
SAV-1233897,L4O7QDACA8,Savings,94979359.55,2021-08-03,BR-00084
CUR-4869175,I3ASPEHPQ6,Current,10146500.02,2019-10-08,BR-00186
BUS-6875029,XE2169LCOB,Business,51353425.11,2021-05-21,BR-00088
BUS-7073838,1G7PC4MI7V,Business,33523111.24,2020-07-27,BR-00074
CUR-6370217,Z0ANYY8U1K,Current,30805924.22,2020-02-04,BR-00132
CUR-6838897,EQWA80HOZP,Current,80907629.9,2020-03-07,BR-00038
CUR-3416135,EKMMAQXOFD,Current,16523344.76,2020-10-07,BR-00139
SAV-3553870,2FY8B944Q7,Savings,40338182.48,2019-07-24,BR-00171
BUS-6275270,92X8V3GP5B,Business,24973044.33,2022-10-21,BR-00187
SAV-6979688,SAW3ODQIWG,Savings,77388914.28,2020-02-24,BR-00048
BUS-7572829,V9PS6A3Y0F,Business,31139999.43,2020-04-19,BR-00079
SAV-5707435,RPQODMZ5G7,Savings,80772883.2,2021-01-27,BR-00090
SAV-9409110,RKTS5U4HO4,Savings,86941893.03,2019-09-24,BR-00188
BUS-7778099,XGK0KP0D9B,Business,96131314.4,2019-12-31,BR-00052
CUR-7987280,ZEFGHXS5MO,Current,28320000.4,2019-03-29,BR-00068
BUS-7451268,K7XVIM9RY4,Business,52448260.82,2021-01-05,BR-00117
BUS-3352534,MALMC9WDNL,Business,26803631.34,2022-06-21,BR-00147
BUS-8978275,C20IBHWZ46,Business,26747171.45,2022-05-29,BR-00182
SAV-8079313,UUC10XWQI1,Savings,62255916.57,2021-03-29,BR-00183
BUS-9689941,D8W1OSNG6U,Business,38401495.88,2019-10-02,BR-00152
SAV-9406774,Z8YMOC76RF,Savings,14804770.11,2019-10-30,BR-00164
SAV-8905912,P2VZNNUU8T,Savings,72864227.65,2019-10-23,BR-00083
CUR-3443342,EEK7UGAY4C,Current,9568318.96,2022-01-11,BR-00153
CUR-1790172,J4SIQQH74C,Current,89342306.16,2021-07-30,BR-00083
SAV-3870534,0L1VKAJNG2,Savings,58804507.45,2021-12-25,BR-00052
SAV-5462444,V97NL10QIQ,Savings,86480518.24,2020-10-30,BR-00192
CUR-2864093,LDE1CP0P8K,Current,89000844.61,2020-07-20,BR-00121
BUS-4181073,05JH8JG12X,Business,27352979.54,2022-02-21,BR-00060
CUR-5274413,3IQ25ARK8C,Current,99231690.27,2019-09-18,BR-00195
SAV-4337075,2D9YHIQLY3,Savings,2625844.09,2021-05-23,BR-00155
SAV-5351383,TEJYJOBYU0,Savings,56966699.53,2022-09-01,BR-00121
CUR-6687762,8OT5IXO1LD,Current,94838178.73,2019-08-27,BR-00064
BUS-5052886,T4KJH56AWB,Business,69659031.5,2020-08-18,BR-00065
CUR-9612892,Q7W4NJEG96,Current,75268109.87,2021-02-09,BR-00006
SAV-7208184,IVA7ATVIYG,Savings,5262933.19,2019-02-25,BR-00159
BUS-3459337,LIS24ZJL3Q,Business,1473322.38,2021-11-19,BR-00037
BUS-2495235,31X06DORJN,Business,36320277.37,2022-06-30,BR-00026
BUS-7977112,FMK77366N6,Business,68794133.07,2021-10-23,BR-00130
CUR-7917755,I1KWYE72C3,Current,48493606.34,2019-02-13,BR-00149
CUR-2693582,P8PFJ5IE8R,Current,38074477.26,2019-11-27,BR-00092
BUS-7563660,PK3IB0GSIP,Business,30384544.23,2021-09-15,BR-00185
SAV-3544914,U716Q0GMYT,Savings,75240292.49,2019-07-07,BR-00127
BUS-3035006,51BKUAUO47,Business,12372286.56,2019-08-11,BR-00092
CUR-5724088,4EMIYH3GJV,Current,42182095.45,2019-07-21,BR-00069
BUS-5703024,KEA4URLADD,Business,83270127.44,2022-05-14,BR-00109
BUS-5756936,Q4FY8T48QL,Business,93425997.95,2019-09-23,BR-00047
CUR-2433491,KQSEZ2DZ32,Current,10665426.15,2022-12-12,BR-00153
SAV-2728504,XZ68PNL4LG,Savings,57872376.77,2020-06-27,BR-00062
BUS-8644842,4NUHED1F06,Business,99430141.89,2022-08-20,BR-00195
SAV-1566090,S5YKREUORG,Savings,716241.78,2019-03-16,BR-00197
BUS-7299555,F3AX46VV6I,Business,20989507.9,2021-01-07,BR-00115
BUS-7852378,C43C472NNE,Business,39640509.51,2021-06-30,BR-00102
BUS-4724036,XP0BQ1XHO0,Business,92543585.77,2022-02-05,BR-00064
CUR-3205731,DMS5AKCEF1,Current,89279686.55,2022-12-20,BR-00060
SAV-7741101,JCAG5PGTGD,Savings,12345150.23,2019-03-15,BR-00137
SAV-6268732,9X5ZBI4598,Savings,92597535.6,2021-08-27,BR-00168
SAV-5085066,ZVOBPPIYTL,Savings,13799300.77,2022-02-02,BR-00069
SAV-2955266,G609RZEY0N,Savings,36452228.84,2022-09-10,BR-00104
CUR-3166896,P3AMUDNKYS,Current,18470864.84,2020-06-09,BR-00022
BUS-4116171,EY5DRXGIR8,Business,31400273.56,2022-04-22,BR-00059
CUR-5963823,172342CE5P,Current,54539547.59,2022-10-20,BR-00144
CUR-1824205,PX76HR10C3,Current,10289276.13,2020-04-15,BR-00038
SAV-6831647,7ZQHB0AZ81,Savings,30872664.79,2020-01-11,BR-00010
CUR-1208979,T4CVVWCN1G,Current,99543.47,2022-08-11,BR-00038
SAV-5699824,2SSS2HO6N5,Savings,96527104.41,2022-12-12,BR-00195
CUR-3614857,NYREFDM4LY,Current,1909232.06,2022-10-07,BR-00145
CUR-7838625,VBJE5IGODT,Current,79347830.39,2019-12-07,BR-00104
BUS-8506892,8T580LXQST,Business,74096627.43,2021-02-05,BR-00130
SAV-8865479,990F0P3HTV,Savings,94730944.17,2020-05-15,BR-00086
SAV-2661005,CIMT5PXT0Z,Savings,90253079.9,2020-02-01,BR-00039
SAV-7288214,2FGKX00ZJN,Savings,33229659.63,2022-10-18,BR-00090
SAV-2806859,KZRYJZLPWJ,Savings,53182633.38,2021-10-23,BR-00157
CUR-5728510,ED8AU6JS4V,Current,43241290.54,2020-02-07,BR-00172
SAV-9790265,0BN0WMTRT0,Savings,37562496.07,2021-05-07,BR-00181
BUS-7708346,8I7DKIWQOZ,Business,19531069.34,2019-04-18,BR-00159
BUS-6609377,VASGWVXYSZ,Business,7178527.91,2020-03-29,BR-00089
BUS-4219555,R1SRT3LODW,Business,853638.0,2019-06-11,BR-00064
SAV-5324619,0YO7OOTU2N,Savings,249126.5,2020-07-29,BR-00058
CUR-7669156,R9FETT1NWU,Current,97123283.19,2020-02-29,BR-00049
BUS-6917003,HJ3MQ96QYY,Business,6842459.91,2020-07-19,BR-00095
CUR-2850744,HMCGHUE76R,Current,91106953.54,2022-01-31,BR-00111
SAV-2998127,YCXPNA6G8E,Savings,2906722.25,2019-07-23,BR-00103
CUR-7545307,4WXB1UT4H3,Current,87816434.6,2020-02-03,BR-00044
CUR-8979123,PKBKGQCV0Y,Current,5820454.08,2022-04-30,BR-00141
CUR-5309679,I1BAFH2EUB,Current,88671796.42,2022-04-23,BR-00125
SAV-9782610,4HUFUNZAXI,Savings,65712459.61,2022-06-22,BR-00121
BUS-6292561,DS7LN34UQP,Business,9725787.4,2020-03-18,BR-00006
BUS-1012756,T09KEB6NAK,Business,55119612.91,2021-08-27,BR-00155
CUR-4025353,NVYUQSEQEW,Current,18054880.87,2019-09-30,BR-00169
CUR-3529916,JRBO6OM2KD,Current,5086106.67,2019-05-12,BR-00018
SAV-5075328,QXHNGF19ZW,Savings,19042346.64,2020-02-10,BR-00082
CUR-7700603,OVITXDHKUV,Current,14378419.9,2022-06-03,BR-00155
CUR-8657017,LGHWG7N2WK,Current,19071293.76,2020-09-25,BR-00118
SAV-3396206,8P0N5QKT8L,Savings,53003939.02,2020-07-04,BR-00129
BUS-9916626,A4QY3SSM9F,Business,40194882.92,2022-12-20,BR-00112
BUS-1317648,N9V2GP1OOC,Business,1968918.26,2021-11-12,BR-00177
SAV-5911684,GULQ8DYQCY,Savings,95214060.88,2019-07-17,BR-00035
BUS-1994843,8K7LFHJ4WP,Business,50647164.14,2021-01-06,BR-00070
SAV-9982802,2UFVQIVCAM,Savings,11784946.37,2020-11-11,BR-00028
SAV-3163740,DCOHY4SKSW,Savings,94398975.05,2021-11-11,BR-00175
SAV-9189047,UM6LRCW7Q8,Savings,82981735.52,2022-01-23,BR-00142
SAV-2615619,1E7WE3NTII,Savings,84212608.07,2021-11-18,BR-00008
BUS-4867780,GKAXD4XNW3,Business,96519623.86,2019-11-30,BR-00169
CUR-7335192,1FORAHSJTI,Current,34119382.91,2022-12-08,BR-00155
CUR-5753847,5LBDNFHSJZ,Current,35938785.3,2022-10-03,BR-00151
SAV-1976401,6UHLSE4CUN,Savings,43936310.84,2019-09-11,BR-00182
SAV-3329958,I4W2ZZ29U7,Savings,76975602.5,2020-05-18,BR-00036
SAV-8602977,JOCQ7IO9GP,Savings,13036469.2,2020-02-18,BR-00016
SAV-6237059,W40KMKDV3C,Savings,15571362.21,2019-07-09,BR-00093
CUR-3245662,YFVHOOAOEL,Current,77814029.7,2020-07-03,BR-00176
BUS-5660346,V5R3C6MRZB,Business,18943645.66,2022-08-01,BR-00109
SAV-9133215,FVUUA090IO,Savings,55345057.69,2021-10-13,BR-00091
BUS-7781823,XKO1662WSH,Business,36558689.76,2020-03-14,BR-00010
SAV-8924427,ENW7SEIMKW,Savings,51612018.65,2020-09-18,BR-00177
BUS-6213165,AKRGYPXD3D,Business,42089017.31,2022-03-14,BR-00007
BUS-9702195,9OR39SXE3F,Business,41435533.43,2022-06-20,BR-00085
BUS-2432275,V2VQC3019Q,Business,65447889.74,2019-08-19,BR-00057
BUS-8654138,BPQCBRFQ6U,Business,68151066.95,2022-03-14,BR-00161
SAV-1191421,HF210IIR88,Savings,36614927.05,2019-05-24,BR-00074
SAV-2635212,JRBO6OM2KD,Savings,69435415.68,2020-06-27,BR-00068
SAV-8955498,99MGA4QKEQ,Savings,65979529.37,2022-08-10,BR-00192
BUS-5974973,4NJCRFXHE9,Business,64250483.8,2020-10-16,BR-00184
BUS-3294771,37CN32L4ND,Business,12538236.45,2020-05-02,BR-00136
SAV-7520936,LK6FA8P6WT,Savings,95525652.02,2019-08-12,BR-00094
SAV-7785331,QHTN4LECID,Savings,85628432.54,2022-11-24,BR-00142
BUS-1069288,2A3UFNL4IY,Business,83324606.36,2021-12-28,BR-00043
SAV-3057712,6NF2783BAH,Savings,31418440.97,2020-11-26,BR-00024
SAV-1026884,CJ1UU6CZUK,Savings,57135385.79,2019-09-08,BR-00120
SAV-7151223,O972Z4CBLB,Savings,42047924.48,2021-04-09,BR-00047
SAV-1365574,KQD5CG4RO2,Savings,85284032.02,2020-03-20,BR-00079
CUR-1458065,4GWFDA32N1,Current,71639853.81,2022-11-12,BR-00051
SAV-1273190,9COULBISLI,Savings,32695862.27,2019-04-06,BR-00075
BUS-5902717,QMWOZ8UOE0,Business,82704987.78,2021-01-01,BR-00046
CUR-7778275,Z0LN0D46U4,Current,17092898.78,2020-10-02,BR-00091
BUS-6849467,G1J78UVFP7,Business,9334929.22,2021-03-18,BR-00153
BUS-2371666,MF7R2PM6LF,Business,44851672.29,2019-08-04,BR-00029
BUS-5478977,2KZXZNYAMF,Business,15618143.04,2021-09-02,BR-00059
SAV-5647598,YMFHXB7K55,Savings,22870887.3,2020-08-06,BR-00101
SAV-7368616,9H5ZYPEJU1,Savings,5377256.85,2019-11-10,BR-00045
SAV-1910934,EI8Z5K65HB,Savings,497144.56,2021-11-28,BR-00188
CUR-4295715,9T4JGX8V4W,Current,82728.39,2020-03-10,BR-00051
BUS-7481306,VL5EKFTS21,Business,62428909.86,2021-08-07,BR-00140
CUR-1807251,SRFVUM9EQ1,Current,50058995.44,2022-04-23,BR-00068
BUS-5176155,RSCVY3QOAV,Business,90332854.29,2020-08-12,BR-00032
BUS-2340146,DS6WUFDQDL,Business,70274923.41,2019-11-29,BR-00062
CUR-8063174,2A3UFNL4IY,Current,68643948.62,2019-01-19,BR-00094
CUR-4268904,Z7CA4Z10AM,Current,48271760.44,2022-02-27,BR-00200
SAV-9102577,G3EZ4USD3A,Savings,17769663.53,2020-11-10,BR-00032
SAV-6660441,0E7LMZ7ECN,Savings,33470225.1,2021-03-16,BR-00021
CUR-5520799,JO3P36TD7I,Current,27713973.42,2021-03-28,BR-00124
CUR-2278237,3A8TKKO1IP,Current,84214750.63,2020-08-15,BR-00160
SAV-9225171,3OLCZ44QRO,Savings,8884077.38,2021-10-13,BR-00061
BUS-6004155,DOIKZCKWER,Business,89336197.55,2021-05-28,BR-00166
SAV-8128120,SDIF9HTCS4,Savings,6505338.75,2022-03-29,BR-00069
SAV-5843972,RVIKX9YIP5,Savings,74380538.48,2020-10-20,BR-00177
CUR-6133540,D9ELENBSFF,Current,47565760.76,2022-05-04,BR-00011
SAV-8573022,389RLAB9L7,Savings,39640444.94,2019-12-16,BR-00068
SAV-6255447,F33EDAZNAU,Savings,53479433.82,2019-09-25,BR-00130
BUS-7789917,UGEXSRJTMU,Business,46892255.74,2021-11-03,BR-00143
SAV-1817172,2NW84NSOBW,Savings,31666831.19,2022-07-19,BR-00182
CUR-4773673,PQ9HBW2K7A,Current,90475293.98,2020-12-09,BR-00164
CUR-9745521,YPWBT3IABB,Current,60459613.71,2020-10-10,BR-00035
SAV-8532847,JRW7ZH0V0V,Savings,31030522.18,2019-09-30,BR-00121
BUS-2386363,J26DQYVBNC,Business,36490490.49,2021-11-18,BR-00183
SAV-8612943,MQBYDA28RK,Savings,33853701.18,2019-06-04,BR-00128
SAV-9133558,2A3UFNL4IY,Savings,19584111.72,2019-05-24,BR-00084
BUS-1945578,8BTHCRNU6R,Business,98865289.86,2019-04-22,BR-00086
CUR-3337888,FPRGA9GA7O,Current,14979706.38,2019-11-10,BR-00054
SAV-3315065,I88OP2XRZ0,Savings,21935719.63,2022-10-22,BR-00117
CUR-3699742,DZNNHDEV1B,Current,45621251.02,2021-02-10,BR-00084
CUR-1995876,594781KK94,Current,92995160.07,2020-09-18,BR-00120
BUS-8394711,ADRG6QFWJ1,Business,41935694.5,2022-05-19,BR-00064
BUS-1450129,A2P8REXWQT,Business,21781090.08,2021-07-07,BR-00013
CUR-9952875,MBQAVM5U95,Current,95867433.21,2022-10-14,BR-00144
BUS-7177462,Y2GR0E5ER9,Business,37484944.43,2020-12-13,BR-00012
BUS-6315443,P0PQRAG7H1,Business,73181124.58,2020-10-28,BR-00116
SAV-4595157,NBY7VCL2DF,Savings,9983317.23,2021-02-23,BR-00098
CUR-4072594,JS3WBRHD57,Current,8910053.66,2022-06-15,BR-00100
CUR-1521954,RCXY6254QX,Current,40828531.34,2019-03-06,BR-00175
CUR-9301292,HZT8WX02ZS,Current,38703138.86,2021-02-10,BR-00054
CUR-1844177,F3GJMFZDMP,Current,48866596.33,2021-04-19,BR-00198
CUR-6860964,A5B0S6FERF,Current,60273830.8,2022-09-18,BR-00164
BUS-7597934,MBF8EDBBRC,Business,57484132.41,2019-05-18,BR-00104
SAV-9040269,XU8LGMG7K1,Savings,89541938.11,2019-08-21,BR-00042
BUS-3922399,6W6J38HW1L,Business,61177001.74,2022-03-20,BR-00066
BUS-9138966,SZXZOCQ2FL,Business,16853471.78,2021-06-28,BR-00192
BUS-6050865,XE2169LCOB,Business,76186836.49,2022-02-02,BR-00104
SAV-1975705,1WY6405VNO,Savings,81005912.5,2020-06-01,BR-00056
CUR-4300692,Z1K6PLLXB4,Current,85593042.57,2022-12-25,BR-00048
BUS-6160106,MXOV0EZP7X,Business,21209779.68,2020-12-18,BR-00180
CUR-6442732,K117ZH9O94,Current,71737598.9,2020-10-08,BR-00048
BUS-7893877,05JH8JG12X,Business,96795616.73,2022-08-16,BR-00123
SAV-4114702,CCVQLU2SEJ,Savings,73625417.17,2022-01-12,BR-00029
BUS-7817076,74BYLQIDXZ,Business,95316277.89,2020-03-24,BR-00119
BUS-3869248,FINXZV1AAW,Business,38636573.76,2022-09-29,BR-00185
CUR-1156983,9IMZRPSFKW,Current,2652219.28,2022-04-07,BR-00049
BUS-2560879,A5DLZGT0KQ,Business,88892742.72,2019-01-06,BR-00107
SAV-8199225,A2B2EIPAB1,Savings,28531152.7,2020-05-12,BR-00196
CUR-8828480,XVYITCZORL,Current,99462622.8,2020-07-11,BR-00185
SAV-5155686,E0189AMG2D,Savings,50124874.8,2022-07-25,BR-00112
CUR-8175138,EVTULOLJEK,Current,70588824.52,2022-12-25,BR-00117
SAV-7543723,GIY5E8PQX3,Savings,94514480.73,2019-09-30,BR-00035
BUS-2168365,7AVNE1TE11,Business,invalid,2022-08-26,BR-00126
SAV-3527882,0DHLHQIDJG,Savings,36126527.61,2022-11-06,BR-00158
BUS-6884953,2FE7XSS98K,Business,91491726.06,2019-08-16,BR-00119
CUR-7259691,Y8ZYN2TB7P,Current,22378761.5,2021-02-23,BR-00199
BUS-9517024,N36E8A6XYK,Business,57389753.44,2020-04-18,BR-00050
SAV-3557908,CUKSJB58I3,Savings,51056963.12,2019-05-30,BR-00177
BUS-9801735,51WGIZNB5C,Business,66317494.95,2019-08-07,BR-00133
SAV-5673964,G7E5MEGHPD,Savings,77863372.4,2020-05-24,BR-00092
BUS-2141298,EGDY8NX8M5,Business,68459517.4,2020-01-31,BR-00160
SAV-6170623,ZBMGWOHLTL,Savings,83362912.91,2020-10-02,BR-00079
SAV-4653257,8WYQI26VAT,Savings,53487502.72,2022-08-08,BR-00097
BUS-9950255,3U2UMJ9VEQ,Business,3200447.68,2022-11-05,BR-00011
BUS-6957830,YQVHN1XGGW,Business,91719223.89,2020-07-25,BR-00170
BUS-9108520,O0INAO03J1,Business,60537229.23,2019-08-26,BR-00017
BUS-3151924,FWV4IYFWCB,Business,49053994.03,2020-11-27,BR-00116
SAV-9610948,BVK7523ZAU,Savings,65013090.12,2021-11-25,BR-00072
SAV-9787358,BOS0IHNDT8,Savings,58614375.55,2021-04-01,BR-00048
CUR-9838436,HYUQ6YD9JW,Current,12672469.53,2021-01-30,BR-00047
SAV-3255992,OIH5MOC083,Savings,26635844.51,2022-10-31,BR-00162
BUS-9034438,R9PBDJ8BMF,Business,87140502.63,2022-10-01,BR-00117
SAV-7377704,U8NKGGU3W6,Savings,26537725.91,2021-11-16,BR-00160
SAV-1170047,8CEWGD52MQ,Savings,58040397.91,2019-03-17,BR-00176
SAV-7260817,3P1Q9M7KC0,Savings,88664802.6,2019-05-21,BR-00012
SAV-1214299,RFWSSOGZPO,Savings,32366713.1,2022-09-10,BR-00055
CUR-1414893,IMU062TDZV,Current,59157451.78,2019-06-19,BR-00154
SAV-9074592,YDS5XC3E0C,Savings,20200799.11,2019-05-11,BR-00118
SAV-5514967,3CYR4GMM0Z,Savings,68228088.97,2021-11-11,BR-00137
CUR-8503668,2UFVQIVCAM,Current,28446293.43,2020-07-17,BR-00033
BUS-3946588,J6W7FDYBV2,Business,68696201.78,2022-05-15,BR-00124
SAV-8132160,8MQO1J9UP4,Savings,27568644.49,2019-04-18,BR-00132
SAV-5106731,2G2M9YYWTI,Savings,17055939.83,2019-09-10,BR-00031
BUS-3513269,Y4E27473PV,Business,86898205.49,2019-05-30,BR-00060
SAV-1006949,JE0LZO8KLR,Savings,78501678.53,2022-09-27,BR-00092
SAV-6936575,7OZAI4F47U,Savings,47085646.53,2019-07-29,BR-00107
BUS-1403159,S2PSO0IPXJ,Business,18768250.87,2022-02-20,BR-00173
CUR-6932313,LI0WRRY6NO,Current,52422287.55,2022-07-07,BR-00008
BUS-4899039,WT2OBN5VYO,Business,15285446.51,2021-04-24,BR-00197
BUS-2846070,C6SHIG4UTW,Business,19762033.43,2021-03-16,BR-00159
SAV-1600874,9NAJVQBF3L,Savings,97736193.67,2019-06-26,BR-00101
CUR-3516984,O7EOMJI1D5,Current,55692060.9,2021-03-26,BR-00001
SAV-3910580,W1DBHE8ULM,Savings,56948844.09,2019-02-07,BR-00079
BUS-1629924,U6Y3151E4D,Business,80659815.8,2019-07-10,BR-00188
CUR-4102072,95APOQEPVN,Current,84097548.08,2021-08-14,BR-00090
CUR-6835525,ON0HVNAHW6,Current,36550252.97,2021-11-08,BR-00040
CUR-6941309,EZ3JXWOH27,Current,98585757.27,2021-02-08,BR-00129
CUR-2252683,XOLTA8CNYZ,Current,70262062.87,2019-10-01,BR-00062
CUR-3052487,5LGO5P6B9Q,Current,43271462.86,2020-05-27,BR-00056
BUS-4784226,JJQEA3QNB9,Business,1057364.04,2019-05-09,BR-00106
BUS-4086446,FAPNOHZSS4,Business,11570423.12,2022-01-20,BR-00083
SAV-5708661,I21IUMPDF1,Savings,75095900.1,2019-12-07,BR-00190
CUR-7274305,X2JB2WQT99,Current,56575412.52,2019-05-31,BR-00096
CUR-6318044,YMQ4QXH6GT,Current,57112333.39,2021-12-11,BR-00069
SAV-6399505,0XNP6YM8LM,Savings,45303784.47,2019-05-25,BR-00057
SAV-3428141,EP5MK1SB1Z,Savings,80407331.6,2022-09-10,BR-00004
SAV-1491238,GK03IL6BRJ,Savings,21191852.5,2019-02-02,BR-00147
BUS-9902984,QC5MC6CU20,Business,66795082.58,2022-05-28,BR-00174
BUS-6502013,ZZX3USG92W,Business,93197818.29,2021-02-10,BR-00019
CUR-7795146,SKFFAD2TG0,Current,757386.8,2019-01-13,BR-00042
CUR-4407439,MFH7AZNLUL,Current,12154965.55,2022-10-18,BR-00155
CUR-7207378,03JK438C2E,Current,38547287.61,2020-04-01,BR-00006
SAV-2639084,AJOWLP29GY,Savings,99884373.32,2019-08-12,BR-00187
SAV-7634055,83TJPNDQX5,Savings,63228565.39,2021-10-27,BR-00144
SAV-6881300,MALMC9WDNL,Savings,53765845.85,2022-09-14,BR-00138
SAV-7415782,7H5271L15Q,Savings,17651729.77,2022-12-25,BR-00172
CUR-5219510,49LJDJHZV6,Current,65453186.39,2020-02-08,BR-00167
CUR-9557313,8Q9KRF1981,Current,11282354.26,2021-01-22,BR-00192
CUR-9740000,M9U30QVNRC,Current,31259040.93,2020-06-29,BR-00167
CUR-3360920,9MSUKDCM6O,Current,20618668.06,2020-06-01,BR-00035
SAV-3217768,XHXD31ASXG,Savings,91383172.27,2022-02-09,BR-00113
SAV-4147817,LPFY0QE667,Savings,49183974.13,2022-07-21,BR-00186
BUS-7956926,GDSY0WMSC8,Business,40640184.13,2022-10-19,BR-00194
BUS-5585477,M7T1VD0YET,Business,31196454.09,2019-10-21,BR-00067
BUS-2604252,8AIX68E5UN,Business,19169589.99,2021-10-23,BR-00199
BUS-4679798,14JPS9DF8M,Business,37034117.84,2021-11-24,BR-00142
SAV-5768788,XK2MCV8XY4,Savings,40385736.44,2022-04-17,BR-00094
CUR-6871664,PHKNCLIPAR,Current,9812776.56,2019-09-14,BR-00182
BUS-1913074,BCXNVCWHXN,Business,77864530.41,2019-04-19,BR-00138
BUS-9107192,KQGVR7Y82C,Business,48913958.28,2022-05-01,BR-00062
CUR-2678180,HGZ50SQ73F,Current,46331997.69,2021-06-08,BR-00159
BUS-8379891,KOVRT138MM,Business,97463355.51,2022-12-24,BR-00164
BUS-4169796,KKT0KL2FUG,Business,85665570.98,2020-07-30,BR-00153
CUR-3116157,74F14DM1BE,Current,42891442.77,2020-01-30,BR-00130
BUS-3620891,PH4LV5C6H8,Business,16692216.65,2019-04-07,BR-00135
CUR-4071489,VWOY0N0XUX,Current,15811139.98,2021-11-06,BR-00182
SAV-3462013,XOB5VO87TJ,Savings,65342046.59,2020-05-03,BR-00119
SAV-2578956,K2MMD5AXAZ,Savings,74765134.85,2021-08-01,BR-00146
BUS-3044559,EVTULOLJEK,Business,60500814.89,2019-12-04,BR-00163
BUS-9446909,PPH9PI4VQO,Business,45750853.94,2020-08-26,BR-00126
CUR-9352944,YW7YBZ4EC7,Current,50873204.02,2021-04-02,BR-00003
BUS-4009829,43F1J0ZM0K,Business,54190331.1,2021-08-07,BR-00053
SAV-5122204,DUMN0V8DMD,Savings,29443871.27,2022-11-09,BR-00059
BUS-6165633,KSTCDNRYGF,Business,89580690.69,2019-01-24,BR-00074
BUS-1585706,0EFE7BDBIH,Business,79210511.86,2019-12-15,BR-00008
CUR-7959852,9NQ3GZG19N,Current,96317143.18,2019-01-03,BR-00098
CUR-8155191,RR0LEW7F8N,Current,5114845.2,2021-08-18,BR-00106
CUR-9309145,6UPCM4LPQA,Current,97309274.02,2019-03-17,BR-00022
BUS-8031212,G1R00ZBJ53,Business,28994907.8,2022-12-17,BR-00090
SAV-2827864,31X06DORJN,Savings,55554353.27,2021-07-26,BR-00004
SAV-6183241,JBZ9LPGGYK,Savings,56306873.16,2022-03-18,BR-00130
BUS-9807610,T62373JKS6,Business,60037738.56,2019-11-19,BR-00065
SAV-4606562,NKFWPP0LCK,Savings,89681660.15,2021-03-20,BR-00006
CUR-8931687,56GOX0EAVK,Current,77052349.71,2022-03-01,BR-00174
CUR-2788760,YRY7S9XVGS,Current,44034777.91,2021-11-10,BR-00102
BUS-8685843,W3HDT73X38,Business,22868246.23,2019-01-02,BR-00073
CUR-2172680,5RUPNFI04S,Current,5095644.97,2022-05-26,BR-00168
SAV-4630660,POX3RDTCG2,Savings,6710549.44,2019-07-22,BR-00076
BUS-6554666,4T5SBSP1HQ,Business,58030790.71,2019-04-02,BR-00128
SAV-5699973,K2C1AMJB32,Savings,28451946.84,2019-12-15,BR-00198
BUS-3647186,41GP2MECV3,Business,36128369.59,2020-07-19,BR-00054
SAV-5562276,H7E20I4ABD,Savings,55156980.37,2020-12-25,BR-00076
CUR-4724979,L2U8EJ41BJ,Current,80690517.64,2021-04-30,BR-00068
BUS-4050342,TLTG3CIF8J,Business,80007640.38,2020-06-01,BR-00014
CUR-8505056,A5JSS2FOKJ,Current,26939769.25,2019-12-04,BR-00034
CUR-9984820,AIKUW6J4OS,Current,47997329.97,2021-08-27,BR-00034
CUR-2934343,I9QM4D7VER,Current,37879671.46,2019-03-18,BR-00065
SAV-2323576,D4KM94Y9FM,Savings,55984117.58,2019-10-04,BR-00018
BUS-2551134,48GIQSORTD,Business,61374971.55,2020-11-06,BR-00074
BUS-4160063,M5FJECJU5N,Business,27404692.79,2019-03-05,BR-00143
SAV-4561754,IJVEJ7U3HS,Savings,20291734.89,2021-12-11,BR-00162
BUS-1410885,N3N21ZI2QZ,Business,3555673.1,2022-01-05,BR-00106
CUR-2381084,LIBZCFER15,Current,32680900.6,2022-05-10,BR-00112
CUR-4155598,UCIMPSBIH5,Current,76293275.82,2020-10-30,BR-00135
CUR-8566951,JRV7QL10TQ,Current,61709749.69,2019-03-07,BR-00087
CUR-2748227,BI09A09W11,Current,59272587.03,2021-04-02,BR-00078
SAV-6725978,ZBQG9XZ6ZW,Savings,42587623.41,2020-11-09,BR-00149
SAV-4355627,DM0XKSEMZW,Savings,60531937.2,2019-11-11,BR-00197
SAV-9307148,XSUS9ZM39H,Savings,59500280.02,2019-11-22,BR-00103
SAV-2991078,N0PXU48EJO,Savings,48401228.52,2021-01-13,BR-00092
SAV-5071145,0OIPWOWIF4,Savings,14113348.86,2019-09-15,BR-00035
CUR-3105476,YJT38O9QU9,Current,50201834.99,2019-04-06,BR-00028
SAV-7566586,ULEA1U9MXT,Savings,68506007.33,2020-10-02,BR-00106
CUR-7523986,JF17BNGAMY,Current,16776538.0,2022-06-09,BR-00077
BUS-5957410,6F6M218ACJ,Business,40755255.5,2020-07-31,BR-00090
SAV-5427524,HV5K597MT9,Savings,66310499.75,2021-07-30,BR-00143
SAV-4389888,E9W16U8MU5,Savings,77579865.78,2021-10-03,BR-00116
BUS-6174150,QC5MC6CU20,Business,5172454.84,2022-09-11,BR-00027
BUS-9162985,XQTYKTLOBV,Business,18653792.73,2021-03-20,BR-00172
SAV-5204895,LWD8MDPQAI,Savings,1293092.09,2020-03-15,BR-00028
SAV-7428570,Y4ECJWZR6Q,Savings,62105811.17,2022-04-01,BR-00151
SAV-7510517,J712Y10913,Savings,25732727.05,2019-05-02,BR-00002
CUR-5700086,S11R9YBBT2,Current,48972027.12,2020-04-21,BR-00174
CUR-3093456,0U5AJPYF2R,Current,20102451.0,2022-05-09,BR-00089
CUR-1858276,YJDGXI1K9W,Current,50223939.91,2022-02-11,BR-00052
SAV-1828954,UQD8GKP9G4,Savings,83475435.13,2021-08-26,BR-00101
BUS-8327393,OJ8FT3MGJK,Business,8241456.57,2019-09-30,BR-00060
BUS-3412077,D7P02N3Q2A,Business,36226753.92,2022-06-04,BR-00091
BUS-8980405,S3T790UOK4,Business,80296203.97,2021-01-03,BR-00172
BUS-3921218,K3VDWTTWTJ,Business,53889090.41,2021-06-19,BR-00073
BUS-7930414,342AZODJV5,Business,65213676.66,2019-03-23,BR-00044
BUS-8828835,DBIE7SGH7C,Business,2226804.32,2021-03-31,BR-00005
CUR-9508131,GHI1M078G9,Current,54416599.39,2022-04-22,BR-00094
BUS-8334869,N7IUWFWT6I,Business,54021247.52,2022-07-26,BR-00090
SAV-3628481,XXWI8VLNKW,Savings,79830885.6,2020-10-17,BR-00192
CUR-9285467,3D46RYGY3F,Current,6166405.58,2019-06-13,BR-00117
CUR-3549097,RILAQHADPW,Current,41026667.88,2021-12-28,BR-00003
SAV-2141079,D893L0IM26,Savings,47914739.0,2022-05-21,BR-00023
CUR-7690942,X9IGE81SJH,Current,81421666.54,2021-10-10,BR-00175
BUS-7942086,YQGJX378SX,Business,77488034.77,2021-10-25,BR-00006
BUS-8005054,LJMMOMTYLQ,Business,13071394.46,2021-07-03,BR-00050
SAV-3111085,7I70Z3OLOW,Savings,29681073.99,2022-10-12,BR-00013
BUS-9981053,ZN0AEUPM52,Business,39450940.53,2022-07-23,BR-00042
BUS-3891235,08ASSL3M1U,Business,47075596.05,2020-02-24,BR-00161
CUR-3366875,QTR3EZCG42,Current,66377000.2,2019-03-09,BR-00085
SAV-2490097,4SHHMCL6SR,Savings,99656823.57,2020-10-30,BR-00037
SAV-8735870,FUANJKI6RM,Savings,11936058.93,2021-02-01,BR-00108
CUR-7777600,C6YD2VB33R,Current,98661090.42,2022-05-15,BR-00189
CUR-7303402,C9S7VKW8HW,Current,46090551.72,2020-04-09,BR-00036
BUS-1986983,ZOQ07ZERIV,Business,15692155.85,2020-04-01,BR-00169
CUR-9630928,RB3XRWJGQ2,Current,87088320.77,2022-08-25,BR-00012
CUR-5552322,NYH8R0PV3E,Current,22614205.52,2019-02-10,BR-00069
BUS-5148695,M6M9G57UHD,Business,98686385.51,2021-06-05,BR-00181
BUS-8654399,J4VTH3AZ8G,Business,38945812.54,2020-07-06,BR-00109
CUR-9873761,UFETH02L23,Current,98942961.91,2021-05-09,BR-00189
SAV-6297336,UK3CMZ7X0Z,Savings,87532237.16,2020-11-28,BR-00106
CUR-5887418,0YBA5NQGSO,Current,22006928.88,2020-04-01,BR-00183
CUR-1114709,A3COVT1V9X,Current,46870379.09,2020-09-10,BR-00067
CUR-4718119,L9IY6VCZSJ,Current,4124012.81,2020-04-14,BR-00077
CUR-1710692,ZQVPCISIAR,Current,32717940.71,2021-09-27,BR-00038
CUR-4102866,N324YTHP7Q,Current,97345883.61,2021-10-09,BR-00141
BUS-6739590,II2X9FJ60E,Business,67665038.07,2019-10-17,BR-00063
SAV-5818062,TRYJRIPJ0B,Savings,16933356.38,2022-06-13,BR-00057
CUR-8634698,MED8RMZBOB,Current,58139873.77,2022-03-20,BR-00052
BUS-5923752,4A18TAIMB9,Business,19356460.36,2021-06-27,BR-00068
CUR-4073616,8CEWGD52MQ,Current,49717615.4,2019-11-18,BR-00198
BUS-8707938,Z1K6PLLXB4,Business,68629368.95,2019-03-01,BR-00051
CUR-3515369,70242T76HX,Current,19636011.88,2019-10-15,BR-00153
SAV-6930416,9AA26WJU8J,Savings,65921237.55,2020-07-06,BR-00199
SAV-2079390,QRNM5A2U1D,Savings,8183914.06,2021-11-27,BR-00065
BUS-9861842,HJ3MQ96QYY,Business,58621591.14,2019-06-24,BR-00058
CUR-9616027,SA2O2EUP9P,Current,84177864.0,2021-06-20,BR-00089
BUS-1154319,SCSCKMTEOQ,Business,80879732.33,2022-08-26,BR-00159
SAV-7960007,CAEZVQ4R5E,Savings,24396966.72,2019-04-15,BR-00052
CUR-6693586,KTFTSFG246,Current,29029806.4,2022-04-29,BR-00190
SAV-5490945,IEQTETRWMF,Savings,4254584.59,2021-06-06,BR-00134
SAV-2191082,3Q9G62NZ1P,Savings,53718020.87,2022-10-09,BR-00002
CUR-1851376,EZEPSRODAI,Current,1685547.9,2019-04-15,BR-00031
SAV-2268601,FQ49U1G4HK,Savings,88011393.41,2019-09-08,BR-00078
SAV-1255502,I9QM4D7VER,Savings,74266063.63,2020-11-30,BR-00123
CUR-9658423,FP4I4PQI7C,Current,10051903.08,2021-09-24,BR-00024
BUS-1388057,JGE8XLPZ4Z,Business,3262316.5,2021-09-10,BR-00020
BUS-8738026,23WKHEC3QL,Business,4996569.14,2019-08-20,BR-00132
SAV-1927827,PBBXFS52CD,Savings,79388531.42,2019-05-28,BR-00091
BUS-3103733,GXFBT4Z6QF,Business,78248566.16,2021-06-09,BR-00048
CUR-7593225,C1ZIRXHY72,Current,86437910.72,2021-01-23,BR-00128
BUS-4866406,JI1UGOGD9N,Business,8326422.26,2022-10-30,BR-00018
CUR-1786421,AAEOPI0CJ4,Current,69479081.13,2019-01-30,BR-00185
SAV-4409061,BRJ38G459K,Savings,63664591.73,2020-08-27,BR-00177
SAV-3731618,XTTBJA2GQI,Savings,36571041.4,2020-04-04,BR-00105
BUS-9427831,1YWU3D58E3,Business,20287044.09,2022-02-22,BR-00151
BUS-8279847,MMM76Z36NC,Business,91837298.86,2020-05-11,BR-00076
CUR-7703493,6DI1B9UP1N,Current,12383221.05,2020-08-04,BR-00188
CUR-4367001,S7OIOQTLRR,Current,68175309.43,2019-09-12,BR-00016
CUR-1821276,Z8Y5T5K998,Current,47551997.8,2022-06-15,BR-00182
SAV-2615608,8GDL5XWWDY,Savings,62028191.58,2022-06-13,BR-00105
SAV-9097408,M3R1KG1MLQ,Savings,31693018.79,2021-10-30,BR-00094
BUS-6428486,Q3E0OUZH11,Business,46625836.51,2020-12-01,BR-00161
BUS-1973117,HZT8WX02ZS,Business,50840624.23,2022-07-13,BR-00092
SAV-4304020,ZDHDTK4TOY,Savings,75015900.89,2022-03-10,BR-00158
CUR-7490765,KIWMDUSC25,Current,97106399.11,2022-07-29,BR-00129
BUS-3973570,FPM2GU2CRM,Business,55017589.06,2021-06-23,BR-00013
BUS-2487431,TFP7ZQATEV,Business,19564975.32,2020-08-28,BR-00035
SAV-2595484,8ENFU26CZ6,Savings,72385603.93,2022-07-19,BR-00053
BUS-8568653,GBH5G7Y4JC,Business,17282718.21,2019-08-15,BR-00004
CUR-1611011,1YM9RZ17G4,Current,38292569.48,2019-11-03,BR-00059
CUR-2634528,WHE0BSB3YQ,Current,17540632.41,2019-03-27,BR-00105
CUR-1281354,3SJERTF5Z2,Current,16756284.4,2021-10-12,BR-00026
BUS-3361629,ZRGZJC26LD,Business,60381022.38,2022-02-20,BR-00163
BUS-2225538,9J7ZFRNET3,Business,96166173.33,2021-07-28,BR-00147
BUS-3772157,7DHFJF1A84,Business,92303763.03,2019-04-17,BR-00065
CUR-2880457,61DWEZA5SH,Current,52961563.94,2019-06-03,BR-00037
SAV-8076437,KII2J5AAN8,Savings,7261435.12,2019-07-05,BR-00022
CUR-8431594,J0100IWMZN,Current,57679949.14,2020-07-25,BR-00049
SAV-5150419,E0189AMG2D,Savings,65534657.18,2019-02-15,BR-00131
BUS-2942259,P3AMUDNKYS,Business,32878966.74,2022-11-19,BR-00151
BUS-5417368,039GKF111V,Business,62263405.84,2019-01-18,BR-00107
CUR-3686081,5ZIFLAP3W5,Current,60190122.79,2019-01-24,BR-00110
SAV-3180596,QDKIWST4EZ,Savings,41404070.5,2020-11-15,BR-00055
BUS-6675210,7BO8I5KXFD,Business,94261619.63,2022-09-10,BR-00053
SAV-9566164,KHN1H0SUA0,Savings,47031760.9,2020-12-07,BR-00146
SAV-3955604,BT5L7P31DN,Savings,14289269.03,2022-09-04,BR-00182
BUS-1040653,1M2541C3SH,Business,94318120.19,2021-03-09,BR-00146
CUR-7439945,89H0ILFBFG,Current,97365750.22,2019-05-23,BR-00027
BUS-3000522,GKD0UE37Y8,Business,18769965.8,2021-08-05,BR-00087
BUS-1232004,7AVNE1TE11,Business,25658511.84,2021-12-13,BR-00157
SAV-9028659,DXNRCNVL3V,Savings,25883467.79,2022-07-14,BR-00080
CUR-7350044,7J4Q8AWRBU,Current,14244275.94,2022-12-03,BR-00102
SAV-6153206,VPLBAZDG07,Savings,71775660.11,2022-08-15,BR-00020
SAV-4231629,K4M31GWPK5,Savings,80707277.74,2022-05-30,BR-00096
BUS-3210238,78TYQAYL23,Business,19491177.98,2019-12-10,BR-00019
SAV-6032797,RBS8X3SZJ9,Savings,97168784.29,2022-10-02,BR-00165
BUS-7484994,VEAAHKI6DT,Business,4693918.39,2019-01-19,BR-00076
BUS-2719114,1TP6IQMQVU,Business,78955862.36,2019-12-17,BR-00043
CUR-8551290,805O3XAKEW,Current,18874193.57,2022-11-20,BR-00130
SAV-9892504,61HWN5BNHK,Savings,68960684.22,2021-04-01,BR-00108
SAV-4883200,K5ADRRVGVM,Savings,95629895.89,2019-10-23,BR-00020
BUS-4095345,9CRCG319OP,Business,30081357.39,2021-01-27,BR-00160
SAV-9960457,BBTQJATNPK,Savings,78971027.7,2019-04-03,BR-00172
SAV-6122118,IYT6W5G5WH,Savings,83074219.68,2021-11-14,BR-00196
BUS-1735201,KROR6JM64K,Business,18818320.62,2019-08-23,BR-00016
BUS-4747132,LMUCWB7PL7,Business,50654308.95,2021-01-17,BR-00005
CUR-8972548,GGQEKUVYHU,Current,42874777.79,2020-02-15,BR-00174
BUS-4587598,QQLJHKDTX6,Business,20481282.99,2020-08-03,BR-00057
CUR-4671966,7X6YVA2GBO,Current,69694116.42,2020-07-23,BR-00010
CUR-6474275,JA39GJXF8F,Current,13630543.23,2020-03-05,BR-00116
SAV-2043887,UD73APY2CT,Savings,15584409.35,2020-04-05,BR-00090
CUR-5144731,Q14Y4BJJGQ,Current,63616518.39,2020-12-29,BR-00112
CUR-4223368,5SSGZS4IUC,Current,99035769.15,2019-08-17,BR-00184
CUR-8381237,6VD0964C4K,Current,46982991.61,2022-03-18,BR-00139
SAV-2950358,66R3ZPLTMM,Savings,55863264.13,2021-03-19,BR-00022
BUS-2553797,05GUG568DF,Business,21742860.03,2021-12-18,BR-00104
SAV-7113036,4HLGAG3XWZ,Savings,54946951.47,2019-08-11,BR-00170
BUS-8953929,WD6H6BK7KL,Business,78399248.66,2020-01-27,BR-00186
CUR-4392751,4TEWNKHDGK,Current,49615377.0,2020-03-04,BR-00007
SAV-3353702,OM1HSDBNKQ,Savings,61690445.86,2022-10-31,BR-00189
BUS-9602790,6ZDSTYPBN0,Business,22276946.47,2021-01-23,BR-00193
CUR-6501763,IMD9DSVKBZ,Current,99443597.23,2022-11-19,BR-00015
CUR-1273757,1PPR8GOQSM,Current,79846164.63,2020-03-07,BR-00066
SAV-6342036,LMUCWB7PL7,Savings,64778527.09,2021-10-09,BR-00149
SAV-6491556,0LM1MC4KOD,Savings,84710953.52,2021-07-17,BR-00185
BUS-4863131,85LW1SMH7N,Business,85263317.49,2020-03-22,BR-00025
BUS-7151610,JNH2WGO3V3,Business,16437259.29,2019-05-07,BR-00166
BUS-1974191,VQ3RGOEI5Z,Business,6985788.28,2021-07-20,BR-00185
SAV-5384431,TNK4Z9N23C,Savings,67574337.34,2021-02-02,BR-00086
BUS-7930973,YFFMEBEDMD,Business,48649624.7,2022-05-31,BR-00193
SAV-3065114,E2GAJSPCTR,Savings,19263746.68,2022-11-05,BR-00165
CUR-5566747,FZCYYOS3L7,Current,66361223.82,2022-02-10,BR-00047
CUR-3651003,ZKZ7QYMGE8,Current,86704462.28,2022-10-02,BR-00043
SAV-6979702,SRHM4O0BO1,Savings,4476286.58,2020-12-23,BR-00191
CUR-6636943,JTFEPN4V8U,Current,73935778.31,2020-03-18,BR-00006
CUR-5156202,JZHZ14JKFC,Current,31423210.89,2022-05-28,BR-00013
SAV-5272933,10CI1XMFDD,Savings,79474480.69,2022-11-16,BR-00160
SAV-9658025,RYWN8BMLQQ,Savings,55700257.03,2022-10-12,BR-00145
CUR-2969477,7LOHEC1SH5,Current,57703480.99,2021-11-17,BR-00007
SAV-1494369,L04B7ZO3SW,Savings,66625726.1,2022-07-17,BR-00025
BUS-4180843,CZDNZ0JMHV,Business,35179351.5,2020-07-04,BR-00059
CUR-5649187,DX8GHBR8JP,Current,35745680.8,2022-10-13,BR-00028
SAV-2061552,2TIP28HMAA,Savings,63428337.9,2021-05-27,BR-00039
BUS-7807988,TI1UTHGDSI,Business,10282109.37,2020-04-25,BR-00030
SAV-3584254,IPQACGUJ9A,Savings,84421442.82,2022-04-15,BR-00024
CUR-2778727,Y4LPIPQ0X7,Current,87486200.94,2021-01-02,BR-00113
SAV-1562943,K6NLVT08OG,Savings,31786762.0,2021-12-02,BR-00173
BUS-8173134,POGRW87MKP,Business,98378787.61,2020-11-02,BR-00094
CUR-3455783,CFWPW24V97,Current,24586346.01,2021-07-07,BR-00163
SAV-1025141,04NNLULEBV,Savings,14598993.45,2019-08-24,BR-00154
BUS-7234760,FXPWCNWNIQ,Business,96484015.19,2021-11-28,BR-00001
SAV-8283232,QFPCOCNJ7L,Savings,28797213.24,2020-07-26,BR-00198
CUR-5417487,E60HOWN25E,Current,83287846.21,2019-08-14,BR-00186
CUR-1525104,C9ANA54PC7,Current,26277712.95,2019-09-22,BR-00192
CUR-9873587,ESH5Z7SA92,Current,931884.01,2021-05-24,BR-00197
CUR-1321718,X0R9KHL5N2,Current,59038611.3,2022-06-18,BR-00012
BUS-6521407,DIG231NA8J,Business,17041398.59,2020-10-29,BR-00181
SAV-6930413,XSZYCNONFN,Savings,30797895.61,2021-06-13,BR-00143
BUS-6716827,VU870C81A3,Business,42598478.39,2019-06-19,BR-00024
