Customer_id,Credit Score,Annual Income,Years of Credit History,Months since last delinquent,Number of Open Accounts,Number of Credit Problems,Current Credit Balance,Maximum Open Credit,Bankruptcies,Tax Liens
V0H084B3FA,745.0,787474.0,11.7,,6.0,1.0,206682.0,414788.0,1.0,0.0
7SI1YKSDMB,,,30.3,,10.0,0.0,593123.0,972774.0,0.0,0.0
H0L4L7VHXT,731.0,617291.0,25.2,,8.0,0.0,130891.0,309914.0,0.0,0.0
6I324KGK08,712.0,653562.0,18.9,,20.0,2.0,149169.0,423302.0,0.0,1.0
WKJ0VXQFIY,648.0,1303134.0,17.9,40.0,7.0,0.0,332291.0,465806.0,0.0,0.0
HT4P3N5R38,726.0,1000863.0,14.3,,7.0,0.0,137617.0,236082.0,0.0,0.0
Y4EHCD6U3G,707.0,1216608.0,12.8,76.0,7.0,0.0,204250.0,283932.0,0.0,0.0
KTYHYNJG3Q,724.0,973085.0,16.8,25.0,18.0,0.0,220210.0,1517736.0,0.0,0.0
2N2119NGLF,731.0,597303.0,12.8,20.0,15.0,1.0,32110.0,97328.0,0.0,1.0
CT2JZ4HB0I,710.0,1651024.0,17.1,37.0,7.0,0.0,594814.0,734272.0,0.0,0.0
HF5N5ZWXFL,680.0,3440482.0,20.8,35.0,10.0,0.0,359043.0,878922.0,0.0,0.0
4WMWWD3L7C,739.0,887433.0,31.0,27.0,7.0,1.0,22629.0,436854.0,1.0,0.0
RIPWSYBXN8,671.0,873810.0,7.8,16.0,10.0,0.0,92378.0,384736.0,0.0,0.0
9GXGVJOUV1,732.0,1486864.0,21.8,,18.0,0.0,708244.0,927674.0,0.0,0.0
WOT5TC8J5V,6470.0,1021706.0,18.9,,7.0,0.0,591014.0,1009338.0,0.0,0.0
U38Z486TPA,709.0,1263291.0,14.9,25.0,16.0,1.0,220590.0,330858.0,1.0,0.0
PYTD6L08D9,714.0,1010971.0,25.4,18.0,11.0,0.0,65854.0,224906.0,0.0,0.0
YDS5XC3E0C,,,12.8,,16.0,0.0,313652.0,1100506.0,0.0,0.0
AB4ANZ6G75,6920.0,1145719.0,17.0,65.0,11.0,0.0,245119.0,384076.0,0.0,0.0
AWVATWP59G,725.0,2374525.0,17.5,78.0,9.0,0.0,1893597.0,2526018.0,0.0,0.0
KXGA8SKWE8,6870.0,1428002.0,17.8,,16.0,0.0,1051479.0,1386682.0,0.0,0.0
OQ9B2EXIDK,7200.0,805980.0,20.2,,13.0,1.0,285646.0,557766.0,1.0,0.0
TEJYJOBYU0,,,34.2,,16.0,0.0,433618.0,651222.0,0.0,0.0
UDO9383QJE,676.0,1837129.0,19.4,5.0,9.0,0.0,34751.0,78430.0,0.0,0.0
3OLCZ44QRO,6770.0,540265.0,11.0,,9.0,0.0,115862.0,340472.0,0.0,0.0
SQFIGG8YCD,742.0,1077262.0,24.5,29.0,37.0,0.0,212800.0,502876.0,0.0,0.0
I21IUMPDF1,703.0,934515.0,23.1,,30.0,0.0,275082.0,629486.0,0.0,0.0
KSTCDNRYGF,734.0,1131564.0,15.8,45.0,7.0,0.0,404187.0,567996.0,0.0,0.0
9O7IBO2QF1,634.0,1558152.0,15.8,,11.0,0.0,233567.0,512204.0,0.0,0.0
EK7ID36HSW,746.0,719682.0,23.5,,6.0,0.0,532779.0,877536.0,0.0,0.0
A3V6947CM2,,,10.0,,6.0,0.0,52611.0,230780.0,0.0,0.0
JUMVL6CNGJ,,,,,,,,,,
JTJGYY3G1V,726.0,672657.0,7.7,,11.0,0.0,86469.0,333718.0,0.0,0.0
SWIQKJBXG3,,,29.1,,10.0,0.0,281162.0,1183820.0,0.0,0.0
3O4E8R56ZY,739.0,990926.0,28.2,41.0,16.0,0.0,376314.0,935066.0,0.0,0.0
62KEF2L6A7,700.0,1729494.0,20.7,,13.0,0.0,1279650.0,2698916.0,0.0,0.0
70I2OKRKVT,746.0,1112032.0,7.0,,9.0,0.0,74024.0,361658.0,0.0,0.0
3G9BQWXW9T,6200.0,568461.0,11.3,81.0,9.0,0.0,46683.0,158092.0,0.0,0.0
EBADE46TWC,738.0,448210.0,21.8,75.0,10.0,0.0,167656.0,302852.0,0.0,0.0
BFMG80UXBU,684.0,890777.0,19.1,,11.0,0.0,554230.0,842182.0,0.0,0.0
5JKCGF3355,741.0,638609.0,16.7,,8.0,0.0,91713.0,210694.0,0.0,0.0
NGWTZJBA6L,711.0,1159380.0,10.0,,9.0,0.0,99617.0,134266.0,0.0,0.0
0SG7NNSF4X,717.0,869972.0,22.8,,9.0,0.0,157795.0,290928.0,0.0,0.0
2PWD36CYIN,6660.0,1847655.0,15.2,,15.0,0.0,349125.0,1098548.0,0.0,0.0
UOG3N8126X,,,17.9,,7.0,0.0,24111.0,129866.0,0.0,0.0
HIJ689V14I,731.0,929537.0,18.7,42.0,14.0,0.0,100453.0,380072.0,0.0,0.0
TL34PNHBMJ,702.0,2088328.0,21.7,,13.0,1.0,155800.0,451044.0,1.0,0.0
WUQ9TQNUUY,7300.0,1455780.0,13.5,22.0,11.0,0.0,345002.0,631092.0,0.0,0.0
IUM9BQSTDG,721.0,1232036.0,9.9,,16.0,0.0,320112.0,1188022.0,0.0,0.0
TW6CKHYU0D,,,17.5,8.0,10.0,0.0,526737.0,667304.0,0.0,0.0
SCWTGMGSVA,691.0,866571.0,11.4,,7.0,0.0,361418.0,469150.0,0.0,0.0
NPEC809HZL,726.0,1374574.0,17.7,,13.0,0.0,356782.0,581020.0,0.0,0.0
F2TJTJKFR4,727.0,392939.0,13.4,11.0,5.0,1.0,40413.0,96470.0,1.0,0.0
BRNQAB0WL7,716.0,2101495.0,14.5,49.0,10.0,0.0,276811.0,384780.0,0.0,0.0
QORGNB0CZO,743.0,1774866.0,27.8,56.0,11.0,0.0,244264.0,1198406.0,0.0,0.0
0V5T0VU6A2,750.0,950380.0,17.7,,7.0,0.0,115691.0,305866.0,0.0,0.0
VOTBDILZFU,742.0,1916682.0,29.0,38.0,17.0,0.0,365161.0,689744.0,0.0,0.0
R3UCAFEO7N,740.0,5172750.0,16.8,65.0,15.0,0.0,485773.0,740080.0,0.0,0.0
HCV210D3CL,645.0,2667106.0,19.6,,10.0,0.0,163609.0,187924.0,0.0,0.0
5ZKGM5HIK7,6980.0,831307.0,13.3,48.0,6.0,0.0,26847.0,167112.0,0.0,0.0
N47CIMKPD5,744.0,1102988.0,28.0,,11.0,0.0,505837.0,761662.0,0.0,0.0
AXIA5FUDN7,,,13.0,15.0,29.0,0.0,92663.0,558822.0,0.0,0.0
F8UQENH1M4,652.0,1039338.0,17.7,77.0,9.0,0.0,248007.0,483428.0,0.0,0.0
NL1S07K2NJ,748.0,1295097.0,24.3,,13.0,0.0,347472.0,1780240.0,0.0,0.0
OY20GP1F66,692.0,1507840.0,16.9,,9.0,0.0,340841.0,467060.0,0.0,0.0
CAMVCR4J4H,702.0,1621308.0,36.9,55.0,13.0,0.0,461168.0,687236.0,0.0,0.0
E2RCNHV08D,738.0,761900.0,13.2,,6.0,0.0,221882.0,562188.0,0.0,0.0
BOPR06U2YW,7070.0,1168101.0,17.6,17.0,11.0,0.0,228228.0,307648.0,0.0,0.0
WNXSJ8WGG8,667.0,1133388.0,10.2,,9.0,0.0,484101.0,923472.0,0.0,0.0
HADEDX2DAZ,714.0,1701146.0,22.5,,20.0,0.0,806645.0,1585760.0,0.0,0.0
YE3VPVKI6T,739.0,1010325.0,16.8,,12.0,1.0,297654.0,445280.0,0.0,1.0
SMVXI9QX8H,,,13.5,47.0,12.0,0.0,163894.0,344388.0,0.0,0.0
BABOKTBKF1,705.0,2175006.0,17.3,7.0,6.0,0.0,240426.0,291214.0,0.0,0.0
AWE37OBW73,738.0,2556032.0,24.6,,6.0,0.0,352431.0,513304.0,0.0,0.0
SMY91MBBFD,691.0,1255748.0,18.5,19.0,10.0,0.0,42864.0,511720.0,0.0,0.0
4OHK8VL31F,,,13.8,,4.0,0.0,33820.0,407924.0,0.0,0.0
U1REUT2HBJ,727.0,564129.0,5.9,,9.0,0.0,91941.0,121924.0,0.0,0.0
V4K7AWCQJB,,,20.5,,6.0,0.0,258932.0,501358.0,0.0,0.0
SKFFAD2TG0,601.0,2141623.0,13.9,,12.0,0.0,136059.0,188210.0,0.0,0.0
4JHV0RV581,737.0,1265514.0,24.3,,7.0,0.0,550981.0,876348.0,0.0,0.0
R87V2BKQPX,685.0,1109163.0,15.4,,17.0,0.0,103170.0,300894.0,0.0,0.0
31I7MOSWJU,723.0,1312577.0,11.4,,11.0,0.0,321214.0,730730.0,0.0,0.0
Z4YCX0RKNB,663.0,1104014.0,15.4,27.0,19.0,0.0,310954.0,601106.0,0.0,0.0
TSMTPQUYMC,705.0,1790199.0,13.4,,14.0,0.0,717554.0,1308406.0,0.0,0.0
ZSX2DC9QXQ,710.0,654227.0,20.5,,8.0,0.0,402743.0,571472.0,0.0,0.0
AWGZ5BZIOG,736.0,1732439.0,12.6,,15.0,0.0,322696.0,577522.0,0.0,0.0
QXHNGF19ZW,,,19.9,28.0,17.0,0.0,462669.0,691240.0,0.0,0.0
R89VF4TCKT,668.0,2996528.0,20.9,2.0,11.0,0.0,113354.0,486156.0,0.0,0.0
PMT95VMMWQ,739.0,1847997.0,15.6,8.0,9.0,0.0,102543.0,305998.0,0.0,0.0
BXEK9Z59C0,704.0,286330.0,13.0,38.0,6.0,0.0,164483.0,278454.0,0.0,0.0
2PEEODDR4W,,,15.3,,10.0,0.0,495140.0,692406.0,0.0,0.0
ELGWPKREDA,700.0,985473.0,11.3,,14.0,1.0,168891.0,532840.0,1.0,0.0
9R9B9FCHSI,742.0,1115832.0,10.5,,8.0,1.0,130245.0,571230.0,1.0,0.0
DXDQH4HDSL,625.0,1297814.0,9.3,,7.0,0.0,95950.0,167552.0,0.0,0.0
F8LNNH9OYW,,,12.8,19.0,11.0,0.0,123462.0,258500.0,0.0,0.0
MYL46YQU4J,,,18.2,,4.0,0.0,91428.0,111782.0,0.0,0.0
OBB8UZBQIB,718.0,947131.0,30.7,48.0,4.0,0.0,57741.0,134244.0,0.0,0.0
HWFOB4YTSO,743.0,1236862.0,18.7,58.0,6.0,0.0,74347.0,110374.0,0.0,0.0
TS4BRGN1WM,719.0,1117276.0,40.8,,6.0,1.0,125666.0,179630.0,1.0,0.0
9GL7EU704W,718.0,487749.0,8.1,,11.0,0.0,69141.0,119834.0,0.0,0.0
NAW05TMETP,729.0,570285.0,11.4,,6.0,0.0,165471.0,261756.0,0.0,0.0
RJK5F7XAFL,673.0,608608.0,12.4,,13.0,1.0,161557.0,393844.0,1.0,0.0
MKFN5L089M,735.0,625138.0,14.7,,13.0,0.0,233624.0,564740.0,0.0,0.0
3K471GEE76,,,25.0,,15.0,0.0,1713895.0,3801732.0,0.0,0.0
42WLLJOLVZ,740.0,284221.0,25.5,15.0,10.0,0.0,140923.0,824076.0,0.0,0.0
TF537LO3MF,702.0,999362.0,21.8,,9.0,1.0,160550.0,371800.0,1.0,0.0
POKX7MVPH4,683.0,1641372.0,26.3,5.0,8.0,0.0,111378.0,142186.0,0.0,0.0
4D2LLAUH3P,,,9.1,,9.0,0.0,216638.0,393162.0,0.0,0.0
DFLFN60ZC1,672.0,1064000.0,20.4,12.0,8.0,1.0,2413.0,63492.0,1.0,0.0
G8QCH6IJ9F,,,26.8,26.0,12.0,0.0,2934892.0,4766212.0,0.0,0.0
UPUC2MB2FX,693.0,1399065.0,18.7,,8.0,0.0,317775.0,388542.0,0.0,0.0
UWOVBFJEO7,,,15.9,,6.0,0.0,106324.0,125092.0,0.0,0.0
XI89GG8YN3,641.0,375554.0,4.8,,8.0,0.0,182837.0,372064.0,0.0,0.0
OXRR40ARJN,740.0,1228825.0,16.5,13.0,13.0,0.0,437627.0,718784.0,0.0,0.0
2FE7XSS98K,,,16.7,15.0,13.0,0.0,421553.0,744084.0,0.0,0.0
O5ELLUQUJC,,,16.0,,12.0,0.0,398145.0,773520.0,0.0,0.0
QDNTF4Y1WX,,,11.0,45.0,8.0,0.0,76304.0,252406.0,0.0,0.0
A6G3TKLJWA,749.0,3729453.0,17.9,,8.0,0.0,1073766.0,2628538.0,0.0,0.0
8OUHV65MHN,745.0,1013175.0,12.4,34.0,7.0,0.0,183502.0,318560.0,0.0,0.0
IWZ1Z3F2E9,720.0,1654254.0,19.3,30.0,18.0,0.0,484823.0,901098.0,0.0,0.0
QFP3J31AWU,663.0,1512400.0,17.9,,14.0,0.0,632054.0,956648.0,0.0,0.0
36R638H1C6,,,16.4,38.0,20.0,0.0,200678.0,647262.0,0.0,0.0
LUJ6U4H4XN,,,24.7,50.0,17.0,0.0,240616.0,460526.0,0.0,0.0
PLBBR50ZMU,742.0,2796420.0,29.0,,21.0,0.0,1336859.0,5431382.0,0.0,0.0
8LP7C3RVF0,,,16.6,,13.0,0.0,329422.0,1315292.0,0.0,0.0
9O1SIK65M8,719.0,564186.0,10.5,16.0,4.0,0.0,5225.0,108086.0,0.0,0.0
W113LS3Q5K,713.0,606290.0,14.7,,11.0,1.0,39026.0,122144.0,1.0,0.0
VQ3RGOEI5Z,632.0,968202.0,13.0,0.0,12.0,0.0,57038.0,71566.0,,
WM28KQHYTV,745.0,1264279.0,16.6,56.0,6.0,0.0,164901.0,285846.0,0.0,0.0
O7EOMJI1D5,740.0,2035546.0,31.6,30.0,10.0,0.0,238754.0,531630.0,0.0,0.0
W01DNYIOMP,735.0,1764435.0,24.2,,7.0,1.0,106609.0,211024.0,1.0,0.0
Q1LT2250S0,,,15.0,,12.0,0.0,400216.0,680460.0,0.0,0.0
9H5ZYPEJU1,721.0,1630827.0,21.0,40.0,23.0,0.0,349220.0,546436.0,0.0,0.0
T6VF77PX46,712.0,2858835.0,12.5,20.0,9.0,0.0,339815.0,496826.0,0.0,0.0
I06Z56UKJ1,747.0,1070916.0,12.0,26.0,14.0,0.0,75601.0,470602.0,0.0,0.0
NTSP6TZ2I5,701.0,1045114.0,19.0,45.0,8.0,0.0,325983.0,662178.0,0.0,0.0
805O3XAKEW,,,,,,,,,,
TWCZZQ3RI1,,,9.5,,6.0,0.0,108718.0,358644.0,0.0,0.0
UEBA2SJ74Y,751.0,2219960.0,26.2,,11.0,0.0,617519.0,1218096.0,0.0,0.0
HDLZB2UPU8,727.0,1155960.0,17.0,,8.0,1.0,213978.0,372592.0,1.0,0.0
PT3R57VJNR,747.0,700074.0,45.6,10.0,11.0,0.0,201894.0,1681812.0,0.0,0.0
J3SWY6DKN3,738.0,2001289.0,17.6,,10.0,0.0,744344.0,880374.0,0.0,0.0
8I2IH07SAN,729.0,2653616.0,17.8,71.0,10.0,2.0,63973.0,304832.0,1.0,1.0
KF5ZRKA0BA,745.0,1938950.0,9.0,,15.0,0.0,209.0,246972.0,0.0,0.0
AGIR7CSETN,728.0,1814215.0,16.5,17.0,12.0,0.0,581780.0,1263900.0,0.0,0.0
UUE29F19QT,695.0,1718550.0,17.8,,11.0,0.0,266342.0,671880.0,0.0,0.0
H96LQYVK56,,,20.7,,11.0,0.0,389918.0,480304.0,0.0,0.0
NOA2URNDM9,,,15.4,,8.0,0.0,256234.0,346214.0,0.0,0.0
NJUILY2FOQ,709.0,2267004.0,16.6,21.0,14.0,0.0,386327.0,658812.0,0.0,0.0
RJMH9L2QA5,716.0,2668778.0,10.5,46.0,8.0,0.0,191938.0,273702.0,0.0,0.0
S0XWQUTDP6,707.0,2326512.0,17.4,,20.0,1.0,235885.0,388520.0,1.0,0.0
JH08P7WCBY,7100.0,1877770.0,12.9,,10.0,0.0,239571.0,350262.0,0.0,0.0
4ECV50RM5K,750.0,1362718.0,17.9,,8.0,0.0,7562.0,249898.0,0.0,0.0
GNC3NJ7IXE,737.0,543438.0,18.2,10.0,14.0,0.0,63897.0,249084.0,0.0,0.0
8UQX1D48GP,738.0,1321355.0,10.8,68.0,8.0,0.0,195605.0,555104.0,0.0,0.0
APLSQRTWP9,658.0,1341704.0,14.5,,10.0,0.0,469699.0,703560.0,0.0,0.0
0M5K21JJ5S,717.0,849870.0,14.6,11.0,12.0,0.0,104899.0,183744.0,0.0,0.0
K117ZH9O94,726.0,3252192.0,27.6,,14.0,0.0,711531.0,1281324.0,0.0,0.0
4R4GMBNQV3,743.0,853556.0,20.9,,7.0,0.0,179303.0,307582.0,0.0,0.0
IM548SCWEI,738.0,1158696.0,16.7,64.0,7.0,0.0,256652.0,492008.0,0.0,0.0
ZUOQG73G39,699.0,1731375.0,19.4,11.0,11.0,0.0,268831.0,327316.0,0.0,0.0
E2GAJSPCTR,668.0,954560.0,13.8,,12.0,0.0,295222.0,477444.0,0.0,0.0
F4RI2ESKRI,716.0,751887.0,17.7,50.0,9.0,0.0,187112.0,519530.0,0.0,0.0
Z8KNFQFAKJ,7370.0,842346.0,6.5,38.0,6.0,0.0,38114.0,136620.0,0.0,0.0
E1IC1EOBXZ,742.0,1654482.0,17.7,68.0,8.0,0.0,180671.0,286176.0,0.0,0.0
9X6IT86SQ7,737.0,758936.0,16.8,,7.0,0.0,209513.0,345070.0,0.0,0.0
PLG3JF1GK1,734.0,1272183.0,15.8,18.0,3.0,0.0,20330.0,66110.0,0.0,0.0
PHU7EAC26Q,704.0,1129607.0,14.9,12.0,7.0,0.0,173071.0,222420.0,0.0,0.0
PYI5AK2GM0,739.0,1449795.0,20.5,58.0,11.0,0.0,168454.0,534358.0,0.0,0.0
Z63QZZP5H6,704.0,1581731.0,23.7,35.0,13.0,0.0,2203791.0,5406258.0,0.0,0.0
W7YES0G9V9,714.0,4100941.0,26.1,,30.0,0.0,637165.0,1901482.0,0.0,0.0
G30U0F8N5M,,,17.8,,10.0,0.0,139574.0,250954.0,0.0,0.0
2N3GI01H7K,711.0,1411320.0,21.8,16.0,12.0,0.0,210026.0,884290.0,0.0,0.0
3Z5DJTHXJ8,734.0,1247597.0,12.2,0.0,8.0,0.0,109288.0,714934.0,,0.0
UGTL3EIP61,747.0,2334948.0,20.6,8.0,12.0,0.0,133342.0,615142.0,0.0,0.0
ZPSQ38KRB7,709.0,2379750.0,28.5,,11.0,0.0,1187804.0,1881462.0,0.0,0.0
2U7LK65HQ5,718.0,942115.0,8.9,,10.0,0.0,226613.0,377542.0,0.0,0.0
V5Y7M4MVX5,,,9.6,,10.0,0.0,385358.0,764060.0,0.0,0.0
TC1N91HTKM,748.0,875444.0,11.4,,6.0,0.0,77311.0,412522.0,0.0,0.0
JW56H8ZF48,,,21.0,6.0,25.0,0.0,211356.0,1840036.0,0.0,0.0
RSQ8977J65,,,18.1,,19.0,0.0,329707.0,850256.0,0.0,0.0
X6AZ1SJ0RV,,,10.1,30.0,11.0,0.0,209342.0,688622.0,0.0,0.0
KJSHX9ULI7,744.0,380228.0,9.8,,7.0,0.0,89870.0,601480.0,0.0,0.0
V84PK4PWQ9,707.0,930430.0,22.0,,7.0,1.0,93157.0,258676.0,1.0,0.0
XPSB758DZR,734.0,774212.0,8.4,,8.0,0.0,30818.0,258544.0,0.0,0.0
9FP3VQ7J3J,714.0,1520665.0,21.4,,16.0,0.0,605701.0,1111462.0,0.0,0.0
J3OCTR3DSL,749.0,1577627.0,17.8,60.0,10.0,0.0,257146.0,429044.0,0.0,0.0
KT8D9NFG6Z,7380.0,723083.0,14.3,,5.0,0.0,46854.0,72710.0,0.0,0.0
VASGWVXYSZ,7430.0,898035.0,18.5,40.0,14.0,0.0,236436.0,967384.0,0.0,0.0
JPBEWKVVQF,,,13.5,8.0,14.0,0.0,135945.0,221364.0,0.0,0.0
Q98R56CB1H,738.0,942590.0,13.5,,11.0,0.0,316673.0,985688.0,0.0,0.0
18VF06CFLU,732.0,2273464.0,26.6,23.0,12.0,1.0,220077.0,382624.0,1.0,0.0
I7YFMDBZFS,629.0,1927265.0,19.3,20.0,14.0,0.0,265126.0,502436.0,0.0,0.0
F7F504X0I0,711.0,825303.0,20.0,68.0,6.0,0.0,135546.0,223586.0,0.0,0.0
XSUS9ZM39H,,,20.5,22.0,4.0,0.0,144723.0,260194.0,0.0,0.0
3RQD76H01J,642.0,1806273.0,15.4,29.0,11.0,0.0,255284.0,411708.0,0.0,0.0
UCFCBPOEO8,693.0,1345295.0,13.7,21.0,4.0,0.0,52915.0,77836.0,0.0,0.0
XSLPCIUZ7Y,745.0,2721199.0,21.0,14.0,11.0,0.0,81985.0,328460.0,0.0,0.0
C2PS515S2A,,,18.2,54.0,10.0,0.0,662815.0,969034.0,0.0,0.0
HB1A6VLY35,738.0,1015170.0,17.7,,13.0,1.0,363033.0,588742.0,0.0,1.0
A3N65FBDGF,703.0,1410180.0,12.4,18.0,6.0,0.0,101726.0,230956.0,0.0,0.0
0A9MSCYM4A,,,15.7,43.0,7.0,0.0,151829.0,338734.0,0.0,0.0
5ARPBIWEGL,725.0,875102.0,12.5,61.0,9.0,0.0,344147.0,508926.0,0.0,0.0
PLE413CEWJ,,,17.7,,10.0,0.0,251731.0,384032.0,0.0,0.0
Z9ECG2VHX6,750.0,1428477.0,27.7,31.0,14.0,0.0,218253.0,1989944.0,0.0,0.0
JDRFIPG8T5,,,11.2,72.0,9.0,0.0,267140.0,598312.0,0.0,0.0
E79SFZSZ6N,684.0,1158810.0,12.5,23.0,8.0,1.0,163248.0,261822.0,1.0,0.0
TI98K1K4HO,724.0,953021.0,13.3,13.0,8.0,0.0,6745.0,54252.0,0.0,0.0
QAFN1NLWLB,732.0,566694.0,36.2,,8.0,0.0,228152.0,575542.0,0.0,0.0
GT2J0BPSLG,735.0,747156.0,35.3,9.0,11.0,0.0,228342.0,317812.0,0.0,0.0
62RCFBSFPK,722.0,922393.0,22.4,59.0,5.0,0.0,71079.0,93434.0,0.0,0.0
QWGZC9SR87,748.0,2287068.0,21.0,,15.0,0.0,2230562.0,8755098.0,0.0,0.0
PVVXK5XKMM,,,15.4,,12.0,0.0,385624.0,750420.0,0.0,0.0
7HCOHUT3SL,743.0,1107092.0,17.0,,6.0,0.0,211185.0,318010.0,0.0,0.0
ONO1LYO05Z,742.0,689206.0,41.4,,5.0,3.0,159429.0,362670.0,1.0,2.0
NYC016YVUJ,707.0,1004967.0,15.3,30.0,5.0,0.0,189715.0,241384.0,0.0,0.0
3UY71WEF8U,704.0,1452227.0,14.5,36.0,9.0,0.0,166136.0,338690.0,0.0,0.0
FUR83ZQ3DB,686.0,1070612.0,14.6,,16.0,0.0,631997.0,876414.0,0.0,0.0
MZZU8N9SD2,749.0,1864660.0,35.2,,15.0,0.0,1292684.0,5251884.0,0.0,0.0
PFHOL1Y6IH,684.0,1064133.0,12.6,73.0,9.0,0.0,46683.0,116490.0,0.0,0.0
B9Y8VYA9QU,6480.0,1654482.0,17.3,,15.0,0.0,829901.0,1231978.0,0.0,0.0
V6YT1XXYVO,,,12.0,4.0,12.0,0.0,85386.0,534380.0,0.0,0.0
6KZJLQAG7E,7210.0,393699.0,30.0,47.0,11.0,1.0,71155.0,175648.0,1.0,0.0
498ZVOAVCT,749.0,964060.0,19.4,,12.0,0.0,48868.0,1663904.0,0.0,0.0
B67SC2B6QN,711.0,1256375.0,12.9,,5.0,0.0,212591.0,288574.0,0.0,0.0
HBB5UGQRSH,,,40.5,,5.0,0.0,253802.0,440594.0,0.0,0.0
5K1ZO7OJXG,681.0,889960.0,20.6,74.0,18.0,1.0,266969.0,368016.0,1.0,0.0
IT88WXICSA,692.0,1430852.0,15.6,8.0,18.0,0.0,451516.0,724108.0,0.0,0.0
4TEAMCHSU4,738.0,1990820.0,10.9,,20.0,0.0,373939.0,603020.0,0.0,0.0
E76JP4XQM5,689.0,1615570.0,17.5,,10.0,0.0,752913.0,933394.0,0.0,0.0
WGFLB2GZVT,742.0,760152.0,25.1,55.0,10.0,1.0,134444.0,208098.0,1.0,0.0
XCJTBYOLVC,,,13.0,,8.0,0.0,426246.0,679800.0,0.0,0.0
Q7LFM6BYYD,726.0,876356.0,9.0,,12.0,0.0,298376.0,432410.0,0.0,0.0
NTS21NH14R,739.0,517370.0,9.0,,8.0,0.0,59603.0,110990.0,0.0,0.0
S0CZDCPZMA,638.0,748144.0,17.3,44.0,6.0,1.0,162754.0,365926.0,0.0,0.0
TNBLN9CACG,743.0,1205987.0,21.1,15.0,21.0,0.0,430198.0,730400.0,0.0,0.0
9PL4W2PRQ7,748.0,1440181.0,25.1,,11.0,0.0,356953.0,1025596.0,0.0,0.0
8T5IVA6LUS,,,16.6,,16.0,0.0,367251.0,1707772.0,0.0,0.0
4QYZCPE8UJ,707.0,1311114.0,8.4,14.0,12.0,0.0,150936.0,232078.0,0.0,0.0
3CUURD5NHP,,,16.7,22.0,8.0,1.0,281732.0,333564.0,1.0,0.0
8WYQI26VAT,7080.0,1741977.0,12.9,79.0,10.0,0.0,293322.0,611974.0,0.0,0.0
Z3P2BU9Q5T,719.0,2374373.0,14.0,,10.0,0.0,466431.0,711568.0,0.0,0.0
WIX9KFDN2K,749.0,753445.0,14.2,6.0,14.0,0.0,46398.0,422950.0,0.0,0.0
ZFRYZARJQQ,,,27.0,15.0,15.0,0.0,113430.0,410454.0,0.0,0.0
O1R4ET4B1Y,724.0,1725808.0,20.4,35.0,11.0,0.0,323722.0,410542.0,0.0,0.0
VJKA8DXF92,7280.0,731443.0,20.3,,10.0,1.0,176890.0,336336.0,1.0,0.0
9IB3JWL2Q4,711.0,2418947.0,10.9,,5.0,0.0,210577.0,302522.0,0.0,0.0
QOM0FMCSVF,,,27.0,47.0,10.0,1.0,133247.0,257576.0,1.0,0.0
QCU15DMNHL,7020.0,746016.0,8.8,28.0,7.0,0.0,32908.0,90706.0,0.0,0.0
GEQ5583DOZ,7350.0,1446527.0,16.0,14.0,7.0,0.0,238697.0,493548.0,0.0,0.0
NYMUKJB3MT,739.0,1593207.0,24.0,32.0,2.0,0.0,5510.0,708972.0,0.0,0.0
XMYED9UDEW,726.0,850668.0,10.3,,7.0,0.0,203756.0,326744.0,0.0,0.0
V20W4W6S4G,709.0,2261532.0,22.0,,23.0,0.0,565098.0,951060.0,0.0,0.0
2IKWZKNGNM,742.0,2703206.0,16.5,,27.0,0.0,202293.0,750750.0,0.0,0.0
2JKK981LQP,681.0,1381414.0,17.6,43.0,10.0,0.0,78660.0,476872.0,0.0,0.0
SFF7ELJAW4,,,12.7,,8.0,0.0,191254.0,374704.0,0.0,0.0
P2G8VF49A5,723.0,426854.0,24.4,,3.0,0.0,132753.0,171930.0,0.0,0.0
KJTB5N2SCF,,,25.0,,20.0,1.0,153729.0,583616.0,1.0,0.0
D2LZZ3SHQK,748.0,784510.0,15.2,33.0,10.0,0.0,122303.0,400048.0,0.0,0.0
IIR2SKP2DB,,,17.3,,6.0,0.0,17556.0,782276.0,0.0,0.0
APMHDUXZ5I,720.0,1670157.0,13.5,20.0,7.0,0.0,346009.0,408386.0,0.0,0.0
D5T5E4NB2O,6680.0,1229452.0,19.0,7.0,14.0,0.0,199082.0,282480.0,0.0,0.0
XE2169LCOB,,,13.7,,4.0,0.0,200944.0,278300.0,0.0,0.0
1G7PC4MI7V,750.0,1743687.0,14.2,,18.0,0.0,349163.0,1343188.0,0.0,0.0
D7YFBDJAP2,,,12.5,13.0,15.0,0.0,411540.0,719818.0,0.0,0.0
6MM69INJAP,,,,,,,,,,
X78KZJSIE0,706.0,1160425.0,12.5,45.0,6.0,0.0,84797.0,275022.0,0.0,0.0
1E7ZPCUO0G,717.0,768322.0,11.4,,8.0,0.0,221540.0,351406.0,0.0,0.0
N7TYES9TDC,,,10.5,17.0,7.0,0.0,121657.0,207174.0,0.0,0.0
Y4FZL8ORUE,751.0,942875.0,17.6,,8.0,0.0,20444.0,591734.0,0.0,0.0
FUANJKI6RM,748.0,649230.0,17.3,,10.0,0.0,384978.0,738012.0,0.0,0.0
5DSCQ8PKMU,,,17.9,,12.0,0.0,480396.0,744634.0,0.0,0.0
P2VZNNUU8T,,,10.0,36.0,6.0,0.0,3933.0,8866.0,0.0,0.0
QBHK81W4NM,734.0,1175568.0,12.4,55.0,7.0,0.0,330714.0,462484.0,0.0,0.0
PPRTUJID5A,717.0,1311912.0,20.1,25.0,18.0,1.0,317414.0,459404.0,1.0,0.0
WGVHZ453QL,7470.0,732621.0,24.8,53.0,7.0,0.0,8113.0,208824.0,0.0,0.0
DAR1ODQCP3,735.0,570627.0,12.2,,5.0,0.0,4864.0,1409540.0,0.0,0.0
OF63GSQCRO,,,29.3,71.0,26.0,1.0,410362.0,1044318.0,1.0,0.0
5GRR7BR52E,,,24.9,,16.0,0.0,417183.0,1486276.0,0.0,0.0
7B1LPVXDVZ,,,,,,,,,,
FUPGLIZQ8D,736.0,1828826.0,40.9,10.0,11.0,0.0,710334.0,937816.0,0.0,0.0
JWBFZRCWQ2,,,17.0,,13.0,1.0,51509.0,238568.0,1.0,0.0
Q09LE1ST6A,751.0,2140160.0,18.9,,14.0,0.0,587404.0,1462692.0,0.0,0.0
PX86425J0O,,,,,,,,,,
707KWJ2KXU,727.0,2449993.0,29.6,,12.0,0.0,471751.0,600930.0,0.0,0.0
12QITNFO3A,733.0,1196620.0,10.5,,13.0,1.0,89186.0,600380.0,1.0,0.0
GZRSMFJPKE,710.0,1044696.0,6.9,34.0,9.0,0.0,152874.0,426514.0,0.0,0.0
44K5J1TZBM,677.0,1030123.0,15.6,,8.0,0.0,624910.0,805772.0,0.0,0.0
D9HGT06QPJ,746.0,972135.0,14.0,21.0,9.0,0.0,177745.0,326678.0,0.0,0.0
ZY0T9HXM8U,707.0,528010.0,26.2,68.0,9.0,0.0,196479.0,530310.0,0.0,0.0
YPWBT3IABB,748.0,1238819.0,17.5,17.0,10.0,0.0,20121.0,113102.0,0.0,0.0
KYM2VBHA3Z,689.0,1916720.0,20.3,,23.0,0.0,403788.0,770264.0,0.0,0.0
31X06DORJN,742.0,522652.0,22.1,28.0,12.0,0.0,200450.0,536030.0,0.0,0.0
RGFG6JPLWO,739.0,990375.0,17.8,,10.0,0.0,548055.0,696586.0,0.0,0.0
91AUMZ0SCU,665.0,1549279.0,33.5,15.0,30.0,0.0,563331.0,875534.0,0.0,0.0
7S781D8T6Z,7230.0,1152426.0,8.1,,9.0,1.0,301435.0,646360.0,0.0,1.0
FHMP8CJB0T,701.0,1722825.0,11.2,32.0,6.0,0.0,61655.0,261514.0,0.0,0.0
8LT1E8FCAF,730.0,625062.0,19.4,,5.0,1.0,158289.0,229108.0,1.0,0.0
9NKWDTGHYL,,,14.4,,2.0,0.0,60496.0,89122.0,0.0,0.0
3Q3NXSSR5E,699.0,1499347.0,15.6,,14.0,0.0,535211.0,1032856.0,0.0,0.0
URRCJN9PRZ,747.0,387942.0,17.2,,2.0,0.0,98857.0,396044.0,0.0,0.0
61HWN5BNHK,749.0,1140684.0,17.5,,17.0,0.0,74157.0,1341780.0,0.0,0.0
1TWZ3AJ1AS,735.0,963965.0,19.0,17.0,10.0,0.0,206549.0,569470.0,0.0,0.0
96QA9XEPXN,683.0,932995.0,10.1,38.0,11.0,0.0,138339.0,449966.0,0.0,0.0
3N492VJ95K,,,22.6,41.0,11.0,0.0,218462.0,422290.0,0.0,0.0
CMPN6R0OW5,,,7.0,,10.0,0.0,253194.0,533984.0,0.0,0.0
3JG8C66SRF,744.0,462023.0,18.0,16.0,8.0,0.0,11495.0,93698.0,,0.0
K2MMD5AXAZ,,,25.1,,7.0,1.0,85424.0,202708.0,1.0,0.0
9UHEHX6UYP,,,17.9,37.0,10.0,0.0,211831.0,435666.0,0.0,0.0
7W9NTFA26Q,,,17.1,59.0,13.0,0.0,484937.0,884268.0,0.0,0.0
JBAU80MEZM,,,25.5,,14.0,0.0,172216.0,305382.0,0.0,0.0
JJFPUHHMPB,718.0,307743.0,13.2,48.0,4.0,0.0,163058.0,276034.0,0.0,0.0
PEPCXEPNFH,750.0,2524587.0,31.0,21.0,8.0,1.0,53181.0,410432.0,0.0,1.0
Q1UEFXBEPE,712.0,1814158.0,18.8,,11.0,0.0,494228.0,647350.0,0.0,0.0
VYF56CAS4F,707.0,984732.0,10.7,76.0,7.0,0.0,292486.0,503228.0,0.0,0.0
0XNP6YM8LM,,,20.0,44.0,12.0,0.0,105507.0,289476.0,0.0,0.0
3H9YJPT2UY,722.0,768873.0,13.9,72.0,16.0,0.0,80921.0,286528.0,0.0,0.0
N0ME8922HN,735.0,739404.0,10.0,11.0,10.0,0.0,230280.0,398574.0,0.0,0.0
7S70MT9V2Q,710.0,323988.0,7.9,,3.0,0.0,52022.0,89386.0,0.0,0.0
S411QGO5FV,725.0,2248308.0,12.0,51.0,5.0,0.0,670149.0,2229766.0,0.0,0.0
K7VZ0AMCA2,,,18.0,,21.0,0.0,357447.0,475728.0,0.0,0.0
OEIH8AF6U4,720.0,5260416.0,21.6,39.0,14.0,9.0,401508.0,537438.0,0.0,9.0
BZH0TQS2ON,646.0,860738.0,17.5,9.0,11.0,0.0,63897.0,155122.0,0.0,0.0
FY3C3DC4I8,719.0,951520.0,45.8,,11.0,2.0,278369.0,586058.0,2.0,0.0
2BHL1TNAU4,742.0,1339614.0,24.8,,12.0,0.0,410666.0,580602.0,0.0,0.0
ORESP426X5,713.0,1782257.0,18.2,16.0,5.0,0.0,48184.0,58652.0,0.0,0.0
V62186S6DJ,715.0,1540102.0,9.0,,4.0,0.0,175389.0,236412.0,0.0,0.0
KII2J5AAN8,714.0,2322275.0,23.5,24.0,22.0,0.0,1248015.0,1831522.0,0.0,0.0
HOE2X8C0RL,728.0,1849954.0,25.5,48.0,11.0,0.0,571634.0,946924.0,0.0,0.0
X8JN620D5N,717.0,2260620.0,12.0,36.0,23.0,0.0,278901.0,645876.0,0.0,0.0
BZO2ONGECA,683.0,2625534.0,21.0,,14.0,0.0,291498.0,2122758.0,0.0,0.0
N9A1YQTPFQ,7290.0,591432.0,16.4,,8.0,0.0,300504.0,432212.0,0.0,0.0
8DY72UKUZW,746.0,1530545.0,23.8,,4.0,0.0,1480366.0,1845118.0,0.0,0.0
YTP9FSD80A,702.0,1581731.0,13.7,65.0,11.0,0.0,314564.0,398508.0,0.0,0.0
HYADN8VMM6,,,35.1,64.0,12.0,0.0,276925.0,1627714.0,0.0,0.0
YIM3AY51IL,717.0,1617166.0,20.9,16.0,12.0,0.0,254505.0,389796.0,0.0,0.0
OKKS9QMPVE,7130.0,1134072.0,9.7,6.0,9.0,0.0,138985.0,284306.0,0.0,0.0
Q7W4NJEG96,,,11.6,,8.0,0.0,71516.0,307846.0,0.0,0.0
23DY57PSGS,722.0,1354491.0,15.4,,12.0,0.0,355129.0,439318.0,0.0,0.0
5V09N6UMDG,735.0,957030.0,33.4,54.0,11.0,0.0,173242.0,323532.0,0.0,0.0
W0LEI6YV5X,720.0,1832075.0,18.0,0.0,7.0,0.0,215992.0,1078000.0,,0.0
V349MOB3NM,7170.0,1283336.0,10.0,,3.0,0.0,0.0,0.0,0.0,0.0
XDZME30I1A,739.0,1147752.0,32.6,7.0,11.0,0.0,220343.0,401148.0,0.0,0.0
36TQ4H2FL4,692.0,578379.0,18.1,,8.0,0.0,239400.0,332750.0,0.0,0.0
QEAOAJV8XJ,742.0,1356999.0,21.9,,9.0,0.0,996816.0,1331264.0,0.0,0.0
121XNXX1F0,,,,,,,,,,
YFZ835VDS1,710.0,1287858.0,30.5,2.0,14.0,0.0,72789.0,842754.0,0.0,0.0
1YM9RZ17G4,7430.0,1014961.0,36.3,8.0,8.0,0.0,347206.0,868318.0,0.0,0.0
6VXL29QFCI,748.0,1549317.0,21.6,,17.0,0.0,578379.0,3659524.0,0.0,0.0
0U5AJPYF2R,738.0,1209065.0,13.5,39.0,6.0,0.0,1159.0,66726.0,0.0,0.0
VLLUUA8UUT,7300.0,2127582.0,15.8,82.0,10.0,0.0,182932.0,312422.0,0.0,0.0
3SHK8VZ909,722.0,1094248.0,23.0,62.0,16.0,1.0,89889.0,981882.0,0.0,0.0
4JPQPEJ026,735.0,997994.0,18.5,39.0,18.0,0.0,297958.0,1189694.0,0.0,0.0
PXET8V6JDS,704.0,811984.0,28.5,57.0,18.0,1.0,259445.0,375518.0,1.0,0.0
NHR6WNE6B3,745.0,522842.0,26.0,,4.0,0.0,69312.0,469370.0,0.0,0.0
I9QM4D7VER,,,15.7,,7.0,0.0,72998.0,123222.0,0.0,0.0
RPM9SDQSOU,706.0,1162686.0,9.7,,11.0,0.0,401375.0,511852.0,0.0,0.0
7H5271L15Q,,,,,,,,,,
B4K9YPNVW8,742.0,1061340.0,28.3,29.0,17.0,0.0,135907.0,364298.0,0.0,0.0
WPHF2NH7OW,,,14.0,,4.0,0.0,196992.0,290224.0,0.0,0.0
V87FM3QVEX,,,,,,,,,,
5HNIRQR4AO,723.0,1513464.0,25.3,,6.0,0.0,206701.0,249568.0,0.0,0.0
AI0LZ49E29,675.0,1574682.0,15.6,17.0,15.0,0.0,173204.0,416944.0,0.0,0.0
9Y4MHY4WDH,742.0,2131477.0,16.0,69.0,5.0,0.0,135603.0,352044.0,0.0,0.0
E83I7GRH8N,703.0,1121418.0,16.6,11.0,11.0,0.0,638476.0,859650.0,0.0,0.0
82C73YQDAO,746.0,2535588.0,19.0,,10.0,0.0,481574.0,666996.0,0.0,0.0
OWX9UXLD28,728.0,710562.0,14.0,,8.0,0.0,108148.0,145442.0,0.0,0.0
AAEOPI0CJ4,742.0,468730.0,16.6,14.0,11.0,0.0,139403.0,473352.0,0.0,0.0
PWDGW5O52D,727.0,1004207.0,9.3,15.0,9.0,0.0,57703.0,156486.0,0.0,0.0
E6APTAB90C,705.0,1857934.0,18.6,,8.0,0.0,90516.0,722854.0,0.0,0.0
4SQOIAO0KS,626.0,539771.0,8.0,,4.0,0.0,143735.0,175362.0,0.0,0.0
8UWO3DYWUK,7250.0,575928.0,15.7,38.0,10.0,1.0,147060.0,266882.0,1.0,0.0
LPKCMF3HBP,734.0,993130.0,12.8,24.0,10.0,0.0,362387.0,1175372.0,0.0,0.0
PZ244X6WOU,,,22.0,70.0,5.0,0.0,161519.0,380886.0,0.0,0.0
D5YY9GJCSH,,,10.6,30.0,14.0,1.0,235277.0,374242.0,1.0,0.0
6LJCPZI86N,721.0,1227001.0,16.0,,13.0,1.0,237785.0,296714.0,1.0,0.0
4TM9J0HRCO,719.0,1022770.0,19.7,,11.0,0.0,886426.0,1221902.0,0.0,0.0
ETSBC2ID4W,,,22.6,,13.0,0.0,526224.0,1221088.0,0.0,0.0
DUKYHL6WM3,740.0,1735479.0,22.4,,12.0,0.0,255854.0,583154.0,0.0,0.0
C43C472NNE,,,10.8,32.0,5.0,0.0,34827.0,53702.0,0.0,0.0
8DI0VMAYJC,701.0,1063183.0,13.3,,14.0,1.0,154508.0,586586.0,1.0,0.0
IUBC9AEUPQ,729.0,978272.0,20.5,,15.0,1.0,226309.0,483472.0,1.0,0.0
4XA3ZKX4H7,744.0,1691342.0,17.8,,10.0,0.0,567169.0,1007248.0,0.0,0.0
OC58TZW3QN,712.0,1008520.0,19.2,,5.0,0.0,109668.0,226732.0,0.0,0.0
K24X1O6AHS,7220.0,749892.0,44.0,,9.0,0.0,183331.0,312620.0,0.0,0.0
O9KNNSNKW6,721.0,814435.0,24.7,,6.0,0.0,737808.0,888052.0,0.0,0.0
OFXGBEN9P6,,,21.5,18.0,8.0,0.0,134159.0,184272.0,0.0,0.0
EARPOONHV8,747.0,3499192.0,12.2,40.0,13.0,0.0,425410.0,523446.0,0.0,0.0
YBL0OBD66X,724.0,826557.0,19.7,46.0,12.0,0.0,150043.0,295944.0,0.0,0.0
H6392UIB3E,709.0,1152654.0,21.2,54.0,9.0,0.0,257165.0,344630.0,0.0,0.0
2SSS2HO6N5,732.0,759088.0,14.6,,6.0,0.0,58311.0,270094.0,0.0,0.0
14JPS9DF8M,,,,,,,,,,
WYRJ4ZB3TG,,,8.7,,6.0,0.0,91238.0,177232.0,0.0,0.0
T1ZRRPQ02C,704.0,937175.0,13.1,7.0,13.0,0.0,219811.0,321354.0,0.0,0.0
6GF1L7P4X1,717.0,1597729.0,20.4,,21.0,0.0,883234.0,2162138.0,0.0,0.0
NT3DS7LR7U,690.0,699732.0,12.0,,7.0,0.0,106495.0,254254.0,0.0,0.0
4G6XH0ZNCJ,744.0,887642.0,19.0,23.0,9.0,1.0,195548.0,473704.0,1.0,0.0
I4PWBMFWEO,734.0,832485.0,22.9,15.0,7.0,0.0,154128.0,468402.0,0.0,0.0
WAU8LSS2MY,701.0,468407.0,5.3,,10.0,0.0,93347.0,327514.0,0.0,0.0
MJNFOT2VTL,727.0,972781.0,16.0,38.0,9.0,0.0,392350.0,470294.0,0.0,0.0
ELQGPZLIUN,745.0,1456635.0,14.6,,8.0,0.0,101232.0,1395350.0,0.0,0.0
LZ44KJQDP6,723.0,970140.0,21.6,,10.0,1.0,272422.0,323510.0,1.0,0.0
IQ3IX6NX0R,741.0,1228331.0,15.0,75.0,5.0,1.0,20406.0,74316.0,1.0,0.0
ANUXA9HKB7,7460.0,1141938.0,18.8,,14.0,0.0,466184.0,1150930.0,0.0,0.0
8T6FSD9DVP,713.0,704026.0,6.7,,12.0,0.0,316673.0,881452.0,0.0,0.0
PYDWKHM250,731.0,1044734.0,18.1,12.0,9.0,0.0,201039.0,506044.0,0.0,0.0
GZG485JZ8I,,,21.7,19.0,7.0,0.0,104899.0,166144.0,0.0,0.0
OLOVO2E4UY,722.0,3828120.0,13.4,75.0,10.0,0.0,407227.0,543246.0,0.0,0.0
N7IUWFWT6I,747.0,1242904.0,20.2,,8.0,0.0,148960.0,476454.0,0.0,0.0
5PLXKWXQAK,711.0,858705.0,17.2,19.0,18.0,0.0,146737.0,298100.0,0.0,0.0
9XLGI7XLAS,686.0,2287752.0,17.5,,17.0,0.0,799311.0,1090122.0,0.0,0.0
CG4DYZ4XW5,725.0,1097915.0,10.3,,16.0,0.0,286406.0,652806.0,0.0,0.0
X2ONVB7XK7,674.0,1311760.0,17.5,,13.0,0.0,542773.0,1142702.0,0.0,0.0
YNV1H96U17,718.0,1829757.0,12.4,34.0,7.0,0.0,192356.0,462088.0,0.0,0.0
ZJUFPXG1IY,739.0,2229137.0,26.5,6.0,16.0,0.0,707522.0,1021482.0,0.0,0.0
V92QGOCG7W,747.0,2080975.0,30.2,81.0,6.0,0.0,612921.0,998184.0,0.0,0.0
YJDGXI1K9W,,,15.2,,19.0,0.0,788481.0,1269818.0,0.0,0.0
EIMXRTJC4K,,,34.4,8.0,19.0,0.0,267881.0,1685794.0,0.0,0.0
BPPOWFK4V5,707.0,1690050.0,10.0,,8.0,0.0,212515.0,273394.0,0.0,0.0
32WK8QT2Y1,,,26.0,59.0,6.0,0.0,233225.0,1483746.0,0.0,0.0
C1F0P4QMT7,747.0,799786.0,25.7,45.0,22.0,0.0,333393.0,1142130.0,0.0,0.0
U3DGR6R7R9,739.0,846450.0,27.0,,10.0,0.0,125514.0,520872.0,0.0,0.0
PICULRWJ0P,723.0,2062336.0,8.0,,11.0,0.0,20596.0,1835174.0,0.0,0.0
9XXPOTX35C,,,16.6,56.0,9.0,0.0,195947.0,625020.0,0.0,0.0
9W74EED5LB,,,,,,,,,,
FGLQ2ENE2K,740.0,1308986.0,31.4,,10.0,0.0,980476.0,1422652.0,0.0,0.0
JRW7ZH0V0V,,,16.4,44.0,9.0,0.0,7942.0,113520.0,0.0,0.0
VEJA3XF66E,,,23.6,25.0,13.0,0.0,206226.0,571252.0,0.0,0.0
RUUF5WQYNS,7050.0,575244.0,19.3,,2.0,0.0,181906.0,221958.0,0.0,0.0
MGDSBQP0P7,736.0,753692.0,11.4,,7.0,0.0,274037.0,558646.0,0.0,0.0
S9BF30CY5H,732.0,1162230.0,10.5,,9.0,0.0,320150.0,437162.0,0.0,0.0
MI2CEFQU9J,722.0,2412544.0,31.3,15.0,10.0,0.0,1140798.0,2100032.0,0.0,0.0
FY49OTQ4M8,722.0,1140570.0,15.5,,16.0,0.0,446044.0,895092.0,0.0,0.0
RYGO8KOBIC,7110.0,915458.0,33.8,42.0,7.0,0.0,554192.0,795146.0,0.0,0.0
UJAF0PRII5,703.0,856406.0,9.0,,12.0,0.0,300010.0,439714.0,0.0,0.0
RTUOE8Z12Z,727.0,1568279.0,24.0,,5.0,1.0,15333.0,65780.0,1.0,0.0
Y2O0POVEHR,734.0,789982.0,16.6,,5.0,0.0,390507.0,472978.0,0.0,0.0
OPONYF9FE5,732.0,1338778.0,22.1,,18.0,0.0,889276.0,1991660.0,0.0,0.0
23PK112VO1,743.0,1362053.0,13.9,67.0,12.0,0.0,1012187.0,1814252.0,0.0,0.0
VE674KTE1E,,,,,,,,,,
BY0UZNY7AK,,,27.9,,6.0,1.0,27132.0,165308.0,1.0,0.0
EAGIPPVLKC,747.0,2761384.0,43.1,,21.0,0.0,367175.0,1786334.0,0.0,0.0
TZIZXEF1Z9,748.0,1125408.0,43.2,,8.0,0.0,162887.0,873158.0,0.0,0.0
RVHPSEWHXE,731.0,563274.0,49.0,17.0,5.0,0.0,41401.0,117480.0,0.0,0.0
E9W16U8MU5,675.0,673854.0,15.4,,6.0,0.0,398050.0,503734.0,0.0,0.0
0IUH3DJONI,746.0,2564582.0,29.1,,12.0,0.0,445626.0,630784.0,0.0,0.0
C6YD2VB33R,7410.0,708928.0,17.0,74.0,7.0,0.0,186599.0,319616.0,0.0,0.0
JCGNY7TLXC,,,23.7,12.0,10.0,1.0,72048.0,343288.0,1.0,0.0
YI4PG06EK3,640.0,950703.0,12.5,,11.0,2.0,80541.0,214852.0,1.0,0.0
6U6VUP9JUI,708.0,1699740.0,15.0,,9.0,0.0,38608.0,63844.0,0.0,0.0
TBLX3CFYDX,721.0,609938.0,14.9,,7.0,0.0,253061.0,408122.0,0.0,0.0
K6VSJS26WF,709.0,929879.0,15.3,79.0,11.0,1.0,93290.0,257202.0,1.0,0.0
G7E5MEGHPD,673.0,1487472.0,23.4,13.0,8.0,0.0,570646.0,829048.0,0.0,0.0
MEXLLQTLQH,730.0,665399.0,20.1,,6.0,0.0,75202.0,145376.0,0.0,0.0
VRWR0O400I,727.0,1178665.0,14.0,23.0,12.0,0.0,455392.0,645392.0,0.0,0.0
2SHICT3U7L,715.0,1933440.0,11.4,7.0,7.0,0.0,58938.0,136466.0,0.0,0.0
0EZRWG2V2R,727.0,1263576.0,12.9,36.0,9.0,0.0,93062.0,333608.0,0.0,0.0
IEQTETRWMF,729.0,1358462.0,19.7,,24.0,0.0,316179.0,631202.0,0.0,0.0
5QNBN30ZV4,747.0,2131800.0,16.5,,17.0,0.0,238963.0,848716.0,0.0,0.0
ZMORNP1MWC,698.0,2495498.0,24.8,4.0,11.0,0.0,53523.0,197978.0,0.0,0.0
VU870C81A3,,,22.9,,6.0,0.0,368714.0,613404.0,0.0,0.0
RPN5JU3U2J,718.0,954180.0,15.9,,10.0,0.0,329764.0,512534.0,0.0,0.0
AKN6S9PPLU,721.0,802066.0,16.5,24.0,5.0,0.0,169746.0,377982.0,0.0,0.0
UDW45T6UQZ,735.0,771400.0,17.5,,19.0,0.0,220229.0,667546.0,0.0,0.0
94IK69GGKN,709.0,1081917.0,14.9,,14.0,0.0,300903.0,413292.0,0.0,0.0
5TOD9ZGD2Z,715.0,1249345.0,15.6,,6.0,0.0,284981.0,433048.0,0.0,0.0
I5YUJS1EXK,742.0,963528.0,17.7,38.0,12.0,0.0,50654.0,171028.0,0.0,0.0
WUADXBUXK2,715.0,1030199.0,15.7,32.0,8.0,0.0,9538.0,37576.0,0.0,0.0
15Z41IWHZO,656.0,481612.0,25.6,17.0,4.0,0.0,296172.0,363660.0,0.0,0.0
ZA4TIHL9R6,735.0,1494768.0,28.3,6.0,9.0,0.0,157187.0,231572.0,0.0,0.0
QA4HY9CP60,732.0,6076827.0,29.5,38.0,13.0,0.0,1255064.0,1565982.0,0.0,0.0
TBLLSUHIOQ,7040.0,1332926.0,16.4,43.0,7.0,0.0,98192.0,244508.0,0.0,0.0
EWXLTDO14A,725.0,717687.0,22.1,31.0,9.0,1.0,155363.0,422312.0,1.0,0.0
L9IY6VCZSJ,,,19.0,41.0,14.0,0.0,194864.0,598466.0,0.0,0.0
G1R00ZBJ53,,,20.9,,10.0,0.0,306318.0,460020.0,0.0,0.0
GBJ1C7VOO3,726.0,4594542.0,21.5,61.0,12.0,0.0,243181.0,662508.0,0.0,0.0
8DM4YSH57Y,679.0,1263956.0,19.4,72.0,16.0,1.0,328320.0,678876.0,1.0,0.0
UDWQB1MZ5G,,,43.7,,16.0,1.0,185193.0,818400.0,1.0,0.0
7LBVC9Q2HF,675.0,943825.0,22.1,12.0,10.0,0.0,292619.0,365112.0,0.0,0.0
XR9KKDGOY6,710.0,1010534.0,10.1,,10.0,0.0,224523.0,330770.0,0.0,0.0
QM4U5W8BAI,6820.0,1133958.0,29.3,21.0,9.0,3.0,77805.0,220836.0,0.0,0.0
P0PQRAG7H1,,,16.7,67.0,22.0,0.0,358340.0,689216.0,0.0,0.0
WQXPWV9M5U,710.0,1701602.0,18.6,18.0,7.0,0.0,210178.0,306900.0,0.0,0.0
NY07R8FOLD,,,12.4,,12.0,0.0,91751.0,134464.0,0.0,0.0
WOL06B3UHS,,,12.1,,17.0,0.0,291631.0,516318.0,0.0,0.0
XFIZ78GHL0,,,17.4,13.0,6.0,0.0,357276.0,425590.0,0.0,0.0
UNQ78A365D,724.0,1588989.0,30.1,,12.0,0.0,3916812.0,5285830.0,0.0,0.0
KDBSFS63D5,747.0,585143.0,11.0,,10.0,0.0,171988.0,465278.0,0.0,0.0
YUI012PZMW,742.0,1260479.0,15.4,,10.0,0.0,355566.0,493658.0,0.0,0.0
EA60N7Y5DT,716.0,291422.0,6.0,,9.0,0.0,94259.0,198088.0,0.0,0.0
TPVEV0QJHY,6480.0,1127574.0,8.7,44.0,7.0,0.0,125533.0,400422.0,0.0,0.0
WCNY1LHMJD,713.0,2861115.0,13.0,21.0,10.0,0.0,148903.0,200948.0,0.0,0.0
GLC3B1NI23,728.0,1166923.0,20.0,,10.0,0.0,350265.0,936650.0,0.0,0.0
YA45DLB1N5,736.0,1137492.0,29.8,38.0,16.0,0.0,985929.0,1721852.0,0.0,0.0
WUKVEMQ3TP,734.0,1630257.0,21.9,1.0,6.0,2.0,122094.0,241670.0,0.0,2.0
402RI5HQJ8,734.0,1031833.0,11.4,,13.0,0.0,206264.0,558030.0,0.0,0.0
C07CT9WFOY,,,,,,,,,,
EKYS1BTD53,749.0,2633134.0,28.3,20.0,6.0,0.0,380.0,36300.0,0.0,0.0
OFA11ONZKG,719.0,645088.0,16.0,53.0,11.0,0.0,144457.0,255002.0,0.0,0.0
RSCVY3QOAV,706.0,691049.0,6.5,,11.0,0.0,110979.0,218526.0,0.0,0.0
XFV2EEDRXC,734.0,1215867.0,19.0,31.0,16.0,0.0,145825.0,307560.0,0.0,0.0
O7LC2FMAX7,720.0,1391807.0,25.7,79.0,10.0,0.0,488452.0,647108.0,0.0,0.0
IMX486QX4C,741.0,970862.0,22.5,31.0,10.0,0.0,108471.0,367268.0,0.0,0.0
XLDRXMB4PQ,,,22.5,,9.0,0.0,1190825.0,1532058.0,0.0,0.0
Q0NRC57EWO,,,18.3,43.0,12.0,0.0,322582.0,640684.0,0.0,0.0
5TEKXA53O6,694.0,747460.0,11.7,,10.0,0.0,86849.0,207790.0,0.0,0.0
VS7U11ZSQQ,712.0,1539779.0,28.2,55.0,6.0,0.0,377359.0,624206.0,0.0,0.0
WLUMZ2BC8U,,,29.6,40.0,11.0,0.0,170772.0,235686.0,0.0,0.0
ZE6PRKFFP9,726.0,948765.0,9.6,52.0,11.0,0.0,152779.0,298804.0,0.0,0.0
KXC7WQJN73,695.0,967157.0,10.1,,5.0,0.0,112404.0,150810.0,0.0,0.0
51ZBSEWUAG,,,9.4,,10.0,0.0,145768.0,333586.0,0.0,0.0
HJEII72CY2,,,,,,,,,,
OFTVMQCH7I,731.0,2087283.0,26.1,30.0,23.0,0.0,400596.0,570526.0,0.0,0.0
4CAY9FUIVD,700.0,1619826.0,18.9,28.0,17.0,0.0,763097.0,1006368.0,0.0,0.0
MRJ3JTFET2,673.0,2463426.0,27.0,57.0,14.0,0.0,774554.0,1233628.0,0.0,0.0
PH3T0DLDYW,742.0,811528.0,25.0,11.0,17.0,0.0,375687.0,846318.0,0.0,0.0
J95YCC5TFK,739.0,950570.0,14.9,,16.0,0.0,358093.0,548460.0,0.0,0.0
L2RYJ09XHR,,,27.3,,15.0,0.0,299687.0,643786.0,0.0,0.0
UD9CW30MA5,675.0,3651648.0,21.3,3.0,9.0,0.0,360487.0,899580.0,0.0,0.0
C6SHIG4UTW,746.0,941393.0,20.0,,10.0,0.0,337839.0,863522.0,0.0,0.0
EYR64FD33J,747.0,2374525.0,28.4,12.0,15.0,0.0,362463.0,1462362.0,0.0,0.0
J26DQYVBNC,736.0,484785.0,15.8,,6.0,0.0,145293.0,361812.0,0.0,0.0
4HNFWKXOXS,663.0,1846173.0,23.0,,23.0,0.0,1351033.0,1871254.0,0.0,0.0
LZLOXPBN37,698.0,1645039.0,17.5,,17.0,1.0,490257.0,719466.0,0.0,1.0
856VDW74IZ,735.0,1422872.0,13.7,,11.0,0.0,364230.0,608564.0,0.0,0.0
XC66YXK79W,,,15.3,45.0,9.0,0.0,112974.0,224774.0,0.0,0.0
NX7WV6IFO9,733.0,418532.0,15.8,,9.0,0.0,240255.0,581988.0,0.0,0.0
JZ28PWFA9X,699.0,619609.0,7.6,36.0,14.0,0.0,107730.0,188452.0,0.0,0.0
1TL5W4CVM4,725.0,814511.0,16.8,53.0,10.0,0.0,193154.0,341968.0,0.0,0.0
PRPOZEBPWP,,,15.4,16.0,6.0,0.0,199177.0,295680.0,0.0,0.0
229TP0W9RT,711.0,528428.0,11.7,,14.0,0.0,361437.0,519882.0,0.0,0.0
TZSD2Q3M2Q,722.0,1636641.0,18.5,38.0,14.0,1.0,183958.0,466092.0,1.0,0.0
ALFQAOXD2O,750.0,2016356.0,17.9,,7.0,1.0,262675.0,578248.0,1.0,0.0
4IK96KIG9W,,,31.0,75.0,12.0,2.0,51281.0,329934.0,0.0,0.0
FT0TMOUB49,735.0,855152.0,20.9,36.0,10.0,0.0,293056.0,456720.0,0.0,0.0
JX3VZ7Z9AL,,,26.0,46.0,15.0,0.0,729125.0,1189078.0,0.0,0.0
V8FQRP9TLB,648.0,1593036.0,30.4,,19.0,0.0,473214.0,740432.0,0.0,0.0
BAMU81YS7Q,676.0,672923.0,13.8,18.0,13.0,0.0,39482.0,108328.0,0.0,0.0
Q9QMK4M0DP,723.0,1638579.0,22.3,32.0,18.0,0.0,708795.0,993586.0,0.0,0.0
VLJV6JE0F3,,,25.7,28.0,12.0,0.0,272403.0,444884.0,0.0,0.0
120R66KJ8O,718.0,1072056.0,11.4,,10.0,0.0,171532.0,268048.0,0.0,0.0
4IQF8DZ3R4,693.0,2611094.0,18.5,28.0,12.0,0.0,311562.0,428956.0,0.0,0.0
DXNRCNVL3V,732.0,524818.0,14.2,62.0,6.0,0.0,87704.0,247676.0,0.0,0.0
XBGXAYZWXM,,,15.4,26.0,16.0,0.0,384902.0,510488.0,0.0,0.0
R38M1U1AFT,745.0,781717.0,16.4,,10.0,0.0,165547.0,604736.0,0.0,0.0
CXG4E9BL46,721.0,1902090.0,16.8,64.0,8.0,0.0,174002.0,248732.0,0.0,0.0
K6NLVT08OG,742.0,2120305.0,21.8,,7.0,0.0,20121.0,529562.0,0.0,0.0
WQLDIWC6YY,731.0,424764.0,29.4,,19.0,0.0,235068.0,793562.0,0.0,0.0
EY5DRXGIR8,720.0,852777.0,5.8,,16.0,0.0,172501.0,516142.0,0.0,0.0
842IOPF78L,735.0,528998.0,22.5,46.0,11.0,0.0,219279.0,316602.0,0.0,0.0
8JD78QJ1TB,701.0,1390648.0,18.3,64.0,12.0,0.0,220780.0,289828.0,0.0,0.0
MVCH174G5W,,,8.8,27.0,8.0,0.0,62662.0,268686.0,0.0,0.0
2FGKX00ZJN,714.0,608722.0,12.0,,11.0,0.0,343311.0,867922.0,0.0,0.0
7HNFV6RKZD,707.0,926345.0,19.6,,9.0,0.0,356554.0,571010.0,0.0,0.0
EQPCHXTS14,735.0,838242.0,17.5,,11.0,0.0,312531.0,427262.0,0.0,0.0
8PTGGXMKKM,721.0,1305528.0,22.0,,11.0,0.0,238317.0,557458.0,0.0,0.0
YKNT67B209,733.0,1092291.0,15.6,69.0,3.0,0.0,253118.0,298760.0,0.0,0.0
B0IV9NM7V1,,,30.5,29.0,23.0,0.0,1610231.0,2904154.0,0.0,0.0
75YI3SWWMF,662.0,1213511.0,12.5,34.0,9.0,0.0,43833.0,199056.0,0.0,0.0
6DTAG8UD8Y,,,18.6,36.0,8.0,0.0,62814.0,246576.0,0.0,0.0
8HTRXT4OUF,666.0,1347480.0,17.7,61.0,15.0,1.0,113107.0,626670.0,1.0,0.0
49LJDJHZV6,710.0,278673.0,25.6,87.0,10.0,0.0,170905.0,434918.0,0.0,0.0
JHYRGUS75P,741.0,3103650.0,13.8,25.0,11.0,0.0,74461.0,313544.0,0.0,0.0
B3P921GKMK,7480.0,1507536.0,12.7,53.0,9.0,0.0,353609.0,1106600.0,0.0,0.0
LX5PTYDZAJ,609.0,1349114.0,12.5,,18.0,0.0,481612.0,680900.0,0.0,0.0
6XLI1WE2Z4,737.0,880384.0,21.7,,8.0,0.0,315514.0,1170972.0,0.0,0.0
KE1QXSY8NY,714.0,1712641.0,16.7,63.0,10.0,0.0,80503.0,120252.0,0.0,0.0
TNAJXLLNQ7,744.0,468483.0,14.4,,6.0,1.0,137864.0,285538.0,0.0,0.0
LJJOFD2IQH,,,12.8,,18.0,0.0,209171.0,552970.0,0.0,0.0
1U2EOGH2Z8,659.0,575396.0,37.5,34.0,9.0,0.0,33801.0,92532.0,0.0,0.0
B8N46DS1W1,,,17.7,,15.0,0.0,402876.0,564762.0,0.0,0.0
YQCLGY17VK,671.0,1301139.0,21.4,,26.0,1.0,318687.0,704198.0,1.0,0.0
SHVVDQ1ML8,7090.0,2643033.0,13.0,,18.0,0.0,762698.0,1445378.0,0.0,0.0
CMOP7HNEEW,729.0,1957038.0,18.0,,10.0,0.0,565611.0,682198.0,0.0,0.0
3LXVR9B7ID,743.0,637545.0,14.9,,8.0,0.0,163780.0,350526.0,0.0,0.0
H3KMG2MDD7,742.0,1592960.0,16.7,74.0,17.0,0.0,871929.0,1421970.0,0.0,0.0
RUNDDTYT51,,,13.9,16.0,4.0,0.0,64828.0,113388.0,0.0,0.0
9PIZAH6ZLP,704.0,842175.0,24.7,82.0,8.0,0.0,423966.0,520036.0,0.0,0.0
SZ0Z2BBCWD,680.0,1408185.0,16.0,44.0,7.0,0.0,764123.0,1150556.0,0.0,0.0
CR9HB1Z64X,708.0,959804.0,17.4,,12.0,0.0,247057.0,313676.0,0.0,0.0
A29Q0BSFLA,631.0,1304673.0,17.6,30.0,3.0,0.0,0.0,0.0,0.0,0.0
H8FOBT35JQ,720.0,1735479.0,16.0,45.0,9.0,1.0,51566.0,298518.0,1.0,0.0
FYDF3XUJVW,719.0,514653.0,14.8,,7.0,1.0,166516.0,318692.0,1.0,0.0
QRDGEXTI8W,740.0,1594955.0,17.4,,8.0,0.0,437247.0,849486.0,0.0,0.0
PIOC70NJ1K,702.0,300105.0,18.3,64.0,10.0,1.0,39159.0,412258.0,1.0,0.0
LUR73IWIJQ,723.0,1041447.0,9.0,,7.0,0.0,135622.0,276452.0,0.0,0.0
6XGUBB4XHB,705.0,1033201.0,14.2,,5.0,0.0,132449.0,206712.0,0.0,0.0
XLI9URZADU,,,25.0,9.0,13.0,1.0,824486.0,1086074.0,0.0,0.0
2KZXZNYAMF,743.0,2262216.0,14.9,34.0,24.0,0.0,138662.0,764522.0,0.0,0.0
SVW00TTKF5,719.0,1514015.0,12.5,41.0,9.0,0.0,235809.0,323532.0,0.0,0.0
1SKARNL1LY,740.0,5940711.0,17.5,18.0,6.0,0.0,185858.0,285384.0,0.0,0.0
UGFNDPDC5Q,7450.0,1133559.0,26.8,,8.0,0.0,123785.0,1666676.0,0.0,0.0
C693OJY0JS,646.0,2230980.0,15.8,70.0,24.0,1.0,55062.0,574442.0,1.0,0.0
B18GW4GONR,751.0,1307067.0,16.4,,17.0,0.0,467438.0,903562.0,0.0,0.0
R5XVMZNRTW,,,35.3,,6.0,1.0,19342.0,263582.0,1.0,0.0
XAGXF7PMUK,750.0,2018750.0,21.0,,14.0,0.0,6688.0,121066.0,0.0,0.0
2HKVN4LRFM,742.0,1154706.0,15.4,,8.0,0.0,437532.0,1013254.0,0.0,0.0
DUZ17NCQ3H,734.0,983250.0,10.2,63.0,15.0,0.0,109516.0,192720.0,0.0,0.0
U7DJ9WHTXX,740.0,674842.0,16.4,,5.0,0.0,258286.0,434082.0,0.0,0.0
4OHK0T6TED,748.0,1766202.0,19.0,79.0,10.0,0.0,328168.0,593714.0,0.0,0.0
XM658UNXEN,707.0,845766.0,10.4,20.0,12.0,0.0,161215.0,455290.0,0.0,0.0
8UD2O2ELVS,715.0,1723471.0,16.5,50.0,12.0,0.0,279604.0,478192.0,0.0,0.0
ZGE0H8QTH8,738.0,802636.0,8.1,,7.0,0.0,108281.0,391776.0,0.0,0.0
CD4ID245P1,745.0,1919228.0,19.0,,8.0,0.0,801819.0,1524468.0,0.0,0.0
4VNTGHNK71,750.0,1580002.0,27.0,,8.0,0.0,170221.0,571296.0,0.0,0.0
Q4VE4T86SX,,,14.8,,8.0,0.0,93670.0,143660.0,0.0,0.0
IA55EA30YA,720.0,562077.0,6.7,,4.0,0.0,80066.0,218636.0,0.0,0.0
D55UJI8WV0,,,27.0,,5.0,0.0,381197.0,461714.0,0.0,0.0
N2F57QNMTO,718.0,1551008.0,17.5,,9.0,1.0,149074.0,217668.0,1.0,0.0
F2UJAO9E2H,708.0,584934.0,16.2,,10.0,0.0,76304.0,552222.0,0.0,0.0
71E4TM9A7S,750.0,1504496.0,11.9,30.0,16.0,0.0,3705.0,268114.0,0.0,0.0
GSR2H5849R,740.0,353894.0,11.3,,7.0,0.0,110504.0,196262.0,0.0,0.0
H6HIMPPNQW,723.0,274930.0,34.5,31.0,10.0,0.0,179208.0,393008.0,0.0,0.0
FU8IBQ5TLI,679.0,1850201.0,15.0,27.0,7.0,0.0,131461.0,217162.0,0.0,0.0
8HW7QKKJH9,730.0,1898860.0,28.6,25.0,20.0,0.0,591755.0,1779712.0,0.0,0.0
1GZIRL5OFM,,,,,,,,,,
3GFT1ZDW4G,739.0,702468.0,22.0,45.0,13.0,1.0,119966.0,301972.0,1.0,0.0
HPZWM5ZZ9P,749.0,2528539.0,25.6,,17.0,0.0,479712.0,2257904.0,0.0,0.0
7JMRXR4RZF,716.0,1162572.0,10.1,,14.0,0.0,229026.0,307274.0,0.0,0.0
BRDPGAELT8,,,14.0,,13.0,0.0,530309.0,613448.0,0.0,0.0
2A3UFNL4IY,747.0,942400.0,24.5,,7.0,0.0,356554.0,1243506.0,0.0,0.0
99LA3UGOFV,750.0,1341172.0,41.1,,9.0,0.0,362368.0,677820.0,0.0,0.0
5CIONRDSA6,693.0,1042929.0,19.8,,2.0,0.0,0.0,0.0,0.0,0.0
8TI7YPE5LS,643.0,563844.0,29.9,6.0,5.0,0.0,127794.0,150216.0,0.0,0.0
0DXQ15ZRH3,,,,,,,,,,
UP7EI5SMZR,,,19.2,,10.0,0.0,55537.0,1190838.0,0.0,0.0
NKKT5VF7ZX,737.0,1492507.0,13.7,22.0,8.0,1.0,62529.0,254078.0,1.0,0.0
YBYMVKU9YL,704.0,1527144.0,12.5,,6.0,0.0,345781.0,499224.0,0.0,0.0
2GWVMPO39L,735.0,559398.0,15.6,,5.0,0.0,109497.0,215974.0,0.0,0.0
QBLO8CZPMV,,,,,,,,,,
P9K055S5V1,648.0,943065.0,9.7,,4.0,0.0,99902.0,144078.0,0.0,0.0
YM0ACJCFFU,751.0,1316434.0,37.5,,18.0,0.0,354920.0,2151556.0,0.0,0.0
3RSK9SJJYM,733.0,2316518.0,17.8,80.0,10.0,0.0,312569.0,458700.0,0.0,0.0
YRY7S9XVGS,747.0,2017135.0,21.0,,10.0,0.0,512392.0,894850.0,0.0,0.0
8EAADQ2T0P,746.0,1774315.0,13.0,65.0,7.0,0.0,304874.0,423808.0,0.0,0.0
O6VJQ49EVC,702.0,774516.0,17.8,,4.0,2.0,112499.0,215292.0,0.0,0.0
KW062Q55MV,,,,,,,,,,
NM2H1KQEJF,,,11.1,27.0,4.0,0.0,9329.0,12958.0,0.0,0.0
E4WSS3QCPH,750.0,1903439.0,25.8,,24.0,0.0,1014619.0,8332104.0,0.0,0.0
H2KORNNZIT,,,,,,,,,,
4KX8TAWDKI,695.0,2080367.0,17.5,10.0,7.0,0.0,209361.0,398728.0,0.0,0.0
2M7GOEKIDL,,,29.2,,10.0,0.0,298642.0,589094.0,0.0,0.0
D280XHLBI8,,,18.3,12.0,11.0,0.0,193876.0,810392.0,0.0,0.0
D507PM49Z4,710.0,580222.0,19.1,15.0,11.0,0.0,56544.0,382888.0,0.0,0.0
D21FVXDLZO,702.0,1238610.0,17.7,,9.0,0.0,43757.0,888910.0,0.0,0.0
M1170WUXRZ,724.0,1251872.0,20.7,62.0,7.0,2.0,106343.0,186582.0,2.0,0.0
3VWCRPV0VI,705.0,737960.0,13.0,,10.0,0.0,320948.0,528638.0,0.0,0.0
CYK6VF6Z3G,714.0,954845.0,29.9,38.0,24.0,0.0,525597.0,723646.0,0.0,0.0
NW4YBDI9S1,731.0,515147.0,13.5,,10.0,0.0,78394.0,207724.0,0.0,0.0
V4AGOEK50O,,,11.8,,22.0,0.0,557821.0,1193896.0,0.0,0.0
O0AZ7ZHKX4,747.0,1410047.0,14.0,,10.0,0.0,221711.0,274274.0,0.0,0.0
8F4VK7JP4H,721.0,582882.0,48.6,,17.0,1.0,158517.0,449900.0,1.0,0.0
D3TUCZQMGJ,7410.0,557612.0,23.4,,4.0,0.0,220191.0,287122.0,0.0,0.0
O0GR964VAX,742.0,425942.0,19.7,,5.0,0.0,309852.0,553674.0,0.0,0.0
AHR0NTFFPU,7350.0,258077.0,18.1,,4.0,1.0,126768.0,194150.0,1.0,0.0
GT7NZQ0KWS,690.0,950361.0,14.0,23.0,5.0,0.0,69464.0,164472.0,0.0,0.0
561NO12R85,748.0,998298.0,15.7,,18.0,0.0,119966.0,431398.0,0.0,0.0
ZEFGHXS5MO,694.0,1032574.0,14.1,,14.0,2.0,21204.0,63074.0,1.0,1.0
HX7VFV0E23,699.0,1149690.0,13.9,3.0,12.0,0.0,168663.0,390588.0,0.0,0.0
NGRPTM7XVD,,,,,,,,,,
01I0BKS0WT,738.0,366415.0,8.0,48.0,7.0,0.0,143526.0,276958.0,0.0,0.0
L72Q8VI8I7,,,11.1,35.0,11.0,1.0,135641.0,710666.0,1.0,0.0
PC1UYSKMR8,751.0,1621460.0,21.1,23.0,12.0,0.0,242744.0,1232748.0,0.0,0.0
IDN91YZL6V,6930.0,1527904.0,8.6,,10.0,0.0,56639.0,232606.0,0.0,0.0
A02DJZYLR5,737.0,465785.0,7.8,,3.0,0.0,66538.0,138072.0,0.0,0.0
XDJ4GTGQLL,700.0,1335985.0,27.8,49.0,15.0,0.0,386574.0,749738.0,0.0,0.0
SL68RT7MJF,749.0,1204372.0,30.0,22.0,8.0,0.0,38722.0,347600.0,0.0,0.0
0X2QQDNGHX,701.0,931855.0,22.5,18.0,10.0,0.0,179759.0,1425600.0,0.0,0.0
41DO2NJBQJ,723.0,1139544.0,13.6,64.0,8.0,1.0,78698.0,277002.0,1.0,0.0
OC6FKFP5RB,732.0,650104.0,36.6,,11.0,0.0,416784.0,550286.0,0.0,0.0
NA9WAXGOJA,736.0,594073.0,8.0,70.0,8.0,0.0,195719.0,339746.0,0.0,0.0
CBF2HOCO7O,,,20.8,,7.0,0.0,178182.0,377190.0,0.0,0.0
U1W1YMNRXK,,,10.7,54.0,19.0,1.0,56335.0,210452.0,1.0,0.0
YUQBEA83MM,722.0,1822252.0,14.0,,9.0,0.0,452580.0,891220.0,0.0,0.0
AT30DK00SL,738.0,1329468.0,13.9,,13.0,0.0,147288.0,497200.0,0.0,0.0
7BD4RBVR8Q,735.0,637298.0,10.2,,8.0,0.0,197657.0,315656.0,0.0,0.0
0WIM1C1O8B,708.0,1072303.0,9.5,,5.0,0.0,135755.0,172942.0,0.0,0.0
YC89ZT339X,,,10.5,,7.0,0.0,2679.0,444378.0,0.0,0.0
U7S6JMQ0KU,,,17.9,8.0,25.0,0.0,318953.0,971872.0,0.0,0.0
89JC1TKSYD,705.0,1932528.0,18.2,5.0,14.0,0.0,514349.0,1838144.0,0.0,0.0
7EB3N42CNQ,7400.0,955320.0,13.0,,8.0,0.0,197467.0,327580.0,0.0,0.0
8P0N5QKT8L,727.0,749284.0,13.0,,7.0,0.0,276792.0,438416.0,0.0,0.0
8AIX68E5UN,714.0,615790.0,6.4,,7.0,0.0,32433.0,110418.0,0.0,0.0
LXLPA69B0X,747.0,546041.0,12.0,,4.0,0.0,35720.0,111166.0,0.0,0.0
KRH5KSFPOK,706.0,2122927.0,18.4,22.0,5.0,0.0,107768.0,228140.0,0.0,0.0
3C0E34NOYB,738.0,1100480.0,17.6,25.0,12.0,0.0,22800.0,455312.0,0.0,0.0
L2APC0CCDE,695.0,269914.0,13.9,27.0,6.0,0.0,39463.0,164978.0,0.0,0.0
M9C4LTI7KE,748.0,371184.0,9.8,,16.0,0.0,130055.0,417186.0,0.0,0.0
XXWI8VLNKW,,,19.4,,10.0,0.0,278559.0,622644.0,0.0,0.0
2CZJ1UJ2YL,720.0,1899620.0,20.6,24.0,12.0,0.0,316369.0,461340.0,0.0,0.0
FT2GOP7M4Y,6920.0,1786399.0,17.0,25.0,8.0,3.0,37639.0,223498.0,3.0,0.0
8YZ3LAYWEL,714.0,854221.0,11.4,,9.0,0.0,155458.0,203390.0,0.0,0.0
HWGWRLK38I,736.0,1329886.0,15.5,14.0,11.0,0.0,25422.0,203016.0,0.0,0.0
RD8U3XDJX2,729.0,1701241.0,13.5,,8.0,0.0,287774.0,391534.0,0.0,0.0
7UW1AX8PNV,742.0,1007418.0,13.6,,9.0,0.0,41344.0,368258.0,0.0,0.0
KE7U397HES,,,4.0,,9.0,2.0,76817.0,344762.0,2.0,0.0
EH4F8XBTNL,,,15.9,64.0,8.0,0.0,316977.0,543752.0,0.0,0.0
C6EA82HLJB,7310.0,474297.0,11.6,,12.0,0.0,184471.0,509806.0,0.0,0.0
0YWPQFO76W,728.0,1494008.0,17.6,,6.0,0.0,336281.0,588192.0,0.0,0.0
WB5B4Q0Z7L,,,9.8,,16.0,0.0,574731.0,1043064.0,0.0,0.0
2ZDIV7UE3I,723.0,1123470.0,20.1,,15.0,1.0,279034.0,414216.0,1.0,0.0
TD0T7URG31,682.0,1714104.0,12.2,15.0,20.0,0.0,306033.0,984280.0,0.0,0.0
NUPC7VV0QQ,747.0,4177321.0,27.4,,17.0,0.0,579747.0,1974390.0,0.0,0.0
3IQ25ARK8C,718.0,824372.0,14.5,12.0,11.0,0.0,264309.0,473022.0,0.0,0.0
PC3H5KNM76,742.0,1115718.0,24.0,51.0,19.0,0.0,526927.0,2047452.0,0.0,0.0
UM6LRCW7Q8,709.0,1228711.0,7.2,,15.0,0.0,184243.0,602668.0,0.0,0.0
SEGVZ4JWHT,718.0,2834325.0,11.4,45.0,11.0,0.0,195966.0,360162.0,0.0,0.0
NWX0U3Q0V5,6680.0,747004.0,13.0,,11.0,0.0,376466.0,501050.0,0.0,0.0
YG4BTGVUAB,682.0,677445.0,14.0,71.0,13.0,0.0,169214.0,376794.0,0.0,0.0
LJZDN7XLTZ,700.0,969855.0,20.2,75.0,10.0,0.0,596676.0,882354.0,0.0,0.0
9T3T3VX6I9,,,15.4,20.0,7.0,0.0,68134.0,255332.0,0.0,0.0
32HC7H1Q1N,,,41.4,12.0,7.0,0.0,159296.0,267322.0,0.0,0.0
WXW2MOPGF9,723.0,1113324.0,21.0,,5.0,1.0,104177.0,161040.0,1.0,0.0
TW7JG4EH33,718.0,701385.0,20.9,79.0,12.0,0.0,298661.0,680746.0,0.0,0.0
UDNKSPME0H,710.0,602775.0,15.2,,10.0,0.0,250553.0,553630.0,0.0,0.0
8WEYLI98WZ,,,,,,,,,,
JZRTUB8MJQ,748.0,1050700.0,31.1,,16.0,0.0,390469.0,1130294.0,0.0,0.0
3EDESRC2MB,715.0,504070.0,7.0,,6.0,0.0,250477.0,695486.0,0.0,0.0
ABFMQ1NUTM,740.0,624986.0,15.0,,9.0,0.0,256652.0,496958.0,0.0,0.0
8T580LXQST,715.0,1081385.0,17.2,20.0,9.0,0.0,78641.0,109846.0,0.0,0.0
XQP7GXJYRE,,,11.0,,3.0,0.0,28899.0,60302.0,0.0,0.0
V9NFAEDUPO,743.0,1134414.0,26.8,,14.0,0.0,358511.0,812372.0,0.0,0.0
VF5YOR82BL,739.0,936605.0,13.0,,12.0,1.0,73017.0,327712.0,1.0,0.0
SZ2ZXOBQIR,704.0,736915.0,18.5,,19.0,0.0,525198.0,1115840.0,0.0,0.0
NF0XJ0FSF2,709.0,788690.0,14.1,76.0,11.0,0.0,197942.0,420552.0,0.0,0.0
290EWAF051,747.0,2274528.0,20.8,33.0,22.0,0.0,151639.0,624844.0,0.0,0.0
I74DZUZYBJ,739.0,3948751.0,25.9,20.0,12.0,0.0,154774.0,378862.0,0.0,0.0
SP0K6NV4PB,,,,,,,,,,
2ZXDJ313X3,,,37.0,,36.0,0.0,202027.0,4977170.0,0.0,0.0
OX4PERA7EL,747.0,1462126.0,19.7,,6.0,0.0,472511.0,679646.0,0.0,0.0
W3HDT73X38,721.0,830490.0,13.2,,12.0,0.0,237500.0,308638.0,0.0,0.0
D98G131NVR,749.0,1133730.0,21.5,,13.0,0.0,276051.0,847836.0,0.0,0.0
CU7TC2NUX6,724.0,1113210.0,12.7,,10.0,2.0,211280.0,582494.0,0.0,0.0
9ZV9NQFHO8,,,32.5,60.0,23.0,0.0,167865.0,503514.0,0.0,0.0
AGKIYZLT3A,734.0,375706.0,9.7,,5.0,0.0,153387.0,308880.0,0.0,0.0
D250IFYVOV,,,16.2,,6.0,0.0,131594.0,162272.0,0.0,0.0
0D9RRA7LBZ,720.0,452029.0,17.2,7.0,8.0,0.0,135546.0,338272.0,0.0,0.0
UK3CMZ7X0Z,738.0,1117656.0,17.0,,8.0,0.0,165870.0,646690.0,0.0,0.0
HVGYJNQZHZ,682.0,1177734.0,17.8,55.0,15.0,0.0,0.0,0.0,0.0,0.0
UX1TWKCBD2,,,,,,,,,,
CP09FJVBMS,745.0,2100241.0,32.2,40.0,5.0,1.0,172083.0,229834.0,0.0,0.0
DPHPLBQHV7,743.0,655557.0,25.7,49.0,8.0,0.0,64011.0,243056.0,0.0,0.0
ZK5DWJDUR9,,,27.9,47.0,18.0,1.0,145293.0,572264.0,1.0,0.0
OUSJ5BE9FX,738.0,776720.0,8.6,,5.0,0.0,57475.0,462220.0,0.0,0.0
2WB9B995B9,709.0,615049.0,10.0,,7.0,0.0,139574.0,189266.0,0.0,0.0
KEXQDJAFDJ,748.0,722798.0,15.8,,6.0,0.0,100206.0,504526.0,0.0,0.0
LYBD9GA15D,,,11.9,11.0,12.0,0.0,120042.0,239250.0,0.0,0.0
GEUPN66FGG,738.0,1474286.0,25.5,,12.0,1.0,100852.0,369556.0,1.0,0.0
LNNZY4O6MG,,,18.6,11.0,8.0,0.0,139612.0,253770.0,0.0,0.0
M24RY5LS3E,,,,,,,,,,
XTT5SMFF43,,,26.1,,10.0,0.0,167941.0,388146.0,0.0,0.0
632AIZ6BOW,723.0,879852.0,19.6,,7.0,1.0,228950.0,436040.0,1.0,0.0
91RC5G2MHI,723.0,1137606.0,19.3,,17.0,1.0,131347.0,281138.0,1.0,0.0
VRF2LC8JPQ,695.0,1009622.0,18.5,,7.0,0.0,161614.0,700876.0,0.0,0.0
PDLB7K946Q,701.0,1381813.0,17.7,,13.0,0.0,347947.0,489566.0,0.0,0.0
G5TSXSYIS3,640.0,1348430.0,15.7,,7.0,0.0,134197.0,166892.0,0.0,0.0
0BZ4IJW8PN,725.0,2071836.0,21.3,36.0,30.0,0.0,133532.0,495550.0,0.0,0.0
5C9OVK39LI,742.0,805828.0,17.7,,7.0,0.0,205827.0,333322.0,0.0,0.0
WH0C5QPNSW,674.0,1389660.0,16.2,37.0,17.0,0.0,139289.0,225258.0,0.0,0.0
VEAAHKI6DT,,,22.5,2.0,7.0,0.0,1360438.0,2094752.0,0.0,0.0
GCCOSI78KZ,704.0,2132085.0,16.0,73.0,15.0,0.0,176643.0,423478.0,0.0,0.0
1A0I0AXMTX,,,9.3,,11.0,0.0,70889.0,314468.0,0.0,0.0
0Z9EVA88O1,682.0,2847150.0,18.5,,8.0,0.0,1002573.0,1285592.0,0.0,0.0
RYHQHPE0VT,680.0,1117770.0,12.9,30.0,19.0,0.0,312151.0,1606374.0,0.0,0.0
08OPUVJNN6,748.0,742824.0,15.2,,11.0,0.0,272422.0,1051490.0,0.0,0.0
XC7Y2HT981,740.0,1344896.0,18.0,13.0,7.0,0.0,265563.0,549076.0,0.0,0.0
7MY7AVPI7P,739.0,719169.0,17.6,,6.0,1.0,22078.0,690998.0,1.0,0.0
JK5UZHFH9K,,,17.1,19.0,13.0,0.0,195415.0,557326.0,0.0,0.0
YYUU22X4Z3,709.0,1542724.0,20.9,8.0,14.0,0.0,253308.0,417802.0,0.0,0.0
TRYTREUEQJ,,,12.6,68.0,5.0,0.0,146756.0,281336.0,0.0,0.0
P7GNRSZXYW,740.0,1540520.0,18.4,32.0,11.0,0.0,303354.0,695530.0,0.0,0.0
3YKV64CJC7,7430.0,569715.0,8.0,,10.0,0.0,104215.0,398266.0,0.0,0.0
1BIZIXJUK5,,,36.3,,12.0,1.0,210102.0,354134.0,1.0,0.0
WK6VRASH9K,724.0,1389223.0,27.7,,6.0,1.0,17043.0,143066.0,1.0,0.0
R72YJ48OPS,721.0,1251929.0,13.6,53.0,8.0,0.0,119738.0,162734.0,0.0,0.0
8322Y2Q6QO,,,19.8,,15.0,0.0,306299.0,498102.0,0.0,0.0
RQ72BL8ZFO,733.0,514045.0,16.8,,4.0,1.0,91067.0,149358.0,1.0,0.0
ZCV8G7H9GS,705.0,2431772.0,18.4,,11.0,0.0,3659001.0,6087290.0,0.0,0.0
6UPCM4LPQA,672.0,1842544.0,15.3,,3.0,0.0,262257.0,309870.0,0.0,0.0
EZ7WTZJ6Y3,721.0,1126320.0,10.8,,7.0,0.0,43472.0,134618.0,0.0,0.0
ZUWMX0L33Z,729.0,752552.0,15.0,6.0,9.0,0.0,128972.0,424226.0,0.0,0.0
EEZOSGWNKW,703.0,656963.0,6.0,,9.0,0.0,83505.0,182424.0,0.0,0.0
EYI67DNCEZ,,,12.6,,11.0,0.0,138548.0,247962.0,0.0,0.0
BUIBIWLPEN,722.0,776340.0,15.1,,10.0,0.0,180880.0,321222.0,0.0,0.0
HE0M4NCHOP,750.0,2017629.0,15.4,,8.0,0.0,29317.0,255200.0,0.0,0.0
UV8INCLSM3,,,19.9,,6.0,0.0,157206.0,1639924.0,0.0,0.0
XP0BQ1XHO0,708.0,2345626.0,20.1,16.0,8.0,0.0,129865.0,203742.0,0.0,0.0
9GRI824SFW,668.0,1689366.0,13.8,,16.0,1.0,272232.0,652652.0,1.0,0.0
WRH4B322O9,662.0,1130196.0,11.4,,4.0,0.0,119833.0,270490.0,0.0,0.0
K4M31GWPK5,707.0,701252.0,16.5,23.0,13.0,1.0,138434.0,334664.0,1.0,0.0
AC57QC2M8B,676.0,5307232.0,27.1,5.0,13.0,0.0,679516.0,842402.0,0.0,0.0
SCMSKPR5V5,7330.0,1069453.0,19.4,78.0,5.0,0.0,33687.0,54010.0,0.0,0.0
Q3E0OUZH11,672.0,558486.0,9.2,,8.0,0.0,79382.0,168036.0,0.0,0.0
XC5K61S6NM,6540.0,709365.0,19.9,,8.0,1.0,240388.0,391468.0,1.0,0.0
02SB0VMIZN,746.0,613282.0,19.8,,6.0,0.0,317908.0,961136.0,0.0,0.0
4ZY7KLGVJS,744.0,1702134.0,14.0,76.0,15.0,0.0,228114.0,381128.0,0.0,0.0
NZ7Z70HDTW,,,16.8,13.0,13.0,1.0,35321.0,629156.0,1.0,0.0
DKFOCTV3GU,743.0,579101.0,9.6,,5.0,0.0,82555.0,179652.0,0.0,0.0
09VOL7EEK3,7250.0,773205.0,18.9,,7.0,0.0,140125.0,204622.0,0.0,0.0
VPLBAZDG07,,,,,,,,,,
F9JZARZGSN,698.0,1116972.0,16.7,,6.0,0.0,373958.0,494868.0,0.0,0.0
N1OPJLXKEV,,,20.0,64.0,7.0,0.0,102486.0,140756.0,0.0,0.0
8PKM5CNMSK,,,25.7,,15.0,0.0,368657.0,558712.0,0.0,0.0
6OMDM2ZM5Z,737.0,466754.0,13.7,,5.0,0.0,179512.0,236478.0,0.0,0.0
9V0B6Z9ZBW,704.0,2349825.0,20.3,6.0,20.0,0.0,210729.0,829950.0,0.0,0.0
M04WRHVVER,,,19.1,2.0,14.0,0.0,144875.0,483428.0,0.0,0.0
EBEKGMJ1UP,668.0,1527410.0,25.4,60.0,18.0,0.0,356269.0,721204.0,0.0,0.0
05GUG568DF,706.0,663138.0,10.8,,10.0,0.0,112879.0,226138.0,0.0,0.0
T8THJA17IL,,,19.7,16.0,11.0,0.0,124051.0,311564.0,0.0,0.0
V2J4WP2333,6950.0,2459379.0,9.1,31.0,19.0,0.0,206758.0,834152.0,0.0,0.0
JOKQK35YVW,699.0,1216361.0,31.7,41.0,32.0,0.0,107578.0,2042106.0,0.0,0.0
UGITR8Q6ZU,744.0,995923.0,12.5,,9.0,0.0,284658.0,504768.0,0.0,0.0
2082QT6FD1,742.0,1037058.0,23.5,78.0,8.0,1.0,161861.0,264330.0,1.0,0.0
IPLM2A5RPO,681.0,2044685.0,17.5,,18.0,0.0,1382022.0,2260236.0,0.0,0.0
PRSFIGTX7J,708.0,1936290.0,24.9,,14.0,0.0,402895.0,777524.0,0.0,0.0
NE0BKD6N8T,,,11.2,,12.0,0.0,964972.0,1357620.0,0.0,0.0
IHZN8ZF50P,,,21.5,6.0,24.0,0.0,457387.0,2364296.0,0.0,0.0
ZU62V4TTXB,734.0,946485.0,16.9,,8.0,0.0,93974.0,199628.0,0.0,0.0
HIX4Z0ZTH8,,,11.4,,10.0,0.0,20539.0,528308.0,0.0,0.0
MYIVCD8YAZ,742.0,648812.0,27.0,,11.0,0.0,345705.0,635360.0,0.0,0.0
IMU062TDZV,700.0,1600370.0,27.2,44.0,9.0,1.0,63403.0,167992.0,1.0,0.0
BGZ312U49I,,,15.5,,11.0,1.0,188442.0,596178.0,1.0,0.0
TIQ1YBZQ0Y,727.0,795758.0,17.0,24.0,10.0,1.0,85025.0,289586.0,1.0,0.0
SAW3ODQIWG,743.0,1133502.0,15.4,,9.0,1.0,101745.0,328174.0,1.0,0.0
NZOP34Q8BR,708.0,1834602.0,14.3,,8.0,1.0,147972.0,223674.0,1.0,0.0
VBJE5IGODT,740.0,1148436.0,14.0,76.0,19.0,0.0,201666.0,452540.0,0.0,0.0
HUF7GEAEEG,743.0,1026361.0,19.9,49.0,22.0,0.0,129789.0,274736.0,0.0,0.0
QNBVR4AIGE,737.0,3511846.0,25.5,16.0,19.0,0.0,505020.0,1382414.0,0.0,0.0
ZTXGD7K6ZB,703.0,906224.0,12.0,39.0,6.0,1.0,80503.0,234190.0,0.0,0.0
7EMTTWIXWB,689.0,1502368.0,13.9,17.0,8.0,0.0,117781.0,188892.0,0.0,0.0
XZU5R3NU88,,,8.0,,9.0,0.0,50027.0,212938.0,0.0,0.0
4C96RNKB9L,680.0,2132123.0,28.5,22.0,26.0,0.0,675355.0,1233452.0,0.0,0.0
JP642KZ20V,744.0,1444380.0,20.4,14.0,15.0,0.0,125818.0,358820.0,0.0,0.0
HRBYB2XSMD,740.0,995714.0,21.7,,8.0,0.0,218614.0,371184.0,0.0,0.0
YBVC5LEHIQ,664.0,1261030.0,16.6,,8.0,0.0,151544.0,167772.0,0.0,0.0
6W6J38HW1L,727.0,1779369.0,24.0,20.0,14.0,0.0,244302.0,474606.0,0.0,0.0
V0JN1UJ5YP,750.0,2280912.0,37.6,,9.0,0.0,850877.0,5795438.0,0.0,0.0
8I0S1LY000,745.0,2335347.0,17.5,2.0,23.0,0.0,443346.0,1579512.0,0.0,0.0
XAWMKIBQDK,,,,,,,,,,
FE34HYWMSW,743.0,1143192.0,25.9,22.0,4.0,0.0,541367.0,732292.0,0.0,0.0
UF1C2J8CKH,750.0,1048135.0,20.8,,8.0,0.0,133418.0,359260.0,0.0,0.0
OVZ4XPQQRR,,,9.0,,11.0,0.0,186200.0,244706.0,0.0,0.0
0T99O86JYM,625.0,1856604.0,47.5,9.0,10.0,0.0,607012.0,726088.0,0.0,0.0
ZRVUHXKT0C,698.0,722722.0,17.2,33.0,3.0,0.0,80370.0,143198.0,0.0,0.0
IN1G7LZZ1Z,723.0,785479.0,9.9,,12.0,0.0,317091.0,591228.0,0.0,0.0
RHI4O48MJL,,,13.6,,8.0,0.0,107787.0,276122.0,0.0,0.0
0TTXM7DXRY,660.0,947302.0,36.5,71.0,9.0,0.0,138111.0,346148.0,0.0,0.0
FWV4IYFWCB,707.0,574332.0,9.2,,8.0,0.0,196916.0,593780.0,0.0,0.0
75RUQWAV0G,671.0,1102665.0,19.3,,30.0,0.0,601768.0,840510.0,0.0,0.0
5038980ATZ,729.0,2257656.0,14.4,,8.0,0.0,268527.0,422466.0,0.0,0.0
D7IT0HOVSD,685.0,1069966.0,8.5,,10.0,0.0,360848.0,1001968.0,0.0,0.0
WKC0U3J2YK,,,44.7,,7.0,0.0,390317.0,600974.0,0.0,0.0
ZOZEJETW0F,714.0,1089118.0,9.9,,9.0,0.0,18202.0,41338.0,0.0,0.0
SF9FD8THOP,711.0,825208.0,14.9,11.0,10.0,0.0,138662.0,177980.0,0.0,0.0
OL6Z947JAA,,,18.0,20.0,15.0,0.0,191482.0,543466.0,0.0,0.0
R03C9BWG31,634.0,1691361.0,26.0,10.0,9.0,1.0,322373.0,541772.0,0.0,0.0
Q70TTR008Y,721.0,562761.0,19.7,,16.0,2.0,186561.0,534666.0,2.0,0.0
RYWN8BMLQQ,746.0,2223893.0,26.3,19.0,13.0,0.0,443536.0,817784.0,0.0,0.0
R8OKOUJ579,,,,,,,,,,
W82038ZPNB,,,15.7,,8.0,0.0,431376.0,736714.0,0.0,0.0
RFYX8JML44,741.0,849927.0,17.4,,12.0,0.0,342399.0,523050.0,0.0,0.0
EVWU3FNX6F,728.0,1328005.0,15.8,,8.0,0.0,332804.0,599280.0,0.0,0.0
XIQJC8DXCO,663.0,1745948.0,10.2,,5.0,0.0,76950.0,114840.0,0.0,0.0
FN2AHIP7LT,721.0,519669.0,31.7,,5.0,1.0,68609.0,214720.0,1.0,0.0
VQQG2TI8UW,706.0,1092101.0,12.3,74.0,8.0,0.0,513000.0,609862.0,0.0,0.0
QEMUYKH7DT,,,20.6,,9.0,0.0,842479.0,1158564.0,0.0,0.0
2D9YHIQLY3,739.0,1440960.0,28.3,40.0,10.0,0.0,109592.0,267718.0,0.0,0.0
NHGSSOFP2Q,747.0,1112982.0,15.0,,7.0,0.0,210026.0,721600.0,0.0,0.0
CF4EE9PAKB,709.0,1311114.0,37.2,42.0,18.0,1.0,368277.0,1470414.0,0.0,1.0
AVYUCVG2NL,697.0,1014714.0,14.9,,12.0,0.0,143811.0,533698.0,0.0,0.0
3X6LJVYNTY,730.0,1485553.0,32.0,,7.0,0.0,226708.0,291016.0,0.0,0.0
MKQOA1XEO5,739.0,939759.0,19.7,47.0,11.0,2.0,96444.0,262152.0,1.0,1.0
5HTRJUUHZX,6970.0,439470.0,14.2,22.0,8.0,0.0,277609.0,711150.0,0.0,0.0
NQTN0DTTE1,720.0,992389.0,15.6,57.0,13.0,0.0,227905.0,360976.0,0.0,0.0
BJTBS6OOAR,724.0,983744.0,16.8,,20.0,0.0,356459.0,889526.0,0.0,0.0
2JNGA3DSQ3,,,18.0,,23.0,0.0,878446.0,1284294.0,0.0,0.0
E3RGOGRL3Q,,,14.8,26.0,12.0,0.0,450908.0,709390.0,0.0,0.0
NW1S15VRKC,744.0,945383.0,12.8,67.0,11.0,3.0,58615.0,152834.0,3.0,0.0
JTOSIZ7RAD,714.0,967252.0,36.0,,7.0,1.0,13889.0,178816.0,1.0,0.0
Q7TE42QLYV,733.0,1689480.0,17.4,47.0,12.0,3.0,83467.0,165198.0,0.0,1.0
LI3LIKAILG,702.0,663271.0,21.0,38.0,11.0,1.0,140182.0,331254.0,1.0,0.0
JCQ9TBG8I6,750.0,2109646.0,19.2,,13.0,0.0,2172916.0,9216152.0,0.0,0.0
RYUIFK5JBQ,672.0,712823.0,25.3,,10.0,1.0,70547.0,115060.0,1.0,0.0
VAV8K9M23V,725.0,623808.0,9.6,,12.0,0.0,199158.0,411796.0,0.0,0.0
M5249S2IPA,739.0,1311095.0,19.7,20.0,13.0,2.0,134444.0,415140.0,0.0,0.0
QF2OIC7TJV,633.0,1821910.0,15.5,31.0,12.0,0.0,280744.0,513546.0,0.0,0.0
ZZZR5O02HG,699.0,2198509.0,19.5,6.0,19.0,0.0,628558.0,923582.0,0.0,0.0
FNOP6I35VX,722.0,955605.0,21.0,68.0,14.0,1.0,249185.0,712426.0,1.0,0.0
I5G21K2JZB,,,28.8,48.0,9.0,0.0,412281.0,885676.0,0.0,0.0
CMNMOOHXOQ,723.0,835753.0,11.3,61.0,25.0,1.0,117173.0,365728.0,1.0,0.0
7UZTXJ936S,644.0,447032.0,10.1,,2.0,0.0,132050.0,157300.0,0.0,0.0
EPPJ8AQRYH,,,29.0,76.0,11.0,0.0,411255.0,671616.0,0.0,0.0
UC5SHXPKDM,680.0,651871.0,14.7,1.0,14.0,0.0,117534.0,1193808.0,0.0,0.0
BLIQXN6BTZ,736.0,1143648.0,13.4,57.0,8.0,0.0,63517.0,240328.0,0.0,0.0
B3VP0N4878,,,9.4,,2.0,0.0,61560.0,72578.0,0.0,0.0
1Z7JPI1KQW,734.0,1289302.0,22.1,,8.0,0.0,271453.0,356356.0,0.0,0.0
MEA4BI3NHR,667.0,1994601.0,24.5,45.0,12.0,1.0,103018.0,180444.0,1.0,0.0
WK7RJFZ3WL,736.0,1296066.0,23.0,4.0,7.0,0.0,88008.0,250360.0,0.0,0.0
KOXIHJRAEI,718.0,2201188.0,19.8,10.0,7.0,0.0,202882.0,397496.0,0.0,0.0
AZQK4AW45S,663.0,1849593.0,18.6,,21.0,0.0,386042.0,833954.0,0.0,0.0
KHV0WO6LI2,718.0,1060162.0,16.3,,13.0,1.0,329783.0,605154.0,1.0,0.0
KMSD8LDUYY,735.0,928511.0,15.9,55.0,17.0,0.0,73549.0,197120.0,0.0,0.0
CA5PKG8H01,717.0,930145.0,11.3,,10.0,0.0,332272.0,523446.0,0.0,0.0
RFO4YKAHWK,624.0,959405.0,10.8,50.0,11.0,0.0,324311.0,550616.0,0.0,0.0
UOUDZUJZ5S,,,11.0,11.0,14.0,0.0,187454.0,411884.0,0.0,0.0
ZYK4OPP038,,,25.2,12.0,7.0,0.0,70376.0,167002.0,0.0,0.0
AQNN2KLASV,742.0,777841.0,11.2,24.0,13.0,0.0,34751.0,390698.0,0.0,0.0
HXNHQPDXES,683.0,857052.0,11.6,,7.0,0.0,66576.0,81576.0,0.0,0.0
S3T790UOK4,,,,,,,,,,
SBS5Q0TZYR,745.0,545034.0,16.5,,8.0,0.0,42161.0,361614.0,0.0,0.0
J6KANHUS39,725.0,2139324.0,19.0,,20.0,0.0,20064.0,1659988.0,0.0,0.0
XTS5EV5XTA,705.0,1080511.0,15.9,,11.0,0.0,871758.0,1141866.0,0.0,0.0
ULEA1U9MXT,714.0,1449377.0,15.5,9.0,5.0,0.0,144533.0,313412.0,0.0,0.0
CFZEWTVLTX,,,15.9,57.0,7.0,0.0,294310.0,387706.0,0.0,0.0
YJFIHQ4D99,727.0,200640.0,25.7,,6.0,0.0,29450.0,1099956.0,0.0,0.0
KCCKZ9FOOZ,747.0,1405468.0,11.5,,9.0,0.0,243580.0,560714.0,0.0,0.0
KKRS7E7P8B,725.0,1392092.0,14.8,,9.0,1.0,137294.0,202004.0,1.0,0.0
FPGZS2I771,751.0,1241422.0,23.7,,6.0,0.0,174895.0,978274.0,0.0,0.0
5NHR2A6E7D,746.0,2481324.0,17.0,49.0,15.0,0.0,345762.0,922482.0,0.0,0.0
FB1DLC730B,,,14.2,,17.0,0.0,348232.0,567116.0,0.0,0.0
4EMT9RU2VW,713.0,1701792.0,13.2,11.0,12.0,0.0,283689.0,815078.0,0.0,0.0
AO4JWV5BN3,721.0,1826204.0,15.7,8.0,17.0,0.0,375934.0,551012.0,0.0,0.0
JO3P36TD7I,,,15.0,27.0,7.0,0.0,292676.0,555544.0,0.0,0.0
JJRYBEEBCK,,,9.4,28.0,9.0,0.0,116983.0,371140.0,0.0,0.0
X3PEKMNWEM,708.0,660953.0,10.8,80.0,4.0,0.0,134216.0,203390.0,0.0,0.0
TE531HF5P3,730.0,969190.0,26.6,40.0,5.0,0.0,52915.0,96492.0,0.0,0.0
905IHTRIRL,,,6.7,,7.0,0.0,104975.0,260854.0,0.0,0.0
PH2J8XTL5W,722.0,1321089.0,11.2,,13.0,0.0,237082.0,327954.0,0.0,0.0
S1OLMRKJWS,668.0,1067192.0,28.4,61.0,11.0,0.0,451896.0,679536.0,0.0,0.0
4RSABCUEE5,731.0,906072.0,8.8,,19.0,0.0,273904.0,739266.0,0.0,0.0
YV2EWUNTPC,693.0,896591.0,23.4,,8.0,0.0,113677.0,792968.0,0.0,0.0
AGY2MJIGDB,,,17.1,,10.0,1.0,169385.0,434896.0,1.0,0.0
WETM6ZUYEW,738.0,3086208.0,16.2,40.0,6.0,0.0,247095.0,324016.0,0.0,0.0
86O08YK561,736.0,971755.0,24.5,19.0,6.0,1.0,161386.0,263208.0,0.0,0.0
JRCY9SVVP2,747.0,1671582.0,16.0,46.0,17.0,0.0,372248.0,1310144.0,0.0,0.0
2CX5XWJYFS,702.0,946523.0,15.4,15.0,19.0,0.0,56468.0,432982.0,0.0,0.0
ZSOP9CVNGS,736.0,1431726.0,17.6,,9.0,0.0,190494.0,308506.0,0.0,0.0
QSK37I34S4,716.0,374832.0,17.9,61.0,7.0,0.0,194047.0,345158.0,0.0,0.0
7J92UDVRB3,707.0,826804.0,11.3,,6.0,0.0,236569.0,324918.0,0.0,0.0
8G2MFJR9HN,678.0,1003713.0,19.7,4.0,11.0,0.0,47101.0,84942.0,0.0,0.0
475IJCBFSG,704.0,1577057.0,15.3,,8.0,1.0,245518.0,548812.0,1.0,0.0
5488I93Y0U,732.0,5426400.0,15.2,19.0,6.0,0.0,24358.0,89826.0,0.0,0.0
XSMOYOCIL0,722.0,732184.0,13.3,34.0,22.0,0.0,323874.0,866074.0,0.0,0.0
05W56WNWUP,747.0,1708632.0,15.0,10.0,8.0,0.0,181925.0,453046.0,0.0,0.0
U929ZZRQ2Y,724.0,5806362.0,15.7,17.0,6.0,0.0,354559.0,546656.0,0.0,0.0
5YH6HEM38H,,,,,,,,,,
FP7E610D3Z,720.0,553755.0,6.8,,5.0,0.0,171456.0,287298.0,0.0,0.0
XFPL7Y6RS1,,,18.6,,10.0,0.0,106970.0,315964.0,0.0,0.0
2CLC5LQ4S8,733.0,755896.0,15.7,26.0,14.0,1.0,56962.0,289256.0,0.0,1.0
ZNN60DYVLM,595.0,569772.0,8.8,,4.0,0.0,226556.0,292468.0,0.0,0.0
6U4TJJT7NV,718.0,1689822.0,13.8,28.0,8.0,1.0,186960.0,526680.0,1.0,0.0
FHSY71DD9I,717.0,1523040.0,16.0,24.0,12.0,0.0,198227.0,397100.0,0.0,0.0
TSGWN68MJJ,,,15.2,73.0,9.0,0.0,381672.0,600446.0,0.0,0.0
NUXOZZDIBI,736.0,836247.0,18.8,33.0,6.0,1.0,49533.0,189288.0,1.0,0.0
10EXWKWE52,682.0,1700424.0,21.6,34.0,16.0,0.0,306204.0,779262.0,0.0,0.0
SCF24MPZHQ,750.0,466241.0,16.6,,5.0,0.0,88749.0,218196.0,0.0,0.0
4ULWZ15U6J,748.0,918650.0,48.0,,15.0,0.0,91086.0,4394280.0,0.0,0.0
GMO9UQ63P0,,,,,,,,,,
B04KJIYX52,729.0,903070.0,25.9,6.0,10.0,1.0,66063.0,131890.0,1.0,0.0
KDD8FEO1X7,,,33.6,36.0,10.0,1.0,99237.0,208934.0,1.0,0.0
2LAE4KOS4E,,,15.2,53.0,11.0,1.0,90060.0,254936.0,1.0,0.0
A0IZBNY87A,714.0,902519.0,20.5,17.0,6.0,0.0,157187.0,202444.0,0.0,0.0
GHWORRELCZ,,,22.9,,9.0,1.0,376181.0,694716.0,1.0,0.0
YQSHNWOP9T,738.0,1338170.0,15.1,,14.0,0.0,340214.0,1033956.0,0.0,0.0
ID9FYP7ZY4,718.0,1575176.0,15.7,107.0,11.0,0.0,3021.0,158774.0,0.0,0.0
WVST2MSFHH,738.0,2767407.0,33.4,20.0,17.0,0.0,320587.0,1400740.0,0.0,0.0
23WKHEC3QL,,,10.9,9.0,10.0,0.0,224219.0,322916.0,0.0,0.0
U8W55INFH3,705.0,672448.0,22.8,5.0,8.0,0.0,244834.0,400422.0,0.0,0.0
KNGXGX9B94,743.0,3740758.0,18.5,2.0,16.0,0.0,322088.0,800294.0,0.0,0.0
PLZ2EP78P0,726.0,2891762.0,15.2,,8.0,1.0,675089.0,926178.0,1.0,0.0
P9NGIWUOUQ,741.0,1507916.0,10.4,21.0,14.0,0.0,246487.0,556358.0,0.0,0.0
41GP2MECV3,743.0,2212322.0,24.3,,6.0,0.0,578379.0,1907994.0,0.0,0.0
N7YBSW74IO,,,12.8,,7.0,0.0,212268.0,421608.0,0.0,0.0
BNILNLFSOC,693.0,1715415.0,16.8,,12.0,0.0,700036.0,1083654.0,0.0,0.0
WSSEHKL68X,739.0,1210794.0,10.5,,9.0,0.0,227126.0,452650.0,0.0,0.0
N3NPNHNFQC,742.0,1993613.0,17.4,43.0,6.0,0.0,187416.0,250580.0,0.0,0.0
QTRDP9Q4Z1,711.0,1482437.0,15.2,,8.0,1.0,137389.0,212124.0,1.0,0.0
3H4YSO13YF,733.0,1246742.0,14.7,,17.0,0.0,2964.0,286880.0,0.0,0.0
SA278EIA4F,724.0,672448.0,12.0,,8.0,0.0,230432.0,527318.0,0.0,0.0
UV45XGM5NG,7210.0,1251872.0,16.5,,20.0,0.0,437608.0,774796.0,0.0,0.0
GGQEKUVYHU,721.0,1359659.0,16.1,,17.0,0.0,359138.0,771518.0,0.0,0.0
ZN843PNDGP,742.0,946580.0,8.0,,8.0,0.0,94297.0,381766.0,0.0,0.0
FH1S2NJ5YE,,,15.2,,14.0,0.0,206986.0,688688.0,0.0,0.0
WU8D2UOP61,692.0,1352610.0,18.5,,16.0,0.0,354901.0,925540.0,0.0,0.0
W15VKDRJYW,748.0,910537.0,18.5,11.0,9.0,0.0,129428.0,494604.0,0.0,0.0
Y95138WTSM,736.0,986347.0,15.0,11.0,5.0,0.0,62719.0,185724.0,0.0,0.0
DX8GHBR8JP,747.0,829977.0,19.9,,6.0,0.0,443897.0,917796.0,0.0,0.0
ZGR5F7P0IK,714.0,738340.0,7.2,,12.0,0.0,140657.0,428604.0,0.0,0.0
WE89YTNJ7Z,714.0,785954.0,20.6,33.0,10.0,0.0,80142.0,282062.0,0.0,0.0
ZC595H0NDS,703.0,1317498.0,11.0,,11.0,0.0,792433.0,998426.0,0.0,0.0
JQ8PT7YUB9,626.0,1999465.0,15.3,19.0,15.0,0.0,176567.0,655314.0,0.0,0.0
DLDLQWM4LQ,,,12.9,43.0,18.0,0.0,110143.0,266244.0,0.0,0.0
LQFYJR97BI,743.0,755972.0,13.6,,11.0,0.0,432535.0,765798.0,0.0,0.0
LA91MDME2Y,738.0,1794892.0,15.5,,8.0,0.0,527459.0,788040.0,0.0,0.0
QZZPP38OPK,721.0,1926030.0,22.7,47.0,8.0,0.0,248919.0,584628.0,0.0,0.0
KRW8DAMKTM,737.0,786695.0,17.5,45.0,16.0,0.0,166136.0,307296.0,0.0,0.0
VMQE9M5CAC,739.0,1333344.0,22.1,79.0,15.0,0.0,77330.0,263384.0,0.0,0.0
PI0ZAPPZJD,709.0,791711.0,7.9,,13.0,0.0,240103.0,550506.0,0.0,0.0
H4KF4C7QV7,743.0,1517872.0,15.8,,11.0,0.0,571900.0,2207348.0,0.0,0.0
189HMOTL2R,723.0,750652.0,13.8,,15.0,0.0,238697.0,774158.0,0.0,0.0
3HTQ1P60RY,,,16.2,,8.0,0.0,181469.0,344454.0,0.0,0.0
0E7LMZ7ECN,734.0,723235.0,18.3,,6.0,1.0,91238.0,185020.0,1.0,0.0
BCXNVCWHXN,742.0,760912.0,25.2,,9.0,0.0,461757.0,848672.0,0.0,0.0
74BYLQIDXZ,720.0,1822176.0,11.0,,10.0,0.0,204744.0,669680.0,0.0,0.0
6V9FQH7HDX,,,12.0,66.0,12.0,0.0,132126.0,1026740.0,0.0,0.0
FZBS0H01YT,,,24.6,,5.0,0.0,137085.0,560846.0,0.0,0.0
7ZWX01VYU9,696.0,1160862.0,38.3,22.0,16.0,0.0,156123.0,308990.0,0.0,0.0
CI2X0BLZCA,739.0,927865.0,9.5,19.0,12.0,0.0,134083.0,383350.0,0.0,0.0
BAJV5YTFSJ,7010.0,699998.0,26.8,,4.0,1.0,55784.0,200596.0,1.0,0.0
EO8D0M9HSE,716.0,2407623.0,17.4,19.0,6.0,0.0,15409.0,84194.0,0.0,0.0
BXTDF8TYVT,745.0,414732.0,26.5,29.0,14.0,1.0,61883.0,276694.0,1.0,0.0
8BND6Z945B,684.0,1386449.0,27.9,,11.0,0.0,433618.0,568634.0,0.0,0.0
GWE5ILC0KY,7040.0,1326409.0,22.1,10.0,5.0,1.0,13870.0,32912.0,1.0,0.0
ZQMT4BR3J9,703.0,785878.0,12.0,14.0,10.0,0.0,186960.0,229570.0,0.0,0.0
FK1O89EB5I,746.0,642618.0,24.5,,22.0,0.0,26182.0,1516350.0,0.0,0.0
AOX3CJI60D,735.0,1034341.0,24.5,51.0,10.0,0.0,32319.0,239954.0,0.0,0.0
VBD79FHCFA,,,24.0,50.0,17.0,1.0,289655.0,426712.0,1.0,0.0
NTPQXT4UZ1,,,23.4,65.0,6.0,3.0,75848.0,253814.0,3.0,0.0
DM0XKSEMZW,,,14.5,,7.0,0.0,102733.0,152878.0,0.0,0.0
MNBSF8XUJG,735.0,1025278.0,17.6,,16.0,0.0,157415.0,461450.0,0.0,0.0
FY6R339FU8,745.0,431243.0,18.5,,6.0,0.0,251978.0,337304.0,0.0,0.0
H1IGIO2AHF,693.0,762090.0,18.3,,11.0,0.0,591964.0,1043262.0,0.0,0.0
42GLVP99NR,741.0,784301.0,17.0,,12.0,0.0,163685.0,252032.0,0.0,0.0
3EHJLFL7EZ,747.0,1707264.0,28.1,,8.0,0.0,22458.0,1300310.0,0.0,0.0
MTUU4KINOE,725.0,2316480.0,7.1,,6.0,0.0,75544.0,403062.0,0.0,0.0
V4C5E0SLWG,,,9.0,,13.0,0.0,3534.0,1360656.0,0.0,0.0
T90GDHBDLS,742.0,2932688.0,13.0,,13.0,0.0,200450.0,523930.0,0.0,0.0
S82XFNMDXD,749.0,1501760.0,18.9,,10.0,0.0,185003.0,947848.0,0.0,0.0
Z9139B86UG,692.0,1063088.0,19.8,45.0,11.0,0.0,265050.0,358116.0,0.0,0.0
SEOVMJXCLI,,,14.7,37.0,14.0,1.0,189810.0,491700.0,0.0,0.0
HJXRVDEEM2,,,13.0,,3.0,0.0,283955.0,358556.0,0.0,0.0
1CDSVHX0YZ,749.0,1246856.0,22.9,23.0,10.0,0.0,149131.0,322146.0,0.0,0.0
BSQIFRMYKZ,,,14.2,55.0,6.0,0.0,784206.0,1452858.0,0.0,0.0
C04JH67ZAU,6930.0,539600.0,36.4,21.0,11.0,1.0,49875.0,172348.0,1.0,0.0
KWML51Y8NP,712.0,5648130.0,17.0,9.0,11.0,0.0,1273209.0,1686762.0,0.0,0.0
6LKPQZPISC,,,14.7,,15.0,0.0,155230.0,337854.0,0.0,0.0
BRJ38G459K,739.0,512183.0,9.1,,15.0,0.0,228703.0,344806.0,0.0,0.0
BR3REJ5Y5U,,,21.4,41.0,25.0,0.0,442833.0,1259852.0,0.0,0.0
UMUJ3QCIIG,,,17.4,,10.0,0.0,832922.0,1303302.0,0.0,0.0
BG5QCH8PBQ,,,29.5,6.0,12.0,0.0,436601.0,661694.0,0.0,0.0
A5JSS2FOKJ,,,,,,,,,,
WOQA9QETXA,,,19.9,5.0,9.0,0.0,301074.0,455686.0,0.0,0.0
DKV2HQ2FDG,695.0,1015968.0,6.2,,11.0,0.0,191007.0,410322.0,0.0,0.0
72N8H8QPZQ,728.0,1131906.0,16.0,56.0,14.0,0.0,228950.0,362648.0,0.0,0.0
15TS2FUUWY,694.0,741228.0,9.0,,10.0,0.0,244188.0,525536.0,0.0,0.0
QKSESG5HIK,653.0,163305.0,26.7,50.0,14.0,0.0,64771.0,124366.0,0.0,0.0
7R3CDY2TBX,688.0,1540691.0,18.7,20.0,11.0,0.0,370234.0,452232.0,0.0,0.0
UC261SVYYU,750.0,1491044.0,15.7,48.0,11.0,0.0,248064.0,825374.0,0.0,0.0
OIRE8J7RF2,718.0,850136.0,18.6,49.0,13.0,0.0,161405.0,194678.0,0.0,0.0
HR7LFZJVPX,728.0,1067401.0,17.0,,13.0,1.0,332519.0,1156210.0,0.0,1.0
LP54HM1WS4,,,24.3,,10.0,0.0,777594.0,1202102.0,0.0,0.0
KM0HEMORZF,713.0,1463057.0,16.4,35.0,18.0,0.0,73701.0,969628.0,0.0,0.0
D60VLIESVI,,,12.8,,15.0,0.0,38190.0,1922778.0,0.0,0.0
CHLGWNQYVF,725.0,964915.0,17.0,,6.0,0.0,380665.0,598862.0,0.0,0.0
7IA07R5Q63,,,38.0,,17.0,0.0,871492.0,1707442.0,0.0,0.0
EE5XMFZBEV,694.0,301093.0,9.3,,7.0,0.0,162564.0,341000.0,0.0,0.0
IUDVY1O3FA,721.0,1426710.0,13.6,46.0,7.0,0.0,53390.0,237732.0,0.0,0.0
0X2SYAJVX4,650.0,1683495.0,16.0,13.0,16.0,0.0,65417.0,235950.0,0.0,0.0
UMMFJO6AVD,670.0,3113378.0,16.0,,3.0,0.0,52744.0,316404.0,0.0,0.0
63CUZ15MCR,699.0,822643.0,17.1,,12.0,1.0,85823.0,273746.0,1.0,0.0
33IIQ86YK7,,,27.4,,13.0,0.0,465918.0,583242.0,0.0,0.0
4YQ358GOFC,737.0,1112906.0,23.3,,16.0,0.0,473423.0,1910040.0,0.0,0.0
4AWITAHOZV,,,12.1,46.0,8.0,0.0,630876.0,824472.0,0.0,0.0
3R6CCP0X2T,701.0,1319094.0,16.5,,9.0,0.0,1650834.0,1995290.0,0.0,0.0
ZX12SYP4Z4,679.0,922583.0,17.5,41.0,26.0,0.0,135508.0,713174.0,0.0,0.0
K2HZSBACNX,746.0,972876.0,15.6,31.0,7.0,0.0,52782.0,1222254.0,0.0,0.0
LFKV25NYUF,715.0,1502368.0,11.0,,14.0,0.0,628824.0,1921106.0,0.0,0.0
VIAKGVZ975,,,,,,,,,,
EE56NI4PN9,,,11.4,,5.0,0.0,83125.0,668404.0,0.0,0.0
JQ47X9S5XM,723.0,563673.0,8.5,71.0,12.0,0.0,345971.0,794838.0,0.0,0.0
6D4XSJHE7I,722.0,483132.0,11.9,55.0,24.0,0.0,127015.0,552948.0,0.0,0.0
PNWUOSZPEH,743.0,989064.0,14.7,,20.0,0.0,109592.0,526526.0,0.0,0.0
MTG91JLYPN,,,20.5,,16.0,0.0,433219.0,1092872.0,0.0,0.0
SDBM2HCX5R,732.0,1117086.0,38.6,55.0,14.0,0.0,291555.0,981376.0,0.0,0.0
FEWMYGX0OH,738.0,1748646.0,21.3,57.0,14.0,1.0,422921.0,932756.0,1.0,0.0
9SPLKR5R6N,697.0,1619199.0,19.0,70.0,13.0,1.0,347434.0,485276.0,1.0,0.0
CU2A149B2Y,727.0,1361388.0,23.8,,14.0,0.0,176225.0,263626.0,0.0,0.0
BOU92KQV2A,712.0,1342502.0,20.5,42.0,5.0,0.0,44783.0,66638.0,0.0,0.0
HBPMHQG2UL,,,14.0,,14.0,0.0,181336.0,364540.0,0.0,0.0
T2R7IR7WIH,726.0,223706.0,9.5,,8.0,0.0,80427.0,194414.0,0.0,0.0
WSF51XQEHW,6450.0,1091569.0,13.0,,13.0,0.0,352450.0,477862.0,0.0,0.0
DE1XUWG5GY,,,23.7,31.0,4.0,0.0,65189.0,157894.0,0.0,0.0
LT63NMKZU5,686.0,793250.0,19.3,,9.0,0.0,203718.0,277838.0,0.0,0.0
GEHL3JV21Z,7050.0,698706.0,12.4,35.0,16.0,0.0,138681.0,348304.0,0.0,0.0
Y4PE7C3YQO,,,15.4,,5.0,0.0,141379.0,178112.0,0.0,0.0
GG2X78BWG0,,,,,,,,,,
5AF4MYOIJH,,,8.6,,4.0,0.0,177061.0,239492.0,0.0,0.0
EO8WR23FO0,737.0,774934.0,32.8,54.0,10.0,0.0,198075.0,356664.0,0.0,0.0
NP58H013BW,738.0,749284.0,12.5,,12.0,0.0,327731.0,459976.0,0.0,0.0
0F12R1IB77,737.0,1452094.0,9.9,,11.0,0.0,270959.0,406934.0,0.0,0.0
DCJDSYPFX2,,,13.9,,7.0,0.0,114.0,129646.0,0.0,0.0
O0FJ4GV1HS,719.0,1692767.0,22.0,30.0,12.0,0.0,264955.0,401038.0,0.0,0.0
HC8ZXJDDBY,721.0,1878340.0,8.8,,13.0,0.0,729030.0,1344156.0,0.0,0.0
R57KLBBGR6,,,18.2,,18.0,0.0,685957.0,1630948.0,0.0,0.0
VBIIFBVSUO,735.0,1043233.0,9.3,16.0,7.0,1.0,161462.0,279004.0,1.0,0.0
K1SUQ39ICS,,,13.5,17.0,8.0,0.0,92397.0,246488.0,0.0,0.0
J7QM9YENHA,725.0,4184180.0,20.9,32.0,16.0,0.0,418095.0,962456.0,0.0,0.0
840DXGGMYC,,,,,,,,,,
98ANGTHE6R,719.0,544920.0,11.7,38.0,14.0,0.0,195358.0,482306.0,0.0,0.0
FYAKBVBYQ9,725.0,1629060.0,13.0,29.0,7.0,0.0,441693.0,860992.0,0.0,0.0
23QZ9NEH85,738.0,856976.0,21.7,74.0,4.0,1.0,217740.0,374638.0,1.0,0.0
I0EMVMNLRI,714.0,888003.0,39.3,,11.0,1.0,149473.0,367444.0,1.0,0.0
WO53SZM83U,723.0,1503888.0,15.6,35.0,11.0,0.0,75278.0,562276.0,0.0,0.0
OAKTKZNP37,643.0,3292909.0,35.4,39.0,20.0,0.0,929727.0,1409078.0,0.0,0.0
ITU6PWX9VO,,,17.5,,9.0,0.0,507528.0,693792.0,0.0,0.0
PQBZSAPZXY,691.0,490618.0,11.4,,12.0,0.0,92435.0,200816.0,0.0,0.0
C6KNLSUR37,695.0,906889.0,19.5,,11.0,0.0,87096.0,133408.0,0.0,0.0
GOOH1ARK6F,,,17.9,,17.0,1.0,104671.0,352330.0,1.0,0.0
FZ4PLLYHQ8,749.0,1164928.0,23.0,,16.0,0.0,427253.0,1054812.0,0.0,0.0
PQPU80XR6A,718.0,1114996.0,44.2,,7.0,2.0,132563.0,178508.0,0.0,2.0
KILYNGGJDN,751.0,1294964.0,16.8,,8.0,0.0,267349.0,970420.0,0.0,0.0
U6Y3151E4D,,,6.6,,8.0,0.0,93176.0,567842.0,0.0,0.0
RLJMXZX9RL,,,21.8,14.0,11.0,0.0,25365.0,114730.0,0.0,0.0
VTZ8IMNDHM,684.0,1402200.0,23.0,,9.0,0.0,212743.0,324544.0,0.0,0.0
ZTT18IRBQ0,7290.0,1740780.0,13.5,80.0,15.0,1.0,304057.0,898128.0,0.0,1.0
TCI9Z5U6JK,,,21.1,10.0,19.0,1.0,836475.0,1174008.0,0.0,1.0
STQASXF3YU,748.0,1114806.0,22.3,,13.0,0.0,244568.0,1236620.0,0.0,0.0
CLTRIGACOI,688.0,1701051.0,17.0,,8.0,0.0,91580.0,253660.0,0.0,0.0
KUD3IKNAB8,,,,,,,,,,
63BLMF8ROO,727.0,2699083.0,6.6,,12.0,0.0,161861.0,551254.0,0.0,0.0
XBR3AXCT8B,719.0,604390.0,12.9,,5.0,0.0,68134.0,100386.0,0.0,0.0
9G1M9S2ZEV,722.0,460237.0,8.3,,14.0,0.0,90763.0,215358.0,0.0,0.0
EAPHWN7KEZ,736.0,447013.0,13.2,,5.0,0.0,227506.0,429748.0,0.0,0.0
NLQY2IL1HB,667.0,1516808.0,23.0,6.0,7.0,0.0,196992.0,254584.0,0.0,0.0
04NNLULEBV,736.0,1517492.0,16.9,,7.0,0.0,219298.0,272470.0,0.0,0.0
FPVRINCTUA,730.0,1761110.0,26.5,62.0,8.0,0.0,762945.0,939796.0,0.0,0.0
RQ40R0YI89,742.0,1654254.0,17.9,,16.0,0.0,483835.0,947936.0,0.0,0.0
NRXR6TFKQR,616.0,2278176.0,20.9,52.0,9.0,0.0,1264773.0,1525480.0,0.0,0.0
6YSGOVQUHU,740.0,957600.0,29.8,40.0,39.0,0.0,418418.0,2124914.0,0.0,0.0
1M2541C3SH,723.0,1545992.0,13.2,62.0,11.0,0.0,143697.0,299794.0,0.0,0.0
FS1GMFHGVD,,,,,,,,,,
LC6AGO0VKF,729.0,885286.0,9.0,,4.0,0.0,140942.0,178354.0,0.0,0.0
5Z4WT3MGAI,,,19.0,,7.0,1.0,37905.0,230978.0,1.0,0.0
MODWM6RQXB,,,14.9,,18.0,0.0,889675.0,1954766.0,0.0,0.0
45FFEYBMMD,,,10.6,,4.0,0.0,328909.0,590458.0,0.0,0.0
JHSM9YY2BE,718.0,1744200.0,13.0,,20.0,0.0,675089.0,1104070.0,0.0,0.0
1E254FBVTO,686.0,684684.0,37.0,19.0,6.0,0.0,349999.0,552882.0,,0.0
TUFN0PLE39,717.0,769500.0,27.6,57.0,7.0,0.0,130530.0,191334.0,0.0,0.0
5QY2PYZEDB,,,18.8,,18.0,0.0,542013.0,1085788.0,0.0,0.0
MF5G8EY88J,720.0,1660638.0,16.7,26.0,5.0,0.0,129827.0,158070.0,0.0,0.0
6WHPSFSBBV,,,15.4,,11.0,0.0,910575.0,1913516.0,0.0,0.0
GW62EXGEM8,,,16.0,,5.0,0.0,303620.0,627792.0,0.0,0.0
RPQODMZ5G7,,,15.8,,11.0,1.0,81168.0,587400.0,1.0,0.0
PEQ43THSCA,692.0,564718.0,14.1,5.0,5.0,0.0,95209.0,169070.0,0.0,0.0
IOJY3U0JU8,736.0,996322.0,14.5,,5.0,0.0,323038.0,383240.0,0.0,0.0
G9S0IT7H7W,,,19.4,,10.0,0.0,215726.0,412874.0,0.0,0.0
VAST86NUYJ,739.0,743147.0,26.4,72.0,12.0,0.0,140999.0,589424.0,0.0,0.0
SMS5VKBUI1,,,32.5,,12.0,0.0,350018.0,706068.0,0.0,0.0
S7O5ZGS39G,702.0,1908360.0,17.1,2.0,12.0,0.0,189582.0,333608.0,0.0,0.0
W4N5VGTV7E,743.0,1635349.0,22.3,,11.0,0.0,523089.0,984830.0,0.0,0.0
ZLFAUHQVKP,748.0,1325687.0,11.4,,18.0,0.0,219393.0,1316260.0,0.0,0.0
XS9GDIFA68,,,11.0,6.0,7.0,0.0,16511.0,108064.0,0.0,0.0
N4KFYNEXSJ,749.0,2647498.0,27.9,24.0,9.0,0.0,437760.0,1689600.0,0.0,0.0
7J6GYT6VRK,740.0,2429815.0,31.0,52.0,15.0,0.0,189449.0,507782.0,0.0,0.0
GLO9V284OD,705.0,324387.0,36.8,,15.0,1.0,78964.0,435402.0,1.0,0.0
DDWZB8YW8P,,,20.9,,9.0,1.0,116565.0,180928.0,1.0,0.0
RCXY6254QX,,,12.6,,19.0,0.0,343938.0,651772.0,0.0,0.0
YKKKM4TL03,713.0,2823077.0,27.3,72.0,8.0,0.0,1180888.0,1717782.0,0.0,0.0
EIHW8OI8R5,741.0,3305050.0,15.4,,26.0,1.0,511195.0,1078132.0,1.0,0.0
6EWYA9HILM,722.0,961704.0,22.8,12.0,9.0,0.0,210121.0,293480.0,0.0,0.0
PX11KXQ587,741.0,979279.0,19.3,,6.0,1.0,107806.0,135674.0,1.0,0.0
YI5JWAJAHN,731.0,761311.0,15.2,,19.0,0.0,169784.0,1191454.0,0.0,0.0
NL3VQCME7D,698.0,1397830.0,16.9,,12.0,0.0,315324.0,382316.0,0.0,0.0
2ULVW61LVK,690.0,566523.0,7.8,,8.0,0.0,63308.0,148368.0,0.0,0.0
9ARHNBQI5D,733.0,261573.0,13.1,,9.0,0.0,131879.0,231000.0,0.0,0.0
VWBDIDK89V,697.0,2420372.0,18.2,,18.0,0.0,1025278.0,2278628.0,0.0,0.0
Y18SZ7PK8Z,710.0,2232576.0,17.7,26.0,16.0,0.0,361285.0,712668.0,0.0,0.0
G2PVWLMPBY,721.0,1387418.0,15.7,38.0,15.0,0.0,578493.0,839388.0,0.0,0.0
1YWU3D58E3,649.0,1160349.0,17.5,,10.0,0.0,532019.0,628584.0,0.0,0.0
MP4BOKVQNW,750.0,1217710.0,16.5,,18.0,0.0,159828.0,1303192.0,0.0,0.0
HHQIMAH86B,,,17.6,,8.0,0.0,504507.0,700436.0,0.0,0.0
9FY86KCJI7,6760.0,863816.0,20.5,,5.0,0.0,93195.0,115544.0,0.0,0.0
YO5D4RK1ON,741.0,872955.0,26.8,23.0,12.0,0.0,352393.0,628738.0,0.0,0.0
1CYQTVR0VT,737.0,1078858.0,14.5,24.0,5.0,0.0,207157.0,275704.0,0.0,0.0
4HPM5AUTM5,740.0,218652.0,10.1,,5.0,0.0,21793.0,85822.0,0.0,0.0
SWC58NNX6L,745.0,1883470.0,36.5,,17.0,0.0,561488.0,754226.0,0.0,0.0
D9ELENBSFF,741.0,1711710.0,32.3,,16.0,0.0,410362.0,1176098.0,0.0,0.0
K4ZVKX75RO,,,,,,,,,,
JB4OEZ9U5L,694.0,1488745.0,28.7,49.0,13.0,0.0,451022.0,767976.0,0.0,0.0
0OIPWOWIF4,737.0,1294717.0,13.8,,10.0,0.0,235030.0,436832.0,0.0,0.0
T06ULR1R1L,713.0,1667934.0,22.0,76.0,9.0,0.0,89604.0,167332.0,0.0,0.0
BVWEMWDVGJ,713.0,1114692.0,28.1,,14.0,0.0,599545.0,940654.0,0.0,0.0
VPE5WQWIV7,,,,,,,,,,
89QGCX0FOU,710.0,1235000.0,19.3,,8.0,0.0,330239.0,450912.0,0.0,0.0
WGNYPU3VGY,741.0,3111744.0,18.1,,6.0,0.0,13262.0,465410.0,0.0,0.0
F1GGN5KWLS,6890.0,576099.0,13.7,44.0,10.0,0.0,227886.0,329010.0,0.0,0.0
CW6VR3EARU,674.0,944205.0,17.9,,5.0,1.0,491815.0,570614.0,0.0,0.0
HFH1BVLVX5,,,16.7,,8.0,0.0,79724.0,566324.0,0.0,0.0
6QIWS84MNH,723.0,904286.0,12.5,19.0,3.0,0.0,114608.0,141020.0,0.0,0.0
GQFZ5VLROU,710.0,593218.0,20.5,35.0,8.0,0.0,99788.0,154044.0,0.0,0.0
4IF7OR68WR,,,27.0,28.0,19.0,0.0,298357.0,569140.0,0.0,0.0
LO0B3C4WHR,714.0,1064798.0,9.7,,7.0,0.0,186276.0,285692.0,0.0,0.0
4GWIR1YR1J,724.0,2234628.0,16.5,31.0,20.0,0.0,803966.0,1298330.0,0.0,0.0
P5FQ3K1LJ8,751.0,1219192.0,12.9,,19.0,0.0,140999.0,570834.0,0.0,0.0
K94KV2DX2X,,,14.6,45.0,6.0,0.0,27987.0,247412.0,0.0,0.0
NPPD05SM5I,672.0,4268597.0,18.0,52.0,17.0,0.0,399057.0,634722.0,0.0,0.0
UN51RTPJI2,709.0,1150944.0,29.6,6.0,10.0,0.0,138434.0,255244.0,0.0,0.0
CJ1UU6CZUK,734.0,1042283.0,19.7,49.0,16.0,0.0,328377.0,621280.0,0.0,0.0
AK3NW8F543,706.0,2011378.0,36.8,,18.0,0.0,780501.0,1476684.0,0.0,0.0
FDLB2HBUZJ,707.0,982661.0,18.2,,8.0,0.0,251237.0,297462.0,0.0,0.0
K7TQT622HX,,,15.4,29.0,11.0,0.0,216657.0,301510.0,0.0,0.0
DCECNMRROL,718.0,725344.0,9.7,,12.0,0.0,323190.0,619564.0,0.0,0.0
LWE2A70XB9,7390.0,1841138.0,14.2,56.0,25.0,0.0,688123.0,1173458.0,0.0,0.0
UWRU0JQZHY,,,28.4,34.0,11.0,0.0,382983.0,745294.0,0.0,0.0
4GTWVQI2XL,731.0,607753.0,23.8,65.0,7.0,0.0,167390.0,333586.0,0.0,0.0
7LB5RITZ6G,727.0,1493096.0,7.3,,17.0,1.0,332481.0,656942.0,1.0,0.0
GZ36IHJG1E,736.0,974548.0,11.9,45.0,11.0,0.0,95912.0,399498.0,0.0,0.0
I943WCXV1X,691.0,1401782.0,15.8,74.0,11.0,0.0,263568.0,403678.0,0.0,0.0
KLK3358G9L,,,40.8,9.0,11.0,0.0,349239.0,906686.0,0.0,0.0
VVL4JMKYJ0,742.0,1701450.0,16.5,,10.0,0.0,11799.0,650430.0,0.0,0.0
JMCL871PCK,,,9.6,50.0,5.0,0.0,251560.0,326194.0,0.0,0.0
HYJWU0FOEG,739.0,844531.0,16.9,,10.0,0.0,229501.0,446622.0,0.0,0.0
HBYBE49BJ3,727.0,1165422.0,8.8,,7.0,0.0,167922.0,350966.0,0.0,0.0
2GFEJZ7Q0P,721.0,1878017.0,20.5,27.0,10.0,1.0,95988.0,500654.0,1.0,0.0
PAN4AUM5JE,711.0,1830745.0,9.8,,6.0,0.0,153444.0,205392.0,0.0,0.0
CGN83KVEPH,737.0,1109638.0,14.9,,11.0,0.0,230451.0,565356.0,0.0,0.0
EU5F6NHQYZ,722.0,976144.0,10.5,18.0,15.0,0.0,113658.0,343618.0,0.0,0.0
ABV02FCSSO,,,7.8,,8.0,0.0,183654.0,354442.0,0.0,0.0
BYZZSA5VI8,716.0,1693204.0,20.9,,9.0,1.0,44251.0,213510.0,0.0,0.0
GYYP3DFDLD,684.0,1307390.0,16.6,,6.0,9.0,147801.0,296098.0,0.0,9.0
E5917XUBUC,746.0,1879290.0,15.1,,13.0,0.0,325793.0,979836.0,0.0,0.0
PFREFK7J7S,702.0,935370.0,21.5,47.0,10.0,0.0,114133.0,145068.0,0.0,0.0
8YV2FDPXS0,748.0,1736505.0,23.1,,9.0,1.0,571121.0,1593482.0,0.0,1.0
3RLH4FRVDX,729.0,675469.0,18.7,,7.0,0.0,158992.0,337788.0,0.0,0.0
ULJO672GMD,738.0,966359.0,16.5,,8.0,0.0,282359.0,376684.0,0.0,0.0
A4R8W0GXCE,699.0,769424.0,13.4,52.0,6.0,0.0,55328.0,66792.0,0.0,0.0
KHDPDSIBPL,,,,,,,,,,
TVVAB37929,743.0,935085.0,17.5,32.0,10.0,0.0,191197.0,383042.0,0.0,0.0
XN60X6WOCK,729.0,584706.0,10.0,,8.0,0.0,186105.0,388960.0,0.0,0.0
7ZZ1OPO7FZ,,,8.8,29.0,8.0,1.0,149530.0,398926.0,1.0,0.0
NYR44CIGT3,733.0,1633088.0,15.0,43.0,9.0,0.0,149929.0,262636.0,0.0,0.0
OZK9KOMC11,735.0,668800.0,43.9,,10.0,0.0,264784.0,665060.0,0.0,0.0
NW7QVMYRBD,698.0,1034360.0,18.1,,9.0,0.0,431300.0,713438.0,0.0,0.0
Z9MH0BF9G2,717.0,964345.0,18.6,78.0,6.0,0.0,57475.0,100540.0,0.0,0.0
K15ORV1U70,733.0,768284.0,9.7,,3.0,0.0,109934.0,224510.0,0.0,0.0
K3NG9JU4YR,697.0,538992.0,6.0,,13.0,0.0,153900.0,525690.0,0.0,0.0
O80LKV9UM8,,,13.9,12.0,6.0,0.0,42123.0,312642.0,0.0,0.0
C0L7BS92GT,,,28.5,31.0,15.0,0.0,509922.0,678656.0,0.0,0.0
HCG2FR62MU,746.0,1225614.0,23.0,,22.0,0.0,430730.0,1445598.0,0.0,0.0
P8PFJ5IE8R,,,33.0,10.0,13.0,0.0,1426767.0,4009830.0,0.0,0.0
IN1FP2RB55,663.0,821788.0,11.0,,7.0,0.0,251256.0,400180.0,0.0,0.0
YQQ5LDDML1,727.0,1157442.0,16.2,24.0,8.0,0.0,229216.0,312598.0,0.0,0.0
DMV4UIUY2P,,,9.7,32.0,2.0,0.0,3021.0,15730.0,0.0,0.0
NCC9I5HA08,742.0,2063457.0,35.1,18.0,20.0,0.0,591451.0,965910.0,0.0,0.0
LOZVZE2AA5,,,17.1,,10.0,0.0,197695.0,301972.0,0.0,0.0
2NOVXH7BQ9,703.0,635721.0,20.0,,6.0,0.0,291061.0,376530.0,0.0,0.0
XAXVDY5JS4,732.0,2273844.0,9.3,,13.0,0.0,233681.0,540078.0,0.0,0.0
DUTWZ4T3AX,715.0,1303267.0,16.4,66.0,14.0,0.0,214434.0,323730.0,0.0,0.0
E4F03ILERV,7300.0,2789580.0,21.0,,17.0,1.0,180937.0,458436.0,1.0,0.0
UO7A7O1SQK,,,27.2,,8.0,1.0,99636.0,568370.0,1.0,0.0
SJ1DZASQPY,718.0,1299049.0,17.3,77.0,16.0,0.0,34884.0,262328.0,0.0,0.0
685D6WTXMR,659.0,1363345.0,23.4,17.0,23.0,0.0,239875.0,468380.0,0.0,0.0
4WFK5XLI4J,704.0,1017165.0,13.4,,11.0,0.0,235467.0,600556.0,0.0,0.0
QTFIM9NHQ2,,,20.5,41.0,20.0,0.0,456627.0,947518.0,0.0,0.0
IQLYX2GI0O,732.0,1310449.0,15.1,31.0,13.0,0.0,89129.0,1063920.0,0.0,0.0
OFQK2UETC3,747.0,3043040.0,20.0,,7.0,0.0,247095.0,944262.0,0.0,0.0
5UOBAWLSYX,746.0,928663.0,18.6,,12.0,0.0,153197.0,642730.0,0.0,0.0
FU8G20FTLP,724.0,1575290.0,14.5,47.0,10.0,0.0,263207.0,380490.0,0.0,0.0
P0S12YLXXK,671.0,1253772.0,10.4,,22.0,0.0,340822.0,911372.0,0.0,0.0
POTMNTJYNV,,,18.1,,6.0,0.0,201419.0,437580.0,0.0,0.0
8U6T5D4CYN,738.0,1134870.0,18.7,24.0,43.0,2.0,62415.0,254496.0,1.0,1.0
P9A8SHRE1Q,,,16.6,70.0,13.0,2.0,181355.0,545446.0,0.0,0.0
AH2BXHJXMK,747.0,1227799.0,23.4,,10.0,0.0,341316.0,622358.0,0.0,0.0
67H3B9CXLH,6440.0,2462856.0,17.0,49.0,7.0,0.0,286938.0,498872.0,0.0,0.0
TJWBJFM5RZ,703.0,614080.0,7.2,,3.0,0.0,59679.0,73282.0,0.0,0.0
PDG4IFDYKJ,721.0,1145586.0,24.8,31.0,5.0,0.0,351177.0,567930.0,0.0,0.0
X03ZSQOK39,703.0,1493856.0,11.0,,7.0,0.0,273866.0,406560.0,0.0,0.0
LYY3ETTR13,,,12.1,62.0,15.0,0.0,641440.0,1023044.0,0.0,0.0
93KTHU76TO,742.0,1202738.0,13.2,,11.0,2.0,86735.0,386254.0,2.0,0.0
JJQEA3QNB9,666.0,705470.0,8.5,,12.0,0.0,76247.0,510312.0,0.0,0.0
1QM7YZMPAO,708.0,1081176.0,22.1,40.0,10.0,0.0,253365.0,425194.0,0.0,0.0
79Z87ZRXEI,,,17.6,,11.0,1.0,409051.0,689436.0,1.0,0.0
VSAR22BKTG,673.0,1218204.0,27.2,76.0,10.0,1.0,126350.0,422862.0,1.0,0.0
SAYK4XHVTL,,,18.9,13.0,12.0,0.0,163267.0,506858.0,0.0,0.0
TJ1C9T05WK,650.0,1505560.0,10.5,,15.0,0.0,390640.0,637054.0,0.0,0.0
2MIG4N3FMU,,,18.0,12.0,6.0,0.0,416898.0,504922.0,0.0,0.0
EX2TEIH3R3,730.0,623675.0,16.3,6.0,22.0,2.0,38817.0,124872.0,2.0,0.0
CS8FNWAEFC,656.0,2020935.0,28.7,30.0,11.0,0.0,285342.0,358732.0,0.0,0.0
K633PHIT5Q,697.0,1586576.0,14.0,,15.0,0.0,252035.0,319990.0,0.0,0.0
RVA7OFN3P2,675.0,962635.0,15.9,,19.0,0.0,429324.0,522720.0,0.0,0.0
4EMIYH3GJV,742.0,1529424.0,22.9,60.0,10.0,1.0,86678.0,290070.0,1.0,0.0
N5F6P740Z7,727.0,1372541.0,22.5,66.0,13.0,0.0,220799.0,534842.0,0.0,0.0
W8688U3U09,734.0,2358793.0,46.0,56.0,8.0,1.0,58919.0,259380.0,1.0,0.0
Q5WVP41PJS,734.0,785479.0,16.8,,12.0,1.0,139745.0,227238.0,1.0,0.0
ZXVLFMO68S,7280.0,660611.0,21.3,11.0,18.0,0.0,372438.0,760562.0,0.0,0.0
1TKRE8JNWV,,,10.3,70.0,24.0,0.0,66538.0,116732.0,0.0,0.0
8MLVCJEUYA,737.0,1934200.0,12.0,42.0,15.0,0.0,110295.0,893024.0,0.0,0.0
QDKIWST4EZ,716.0,452029.0,8.7,,8.0,0.0,75145.0,104698.0,0.0,0.0
GJQDWYUKUU,716.0,988969.0,15.9,12.0,9.0,0.0,109478.0,235620.0,0.0,0.0
J1PVTDNAE4,706.0,1345694.0,13.7,,10.0,0.0,386593.0,496276.0,0.0,0.0
JYLELO8J6I,692.0,1185277.0,11.8,43.0,9.0,0.0,234194.0,281006.0,0.0,0.0
45XAAK6PJP,652.0,930715.0,14.1,62.0,12.0,0.0,146110.0,235290.0,0.0,0.0
SHRYFDDDSS,739.0,1313489.0,23.8,48.0,16.0,0.0,343121.0,636702.0,0.0,0.0
DV8K0ESMA6,724.0,863360.0,22.7,79.0,5.0,1.0,88293.0,137786.0,1.0,0.0
B8KBBM67CQ,741.0,390659.0,9.8,,5.0,0.0,153786.0,246290.0,0.0,0.0
55UF3RKQGM,665.0,1934960.0,14.0,21.0,24.0,0.0,392274.0,871816.0,0.0,0.0
7VB8W1USH3,697.0,1162458.0,11.8,,8.0,1.0,264803.0,464574.0,1.0,0.0
SCUXEWBBE7,734.0,790058.0,14.3,38.0,4.0,0.0,222585.0,295592.0,0.0,0.0
CV75JIFEZT,708.0,715008.0,15.0,,3.0,0.0,65037.0,365552.0,0.0,0.0
C8D9I802V9,,,30.4,,9.0,0.0,1112184.0,1375858.0,0.0,0.0
BFM2RVHEDX,664.0,479522.0,6.0,0.0,7.0,0.0,9728.0,64350.0,0.0,0.0
I2CR57SPGA,735.0,536978.0,11.1,,8.0,0.0,93575.0,345092.0,0.0,0.0
TAH4A5K6HM,731.0,1637781.0,9.7,,33.0,0.0,413725.0,1036882.0,0.0,0.0
LU9LCI565T,692.0,1398077.0,18.8,45.0,16.0,3.0,102505.0,399630.0,3.0,0.0
TIOKXD9066,748.0,1618952.0,19.0,,6.0,0.0,434454.0,1091222.0,0.0,0.0
HJUVD73OJ2,654.0,967290.0,12.0,76.0,8.0,0.0,110713.0,427328.0,0.0,0.0
DOIKZCKWER,,,12.7,63.0,4.0,0.0,21964.0,30602.0,0.0,0.0
BKBJ6RQP2T,746.0,2997041.0,22.3,,9.0,0.0,693690.0,2616372.0,0.0,0.0
4748UDUSIQ,720.0,1192725.0,23.1,,7.0,0.0,447203.0,670714.0,0.0,0.0
91J2EZ8YUY,721.0,1910811.0,21.4,52.0,11.0,0.0,539049.0,1141052.0,0.0,0.0
WZ1TUY8LAT,660.0,1159741.0,12.8,,14.0,0.0,269914.0,742390.0,0.0,0.0
85FOIAQJM0,743.0,1509759.0,18.3,,4.0,0.0,157890.0,341088.0,0.0,0.0
FPRGA9GA7O,717.0,1695294.0,18.4,,5.0,0.0,836817.0,992772.0,0.0,0.0
G4WZ788TQE,711.0,1144560.0,9.5,,10.0,0.0,154261.0,328966.0,0.0,0.0
N9B92YI8DU,740.0,2257903.0,16.4,32.0,13.0,0.0,216524.0,411004.0,0.0,0.0
77DP3YLMJW,746.0,2345208.0,22.5,51.0,10.0,0.0,241376.0,363462.0,0.0,0.0
NVN19OKN2Q,,,14.2,28.0,7.0,0.0,33744.0,138578.0,0.0,0.0
YQEJ89Z89E,,,16.0,,5.0,0.0,89034.0,132000.0,0.0,0.0
HSCL3T7NJN,724.0,1107073.0,8.5,,10.0,0.0,174382.0,216656.0,0.0,0.0
BDK80IW4TT,735.0,3603502.0,23.0,,19.0,0.0,2029846.0,6267602.0,0.0,0.0
KCSQUE2SSJ,,,29.5,,9.0,9.0,119586.0,222970.0,1.0,8.0
7J4Q8AWRBU,738.0,1496440.0,17.5,,18.0,0.0,459458.0,1149060.0,0.0,0.0
PYCQHHTACS,729.0,1273133.0,16.3,8.0,16.0,0.0,168302.0,342474.0,0.0,0.0
H4IHJDXGYC,7420.0,1141368.0,12.0,,8.0,0.0,187416.0,447414.0,0.0,0.0
4GTBGWVZGS,700.0,378594.0,9.1,46.0,8.0,0.0,33269.0,65758.0,0.0,0.0
2R3M4966VA,696.0,1744542.0,8.0,40.0,11.0,0.0,272669.0,473352.0,0.0,0.0
PK3IB0GSIP,672.0,1893844.0,22.7,,13.0,0.0,325033.0,396154.0,0.0,0.0
RD5JHI1HO1,,,,,,,,,,
2TFO8W0YH7,704.0,2064312.0,26.2,17.0,13.0,0.0,379012.0,752752.0,0.0,0.0
AXTANA7SW1,727.0,1084007.0,17.7,71.0,19.0,0.0,451896.0,835846.0,0.0,0.0
1S5R6APUJA,,,24.3,,15.0,0.0,232674.0,615076.0,0.0,0.0
IDDTVNWCZH,680.0,2466789.0,16.4,27.0,11.0,0.0,455449.0,938344.0,0.0,0.0
3FM82HRFNY,709.0,3315747.0,21.7,,18.0,0.0,631313.0,763818.0,0.0,0.0
82VKP6EWCP,712.0,864842.0,11.4,,6.0,0.0,146623.0,388498.0,0.0,0.0
N3K4RA99DV,731.0,641934.0,9.5,,6.0,0.0,63916.0,96118.0,0.0,0.0
GAZP5N7HC7,,,,,,,,,,
7DX66CT0XB,738.0,765814.0,13.9,57.0,7.0,0.0,36974.0,83138.0,0.0,0.0
VN1IK46RS1,747.0,596695.0,17.3,,8.0,0.0,92473.0,991386.0,0.0,0.0
G1J78UVFP7,693.0,1654900.0,25.4,,21.0,0.0,1080074.0,2320252.0,0.0,0.0
8CJ97YQJ5C,,,17.0,,7.0,0.0,216334.0,413336.0,0.0,0.0
ZH8AJRDDYF,739.0,1419870.0,16.0,27.0,9.0,0.0,185896.0,319814.0,0.0,0.0
DBECF1Q016,,,19.4,6.0,14.0,0.0,352906.0,692582.0,0.0,0.0
8U08PY2QA1,729.0,961077.0,17.9,43.0,17.0,0.0,367023.0,1009448.0,0.0,0.0
2ZAUUWF6V0,699.0,912095.0,9.9,20.0,4.0,0.0,32870.0,92378.0,0.0,0.0
M4DED3GG0G,706.0,654759.0,15.0,,14.0,0.0,201704.0,339944.0,0.0,0.0
QQRGVMH3OX,742.0,1837490.0,11.0,,8.0,1.0,195852.0,490886.0,1.0,0.0
DVPXLYXKD5,687.0,1531666.0,48.5,67.0,10.0,0.0,523336.0,923736.0,0.0,0.0
8GNW89FED4,741.0,1824019.0,19.7,18.0,10.0,0.0,561450.0,1392050.0,0.0,0.0
UMH06ICMAN,,,18.4,,10.0,0.0,194332.0,716628.0,0.0,0.0
9SI14U6J7P,,,10.9,7.0,9.0,0.0,9994.0,128656.0,0.0,0.0
N85UJ0Z1VB,725.0,1196411.0,15.2,40.0,6.0,0.0,95228.0,171490.0,0.0,0.0
CVW6YP4O4X,,,36.7,,15.0,0.0,141797.0,892342.0,0.0,0.0
FXRTS7CWP7,721.0,1415747.0,25.7,15.0,11.0,0.0,233776.0,524568.0,0.0,0.0
XGI6A189YM,,,23.6,,9.0,0.0,379715.0,738936.0,0.0,0.0
VMSPJL1FD6,703.0,1580401.0,11.3,,11.0,0.0,420147.0,594726.0,0.0,0.0
HM024RRMIZ,727.0,795283.0,22.0,46.0,5.0,0.0,519023.0,958474.0,0.0,0.0
PQFQPYNACO,722.0,703285.0,12.6,36.0,10.0,0.0,147953.0,256828.0,0.0,0.0
TVOBJ8DG7O,731.0,926421.0,20.8,17.0,8.0,0.0,184357.0,341000.0,0.0,0.0
H8D0OANQVW,715.0,2280456.0,19.1,,9.0,0.0,135831.0,167156.0,0.0,0.0
FJ63QTH6WG,,,28.7,31.0,9.0,0.0,279946.0,534930.0,0.0,0.0
SSM4YQX8WN,,,21.3,80.0,17.0,0.0,331341.0,759726.0,0.0,0.0
L34HL45ZRK,732.0,704862.0,11.9,42.0,3.0,0.0,58064.0,120692.0,0.0,0.0
JJXUECFL0L,,,20.4,33.0,16.0,0.0,540854.0,731610.0,0.0,0.0
TJBXIO2J1Q,690.0,572451.0,29.9,,8.0,1.0,119700.0,282854.0,0.0,1.0
3N3MTEGS4L,,,18.4,,4.0,0.0,151753.0,178200.0,0.0,0.0
UCKNSP5X5E,695.0,825284.0,18.5,,10.0,1.0,231534.0,380842.0,1.0,0.0
PC993FZ998,,,,,,,,,,
WAWKXMLXJ2,748.0,568290.0,11.0,14.0,7.0,0.0,47842.0,200024.0,0.0,0.0
G96OQSESTJ,7240.0,965200.0,11.8,14.0,17.0,0.0,101897.0,366432.0,0.0,0.0
TRR05OYL5C,,,29.9,75.0,15.0,0.0,81225.0,752378.0,0.0,0.0
PN0XELTSXP,721.0,1671259.0,16.4,6.0,15.0,0.0,144666.0,411554.0,0.0,0.0
2KLEHPBQL3,653.0,874152.0,14.7,,15.0,1.0,210197.0,661408.0,0.0,0.0
VR9JZ3ONP4,707.0,842612.0,22.5,35.0,3.0,0.0,0.0,0.0,0.0,0.0
37CN32L4ND,711.0,1740267.0,14.5,8.0,8.0,0.0,73378.0,114202.0,0.0,0.0
0EEHXL4Z5S,720.0,597664.0,20.8,13.0,10.0,1.0,177270.0,336468.0,1.0,0.0
7O5XNHQLYM,725.0,670662.0,16.8,25.0,11.0,1.0,125875.0,297462.0,1.0,0.0
9JUIY5HIT1,722.0,469072.0,6.3,,10.0,0.0,186656.0,603702.0,0.0,0.0
Q5V276CGMV,737.0,2464319.0,17.6,19.0,16.0,0.0,270522.0,390566.0,0.0,0.0
7Z1F3UXHMP,744.0,538175.0,12.7,,6.0,0.0,257887.0,534160.0,0.0,0.0
BAONNRNE2Q,,,17.9,,17.0,0.0,301036.0,403920.0,0.0,0.0
QH4JHLBW46,,,27.4,5.0,19.0,0.0,838375.0,1150182.0,0.0,0.0
WLKNF4UA9M,651.0,754908.0,6.2,26.0,6.0,0.0,38228.0,172942.0,0.0,0.0
XY45WQETCZ,718.0,635531.0,15.4,68.0,6.0,1.0,24301.0,145046.0,1.0,0.0
P9J3ZRG9GV,,,16.0,29.0,11.0,0.0,220837.0,2243098.0,0.0,0.0
30MO5SZOFO,746.0,573021.0,10.0,,7.0,0.0,125191.0,217976.0,0.0,0.0
JPYHJMM5CT,720.0,1259092.0,29.0,18.0,10.0,0.0,181374.0,443982.0,0.0,0.0
PVBQNFIAO3,746.0,1688625.0,10.0,,12.0,0.0,687952.0,2101770.0,0.0,0.0
2WQRUEW5HT,669.0,533349.0,12.8,4.0,2.0,0.0,1349.0,11066.0,0.0,0.0
9DAVLEMC6Q,698.0,1162572.0,15.4,,11.0,0.0,456152.0,868714.0,0.0,0.0
YMEDDUD5LO,,,16.5,42.0,7.0,0.0,249166.0,508816.0,0.0,0.0
JYB32XIEPK,,,18.5,,8.0,0.0,916370.0,1431936.0,0.0,0.0
BATDS9UPUM,7130.0,1037799.0,9.5,6.0,8.0,1.0,86431.0,299662.0,1.0,0.0
22IPURO2FQ,,,20.0,24.0,13.0,0.0,62206.0,660726.0,0.0,0.0
Y6LS1CSK8M,741.0,2524416.0,20.0,71.0,9.0,0.0,229805.0,474298.0,0.0,0.0
QPB5J0RDF5,,,19.0,56.0,11.0,1.0,19418.0,99044.0,1.0,0.0
YTRFZJYMEE,723.0,706914.0,8.0,,10.0,0.0,262941.0,622600.0,0.0,0.0
VD743N5AWX,,,28.8,81.0,11.0,1.0,127338.0,294866.0,1.0,0.0
A8EQB1XN9K,705.0,922222.0,16.9,40.0,15.0,3.0,172064.0,462286.0,0.0,0.0
2CG6HLHF53,721.0,775580.0,10.7,,6.0,0.0,252111.0,496430.0,0.0,0.0
YR54IA9BS9,,,21.8,,7.0,0.0,88578.0,727430.0,0.0,0.0
WMW1Q4LC41,720.0,652631.0,18.5,70.0,9.0,0.0,161994.0,239580.0,0.0,0.0
NYRWGZTKO8,678.0,794086.0,8.3,,9.0,0.0,49457.0,252296.0,0.0,0.0
FX997691RS,701.0,1888790.0,14.0,,17.0,0.0,774269.0,1519540.0,0.0,0.0
16MYP4HGW0,,,24.2,,5.0,0.0,790077.0,1436160.0,0.0,0.0
21Z596MDXA,715.0,1588685.0,15.9,,13.0,0.0,498294.0,774444.0,0.0,0.0
QRNOC59P3W,750.0,829084.0,13.3,,8.0,0.0,16948.0,784960.0,0.0,0.0
R5U06O0EDG,717.0,685976.0,36.5,56.0,11.0,0.0,167656.0,510840.0,0.0,0.0
T7MCK1CBOQ,7320.0,707199.0,13.0,,6.0,0.0,144609.0,273592.0,0.0,0.0
UO4N80TQ2L,679.0,2024602.0,14.5,,18.0,0.0,435594.0,964392.0,0.0,0.0
1YOIEX0YCN,743.0,1497656.0,15.5,22.0,15.0,0.0,107426.0,846120.0,0.0,0.0
2SCZVZ47ZT,704.0,744800.0,21.6,,11.0,1.0,67279.0,304282.0,1.0,0.0
PIPWYTVC4N,733.0,1152312.0,22.4,,6.0,0.0,872651.0,1053646.0,0.0,0.0
2AB8UXMQY8,7380.0,700758.0,12.9,18.0,7.0,0.0,78223.0,117172.0,0.0,0.0
0WG5X8R18O,701.0,1081727.0,22.3,26.0,6.0,0.0,72257.0,92862.0,0.0,0.0
2T0CXK0VWE,,,,,,,,,,
DYW516LHGT,,,14.1,,6.0,1.0,143241.0,244266.0,1.0,0.0
7HR1SB8P9X,648.0,1085983.0,11.3,16.0,11.0,0.0,110048.0,163152.0,0.0,0.0
XOCXPB434T,735.0,1307124.0,22.5,33.0,7.0,0.0,28348.0,41074.0,0.0,0.0
R27K7SW7GF,,,,,,,,,,
L8HBWMXM23,,,14.1,9.0,12.0,0.0,250838.0,515878.0,0.0,0.0
CCV9UDMK21,730.0,1771256.0,21.8,15.0,15.0,0.0,242706.0,759506.0,0.0,0.0
RX10G9Q895,722.0,1377861.0,16.9,46.0,9.0,0.0,141436.0,222508.0,0.0,0.0
W7XPYGYGXR,,,17.1,81.0,6.0,0.0,115805.0,231990.0,0.0,0.0
95TZHE0TG7,739.0,873468.0,17.6,,4.0,0.0,331873.0,440704.0,0.0,0.0
BDKP2AL8L0,703.0,2232424.0,15.3,,11.0,0.0,485469.0,798468.0,0.0,0.0
IPBA3KY0VD,656.0,450300.0,12.9,48.0,9.0,0.0,178961.0,236830.0,0.0,0.0
SOORTVAKB3,7350.0,770868.0,18.0,20.0,13.0,0.0,623960.0,1355508.0,0.0,0.0
C8ZC1ICU64,,,,,,,,,,
FMK6HN3WFZ,674.0,4872778.0,21.9,26.0,13.0,0.0,155078.0,1081740.0,0.0,0.0
Q63EM7F7C4,7390.0,1945923.0,16.8,45.0,8.0,0.0,83866.0,161832.0,0.0,0.0
1F4VELVR1C,686.0,1892400.0,13.6,,14.0,0.0,545414.0,889482.0,0.0,0.0
46WU1059FR,653.0,1234943.0,19.0,,15.0,0.0,1030047.0,1633808.0,0.0,0.0
2XG605ZJQC,739.0,836874.0,31.0,,10.0,1.0,27626.0,301664.0,1.0,0.0
ML8EHT0CUJ,715.0,1299885.0,9.5,,6.0,0.0,281010.0,387354.0,0.0,0.0
3MVHNH401G,7180.0,913900.0,12.3,,7.0,0.0,292429.0,500148.0,0.0,0.0
6Q15I7NT2B,,,13.8,49.0,7.0,0.0,142348.0,276078.0,0.0,0.0
TH3739NPDB,625.0,837900.0,18.9,,10.0,1.0,263264.0,431794.0,1.0,0.0
1CJY5K1M7M,,,17.2,,12.0,0.0,242573.0,290774.0,0.0,0.0
KQSEZ2DZ32,675.0,2871375.0,13.5,30.0,14.0,2.0,382698.0,787072.0,0.0,2.0
7ECIF510TF,,,,,,,,,,
7VP28U6CLY,685.0,623922.0,16.3,10.0,7.0,0.0,8037.0,145376.0,0.0,0.0
AW75ZUKKY2,,,,,,,,,,
EMWLCNCMXV,718.0,1891982.0,23.5,8.0,14.0,0.0,425885.0,865150.0,0.0,0.0
2VW16G1MYG,,,22.0,,8.0,0.0,1422834.0,5642054.0,0.0,0.0
ZMHXYV15Q9,722.0,1830384.0,21.0,,11.0,0.0,513247.0,719488.0,0.0,0.0
YRYSTHRACS,748.0,810958.0,19.8,,11.0,0.0,244644.0,1514832.0,0.0,0.0
7WKUCE5AUU,725.0,904115.0,9.3,,8.0,0.0,131157.0,161040.0,0.0,0.0
I4P7SGCFNF,,,19.6,,14.0,0.0,213446.0,1108294.0,0.0,0.0
O0INAO03J1,660.0,1171616.0,21.2,,17.0,0.0,235201.0,469546.0,0.0,0.0
MILLG04IPV,,,,,,,,,,
BNSRAKRT3P,,,20.4,,11.0,0.0,319200.0,623260.0,0.0,0.0
RKYN8OA86X,,,42.6,69.0,26.0,0.0,121410.0,278938.0,0.0,0.0
E4N3P1B4IO,,,21.4,19.0,11.0,0.0,112176.0,195294.0,0.0,0.0
OKNJP8AXDQ,,,17.6,9.0,8.0,0.0,236778.0,434478.0,0.0,0.0
F2HNEWHIVX,,,12.9,,8.0,0.0,56943.0,66660.0,0.0,0.0
U5ZULSFJBA,,,27.7,,5.0,0.0,98287.0,150326.0,0.0,0.0
4HMBEXUN31,727.0,1244880.0,19.4,,6.0,1.0,135356.0,467830.0,1.0,0.0
V6956AD16N,724.0,1058262.0,18.9,77.0,7.0,1.0,39672.0,52800.0,1.0,0.0
W7OWUM6QI9,750.0,633859.0,24.5,,10.0,0.0,61465.0,543246.0,0.0,0.0
CZN2JIE3Q7,739.0,1691684.0,27.3,,23.0,0.0,683392.0,1560746.0,0.0,0.0
N5OJ7SYFGJ,745.0,1230307.0,16.5,,13.0,0.0,245081.0,444796.0,0.0,0.0
TUF2QOO3IY,725.0,1091759.0,14.5,,17.0,0.0,131005.0,226754.0,0.0,0.0
RYP9BOCRD7,,,14.8,,7.0,0.0,295830.0,360580.0,0.0,0.0
VGG0DJTY45,699.0,762413.0,16.5,22.0,6.0,0.0,190779.0,376992.0,0.0,0.0
PYMYNXW62A,746.0,903982.0,20.6,,12.0,0.0,299459.0,621390.0,0.0,0.0
UCELJL0A9Q,,,15.5,63.0,5.0,0.0,93822.0,285890.0,0.0,0.0
MO0DS8HJHM,,,43.8,,12.0,0.0,1664742.0,3007158.0,0.0,0.0
717SPK3FR2,704.0,1011123.0,19.1,,8.0,1.0,36936.0,668382.0,1.0,0.0
5YMWDEX63H,746.0,1387152.0,17.7,,10.0,0.0,56981.0,140404.0,0.0,0.0
U6S8Z1YEIR,748.0,850991.0,7.1,,9.0,0.0,139574.0,492734.0,0.0,0.0
JOCQ7IO9GP,748.0,558220.0,47.0,,7.0,0.0,52972.0,367290.0,0.0,0.0
OC603I3PWT,748.0,1384834.0,25.6,,9.0,0.0,196175.0,712096.0,0.0,0.0
UWEM9NNSYV,718.0,2649892.0,14.1,8.0,9.0,0.0,102714.0,140272.0,0.0,0.0
QW2LV36VHJ,728.0,714210.0,20.1,0.0,7.0,0.0,209266.0,341748.0,,0.0
ZF1VAIRODS,679.0,884868.0,10.1,60.0,7.0,0.0,59356.0,218218.0,0.0,0.0
8CEWGD52MQ,726.0,958455.0,15.3,,2.0,0.0,96216.0,768284.0,0.0,0.0
DMLR8SCT7R,,,21.1,33.0,16.0,0.0,293436.0,564410.0,0.0,0.0
ZOHNMEI29V,716.0,2009174.0,13.8,34.0,4.0,0.0,30628.0,106194.0,0.0,0.0
ID8NBZK7W9,,,16.9,,12.0,0.0,184148.0,253528.0,0.0,0.0
40RWBHW8X4,671.0,938695.0,19.7,69.0,12.0,0.0,131480.0,286682.0,0.0,0.0
PG73S2BOYU,679.0,478477.0,12.5,20.0,7.0,0.0,225758.0,514580.0,0.0,0.0
OD4ZM93D54,,,14.5,,8.0,0.0,81320.0,553916.0,0.0,0.0
VW9L15SWLX,,,16.2,12.0,7.0,0.0,261896.0,346566.0,0.0,0.0
ZLTO4ESQ6T,723.0,928055.0,18.4,,12.0,0.0,131176.0,380666.0,0.0,0.0
IKJPZQ0OTX,7010.0,1223885.0,16.4,,13.0,0.0,392540.0,709082.0,0.0,0.0
X9FE1TWK1Z,,,26.3,27.0,7.0,2.0,206663.0,318230.0,0.0,0.0
4E6HNCC7NK,738.0,536579.0,23.7,,10.0,0.0,604143.0,860420.0,0.0,0.0
0Q2B9MMGK1,,,13.8,,11.0,1.0,77140.0,119416.0,1.0,0.0
6CUNXV2SAB,698.0,1031206.0,37.9,20.0,13.0,0.0,205295.0,620686.0,0.0,0.0
XGQC7A545I,7390.0,1675458.0,19.8,36.0,7.0,0.0,124070.0,173712.0,0.0,0.0
WLVQMD4TTF,742.0,919296.0,17.8,43.0,5.0,0.0,193838.0,325754.0,0.0,0.0
0JN3MSD2G2,,,17.0,,5.0,4.0,59945.0,176198.0,0.0,4.0
KUS9KGWYK2,724.0,2006172.0,8.1,34.0,4.0,0.0,19228.0,50930.0,0.0,0.0
89YTNVL974,728.0,799843.0,7.5,,10.0,0.0,342285.0,424314.0,0.0,0.0
FAPNOHZSS4,,,22.4,71.0,17.0,0.0,700245.0,1176802.0,0.0,0.0
OTF2F15GDV,744.0,1490208.0,26.2,,5.0,0.0,198417.0,355652.0,0.0,0.0
HK8Z8WZMJM,,,,,,,,,,
WGLSVKZRN1,696.0,2222373.0,25.5,,15.0,0.0,441693.0,743358.0,0.0,0.0
TVE7MLKF6M,746.0,1326409.0,15.9,,11.0,0.0,464968.0,984236.0,0.0,0.0
0GLR47ZF4X,683.0,1749159.0,22.1,5.0,17.0,0.0,362406.0,670340.0,0.0,0.0
CC7ESZ2GAX,704.0,1256394.0,23.7,20.0,19.0,2.0,110200.0,340252.0,2.0,0.0
RGAWI09U48,705.0,1403492.0,27.0,,14.0,0.0,900657.0,1256464.0,0.0,0.0
7AP275VBOH,730.0,666273.0,28.5,,6.0,0.0,106894.0,134530.0,0.0,0.0
DYH1I1H29I,703.0,848084.0,16.8,,14.0,0.0,106438.0,342364.0,0.0,0.0
Y2MHAUTK2R,,,14.2,,14.0,0.0,698136.0,1110428.0,0.0,0.0
1RSHBYXUK0,,,30.0,,12.0,0.0,791388.0,1068012.0,0.0,0.0
00RTE5WMAY,747.0,786904.0,27.9,,10.0,0.0,210140.0,779878.0,0.0,0.0
VS4CEKMG3V,719.0,1335909.0,15.8,37.0,19.0,1.0,199595.0,548966.0,1.0,0.0
4GXPSDN9DM,735.0,1039053.0,10.4,,18.0,0.0,410343.0,664532.0,0.0,0.0
1XH9QSO6LK,751.0,2694390.0,25.2,64.0,12.0,0.0,205352.0,754842.0,0.0,0.0
YVAA9DD7OU,,,14.7,6.0,15.0,0.0,183768.0,921118.0,0.0,0.0
CZDNZ0JMHV,7250.0,911449.0,11.0,12.0,10.0,0.0,100624.0,200200.0,0.0,0.0
33TOUU9NAF,,,16.7,,9.0,0.0,366130.0,636548.0,0.0,0.0
OU9F6PZ9S8,722.0,274512.0,8.2,,5.0,0.0,20957.0,75086.0,0.0,0.0
NOV09TY4AN,718.0,1248433.0,16.6,,11.0,0.0,468141.0,870078.0,0.0,0.0
5WMYEQIB4N,740.0,678870.0,15.6,,9.0,0.0,294481.0,639716.0,0.0,0.0
1NAT4N6A2Q,683.0,1375163.0,20.2,47.0,17.0,2.0,30248.0,493394.0,2.0,0.0
0T6YI6CWWL,725.0,1511754.0,18.4,,3.0,0.0,0.0,0.0,0.0,0.0
GDX3E04540,723.0,1334750.0,13.6,13.0,11.0,0.0,337060.0,598598.0,0.0,0.0
MNSWVWXH1K,633.0,1821796.0,23.3,17.0,11.0,0.0,192660.0,505868.0,0.0,0.0
7VQ8E88G8C,,,16.5,5.0,13.0,1.0,227164.0,429110.0,0.0,1.0
Z2U6SFB69A,719.0,632757.0,9.5,9.0,10.0,0.0,26125.0,149028.0,0.0,0.0
1NIYAVL65Q,742.0,1243037.0,9.8,,16.0,0.0,239571.0,336666.0,0.0,0.0
GXFBT4Z6QF,738.0,1416165.0,15.3,,11.0,1.0,433561.0,820270.0,1.0,0.0
NJIPYT39I3,729.0,707921.0,20.2,12.0,14.0,0.0,232807.0,441188.0,0.0,0.0
Z61VO4K4RK,748.0,2175785.0,19.2,17.0,11.0,0.0,245214.0,617232.0,0.0,0.0
QBCE6BFRL1,730.0,243466.0,11.0,,5.0,0.0,0.0,0.0,0.0,0.0
0H8RKWTN8T,737.0,1565942.0,16.8,6.0,24.0,0.0,307249.0,1464056.0,0.0,0.0
LFLIQO2VV5,721.0,962065.0,16.9,,9.0,1.0,114931.0,443586.0,1.0,0.0
62OJVWFK5N,693.0,1502672.0,14.6,61.0,12.0,0.0,289997.0,661012.0,0.0,0.0
4N65FPE1AF,700.0,2042766.0,22.0,49.0,10.0,0.0,216714.0,347072.0,0.0,0.0
LOS974I34G,722.0,806303.0,13.6,,9.0,0.0,118541.0,529980.0,0.0,0.0
MU7MD6K98X,706.0,1442955.0,15.4,38.0,10.0,0.0,100301.0,118030.0,0.0,0.0
9KSYRGAN9Z,6660.0,1048344.0,21.6,,7.0,0.0,109193.0,189860.0,0.0,0.0
Q5KB45PXOL,712.0,2037693.0,14.0,11.0,11.0,0.0,265240.0,588368.0,0.0,0.0
F3A2LC6CD1,723.0,1981985.0,28.2,,6.0,0.0,731424.0,901934.0,0.0,0.0
52ZX4NFXYW,,,25.9,,4.0,0.0,167960.0,218504.0,0.0,0.0
DZDEDB2GZ0,721.0,567036.0,17.0,,7.0,0.0,111568.0,168432.0,0.0,0.0
2BI2KGRAEV,719.0,1197551.0,16.6,,5.0,0.0,102315.0,311740.0,0.0,0.0
JC608THPFF,745.0,906851.0,15.2,,14.0,0.0,384769.0,601238.0,0.0,0.0
GQQC284GAD,,,,,,,,,,
YFFMEBEDMD,7340.0,1074317.0,20.9,51.0,12.0,0.0,194750.0,293260.0,0.0,0.0
S9EARMREK2,,,13.6,,7.0,1.0,55461.0,125422.0,1.0,0.0
T0IYYS8BVW,683.0,1320690.0,15.3,,14.0,0.0,146338.0,382470.0,0.0,0.0
PGGG7C5P90,,,10.0,,14.0,0.0,0.0,0.0,0.0,0.0
LL8332A1NI,723.0,1333686.0,14.0,38.0,12.0,0.0,379487.0,1029050.0,0.0,0.0
JHCU1MZ5Z0,,,17.9,,8.0,0.0,138833.0,400884.0,0.0,0.0
DV1IQD8G4U,740.0,859617.0,26.5,,16.0,1.0,97318.0,450692.0,1.0,0.0
310UR7L5FG,748.0,1776139.0,18.7,78.0,10.0,0.0,339169.0,556270.0,0.0,0.0
UUB28MVD6M,,,26.0,19.0,15.0,0.0,338751.0,1010944.0,0.0,0.0
BO2NT2P0XV,,,,,,,,,,
EM06HKZMYT,740.0,606575.0,20.0,28.0,10.0,0.0,215194.0,550066.0,0.0,0.0
QKWI8PF3XY,,,27.2,,11.0,0.0,412148.0,878878.0,0.0,0.0
8JZANFGIJR,6990.0,1311779.0,15.6,,17.0,0.0,379316.0,719994.0,0.0,0.0
5JXWMN5USK,716.0,858591.0,16.2,,11.0,0.0,603307.0,899052.0,0.0,0.0
WBM493QB6C,728.0,730930.0,22.8,,12.0,0.0,262656.0,436370.0,0.0,0.0
JD00VA48ZJ,718.0,1298878.0,13.1,,9.0,1.0,116527.0,398024.0,1.0,0.0
BRXPY4FY8W,,,13.7,55.0,11.0,0.0,217132.0,334774.0,0.0,0.0
05BIBEZHUR,748.0,2150762.0,16.3,,10.0,0.0,2012499.0,0.0,0.0,0.0
FOR3AUEHCI,717.0,941450.0,5.1,,5.0,0.0,49989.0,224356.0,0.0,0.0
9NAJVQBF3L,744.0,1637610.0,8.7,,7.0,0.0,79325.0,182952.0,0.0,0.0
12TI9DXDR4,741.0,593028.0,7.8,,10.0,0.0,145103.0,302720.0,0.0,0.0
J1P9YR7MUX,729.0,2069518.0,10.0,16.0,6.0,0.0,230546.0,420398.0,0.0,0.0
I4GKGR1ZDQ,686.0,619932.0,20.4,3.0,10.0,0.0,162146.0,297572.0,0.0,0.0
9RDQN8ND5C,739.0,697471.0,11.0,,6.0,0.0,186466.0,391116.0,0.0,0.0
MHE2NN3Q0O,749.0,1053892.0,14.0,,10.0,0.0,78128.0,445610.0,0.0,0.0
D25FFX3RFB,,,15.6,9.0,9.0,0.0,312246.0,936650.0,0.0,0.0
DXVQQXBIKD,701.0,680637.0,9.2,,8.0,0.0,200925.0,355718.0,0.0,0.0
VFY5043UMT,747.0,1312026.0,29.5,,6.0,1.0,128478.0,280148.0,1.0,0.0
0M5QREE8JN,,,15.9,,6.0,0.0,135622.0,258280.0,0.0,0.0
2S7RFNDZJ5,715.0,1998591.0,13.9,54.0,16.0,1.0,180348.0,619674.0,1.0,0.0
MJ54L74UYE,608.0,1014809.0,14.7,,16.0,1.0,113335.0,330550.0,1.0,0.0
R8VOYOZV52,716.0,1098808.0,15.4,,22.0,0.0,257792.0,436370.0,0.0,0.0
LIRA5DZZU1,736.0,761216.0,6.0,,8.0,0.0,187397.0,562122.0,0.0,0.0
1HV8A2RFV8,,,16.0,15.0,17.0,0.0,381634.0,880264.0,0.0,0.0
ML5KC68IC2,710.0,1854970.0,21.5,12.0,12.0,0.0,427386.0,1007886.0,0.0,0.0
4WQTG67SOU,,,23.1,70.0,10.0,0.0,113031.0,177342.0,0.0,0.0
PQ8FL9H0RT,,,19.9,,11.0,1.0,59489.0,217976.0,1.0,0.0
QAPZYE6O3Y,,,20.9,6.0,9.0,0.0,51091.0,318032.0,0.0,0.0
OF97V7SDTR,,,15.1,34.0,7.0,0.0,30248.0,63206.0,0.0,0.0
F2T33GWHC9,725.0,2054052.0,14.5,0.0,19.0,0.0,463619.0,1198274.0,0.0,0.0
56WPH9ZUXD,,,30.4,19.0,10.0,0.0,111777.0,256278.0,0.0,0.0
JB3JS95638,721.0,1360742.0,15.8,,2.0,0.0,10564.0,359788.0,0.0,0.0
P7VSMZ1NB7,701.0,739043.0,5.9,,10.0,0.0,111644.0,215446.0,0.0,0.0
FPBGSNFLFJ,690.0,900505.0,18.8,,10.0,0.0,221198.0,337018.0,0.0,0.0
X2T20KHOCO,723.0,1448370.0,22.6,53.0,17.0,0.0,316806.0,824340.0,0.0,0.0
OMQ6S47B5R,711.0,1093393.0,15.4,,17.0,0.0,393832.0,737902.0,0.0,0.0
M8EP65LI7B,725.0,528713.0,13.9,,7.0,0.0,195947.0,261096.0,0.0,0.0
21IXOKYLE1,709.0,1933155.0,19.2,20.0,9.0,0.0,377036.0,504724.0,0.0,0.0
N0PXU48EJO,737.0,2224121.0,16.6,35.0,10.0,0.0,206264.0,445566.0,0.0,0.0
3CBQC3H9IM,739.0,460294.0,15.3,67.0,11.0,0.0,111511.0,453024.0,0.0,0.0
BSOSX7ZAAH,736.0,1129968.0,23.2,70.0,10.0,0.0,517560.0,756668.0,0.0,0.0
TEH5JAXU7P,660.0,1755315.0,14.9,,8.0,0.0,427614.0,557568.0,0.0,0.0
1X6DEN7C3E,733.0,1014714.0,19.1,23.0,8.0,0.0,101080.0,295548.0,0.0,0.0
ZQUKMUBMCR,,,17.0,44.0,5.0,0.0,213465.0,361878.0,0.0,0.0
Y0ESE7QP0Z,743.0,1759742.0,13.4,,11.0,0.0,270123.0,831842.0,0.0,0.0
K8NJS42W4X,723.0,503082.0,9.5,,4.0,0.0,214719.0,264484.0,0.0,0.0
K68PICWHMI,707.0,1591060.0,23.0,,8.0,0.0,592914.0,767932.0,0.0,0.0
DNBG660JLA,,,11.8,65.0,8.0,0.0,95342.0,346060.0,0.0,0.0
T1X6YNT4B4,744.0,1625830.0,12.0,43.0,19.0,0.0,144210.0,325468.0,0.0,0.0
45DDMY89WP,750.0,2043374.0,16.3,,10.0,0.0,353742.0,615956.0,0.0,0.0
TQ9UYBWQGQ,,,16.8,66.0,14.0,0.0,557840.0,1445004.0,0.0,0.0
9CPCP8DTKU,712.0,969760.0,21.5,79.0,10.0,0.0,296799.0,446908.0,0.0,0.0
N36E8A6XYK,709.0,836114.0,18.7,15.0,12.0,0.0,170221.0,351934.0,0.0,0.0
PWO8OCN1FJ,646.0,1673748.0,24.6,20.0,20.0,0.0,297236.0,708180.0,0.0,0.0
A5DLZGT0KQ,651.0,3179289.0,17.8,,22.0,1.0,58957.0,355608.0,1.0,0.0
VU3FFA1RUI,7400.0,649249.0,10.0,,21.0,0.0,133171.0,957726.0,0.0,0.0
FFZ6L399W9,,,15.7,,8.0,0.0,379696.0,1308472.0,0.0,0.0
MHQAKCVFLU,738.0,1704357.0,10.5,,9.0,0.0,227601.0,545644.0,0.0,0.0
PHH6BGCQVH,,,20.5,,14.0,0.0,119054.0,288376.0,0.0,0.0
J9M2662890,729.0,3797720.0,14.4,29.0,9.0,0.0,250344.0,312356.0,0.0,0.0
8LDYF0N94F,,,19.7,,26.0,0.0,306888.0,1149940.0,0.0,0.0
HBJFYF13I5,744.0,1300208.0,22.0,,15.0,0.0,355737.0,501094.0,0.0,0.0
NYREFDM4LY,662.0,950475.0,14.1,32.0,9.0,0.0,97147.0,310706.0,0.0,0.0
C4MKXAW9VO,743.0,2718634.0,18.3,,13.0,0.0,371697.0,781088.0,0.0,0.0
QYPQWOAEW9,729.0,1394467.0,16.6,46.0,11.0,0.0,294158.0,573408.0,0.0,0.0
1OZU36I49N,709.0,1518404.0,32.2,59.0,11.0,0.0,774079.0,1159510.0,0.0,0.0
J0UPGENQFA,664.0,606176.0,9.5,,3.0,0.0,61788.0,87780.0,0.0,0.0
IIODXKT504,731.0,727358.0,21.2,,10.0,1.0,25004.0,41008.0,1.0,0.0
L04B7ZO3SW,694.0,890929.0,28.7,,7.0,0.0,200051.0,240790.0,0.0,0.0
3BBEFW6VJZ,713.0,1066850.0,16.5,,14.0,1.0,253175.0,518848.0,1.0,0.0
EURURTLXM5,734.0,1456217.0,9.3,32.0,5.0,0.0,327218.0,669416.0,0.0,0.0
JBAKAQPMX5,,,14.7,18.0,7.0,0.0,225549.0,460614.0,0.0,0.0
ZJFVUHNMOB,746.0,699865.0,30.9,,5.0,0.0,126160.0,292732.0,0.0,0.0
WPZZPNQR8S,723.0,1669473.0,12.8,69.0,30.0,0.0,419254.0,741158.0,0.0,0.0
VDW90OISGJ,703.0,546991.0,17.7,47.0,4.0,0.0,36138.0,67078.0,0.0,0.0
PX9S2LP4GR,723.0,1891450.0,13.8,,18.0,0.0,573363.0,918236.0,0.0,0.0
68H8D9AKPK,700.0,576840.0,23.5,,11.0,0.0,338048.0,494208.0,0.0,0.0
ETPGQPR7KC,698.0,1554808.0,41.1,,11.0,0.0,223934.0,342078.0,0.0,0.0
K8OURN3L2F,,,22.1,,18.0,0.0,479940.0,2196480.0,0.0,0.0
A3A5JZS29W,741.0,2907285.0,26.5,24.0,7.0,0.0,333583.0,951368.0,0.0,0.0
1TZ59LABKX,706.0,981350.0,16.1,,15.0,0.0,561963.0,1031228.0,0.0,0.0
6BZ2O7XIRA,671.0,1456350.0,17.3,,12.0,0.0,223193.0,304392.0,0.0,0.0
M13263CLMB,739.0,727928.0,17.6,27.0,11.0,0.0,1387.0,99814.0,0.0,0.0
OE3N8D39IV,7130.0,1260821.0,8.5,,6.0,0.0,61294.0,78584.0,0.0,0.0
W3VB98N169,,,13.2,18.0,10.0,0.0,494665.0,810128.0,0.0,0.0
PXINC007WN,711.0,382166.0,9.7,,6.0,0.0,66918.0,84040.0,0.0,0.0
OPHO9NCFNE,725.0,845690.0,15.0,,12.0,1.0,296058.0,469612.0,1.0,0.0
5RUPNFI04S,725.0,1137606.0,16.3,5.0,14.0,0.0,144704.0,504680.0,0.0,0.0
LR9V0CPMWJ,,,17.2,41.0,13.0,0.0,89699.0,618222.0,0.0,0.0
NBXZW8NDNZ,,,29.0,32.0,10.0,1.0,171057.0,352396.0,1.0,0.0
LNPE3V1RUK,729.0,904913.0,15.5,47.0,12.0,0.0,369911.0,1248764.0,0.0,0.0
MHVN0IIXQX,718.0,1463779.0,12.3,,4.0,0.0,83486.0,163042.0,0.0,0.0
PFF8TIQ5OH,721.0,389139.0,6.4,,5.0,0.0,66576.0,276320.0,0.0,0.0
QEE6PW6KSR,721.0,1303666.0,30.2,78.0,11.0,2.0,49115.0,222134.0,0.0,1.0
698UAJRQ7F,7250.0,2254920.0,15.0,,13.0,0.0,399627.0,1030568.0,0.0,0.0
HV1YSHIC4I,744.0,1709088.0,14.1,,10.0,1.0,240901.0,414480.0,1.0,0.0
OHB86PCH4G,696.0,831953.0,19.9,,13.0,0.0,547580.0,736406.0,0.0,0.0
HGZLQ62J3A,727.0,743584.0,12.0,72.0,11.0,2.0,88217.0,286088.0,2.0,0.0
CSJM2HT3PX,,,15.5,,18.0,0.0,1567975.0,20172680.0,0.0,0.0
UR9M3UDUJL,739.0,1522166.0,21.0,20.0,11.0,0.0,164711.0,225698.0,0.0,0.0
GEGBFV55MR,,,13.1,,21.0,0.0,617728.0,1108932.0,0.0,0.0
3SQPEGZAKZ,,,16.3,17.0,13.0,0.0,661485.0,1044912.0,0.0,0.0
A9YH3ARSIT,703.0,729790.0,21.3,,16.0,0.0,581514.0,1219790.0,0.0,0.0
12QCM7EZCB,730.0,1545232.0,14.7,,6.0,0.0,367422.0,604318.0,0.0,0.0
SN9IILMMRN,668.0,991857.0,13.1,,12.0,0.0,300048.0,357808.0,0.0,0.0
79F1WAQZX5,731.0,996151.0,14.7,58.0,7.0,0.0,46227.0,70246.0,0.0,0.0
J3GU0Z3SZL,706.0,949943.0,13.0,43.0,6.0,0.0,27322.0,250998.0,0.0,0.0
WXY7UZES7G,708.0,2346272.0,20.0,67.0,19.0,0.0,214054.0,312950.0,0.0,0.0
NKWYA2O35K,665.0,1026209.0,21.6,,18.0,0.0,297768.0,670758.0,0.0,0.0
3UYPIBAMUR,743.0,1350349.0,22.3,11.0,12.0,0.0,198151.0,952028.0,0.0,0.0
A8ZLX80LWE,,,17.0,,9.0,1.0,218937.0,399212.0,0.0,0.0
EXXYLNFDFJ,696.0,1728487.0,22.9,33.0,8.0,0.0,199595.0,545072.0,0.0,0.0
6PGYUXPT3J,607.0,3104277.0,15.4,17.0,9.0,0.0,156066.0,206998.0,0.0,0.0
WT11IO7BRK,704.0,1523344.0,15.0,,12.0,0.0,1062518.0,1618804.0,0.0,0.0
EB4LH0UV8F,,,17.8,21.0,6.0,0.0,26543.0,149930.0,0.0,0.0
W61CFPWUWL,731.0,1216361.0,18.4,38.0,11.0,0.0,406049.0,581174.0,0.0,0.0
4MEEVAS5ON,678.0,1527923.0,38.0,,14.0,1.0,268907.0,466136.0,1.0,0.0
EV22001CVK,7310.0,1120050.0,15.6,,5.0,0.0,91352.0,185900.0,0.0,0.0
7GXGWY953H,714.0,740848.0,23.2,6.0,3.0,0.0,67602.0,96756.0,0.0,0.0
XSZYCNONFN,744.0,683240.0,16.2,68.0,11.0,0.0,285171.0,471702.0,0.0,0.0
RFJBJWW0HJ,728.0,775276.0,9.8,,15.0,0.0,334628.0,646844.0,0.0,0.0
DZ4ZT3OFX8,742.0,1715814.0,12.1,,6.0,0.0,405859.0,514162.0,0.0,0.0
T1QRDF7OY9,731.0,1316814.0,22.1,51.0,14.0,0.0,160341.0,1355156.0,0.0,0.0
AV8HQLSAG9,685.0,786448.0,13.0,,9.0,0.0,77349.0,182424.0,0.0,0.0
LHR7N35208,,,12.1,,17.0,0.0,279300.0,1547370.0,0.0,0.0
3KVOYAEDFH,741.0,1154668.0,18.3,,9.0,0.0,310536.0,638660.0,0.0,0.0
0H49Z6GJ3R,662.0,890625.0,19.3,,7.0,0.0,363033.0,444840.0,0.0,0.0
7UEMFMSXE9,679.0,988969.0,38.4,,9.0,0.0,647159.0,844800.0,0.0,0.0
3RNEJN6SF0,,,13.1,,10.0,0.0,84322.0,224972.0,0.0,0.0
1XL5IQHH2V,,,12.2,16.0,12.0,0.0,310194.0,947672.0,0.0,0.0
AAMA7V1CG2,749.0,1290841.0,34.8,,6.0,0.0,29488.0,1796608.0,0.0,0.0
A6DYOHNF1Y,736.0,704596.0,20.5,,2.0,0.0,62966.0,87208.0,0.0,0.0
OKE48A2F94,627.0,879776.0,11.3,,11.0,0.0,361380.0,498740.0,0.0,0.0
U6UHGW0LZM,,,14.1,,9.0,0.0,621528.0,862906.0,0.0,0.0
WN4I1P8ZX8,716.0,1545384.0,18.0,8.0,8.0,0.0,354825.0,552948.0,0.0,0.0
W3JV1SK2HS,741.0,2501863.0,25.0,8.0,13.0,0.0,161215.0,309562.0,0.0,0.0
737AMWVTPV,727.0,1640859.0,42.1,,23.0,0.0,843657.0,1327238.0,0.0,0.0
9NJ3YNO63X,661.0,669731.0,22.6,8.0,11.0,0.0,258172.0,914166.0,0.0,0.0
858E7Q15MI,729.0,841415.0,23.3,,9.0,1.0,303031.0,556952.0,1.0,0.0
UNUGUGB1H0,728.0,1899620.0,17.8,36.0,21.0,0.0,183654.0,412104.0,0.0,0.0
UXAVTK2Y7R,730.0,2879070.0,16.9,11.0,13.0,0.0,565687.0,1113926.0,0.0,0.0
1MY8PVSGTK,725.0,835487.0,17.8,34.0,6.0,0.0,130986.0,255332.0,0.0,0.0
UEJM7QITKD,750.0,1240187.0,21.4,,7.0,0.0,82137.0,689194.0,0.0,0.0
OZUGHZ9YIV,7460.0,745674.0,26.9,57.0,6.0,0.0,55195.0,201608.0,0.0,0.0
27JB51VKYW,635.0,1141368.0,15.8,,14.0,0.0,355490.0,439318.0,0.0,0.0
UGEXSRJTMU,,,18.6,68.0,10.0,1.0,117344.0,229526.0,1.0,0.0
QZ9IERXP7K,714.0,663404.0,12.0,58.0,7.0,0.0,71934.0,98802.0,0.0,0.0
79S65YG1YW,746.0,641592.0,19.5,,11.0,0.0,340366.0,638748.0,0.0,0.0
BPRN3U954J,,,17.0,74.0,11.0,0.0,459515.0,948442.0,0.0,0.0
WM8S9077H1,622.0,1171882.0,14.6,,3.0,0.0,116888.0,137808.0,0.0,0.0
UQA8IDCX8X,670.0,720841.0,9.4,,8.0,0.0,160151.0,269522.0,0.0,0.0
XVKQU0NH0W,694.0,654037.0,14.8,18.0,9.0,0.0,35777.0,112596.0,0.0,0.0
KEFV3069SM,725.0,1408926.0,33.2,,22.0,0.0,949677.0,2013968.0,0.0,0.0
PFP1162H7Y,737.0,1101848.0,26.3,,7.0,1.0,234080.0,381744.0,1.0,0.0
AVPHX61H8I,731.0,1033790.0,18.7,71.0,18.0,0.0,452238.0,1179354.0,0.0,0.0
4F5FJSBSZN,691.0,421762.0,14.0,47.0,9.0,0.0,87419.0,326524.0,0.0,0.0
RKRBYY4RQG,724.0,941925.0,15.4,56.0,11.0,0.0,289389.0,423082.0,0.0,0.0
7WVKLU2F59,717.0,769500.0,33.0,67.0,15.0,0.0,174724.0,569866.0,0.0,0.0
YJT38O9QU9,740.0,950095.0,23.1,,12.0,0.0,388740.0,941688.0,0.0,0.0
M3R1KG1MLQ,656.0,1119138.0,19.5,,11.0,0.0,384674.0,568128.0,0.0,0.0
RDJ8Z858P0,698.0,1214423.0,20.2,27.0,15.0,0.0,472283.0,654896.0,0.0,0.0
CAEZVQ4R5E,705.0,921576.0,27.4,65.0,15.0,1.0,93575.0,612172.0,1.0,0.0
MXBTGB408E,747.0,3011823.0,14.1,,13.0,2.0,164274.0,1132208.0,0.0,2.0
GKL6ICM0HP,,,21.7,68.0,14.0,1.0,182742.0,357434.0,1.0,0.0
OTF06CUKNB,743.0,327142.0,12.3,,9.0,0.0,187055.0,273790.0,0.0,0.0
YBR19ERGP6,745.0,2158210.0,13.9,,12.0,0.0,313994.0,399542.0,0.0,0.0
BXZE9J8IFU,,,,,,,,,,
6RD26UJFP9,729.0,873126.0,21.3,63.0,11.0,0.0,219184.0,361548.0,0.0,0.0
HR3JYV37KU,,,4.8,,9.0,0.0,86963.0,263582.0,0.0,0.0
0M9G7R8UPV,721.0,927960.0,26.1,78.0,12.0,0.0,315780.0,679624.0,0.0,0.0
KICY43H0Q4,700.0,1156986.0,13.0,25.0,14.0,0.0,193971.0,399652.0,0.0,0.0
G0GCGT4GIW,,,19.1,27.0,9.0,0.0,144210.0,433686.0,0.0,0.0
J698AOYUMR,746.0,2920680.0,15.3,17.0,5.0,0.0,7163.0,11264.0,0.0,0.0
SJRHPP7GMN,748.0,1409895.0,19.7,,8.0,0.0,227069.0,829400.0,0.0,0.0
26KABZ9IO5,,,21.5,,15.0,0.0,1793505.0,6551094.0,0.0,0.0
SA2O2EUP9P,718.0,2187413.0,22.6,,11.0,0.0,957600.0,1152624.0,0.0,0.0
I1GJISCSK3,,,11.4,10.0,17.0,0.0,36708.0,301378.0,0.0,0.0
5AH3HKWABO,,,,,,,,,,
QSH3JG5O1O,692.0,1672722.0,9.0,51.0,8.0,1.0,179436.0,307780.0,1.0,0.0
BT5L7P31DN,736.0,775295.0,16.9,,12.0,1.0,404909.0,1180938.0,0.0,1.0
Z9GTGY8H0F,702.0,948537.0,10.5,50.0,10.0,0.0,104595.0,402380.0,0.0,0.0
C70GSWO143,,,27.1,,11.0,0.0,115596.0,367752.0,0.0,0.0
FZTYIBYPLW,,,21.6,75.0,3.0,0.0,192356.0,890890.0,0.0,0.0
IGXEBWBBTN,,,16.3,,11.0,0.0,216163.0,452628.0,0.0,0.0
41RT20CYEY,739.0,1243531.0,21.1,,3.0,0.0,89091.0,155122.0,0.0,0.0
BTJMT8K2ZF,742.0,1538088.0,18.4,14.0,10.0,0.0,131689.0,637956.0,0.0,0.0
6KEDPRODBB,,,49.2,35.0,14.0,0.0,328700.0,585552.0,0.0,0.0
EDUSYLI6GU,,,,,,,,,,
SYIS1WL1CR,703.0,1068826.0,27.0,10.0,14.0,0.0,895850.0,1210374.0,0.0,0.0
1YHY4XY1UG,745.0,992009.0,36.5,44.0,6.0,0.0,600875.0,1739386.0,0.0,0.0
ESEO5CVQ4Z,,,14.4,38.0,7.0,0.0,279509.0,525404.0,0.0,0.0
DMZEV66S9N,743.0,984447.0,21.3,58.0,8.0,1.0,122512.0,247544.0,1.0,0.0
HY4Y0LFH3L,,,16.5,31.0,17.0,0.0,602737.0,913484.0,0.0,0.0
OJ8FT3MGJK,,,,,,,,,,
QC6K7MCR6N,729.0,581913.0,19.9,,8.0,2.0,34903.0,288618.0,2.0,0.0
UBWWLJKPLA,,,,,,,,,,
4OEQLLUKZN,636.0,1541052.0,12.5,33.0,9.0,0.0,198246.0,337546.0,0.0,0.0
1TP6IQMQVU,,,17.7,67.0,17.0,1.0,499263.0,1675608.0,0.0,0.0
JPQERYB15S,749.0,2271108.0,12.1,,18.0,0.0,344147.0,1355398.0,0.0,0.0
XMPOZYFPJD,708.0,1007950.0,25.0,23.0,9.0,1.0,127110.0,215512.0,1.0,0.0
QM1JC7ZFE0,710.0,451668.0,4.3,3.0,4.0,0.0,68191.0,304810.0,0.0,0.0
K7XVIM9RY4,746.0,1987229.0,27.0,,13.0,0.0,643150.0,894014.0,0.0,0.0
HVI0L0KFNY,692.0,1585778.0,21.0,33.0,27.0,0.0,264556.0,696234.0,0.0,0.0
P2S0EIMSSU,744.0,1919760.0,27.8,42.0,12.0,0.0,218082.0,705364.0,0.0,0.0
U5XZSJ03QP,699.0,734996.0,22.2,,10.0,0.0,57456.0,302456.0,0.0,0.0
3OIJPKWX1Z,684.0,623295.0,11.4,,12.0,0.0,220609.0,450516.0,0.0,0.0
0IPPGUEKP7,720.0,1024328.0,15.2,39.0,11.0,0.0,59964.0,277750.0,0.0,0.0
GHI1M078G9,,,17.7,,9.0,0.0,34390.0,217602.0,0.0,0.0
G9T6OAUJ85,,,25.3,60.0,7.0,0.0,208563.0,401808.0,0.0,0.0
VPYBMT2RQV,685.0,569430.0,13.9,,9.0,0.0,233491.0,356202.0,0.0,0.0
TVDCGTVC3G,,,14.4,,11.0,0.0,287394.0,538450.0,0.0,0.0
OEIW6975FO,736.0,756960.0,11.8,43.0,7.0,0.0,144742.0,175318.0,0.0,0.0
IMD9DSVKBZ,690.0,2353872.0,13.8,14.0,13.0,1.0,6213.0,32714.0,1.0,0.0
I65LDA4NVJ,718.0,1376759.0,18.6,,7.0,0.0,535344.0,739706.0,0.0,0.0
QCOU1OHCAE,747.0,1286186.0,14.0,,9.0,0.0,302385.0,394284.0,0.0,0.0
EJ9PVLPXMN,747.0,1068408.0,23.2,,16.0,0.0,373312.0,989164.0,0.0,0.0
WY8PV5WWB1,737.0,1310050.0,22.5,12.0,22.0,0.0,305824.0,1089572.0,0.0,0.0
POO7PIHDZL,,,8.5,,10.0,0.0,126179.0,241890.0,0.0,0.0
VPHOXSKL2W,650.0,1473412.0,21.0,2.0,10.0,0.0,212667.0,363198.0,0.0,0.0
HOOZ2IUY2J,733.0,669655.0,17.9,82.0,4.0,0.0,515261.0,0.0,0.0,0.0
TQKW5AJGRV,741.0,1369786.0,19.4,,16.0,0.0,491587.0,621412.0,0.0,0.0
BOS0IHNDT8,624.0,1354738.0,13.9,,10.0,0.0,596334.0,813296.0,0.0,0.0
OFU5L8S4HG,695.0,1943890.0,17.0,19.0,12.0,0.0,77197.0,191796.0,0.0,0.0
HGX6UDFV1L,731.0,541101.0,14.9,32.0,10.0,0.0,209456.0,273130.0,0.0,0.0
LLPJL0K6HA,710.0,571995.0,14.7,24.0,15.0,0.0,189221.0,514316.0,0.0,0.0
UZH4RATW5X,677.0,530651.0,15.9,,19.0,0.0,187568.0,227876.0,0.0,0.0
F5AEEVF21K,708.0,1509113.0,14.6,,15.0,1.0,194541.0,488620.0,1.0,0.0
0Y4OHWP762,741.0,152114.0,24.3,,4.0,0.0,104063.0,132132.0,0.0,0.0
GBQCB4F7PO,739.0,1924890.0,20.3,20.0,5.0,0.0,30134.0,40150.0,0.0,0.0
LIQ19F8CIN,654.0,1375809.0,18.7,,18.0,0.0,436069.0,642400.0,0.0,0.0
GH1S7R2AAA,744.0,2070563.0,18.7,45.0,8.0,1.0,230318.0,381524.0,1.0,0.0
5J8V94MDYG,721.0,1341590.0,24.0,77.0,6.0,0.0,131936.0,215776.0,0.0,0.0
E010OEY4MQ,746.0,834917.0,10.2,,12.0,0.0,213123.0,506726.0,0.0,0.0
ZOVKXLTTRG,714.0,374604.0,12.5,,5.0,0.0,141417.0,179938.0,0.0,0.0
01VOR5CWL9,,,18.1,58.0,12.0,0.0,903184.0,4647940.0,0.0,0.0
BYERZRYT8R,701.0,1214993.0,18.1,39.0,12.0,0.0,193857.0,352946.0,0.0,0.0
X8O3CZI8UW,,,14.0,7.0,8.0,0.0,41287.0,157256.0,0.0,0.0
SI7BSZTUL9,661.0,1622562.0,12.8,23.0,7.0,0.0,115330.0,148544.0,0.0,0.0
GSLV52A4NB,751.0,1262018.0,12.0,,6.0,0.0,200640.0,660000.0,0.0,0.0
UONPLSBXIW,687.0,1418597.0,14.4,18.0,11.0,0.0,305197.0,821854.0,0.0,0.0
ULMOTMVISO,7360.0,226176.0,9.0,,5.0,0.0,3648.0,235224.0,0.0,0.0
REJVEMRZX8,735.0,798646.0,15.9,,7.0,0.0,156864.0,211442.0,0.0,0.0
YE2IGTNXE4,,,17.0,16.0,11.0,0.0,316825.0,709588.0,0.0,0.0
3STJY0B9XK,687.0,934040.0,15.2,31.0,13.0,1.0,126426.0,278828.0,0.0,0.0
PKR8BOPGCX,727.0,673379.0,15.4,,15.0,0.0,284392.0,1261700.0,0.0,0.0
YY4KQ7WKJ6,703.0,1077414.0,19.9,27.0,10.0,0.0,272688.0,362912.0,0.0,0.0
PHFNNXK0X5,747.0,1032251.0,29.8,26.0,13.0,0.0,156921.0,829686.0,0.0,0.0
L31JJI45WS,,,15.5,21.0,16.0,0.0,659186.0,1229096.0,0.0,0.0
95DZS4Z7WP,683.0,1492640.0,18.7,,15.0,0.0,465177.0,865964.0,0.0,0.0
XGK0KP0D9B,7080.0,616588.0,15.0,,17.0,0.0,404852.0,1070278.0,0.0,0.0
7IVSCYY9Q7,,,,,,,,,,
JS34ZMDEIY,737.0,1089441.0,26.5,28.0,12.0,1.0,86963.0,206778.0,1.0,0.0
BFAF2NRP5S,742.0,1902071.0,20.6,,11.0,0.0,859883.0,1052502.0,0.0,0.0
0TOSVIB2L8,,,37.4,,5.0,1.0,233529.0,333410.0,0.0,0.0
GVQ7HSJUIR,737.0,1126662.0,15.7,,7.0,0.0,71782.0,139238.0,0.0,0.0
1O2DVU63Z0,722.0,966150.0,5.7,,9.0,0.0,236949.0,366806.0,0.0,0.0
RILAQHADPW,697.0,2410967.0,26.7,9.0,9.0,1.0,85861.0,436084.0,1.0,0.0
10CI1XMFDD,,,24.4,,7.0,0.0,102068.0,537218.0,0.0,0.0
FP4I4PQI7C,698.0,1603334.0,18.5,,26.0,0.0,368581.0,1074986.0,0.0,0.0
F30HN55KIM,6960.0,857223.0,16.1,78.0,8.0,0.0,316293.0,546612.0,0.0,0.0
T7XRVEMG4H,711.0,1264773.0,18.2,46.0,20.0,0.0,156047.0,313148.0,0.0,0.0
YRWFLL1FEB,693.0,3749840.0,14.5,,17.0,0.0,1206709.0,1617198.0,0.0,0.0
CC4ALDKO9W,730.0,629755.0,12.2,,10.0,1.0,170753.0,342672.0,1.0,0.0
PFNRH2528L,,,13.8,,16.0,1.0,50882.0,263076.0,1.0,0.0
BHLQRUPTCQ,,,16.5,26.0,6.0,0.0,192014.0,231110.0,0.0,0.0
HF6DE4TUL1,664.0,2684738.0,28.4,27.0,19.0,0.0,1678631.0,2737592.0,0.0,0.0
L64JDV2CJ1,749.0,1037058.0,14.9,7.0,9.0,0.0,283594.0,761882.0,0.0,0.0
GXGOLJQZY0,,,12.9,,20.0,0.0,181412.0,836902.0,0.0,0.0
D1MAIEB54O,,,14.5,38.0,10.0,1.0,194351.0,290378.0,1.0,0.0
2T8QQFM5W3,705.0,930240.0,8.6,,9.0,0.0,182875.0,262702.0,0.0,0.0
YMFHXB7K55,680.0,2013658.0,13.3,30.0,5.0,0.0,600533.0,832744.0,0.0,0.0
Z7CA4Z10AM,725.0,1191528.0,10.6,1.0,7.0,0.0,160854.0,257620.0,0.0,0.0
BLKOA10TIS,7100.0,2491451.0,18.5,,18.0,0.0,647406.0,1322090.0,0.0,0.0
R9FETT1NWU,702.0,764408.0,13.7,,15.0,0.0,364021.0,670142.0,0.0,0.0
G4UHNF7TAQ,705.0,907839.0,11.1,,14.0,0.0,88255.0,438526.0,0.0,0.0
BJRC263UOU,,,21.3,24.0,5.0,0.0,0.0,0.0,0.0,0.0
QPB28163W6,,,14.0,54.0,9.0,0.0,231933.0,645590.0,0.0,0.0
HMDNZPXVCY,725.0,695761.0,10.0,,7.0,0.0,57855.0,132154.0,0.0,0.0
MALMC9WDNL,,,,,,,,,,
8Z48P6I6B1,715.0,1198672.0,33.0,,16.0,0.0,682575.0,1075294.0,0.0,0.0
QSAB6ZA33G,709.0,547998.0,30.0,31.0,7.0,0.0,533292.0,633314.0,0.0,0.0
2D2VP09QL2,,,18.7,80.0,14.0,0.0,294386.0,1342044.0,0.0,0.0
PDR7ZZLKMF,743.0,1846515.0,15.7,,6.0,0.0,56088.0,559922.0,0.0,0.0
76QFIIH3UR,,,13.7,,14.0,0.0,447469.0,638088.0,0.0,0.0
DUGGTTBD46,,,18.0,24.0,18.0,0.0,539296.0,984918.0,0.0,0.0
JTC5MB8CRU,700.0,667128.0,10.0,,9.0,0.0,132354.0,196482.0,0.0,0.0
W2GAUDI70P,746.0,1535200.0,26.6,,16.0,0.0,618108.0,1816518.0,0.0,0.0
AQU8PDLVEH,716.0,978006.0,15.5,10.0,12.0,0.0,477869.0,929940.0,0.0,0.0
BQ2I5NUNGM,,,21.5,49.0,10.0,0.0,227335.0,427306.0,0.0,0.0
5YH1XODLOQ,7110.0,967955.0,14.5,34.0,18.0,0.0,143697.0,311608.0,0.0,0.0
S7AHZKSCHZ,748.0,3830780.0,38.3,26.0,15.0,0.0,391495.0,696300.0,0.0,0.0
IYT6W5G5WH,655.0,1677681.0,31.0,62.0,17.0,0.0,539315.0,934824.0,0.0,0.0
XS6IAFS0LB,,,9.4,,16.0,0.0,26999.0,339900.0,0.0,0.0
W87ODB0HC3,586.0,936605.0,12.3,32.0,19.0,0.0,134957.0,264418.0,0.0,0.0
IKOI2TMYE1,745.0,995600.0,25.5,,10.0,0.0,482011.0,669196.0,0.0,0.0
SNW3Z3N6X1,748.0,1341951.0,19.9,,17.0,0.0,321290.0,941798.0,0.0,0.0
BUXBKJI00A,748.0,3961272.0,22.0,54.0,20.0,0.0,1381718.0,5177590.0,0.0,0.0
BDVKOKEQ25,6170.0,3041520.0,8.0,21.0,6.0,0.0,28424.0,144958.0,0.0,0.0
KEEWJRQ7ZO,660.0,1641486.0,20.0,,12.0,1.0,155762.0,658262.0,1.0,0.0
8FDAQNH912,676.0,470402.0,31.3,,15.0,2.0,206169.0,451264.0,1.0,1.0
AB1C7EN2RR,748.0,2426243.0,20.9,,9.0,0.0,185212.0,267718.0,0.0,0.0
3D2XT30FTB,748.0,1157556.0,19.6,,11.0,0.0,122759.0,167640.0,0.0,0.0
EWH0NGDJ9Z,,,16.5,27.0,10.0,0.0,216904.0,831622.0,0.0,0.0
0YO7OOTU2N,,,,,,,,,,
2VE5QU4JGX,728.0,1367582.0,24.4,42.0,10.0,0.0,395542.0,723514.0,0.0,0.0
17IMBUSUM7,723.0,473347.0,16.4,,6.0,0.0,17214.0,115874.0,0.0,0.0
T9TF4A65YJ,647.0,679478.0,21.6,38.0,7.0,0.0,281637.0,456720.0,0.0,0.0
673JGUZMWF,,,19.0,,16.0,0.0,590197.0,1515272.0,0.0,0.0
3QA9MXRVNE,747.0,1130975.0,14.6,,11.0,0.0,138548.0,1015388.0,0.0,0.0
B1ZSVU9P62,6870.0,810179.0,19.8,,4.0,0.0,372723.0,455730.0,0.0,0.0
CGVE613V0G,7190.0,1108441.0,20.0,43.0,16.0,0.0,152703.0,191356.0,0.0,0.0
LMS9YU6GX5,737.0,8010780.0,28.7,75.0,13.0,0.0,1243569.0,1482932.0,0.0,0.0
P614R92LN8,724.0,712044.0,10.0,39.0,18.0,0.0,111967.0,481910.0,0.0,0.0
UJ81BY3WVH,7410.0,1505123.0,29.0,,22.0,0.0,1133312.0,2123418.0,0.0,0.0
ME3TWW6P7P,695.0,1639890.0,20.5,37.0,11.0,0.0,472625.0,673134.0,0.0,0.0
8OKBD8EQOU,,,22.5,,13.0,0.0,121315.0,1160896.0,0.0,0.0
R3ZXXUHNMS,736.0,2249904.0,20.7,,12.0,0.0,1180736.0,2116356.0,0.0,0.0
0U185VS7C8,,,,,,,,,,
90ZQT1OIC1,750.0,921120.0,17.5,,8.0,0.0,128896.0,259578.0,0.0,0.0
C8QF5RZ1GZ,,,,,,,,,,
EU0QG32HRX,731.0,806873.0,15.8,,7.0,0.0,238716.0,284680.0,0.0,0.0
RW1BTWQFQQ,734.0,815784.0,28.8,54.0,10.0,1.0,97888.0,184602.0,1.0,0.0
N4E2A6U37C,720.0,962996.0,11.0,42.0,11.0,0.0,303544.0,364210.0,0.0,0.0
ZGLVEN9948,6910.0,1409762.0,18.7,38.0,3.0,0.0,100567.0,145728.0,0.0,0.0
GSGXLS26G8,747.0,750272.0,26.1,2.0,6.0,0.0,22762.0,283514.0,0.0,0.0
EBPDJA42PE,717.0,683183.0,15.0,2.0,10.0,0.0,136952.0,554488.0,0.0,0.0
DNL7XD2BL2,688.0,130150.0,21.3,,3.0,0.0,100510.0,191730.0,0.0,0.0
9AA26WJU8J,745.0,1116250.0,10.1,,8.0,0.0,170088.0,421718.0,0.0,0.0
342AZODJV5,732.0,950760.0,17.3,15.0,11.0,0.0,466412.0,866844.0,0.0,0.0
JSA1CY11MG,726.0,2203734.0,5.5,,4.0,0.0,202350.0,235708.0,0.0,0.0
CBOPBJJ7KE,701.0,1191699.0,20.2,51.0,2.0,0.0,0.0,0.0,0.0,0.0
FKMMNK035T,,,17.0,,10.0,1.0,137997.0,197274.0,1.0,0.0
6L2LJF4ALV,,,,,,,,,,
UIZWXS7GKN,738.0,1535485.0,12.9,51.0,10.0,0.0,129865.0,229218.0,0.0,0.0
BFST809Z43,740.0,750500.0,14.7,,12.0,0.0,91561.0,115126.0,0.0,0.0
JH3DC880T0,715.0,1583460.0,22.2,15.0,17.0,0.0,1013688.0,2030688.0,0.0,0.0
0AF20QWEF3,661.0,5651360.0,15.4,,13.0,0.0,454005.0,570152.0,0.0,0.0
RDF933ABLF,734.0,1949039.0,16.4,,8.0,0.0,381330.0,648362.0,0.0,0.0
CXTC6VEGAQ,742.0,1417742.0,14.0,,13.0,1.0,295374.0,444202.0,1.0,0.0
P160K1RG27,7310.0,590007.0,37.5,,3.0,0.0,144210.0,240592.0,0.0,0.0
AFVPBHPL0U,,,19.4,,5.0,0.0,63859.0,93610.0,0.0,0.0
U89TDTHMU8,706.0,2119887.0,14.9,5.0,9.0,0.0,1501.0,174064.0,0.0,0.0
D9TEGY8W8M,721.0,1045209.0,14.0,29.0,5.0,0.0,300447.0,506396.0,0.0,0.0
ILUCJR7X3N,728.0,892031.0,11.4,27.0,20.0,0.0,89357.0,285802.0,0.0,0.0
MBQAVM5U95,654.0,658027.0,16.2,,4.0,0.0,240388.0,296098.0,0.0,0.0
894LE2U8CY,717.0,2210612.0,12.5,,9.0,0.0,318459.0,417604.0,0.0,0.0
2ZLEUSHJ33,699.0,1672893.0,12.3,,11.0,1.0,85785.0,174240.0,1.0,0.0
UBL7OBIPNR,708.0,1776671.0,25.8,16.0,10.0,1.0,172083.0,400884.0,1.0,0.0
OIH5MOC083,725.0,2857980.0,18.5,49.0,11.0,0.0,266570.0,573738.0,0.0,0.0
WSZBTGUL8D,,,28.8,29.0,8.0,0.0,357960.0,581328.0,0.0,0.0
QTDAPUYKO0,,,19.1,26.0,6.0,0.0,225492.0,479952.0,0.0,0.0
X90C2H8C5L,7040.0,1412327.0,25.4,48.0,10.0,0.0,254315.0,387970.0,0.0,0.0
YKU52DS4HO,732.0,1653950.0,27.4,47.0,14.0,0.0,482486.0,617980.0,0.0,0.0
LZJZV1NE0M,741.0,815442.0,28.8,25.0,12.0,0.0,73929.0,239074.0,0.0,0.0
Z1K6PLLXB4,,,11.0,,16.0,0.0,223440.0,347270.0,0.0,0.0
SB0JS3DTM9,665.0,1185714.0,9.1,,10.0,0.0,404073.0,493526.0,0.0,0.0
8K4RRM06EG,704.0,2005184.0,19.7,52.0,5.0,0.0,81149.0,425128.0,0.0,0.0
5PRKH0QI86,710.0,348536.0,8.9,20.0,15.0,0.0,133342.0,466422.0,0.0,0.0
SDFRPKJ9LD,732.0,3801900.0,24.6,,15.0,0.0,360202.0,1024782.0,0.0,0.0
GBEYDZIZFV,735.0,1060257.0,14.5,52.0,10.0,1.0,193135.0,329362.0,1.0,0.0
KMNRVN25HR,712.0,1458440.0,18.1,,7.0,0.0,119529.0,136378.0,0.0,0.0
BCQKS3PXV1,709.0,1323616.0,15.7,30.0,17.0,0.0,225074.0,409750.0,0.0,0.0
4YPQ7IJ5HT,7480.0,1439250.0,30.0,,10.0,0.0,308598.0,511192.0,0.0,0.0
HPEBLI3QFY,747.0,1487681.0,13.0,,8.0,0.0,180405.0,421146.0,0.0,0.0
ZN1SGP5IE6,719.0,2068682.0,21.0,54.0,13.0,1.0,170297.0,318032.0,1.0,0.0
932TN1ORSE,679.0,505362.0,5.8,,7.0,0.0,29222.0,55638.0,0.0,0.0
1RXIPZMXZ7,677.0,1561382.0,21.0,,10.0,0.0,760608.0,1242164.0,0.0,0.0
F42LZQ95IJ,725.0,763572.0,29.0,7.0,14.0,0.0,149264.0,185614.0,0.0,0.0
GOJI5MYP2B,,,27.0,79.0,15.0,0.0,415074.0,620136.0,0.0,0.0
TNM665639Q,751.0,2535759.0,15.9,58.0,22.0,0.0,642865.0,1815528.0,0.0,0.0
GBH5G7Y4JC,715.0,1541888.0,17.5,3.0,12.0,0.0,1204695.0,2048332.0,0.0,0.0
EZZFNADA7A,728.0,1770705.0,24.0,37.0,8.0,0.0,552102.0,798094.0,0.0,0.0
3KYEE1O480,702.0,1398495.0,18.9,,13.0,0.0,151031.0,192170.0,0.0,0.0
P9S5E0IG95,673.0,393490.0,9.8,20.0,8.0,0.0,85918.0,164428.0,0.0,0.0
4FOJWYFWGI,710.0,1322419.0,15.5,9.0,8.0,0.0,293303.0,730334.0,0.0,0.0
IAEJFJFTUW,,,,,,,,,,
QX5LF9IM0N,741.0,3557959.0,21.1,,19.0,0.0,2279392.0,2935812.0,0.0,0.0
BS473OXKXN,723.0,1524560.0,27.0,14.0,6.0,0.0,76228.0,88264.0,0.0,0.0
DB2BWB5TJ8,712.0,958740.0,11.6,19.0,11.0,0.0,72390.0,139920.0,0.0,0.0
K23G9QPMGO,740.0,975004.0,11.0,,11.0,0.0,699029.0,883608.0,0.0,0.0
VH6MUBEJZL,700.0,1929830.0,11.0,,9.0,0.0,419957.0,666116.0,0.0,0.0
Z372K4CF8B,,,,,,,,,,
JA216RKZJJ,,,13.9,20.0,7.0,0.0,175921.0,345224.0,0.0,0.0
X9AHVU46I2,691.0,618488.0,15.7,34.0,12.0,0.0,92815.0,257708.0,0.0,0.0
U5KEI6TO97,,,16.0,,15.0,1.0,700910.0,1033868.0,1.0,0.0
0MFVDXQCM0,743.0,886939.0,19.2,,7.0,0.0,215384.0,828586.0,0.0,0.0
T9J30VWJOV,,,16.0,,12.0,0.0,436924.0,704594.0,0.0,0.0
AXRXDLEJGX,,,17.8,,14.0,0.0,655139.0,1789106.0,0.0,0.0
8583F7070D,7040.0,556149.0,15.8,,7.0,1.0,139992.0,264022.0,1.0,0.0
DO0PB20GL3,716.0,748296.0,17.0,72.0,9.0,0.0,54967.0,197032.0,0.0,0.0
7GDVQELUXG,,,19.2,52.0,4.0,0.0,102087.0,198330.0,0.0,0.0
0I1PXAXC4X,714.0,3824320.0,14.4,17.0,14.0,0.0,68875.0,188078.0,0.0,0.0
AT6PBWZKP1,732.0,1540368.0,18.5,,11.0,0.0,357124.0,831996.0,0.0,0.0
27DHLNNCYZ,737.0,679839.0,11.8,,4.0,0.0,130435.0,225060.0,0.0,0.0
RXGZ3J6KK2,697.0,735566.0,22.6,,7.0,1.0,106818.0,235114.0,1.0,0.0
02NJDUQQAL,,,19.8,64.0,8.0,0.0,17518.0,174900.0,0.0,0.0
II2X9FJ60E,717.0,839838.0,17.5,40.0,7.0,1.0,127699.0,176858.0,1.0,0.0
6D7L5PCDBT,686.0,1886890.0,10.1,,7.0,0.0,364173.0,622842.0,0.0,0.0
5WJS5V96FQ,725.0,1221548.0,21.6,78.0,10.0,0.0,305102.0,494780.0,0.0,0.0
FRHCQOCQPK,690.0,1204752.0,25.4,35.0,21.0,0.0,288154.0,644138.0,0.0,0.0
172342CE5P,744.0,609634.0,27.7,5.0,20.0,0.0,373692.0,1456884.0,0.0,0.0
FB119P6JKP,,,20.3,,7.0,0.0,271453.0,351582.0,0.0,0.0
2Q2HJPZ79T,608.0,1878948.0,16.0,11.0,18.0,0.0,528789.0,1101232.0,0.0,0.0
MED7H7762K,706.0,1306592.0,14.0,,4.0,0.0,1596.0,306196.0,0.0,0.0
LRTT3G09OS,738.0,1945980.0,32.9,,8.0,0.0,90516.0,342474.0,0.0,0.0
5R5RU7XEZ8,732.0,1259947.0,15.4,,19.0,0.0,725135.0,1367476.0,0.0,0.0
NZ9GFVHYFC,692.0,1312254.0,15.9,40.0,9.0,0.0,169024.0,436832.0,0.0,0.0
G7XYSS3H6F,,,24.6,48.0,7.0,1.0,169005.0,521840.0,0.0,1.0
8F4P8V67IG,733.0,1186835.0,12.1,,6.0,0.0,206815.0,314270.0,0.0,0.0
1TLVQRPDPY,742.0,455449.0,11.2,,6.0,0.0,140163.0,312114.0,0.0,0.0
AVS5HWQ1F6,,,15.8,,12.0,0.0,189392.0,334818.0,0.0,0.0
FPXM5TC28J,,,22.0,29.0,10.0,0.0,71991.0,89364.0,0.0,0.0
PGJ0SFGCMD,733.0,3157325.0,24.1,62.0,8.0,0.0,945421.0,1483328.0,0.0,0.0
QHX7IZZ2QA,731.0,2149831.0,19.4,26.0,8.0,0.0,164863.0,235950.0,0.0,0.0
B4LY8R8OYS,703.0,2123098.0,21.4,,22.0,0.0,544426.0,708312.0,0.0,0.0
WUVKP30MI3,,,18.6,32.0,6.0,0.0,416043.0,602910.0,0.0,0.0
KX5UXFY0O0,725.0,3023204.0,6.5,1.0,10.0,0.0,319713.0,1025442.0,0.0,0.0
PH4LV5C6H8,727.0,1311646.0,16.0,,6.0,0.0,475798.0,575058.0,0.0,0.0
GIMIYXW91N,,,25.0,42.0,12.0,1.0,112917.0,403502.0,1.0,0.0
6FE4F4Z41O,739.0,1122102.0,15.5,71.0,12.0,1.0,131822.0,436128.0,1.0,0.0
3C24R4YBK1,702.0,849015.0,13.9,56.0,9.0,2.0,203034.0,371404.0,2.0,0.0
FU7OYTDVIJ,750.0,2801835.0,19.4,,11.0,0.0,431300.0,1055824.0,0.0,0.0
A3COVT1V9X,692.0,1318695.0,16.0,31.0,13.0,0.0,495767.0,841720.0,0.0,0.0
73CRVEJVLW,720.0,609387.0,27.9,,10.0,0.0,77862.0,165418.0,0.0,0.0
D8W1OSNG6U,742.0,1255748.0,16.8,,10.0,0.0,132772.0,637956.0,0.0,0.0
DPTQSRGT8R,723.0,562989.0,8.5,,7.0,0.0,104158.0,184668.0,0.0,0.0
3BZACQVP2G,,,21.8,60.0,18.0,1.0,159999.0,312400.0,1.0,0.0
JBN7W9W215,693.0,1945600.0,18.3,43.0,17.0,1.0,452827.0,1125146.0,1.0,0.0
P9QMLDBRR3,719.0,637089.0,17.0,66.0,11.0,0.0,285950.0,453574.0,0.0,0.0
IO92QWL7C0,,,13.1,44.0,10.0,1.0,97242.0,150744.0,1.0,0.0
PGJT1WN4K3,725.0,1108213.0,11.2,11.0,9.0,0.0,158251.0,450208.0,0.0,0.0
PNITEML1ZY,694.0,3693904.0,15.4,,13.0,0.0,367935.0,509608.0,0.0,0.0
CLCTWB3DWG,712.0,905711.0,20.1,15.0,6.0,0.0,207765.0,421322.0,0.0,0.0
8BTHCRNU6R,748.0,3810089.0,20.1,76.0,13.0,0.0,1773536.0,4140246.0,0.0,0.0
NNJF5K5723,727.0,1454925.0,28.0,,6.0,0.0,212838.0,292006.0,0.0,0.0
N56UWJMXAV,684.0,1237356.0,14.4,50.0,8.0,0.0,15637.0,116754.0,0.0,0.0
EVTULOLJEK,,,,,,,,,,
17O8SXB95R,684.0,1047508.0,21.0,9.0,14.0,0.0,244549.0,417010.0,0.0,0.0
QAJ40M1YMB,740.0,880384.0,20.0,,5.0,2.0,90288.0,312114.0,1.0,1.0
IT724WLGU7,680.0,1412175.0,7.5,,6.0,0.0,150518.0,366146.0,0.0,0.0
2YBJ6QOBLJ,,,14.7,8.0,13.0,0.0,87552.0,253462.0,0.0,0.0
L4O7QDACA8,,,21.5,32.0,9.0,0.0,840750.0,1567654.0,0.0,0.0
2SK0N4LGVB,6470.0,1833842.0,14.4,,19.0,1.0,183863.0,809490.0,1.0,0.0
PXR8MH00DC,,,,,,,,,,
MAFRDXC76C,741.0,568575.0,16.2,,15.0,0.0,157738.0,247830.0,0.0,0.0
8XEH55Z3OR,730.0,3409398.0,24.0,10.0,8.0,0.0,508782.0,714934.0,0.0,0.0
IYD5067M3G,674.0,760912.0,14.4,,4.0,0.0,95000.0,162976.0,0.0,0.0
44COGAA5I9,7020.0,761007.0,14.7,,10.0,0.0,265050.0,384604.0,0.0,0.0
3TCPMJTZZ3,7320.0,788975.0,28.7,6.0,21.0,0.0,179284.0,1037982.0,0.0,0.0
GIY5E8PQX3,736.0,1925650.0,27.1,20.0,12.0,0.0,131879.0,334158.0,0.0,0.0
7LUI7PYUZ1,717.0,1267414.0,9.0,,13.0,0.0,217303.0,357918.0,0.0,0.0
IJJ75MQZ2Y,737.0,499738.0,13.0,52.0,8.0,0.0,102277.0,244684.0,0.0,0.0
VROGJ6AGBO,,,16.2,72.0,31.0,0.0,191615.0,483406.0,0.0,0.0
IPQACGUJ9A,659.0,467685.0,5.6,,8.0,0.0,254106.0,610412.0,0.0,0.0
WQFIC8RJG5,738.0,1817065.0,19.4,,14.0,0.0,614726.0,916058.0,0.0,0.0
MDE0C4K91J,726.0,612446.0,12.3,,7.0,1.0,97508.0,146256.0,1.0,0.0
65O5S443CC,,,10.5,,3.0,0.0,120574.0,429594.0,0.0,0.0
ACKYG8YN2F,697.0,610850.0,22.6,,8.0,0.0,215137.0,371250.0,0.0,0.0
Z3QSM38V29,,,15.5,,9.0,0.0,126483.0,155496.0,0.0,0.0
VODUNDAPUQ,,,,,,,,,,
JBPCEWVK9C,740.0,1332660.0,21.5,,11.0,0.0,216790.0,511214.0,0.0,0.0
9OD2VUGE10,,,,,,,,,,
ZTN0DUG1H6,,,17.0,,9.0,0.0,213560.0,309474.0,0.0,0.0
DFUI85TG4C,715.0,861935.0,10.9,37.0,28.0,0.0,106875.0,210826.0,0.0,0.0
J05KT8FVD2,743.0,2331642.0,16.8,,9.0,0.0,499244.0,798446.0,0.0,0.0
7UTHUD2UIH,736.0,1867130.0,23.4,32.0,12.0,0.0,435119.0,594836.0,0.0,0.0
8NTQ2DMC3D,717.0,1006677.0,17.7,,12.0,0.0,95950.0,165814.0,0.0,0.0
RBI1O9PLE1,665.0,2124067.0,15.0,49.0,8.0,0.0,68989.0,272668.0,0.0,0.0
5Q01MPKBHQ,700.0,845690.0,8.9,40.0,5.0,0.0,181507.0,319880.0,0.0,0.0
Z8Y5T5K998,,,14.7,37.0,4.0,0.0,80617.0,126302.0,0.0,0.0
9A1VS9F2PC,,,14.7,,18.0,0.0,519574.0,1862564.0,0.0,0.0
15HO47QAZ3,734.0,3305582.0,12.6,,11.0,0.0,370139.0,603636.0,0.0,0.0
SA67MAD6ZC,717.0,891841.0,12.6,,14.0,0.0,344603.0,831292.0,0.0,0.0
LX84W4JDA3,732.0,1136124.0,20.2,68.0,7.0,0.0,346883.0,455884.0,0.0,0.0
PBBXFS52CD,710.0,844398.0,16.7,,16.0,0.0,225207.0,293348.0,0.0,0.0
LVB7J3QBB4,7070.0,924502.0,27.2,69.0,12.0,1.0,205105.0,509630.0,1.0,0.0
3E1J2HO509,,,18.0,,14.0,1.0,87951.0,732666.0,1.0,0.0
BP0G66K6F6,,,17.9,,9.0,0.0,172615.0,368060.0,0.0,0.0
1QH7DHKW1Y,745.0,1941610.0,11.8,4.0,14.0,0.0,41344.0,423742.0,0.0,0.0
Y0UFG0GIAB,,,9.5,,14.0,0.0,311258.0,370414.0,0.0,0.0
IDI8CASYQU,705.0,1198976.0,17.3,,10.0,0.0,644081.0,825902.0,0.0,0.0
JZHZ14JKFC,732.0,853803.0,11.4,18.0,7.0,0.0,236436.0,385572.0,0.0,0.0
S9DTSRBKAS,746.0,1114806.0,13.0,,13.0,0.0,226214.0,735746.0,0.0,0.0
SRHM4O0BO1,688.0,352906.0,5.8,,5.0,0.0,28405.0,112618.0,0.0,0.0
32QSZOKS80,743.0,1439117.0,13.0,,8.0,1.0,48146.0,913836.0,1.0,0.0
UL0DSLJEV5,721.0,1890671.0,18.6,7.0,10.0,0.0,82194.0,205546.0,0.0,0.0
85FOR6XZ9S,708.0,833834.0,11.5,8.0,13.0,0.0,116831.0,339020.0,0.0,0.0
UBZZV4WAXP,6780.0,929271.0,20.3,,8.0,0.0,216695.0,397650.0,0.0,0.0
ZJ5G7YFVAI,680.0,885267.0,13.9,64.0,11.0,5.0,69958.0,147004.0,3.0,0.0
QCO45BSA2S,,,,,,,,,,
QWKNWH3MD4,740.0,1344782.0,24.4,,3.0,0.0,310555.0,382558.0,0.0,0.0
EEM1TASLN0,,,21.6,,20.0,0.0,393984.0,570944.0,0.0,0.0
FNCO7N4KRT,,,11.0,15.0,8.0,0.0,52934.0,117656.0,0.0,0.0
6OWFZC2E6T,7490.0,623371.0,13.0,,12.0,0.0,8493.0,35508.0,0.0,0.0
YLQD606HYJ,745.0,659547.0,14.0,,6.0,0.0,333165.0,551892.0,0.0,0.0
TLTG3CIF8J,697.0,1939330.0,16.2,,11.0,1.0,252757.0,542982.0,1.0,0.0
Y045JHJGS9,711.0,562305.0,15.4,42.0,25.0,0.0,49932.0,310860.0,0.0,0.0
J4J3TW5TPF,735.0,732754.0,14.5,,10.0,0.0,169689.0,388300.0,0.0,0.0
0GUZ5ZDZK1,685.0,3621191.0,21.8,,14.0,0.0,781185.0,1609476.0,0.0,0.0
2OIO3EBN1T,668.0,881087.0,20.0,13.0,10.0,0.0,193629.0,301334.0,0.0,0.0
MW5SPUJAK8,,,23.6,39.0,11.0,0.0,731690.0,1313510.0,0.0,0.0
2UFVQIVCAM,743.0,310783.0,30.4,,7.0,1.0,30438.0,244750.0,1.0,0.0
3FPMN4P2A9,,,15.6,52.0,10.0,0.0,962901.0,1168684.0,0.0,0.0
YQVHN1XGGW,714.0,1380445.0,11.0,53.0,17.0,0.0,368315.0,706068.0,0.0,0.0
9G5C7492AF,728.0,1906270.0,25.0,,14.0,0.0,621927.0,964018.0,0.0,0.0
8Q7AM145K8,,,12.5,,22.0,0.0,1381889.0,2867502.0,0.0,0.0
5YK6GE44YM,732.0,1389945.0,36.5,4.0,16.0,0.0,632833.0,1152118.0,0.0,0.0
0NP4VAKI5M,729.0,1827610.0,25.5,9.0,5.0,0.0,252111.0,1089242.0,0.0,0.0
WQCOJ6AVIZ,699.0,768246.0,15.0,6.0,10.0,0.0,80332.0,422774.0,0.0,0.0
PWTJQVGWQF,626.0,2248764.0,21.0,17.0,19.0,0.0,227164.0,664224.0,0.0,0.0
S3L68W9UDA,737.0,1526574.0,19.1,21.0,13.0,0.0,376675.0,595034.0,0.0,0.0
MLAE0S7L7Q,723.0,1311247.0,10.5,,12.0,0.0,121296.0,190828.0,0.0,0.0
814ZIL2ZTW,673.0,968240.0,16.8,3.0,10.0,0.0,332481.0,572022.0,0.0,0.0
O9FVIIYB0N,727.0,997709.0,14.4,76.0,6.0,0.0,138339.0,233178.0,0.0,0.0
BIPJQR3DRY,744.0,525407.0,17.7,74.0,11.0,1.0,53960.0,135234.0,1.0,0.0
VDUVHUIRTI,,,16.4,5.0,16.0,0.0,964174.0,2040984.0,0.0,0.0
N5GBSYDW5G,742.0,3501738.0,19.2,,14.0,0.0,305767.0,581350.0,0.0,0.0
E4CGVDRVX0,701.0,779323.0,15.8,29.0,11.0,0.0,160493.0,257730.0,0.0,0.0
B98DSAJ2D7,691.0,2678354.0,23.3,6.0,13.0,0.0,1601586.0,2536886.0,0.0,0.0
S5N4WJLSSY,716.0,775504.0,19.8,38.0,9.0,0.0,56677.0,231066.0,,0.0
7PSTH1ROET,717.0,529283.0,10.5,45.0,4.0,0.0,12122.0,43846.0,0.0,0.0
8P9XS02NHR,722.0,658160.0,20.5,,6.0,0.0,130606.0,183964.0,0.0,0.0
1QQAD5W7YH,728.0,1582947.0,32.8,2.0,11.0,0.0,483417.0,763642.0,0.0,0.0
GMZCY2KEXI,718.0,2271336.0,31.9,7.0,6.0,0.0,156275.0,234366.0,0.0,0.0
Z5NTECTYHA,745.0,637089.0,15.2,29.0,4.0,0.0,96539.0,269346.0,0.0,0.0
92X8V3GP5B,747.0,4394035.0,17.0,64.0,11.0,1.0,317053.0,1195832.0,1.0,0.0
KE1XHVM1E8,743.0,863170.0,21.3,,9.0,0.0,336034.0,564740.0,0.0,0.0
H8IWF8EZY0,745.0,1429902.0,13.9,32.0,10.0,1.0,121809.0,444928.0,1.0,0.0
74MXAPL5DE,732.0,1255387.0,26.7,28.0,17.0,0.0,334115.0,692076.0,0.0,0.0
T45MVGL9RL,664.0,1875870.0,13.5,,8.0,0.0,325660.0,610148.0,0.0,0.0
LZROERIWDI,691.0,1251188.0,16.0,,15.0,0.0,611439.0,995764.0,0.0,0.0
U87TL2RAU1,725.0,1769128.0,18.1,17.0,18.0,0.0,670168.0,1149632.0,0.0,0.0
I3LND82AOB,740.0,1590775.0,30.4,51.0,35.0,0.0,259027.0,1260226.0,0.0,0.0
Q0QTWQOZIH,,,15.0,6.0,8.0,0.0,17993.0,92554.0,0.0,0.0
Y1I5DBMEC8,751.0,4310910.0,17.7,,13.0,0.0,528732.0,1471668.0,0.0,0.0
LWS6M539D4,,,23.4,,14.0,0.0,27892.0,252274.0,0.0,0.0
HG4PSBJCP9,,,,,,,,,,
QFPCOCNJ7L,709.0,784833.0,17.0,61.0,10.0,0.0,178011.0,238018.0,0.0,0.0
W1LCHQLABW,,,9.0,23.0,12.0,0.0,140220.0,323444.0,0.0,0.0
EJBKKK8MUD,713.0,1026095.0,11.0,19.0,14.0,1.0,132620.0,249700.0,1.0,0.0
ELPHBYTQJT,730.0,1183415.0,16.5,7.0,5.0,0.0,511138.0,651816.0,0.0,0.0
O0JTJF8RJ4,716.0,675507.0,8.9,,4.0,0.0,81263.0,120604.0,0.0,0.0
FVRFDG69HN,738.0,809457.0,17.1,79.0,5.0,0.0,55442.0,168058.0,0.0,0.0
DS7LN34UQP,742.0,1920520.0,19.0,,13.0,0.0,235695.0,507232.0,0.0,0.0
41E03QRKM2,701.0,777347.0,21.0,66.0,7.0,0.0,155211.0,329164.0,0.0,0.0
POX3RDTCG2,,,10.5,,22.0,0.0,134919.0,305118.0,0.0,0.0
BC5NSCXY3P,728.0,4312753.0,36.8,,13.0,0.0,124678.0,780340.0,0.0,0.0
ECPE0U1K87,692.0,862011.0,6.3,,14.0,0.0,272403.0,441122.0,0.0,0.0
57E7VZ3O0W,,,25.6,72.0,7.0,0.0,228399.0,279840.0,0.0,0.0
9YTWW92WRR,711.0,965808.0,13.9,82.0,9.0,0.0,261136.0,427702.0,0.0,0.0
4KHT2JQ55Q,,,,,,,,,,
SS6FMTT3UM,738.0,1561363.0,20.7,47.0,16.0,0.0,17499.0,421938.0,0.0,0.0
ATZY58HKRY,,,19.7,50.0,15.0,0.0,157605.0,310860.0,0.0,0.0
BOYQUFE976,730.0,1102874.0,23.4,58.0,8.0,0.0,125134.0,257356.0,0.0,0.0
OKBI4TTKO5,723.0,1015189.0,7.3,17.0,4.0,0.0,155059.0,342650.0,0.0,0.0
SFA0IBJ2WS,649.0,1685376.0,14.5,18.0,7.0,0.0,1428363.0,12160940.0,0.0,0.0
GSWPJSTJEF,732.0,948214.0,8.5,51.0,9.0,0.0,0.0,0.0,0.0,0.0
GMADAMMF3W,,,10.9,32.0,34.0,0.0,333431.0,908402.0,0.0,0.0
34LU8V6L9I,747.0,955605.0,18.9,28.0,11.0,0.0,48564.0,305602.0,0.0,0.0
GZ4UH1W57G,739.0,678490.0,25.5,48.0,7.0,0.0,112461.0,180356.0,0.0,0.0
D50MN7GU6W,683.0,1052733.0,15.0,17.0,8.0,0.0,552919.0,1221792.0,0.0,0.0
FLB81JEHGN,732.0,955605.0,15.4,7.0,9.0,0.0,381083.0,464970.0,0.0,0.0
NTC3JP5AR8,745.0,1729836.0,15.0,,8.0,0.0,402610.0,987668.0,0.0,0.0
4C7R8TDMYL,738.0,565269.0,24.0,35.0,10.0,1.0,60325.0,301114.0,1.0,0.0
YBKB7IBL0W,735.0,1211725.0,20.5,62.0,13.0,0.0,211831.0,340670.0,0.0,0.0
7XHCWS8TL0,710.0,1034968.0,12.5,,19.0,1.0,143925.0,422950.0,1.0,0.0
EZQCI4VAY8,606.0,1520133.0,22.0,,10.0,0.0,424935.0,598576.0,0.0,0.0
V6CBI0FCFW,,,20.4,9.0,7.0,0.0,74746.0,112266.0,0.0,0.0
FJSY14V4C7,,,20.6,52.0,5.0,1.0,2033.0,97834.0,1.0,0.0
I2U40C52B6,689.0,2309355.0,22.0,,16.0,1.0,588411.0,793166.0,0.0,0.0
7ZQHB0AZ81,,,13.9,,10.0,0.0,350170.0,810920.0,0.0,0.0
FLZCSCRPZW,724.0,2103585.0,18.0,,13.0,0.0,950779.0,1506032.0,0.0,0.0
KPX63IJFLI,711.0,888592.0,12.9,22.0,13.0,0.0,96805.0,219340.0,0.0,0.0
7GO1NWYZU9,666.0,762812.0,16.0,70.0,13.0,0.0,296438.0,439494.0,0.0,0.0
71JXPYVNP6,,,29.1,,7.0,0.0,153292.0,359304.0,0.0,0.0
IA7G4DFZZR,708.0,4419381.0,25.7,8.0,18.0,0.0,411521.0,540870.0,0.0,0.0
Q32IVO2ACY,689.0,762280.0,12.4,,7.0,0.0,44916.0,145684.0,0.0,0.0
U9VXB6R2RL,675.0,2013012.0,13.1,31.0,11.0,0.0,120422.0,170478.0,0.0,0.0
KVB4UL3HIL,,,20.3,,10.0,0.0,659661.0,1483130.0,0.0,0.0
H29A0EJ556,671.0,2321268.0,28.0,,25.0,0.0,544274.0,987800.0,0.0,0.0
TQ9LTYUEI5,,,11.9,83.0,6.0,0.0,44365.0,131054.0,0.0,0.0
ERJYGJUTZ0,709.0,537130.0,12.9,,5.0,0.0,76532.0,101508.0,0.0,0.0
1PX4A3OV7E,,,9.7,,17.0,0.0,219184.0,954118.0,0.0,0.0
QKXPQ12AJF,731.0,906471.0,16.1,47.0,6.0,0.0,435271.0,562496.0,0.0,0.0
0LE6BQW659,,,12.5,59.0,6.0,0.0,109611.0,134442.0,0.0,0.0
EIPXT1I42Q,739.0,2714473.0,16.5,,15.0,0.0,893817.0,1236488.0,0.0,0.0
8GOVIPQFDP,,,,,,,,,,
7MEKG4L3VL,693.0,819128.0,7.9,,7.0,0.0,112594.0,289718.0,0.0,0.0
CTXC0YHUZB,737.0,1033695.0,12.8,17.0,12.0,0.0,170848.0,576730.0,0.0,0.0
EQDRSQOSBC,620.0,1936252.0,31.8,56.0,9.0,0.0,93803.0,138512.0,0.0,0.0
UUAE9QX5WX,739.0,746320.0,16.2,,13.0,1.0,96140.0,423280.0,1.0,0.0
7MXTHBZQTN,,,13.3,,9.0,0.0,227183.0,471416.0,0.0,0.0
V8652NJJ2X,749.0,1666984.0,15.1,,11.0,0.0,364534.0,1512852.0,0.0,0.0
2WHUTLHDLN,,,,,,,,,,
04DG16GIM7,748.0,749664.0,19.8,16.0,6.0,0.0,36404.0,97548.0,0.0,0.0
MRGIPNOKYN,707.0,1804107.0,23.6,30.0,15.0,0.0,954560.0,2105290.0,0.0,0.0
92OE0HC8TU,7210.0,1787881.0,11.6,,3.0,0.0,96368.0,257686.0,0.0,0.0
4J31SSQ3F8,718.0,408101.0,18.7,32.0,20.0,0.0,148029.0,804672.0,0.0,0.0
4TRUEXG4ME,699.0,853290.0,17.9,7.0,8.0,0.0,96349.0,160270.0,0.0,0.0
EUMSFCEG9D,720.0,1634494.0,20.0,,16.0,0.0,563008.0,1038048.0,0.0,0.0
4QC742QU78,740.0,1144978.0,16.0,76.0,9.0,1.0,108015.0,219428.0,0.0,0.0
UYBQ5Y3R0T,6860.0,1191129.0,16.4,,11.0,1.0,205713.0,960432.0,0.0,0.0
LKUBJ4IHRZ,736.0,1050111.0,29.7,26.0,16.0,0.0,198569.0,429770.0,0.0,0.0
QQLJHKDTX6,749.0,2871945.0,23.6,,17.0,0.0,1448009.0,12897324.0,0.0,0.0
0IKWXJ6M8V,679.0,977987.0,11.8,62.0,22.0,0.0,253498.0,411664.0,0.0,0.0
HYKVKOCWOI,701.0,632016.0,7.6,,13.0,0.0,90060.0,197472.0,0.0,0.0
CEXZ4MRPVF,726.0,3242920.0,14.6,21.0,9.0,0.0,809647.0,1128138.0,0.0,0.0
IYFZQKJ8SA,725.0,519251.0,9.7,,7.0,0.0,71136.0,320518.0,0.0,0.0
ZZX3USG92W,,,29.0,,11.0,0.0,38855.0,1022714.0,0.0,0.0
3I0L1OOUJA,718.0,653334.0,16.8,61.0,14.0,0.0,142253.0,183832.0,0.0,0.0
KKROHS1GVJ,672.0,3780240.0,17.7,,8.0,0.0,797753.0,1091860.0,0.0,0.0
H0JVX91RA7,740.0,1121988.0,18.4,,8.0,2.0,414428.0,922812.0,1.0,0.0
UFETH02L23,742.0,1957190.0,18.0,7.0,5.0,0.0,516325.0,1156408.0,0.0,0.0
0IHB4VAE85,,,16.9,,19.0,0.0,399665.0,517066.0,0.0,0.0
UBRKOJ8Y3B,735.0,538327.0,35.4,,7.0,1.0,113335.0,267278.0,1.0,0.0
WZU40EJ6KW,749.0,1263652.0,14.3,,8.0,0.0,84493.0,283558.0,0.0,0.0
I2CHYYTFRD,,,15.6,24.0,18.0,0.0,19228.0,23716.0,0.0,0.0
UWQCS8UU8R,725.0,928815.0,16.5,76.0,10.0,0.0,132335.0,386958.0,0.0,0.0
AU6RTBWHEI,,,20.0,20.0,20.0,0.0,182229.0,439604.0,0.0,0.0
K2C1AMJB32,686.0,2232348.0,26.6,36.0,15.0,0.0,2037085.0,3231140.0,0.0,0.0
JMWC2U1I75,707.0,579234.0,14.7,,10.0,0.0,200241.0,438306.0,0.0,0.0
B78OHOB7DH,668.0,1549887.0,24.7,2.0,16.0,2.0,64961.0,378004.0,1.0,1.0
Y4OP0LL2SG,,,20.8,47.0,11.0,0.0,31293.0,351846.0,0.0,0.0
V14AX9A8G7,,,24.7,60.0,10.0,0.0,250458.0,389290.0,0.0,0.0
0MHKQ3VD59,,,,,,,,,,
YZZE8ZGK38,746.0,2942036.0,29.3,35.0,7.0,1.0,55233.0,236852.0,1.0,0.0
27RVFAW1OH,737.0,2105827.0,13.9,15.0,15.0,0.0,389481.0,1741190.0,0.0,0.0
ANBDCR5XQM,732.0,1970642.0,16.7,,11.0,1.0,132373.0,638638.0,0.0,0.0
W6CF50A5YB,,,38.2,44.0,8.0,0.0,132354.0,176352.0,0.0,0.0
3NDFNCB70D,710.0,570532.0,15.8,,7.0,0.0,351177.0,447832.0,0.0,0.0
NWDJ5ZKY1V,,,18.1,,7.0,0.0,302860.0,1034418.0,0.0,0.0
F4TS4DD5DB,7500.0,858610.0,27.4,,9.0,0.0,340214.0,624316.0,0.0,0.0
58XG77GQTT,745.0,8548290.0,35.0,,15.0,0.0,612446.0,2309890.0,0.0,0.0
7OTDB7YUOR,,,23.1,81.0,13.0,1.0,212724.0,509982.0,1.0,0.0
RAP7IY952P,749.0,2313972.0,20.4,,8.0,0.0,102524.0,723888.0,0.0,0.0
C7MZ75MRG0,700.0,882018.0,16.0,7.0,8.0,0.0,341297.0,717222.0,0.0,0.0
9H105H18K0,750.0,1091455.0,15.1,,9.0,0.0,371469.0,734008.0,0.0,0.0
4M5LN22JYL,743.0,1755011.0,24.4,,10.0,0.0,180861.0,349008.0,0.0,0.0
JNWOL2Z3J3,734.0,850459.0,12.0,,17.0,0.0,394649.0,658460.0,0.0,0.0
L3RWYGVTBR,711.0,1091303.0,28.8,72.0,9.0,1.0,30666.0,265012.0,1.0,0.0
CMTJTF10R8,670.0,799444.0,8.5,,5.0,0.0,1501.0,435292.0,0.0,0.0
VY37E9UTQ0,720.0,1318296.0,17.0,,15.0,1.0,118142.0,180950.0,1.0,0.0
92NC8BC65S,,,28.3,18.0,11.0,0.0,284829.0,584760.0,0.0,0.0
9491U9AT8N,,,15.0,18.0,17.0,0.0,401375.0,685476.0,0.0,0.0
TMJ1K1G54V,716.0,661979.0,13.1,,6.0,0.0,173679.0,254892.0,0.0,0.0
CLTTUGMN90,688.0,685710.0,10.8,,7.0,1.0,73967.0,125752.0,1.0,0.0
FU3HND66QC,,,33.2,,12.0,0.0,736345.0,1155308.0,0.0,0.0
RIR97HVDSX,722.0,924293.0,16.7,,11.0,0.0,400387.0,703494.0,0.0,0.0
565C7QCUN6,655.0,1413752.0,16.1,,12.0,0.0,391153.0,681076.0,0.0,0.0
1PPR8GOQSM,698.0,1585113.0,16.5,24.0,13.0,0.0,379639.0,1072126.0,0.0,0.0
EKMMAQXOFD,,,14.8,48.0,5.0,0.0,85880.0,203346.0,0.0,0.0
5CBKSEBM0Q,710.0,1600465.0,14.2,30.0,9.0,0.0,339625.0,552310.0,0.0,0.0
48U1FDSOJY,679.0,1557012.0,22.3,25.0,13.0,0.0,516230.0,1039544.0,0.0,0.0
AYMRB0TD2N,724.0,1098276.0,8.0,9.0,11.0,0.0,128934.0,455180.0,0.0,0.0
GW454XP70O,728.0,1124952.0,12.8,,8.0,1.0,317395.0,512534.0,1.0,0.0
V9KV8YDZV7,703.0,1729836.0,26.2,61.0,18.0,0.0,532988.0,1023440.0,0.0,0.0
DVN3HDCEHN,713.0,1129132.0,12.8,,12.0,0.0,313500.0,548328.0,0.0,0.0
D9MAIX1IR1,735.0,425467.0,28.9,27.0,4.0,0.0,0.0,0.0,0.0,0.0
K95K4PUDYI,716.0,893323.0,7.2,,6.0,0.0,25574.0,197428.0,0.0,0.0
SJTGJ7RWE0,737.0,1009888.0,22.0,29.0,15.0,1.0,54169.0,335368.0,1.0,0.0
5VXSBOFQ2U,747.0,4291245.0,15.7,17.0,11.0,0.0,48754.0,161282.0,0.0,0.0
QE97DHJWFG,703.0,758119.0,19.1,4.0,10.0,0.0,163970.0,829070.0,0.0,0.0
TR94VWQTN6,743.0,690213.0,8.3,,10.0,0.0,156997.0,513502.0,0.0,0.0
OK2EZGPWGS,722.0,1415310.0,10.3,,8.0,0.0,453131.0,552860.0,0.0,0.0
8GDL5XWWDY,664.0,647292.0,21.6,,7.0,0.0,413725.0,824538.0,0.0,0.0
N5IJV5PXGF,704.0,1154440.0,14.8,,6.0,0.0,81301.0,127204.0,0.0,0.0
AYHTATEJGG,741.0,675773.0,13.7,12.0,7.0,0.0,450053.0,677644.0,0.0,0.0
LSOYDNC1A8,723.0,1418312.0,28.8,,18.0,0.0,757321.0,1889844.0,0.0,0.0
SDMNVHVEKQ,,,9.5,,6.0,0.0,28272.0,74382.0,0.0,0.0
KLPUST5SYF,725.0,1482456.0,22.0,,14.0,0.0,378461.0,1019084.0,0.0,0.0
DTLL7MTH7F,698.0,1234012.0,12.0,51.0,14.0,0.0,230375.0,336402.0,0.0,0.0
DVTNMHBM3J,729.0,3368567.0,24.7,5.0,10.0,0.0,184851.0,407682.0,0.0,0.0
CXM0UIOZWT,726.0,545300.0,10.8,63.0,11.0,0.0,171836.0,234608.0,0.0,0.0
0QI6PTKLOS,732.0,1788432.0,21.4,39.0,8.0,0.0,310156.0,377652.0,0.0,0.0
UIONSVUV8I,,,,,,,,,,
36ADL2FO5N,742.0,1344098.0,14.9,,12.0,0.0,319371.0,653378.0,0.0,0.0
BT347KCDEA,730.0,1357531.0,26.2,,7.0,0.0,763857.0,1188792.0,0.0,0.0
9ESMRU9K6M,712.0,3106348.0,18.6,,17.0,0.0,1570692.0,2981462.0,0.0,0.0
DZVEJEUAH3,,,18.8,,12.0,0.0,473385.0,927454.0,0.0,0.0
MJW4ZLPSB6,714.0,714609.0,17.0,,9.0,0.0,85823.0,223322.0,0.0,0.0
ZFYX9MJLV7,,,,,,,,,,
6NU5CMAJLF,721.0,1232036.0,17.2,,12.0,0.0,263853.0,901186.0,0.0,0.0
6EEC8LPWJQ,,,14.0,23.0,11.0,0.0,601996.0,1909732.0,0.0,0.0
NZNBZFO2PO,721.0,2145233.0,17.0,4.0,14.0,0.0,331151.0,647702.0,0.0,0.0
0TUGW5FB7A,728.0,660022.0,11.3,5.0,18.0,0.0,127585.0,396022.0,0.0,0.0
NRREG983S5,737.0,837729.0,8.1,,7.0,0.0,77995.0,310376.0,0.0,0.0
Q0OHWZ03FL,736.0,530575.0,20.8,36.0,10.0,0.0,134919.0,428010.0,0.0,0.0
H5ZQGNM6KD,,,17.3,29.0,5.0,0.0,72333.0,210936.0,0.0,0.0
WSO8EUGSUL,734.0,1118226.0,19.9,23.0,10.0,0.0,233548.0,541904.0,0.0,0.0
XFULP394VM,728.0,2233450.0,10.0,,10.0,0.0,248330.0,402160.0,0.0,0.0
89H0ILFBFG,691.0,1528360.0,17.7,70.0,6.0,1.0,142747.0,170390.0,1.0,0.0
VYMIWBQNK6,,,31.3,24.0,12.0,0.0,162032.0,331496.0,0.0,0.0
VUXWDTZG9K,666.0,962160.0,8.9,,15.0,0.0,38399.0,122122.0,0.0,0.0
6GFAQ2ZYGF,750.0,1343566.0,13.0,,6.0,0.0,282017.0,426866.0,0.0,0.0
0HNH7C8GF5,,,30.3,,6.0,0.0,129295.0,156596.0,0.0,0.0
UD8TR8EVB9,722.0,1218337.0,18.5,,19.0,0.0,546307.0,1084996.0,0.0,0.0
7WD4MMH52N,741.0,1312710.0,17.8,,29.0,0.0,371393.0,1250084.0,0.0,0.0
MQBYDA28RK,716.0,1537119.0,15.3,,14.0,0.0,477527.0,853270.0,0.0,0.0
TFXD8385QX,,,23.1,81.0,8.0,0.0,16131.0,19844.0,0.0,0.0
CPSW5NE2IR,710.0,899954.0,18.3,,7.0,1.0,131176.0,249810.0,1.0,0.0
IRH3IVVPHF,716.0,1670271.0,14.2,,12.0,1.0,225207.0,362208.0,1.0,0.0
IIJKIH4BOK,,,15.8,,5.0,0.0,231287.0,303292.0,0.0,0.0
UCQ9Z5OL3D,742.0,3783660.0,28.4,,19.0,0.0,32528.0,1344838.0,0.0,0.0
0SG0WD7O7Y,750.0,1738899.0,18.2,,4.0,0.0,103284.0,259446.0,0.0,0.0
HWD0Y9JRMP,724.0,1709658.0,20.8,69.0,17.0,1.0,88445.0,445258.0,1.0,0.0
OZDWO8HHQ3,748.0,1956031.0,16.8,5.0,17.0,0.0,339017.0,1024936.0,0.0,0.0
QC1TYFPI50,716.0,939835.0,22.8,,7.0,0.0,348821.0,557106.0,0.0,0.0
VXAX3L0W5R,732.0,1554048.0,16.9,8.0,19.0,1.0,165889.0,1333948.0,0.0,1.0
UG1TH0JVNT,741.0,1134414.0,14.7,6.0,10.0,0.0,343976.0,885082.0,0.0,0.0
I59FKNQZZQ,739.0,1654805.0,17.1,6.0,10.0,0.0,98306.0,159434.0,0.0,0.0
J0100IWMZN,751.0,1591744.0,15.0,,21.0,0.0,341050.0,1495824.0,0.0,0.0
DCOHY4SKSW,740.0,2079056.0,14.9,76.0,7.0,0.0,147725.0,322124.0,0.0,0.0
7BPW7KHOZJ,,,26.3,51.0,16.0,0.0,770811.0,1832688.0,0.0,0.0
723W48BBNJ,,,12.4,,13.0,0.0,119586.0,390060.0,0.0,0.0
ISVOWMSCBY,,,19.4,,13.0,0.0,386726.0,1172204.0,0.0,0.0
VN1A1530XS,,,15.9,73.0,10.0,0.0,259065.0,335522.0,0.0,0.0
WB0U8A6J75,651.0,1267832.0,10.5,55.0,21.0,1.0,74613.0,599984.0,0.0,1.0
05JH8JG12X,739.0,1315503.0,15.6,43.0,23.0,0.0,140429.0,444224.0,0.0,0.0
SZCE6TTTFJ,733.0,555902.0,9.7,,13.0,0.0,97983.0,126478.0,0.0,0.0
VCBY1GOUJ7,,,14.7,41.0,11.0,0.0,401185.0,644270.0,0.0,0.0
BPQCBRFQ6U,741.0,1394372.0,13.5,,10.0,0.0,245062.0,388696.0,0.0,0.0
J553MXBVWK,742.0,664316.0,14.6,,10.0,0.0,183141.0,258610.0,0.0,0.0
0V6N1D0BVD,715.0,831345.0,15.7,19.0,14.0,0.0,327199.0,464288.0,0.0,0.0
P60ZOCVYB4,,,17.3,,17.0,1.0,138434.0,421828.0,1.0,0.0
F18ONYEHXJ,750.0,2618238.0,29.9,,14.0,0.0,549632.0,2066262.0,0.0,0.0
3WAD532S16,,,17.0,45.0,10.0,0.0,85310.0,239184.0,0.0,0.0
BWHQ935O0Q,7430.0,1080511.0,20.9,,9.0,1.0,35112.0,207438.0,1.0,0.0
F7JAK435YF,710.0,1129284.0,22.4,8.0,9.0,0.0,589646.0,756074.0,0.0,0.0
8SA77CJ4W6,740.0,1062195.0,21.3,24.0,10.0,0.0,167675.0,302896.0,0.0,0.0
KG7W1B0WYL,,,18.0,40.0,9.0,0.0,280497.0,392260.0,0.0,0.0
W39KFA8HMD,711.0,935940.0,14.6,31.0,9.0,0.0,425448.0,645634.0,0.0,0.0
IR75WKYPPC,720.0,719207.0,14.7,29.0,6.0,0.0,147744.0,244398.0,0.0,0.0
WCHYBP13TS,738.0,1256451.0,20.3,,15.0,0.0,442738.0,684442.0,0.0,0.0
B66QAO2KEW,,,8.5,,4.0,0.0,35188.0,261118.0,0.0,0.0
O7X9UR53RW,736.0,770051.0,10.4,,13.0,1.0,173356.0,526834.0,1.0,0.0
O5UG27JQM2,705.0,1046672.0,16.5,,10.0,0.0,86868.0,209132.0,0.0,0.0
MYCHZJ59UZ,714.0,1000768.0,31.5,39.0,9.0,1.0,122170.0,263912.0,1.0,0.0
JMCDX57BR4,743.0,1854286.0,33.3,2.0,13.0,0.0,196650.0,306460.0,0.0,0.0
KI2GEO2XDT,689.0,1839485.0,11.8,,24.0,0.0,342931.0,517704.0,0.0,0.0
1EEYACX05R,678.0,1094590.0,15.2,,5.0,0.0,245404.0,291434.0,0.0,0.0
JXZSSEBU9S,675.0,763496.0,17.1,,16.0,1.0,162602.0,380358.0,1.0,0.0
4P1KXNECZY,,,51.8,4.0,16.0,0.0,514159.0,1108646.0,0.0,0.0
V5VHAIR3V2,,,16.8,,20.0,0.0,627285.0,1265396.0,0.0,0.0
76AYNFX9N6,,,16.8,67.0,10.0,0.0,182343.0,289608.0,0.0,0.0
8K4Y587KFD,737.0,936795.0,14.1,,15.0,1.0,349942.0,650408.0,1.0,0.0
R40I9IINEL,748.0,1509968.0,12.6,,10.0,0.0,200203.0,541618.0,0.0,0.0
6U6H0M0KA2,,,24.3,16.0,8.0,0.0,574978.0,816882.0,0.0,0.0
O89CCCS2J5,733.0,899270.0,17.5,11.0,10.0,0.0,69654.0,215050.0,0.0,0.0
JS3WBRHD57,,,16.0,58.0,8.0,1.0,37677.0,51986.0,1.0,0.0
BSVMAOH8N9,594.0,1408052.0,21.6,40.0,18.0,0.0,562514.0,765380.0,0.0,0.0
JQELHRRW1W,745.0,2198110.0,25.0,32.0,9.0,0.0,365237.0,513216.0,0.0,0.0
AR40JKR97S,643.0,1537594.0,16.0,31.0,11.0,0.0,571995.0,877250.0,0.0,0.0
UKFMOYZTQ2,746.0,770108.0,13.0,,9.0,0.0,300466.0,1183336.0,0.0,0.0
S0G56RF1DY,720.0,562134.0,26.5,74.0,8.0,0.0,57209.0,358050.0,0.0,0.0
J6Z1QSY1EN,,,34.8,15.0,13.0,0.0,542621.0,919908.0,0.0,0.0
YOA1DLOW1V,732.0,1436628.0,15.6,,9.0,0.0,48887.0,595914.0,0.0,0.0
AJOWLP29GY,6560.0,1106959.0,8.4,,8.0,0.0,174610.0,410960.0,0.0,0.0
O36W1ER8GQ,704.0,2332896.0,13.8,18.0,10.0,0.0,208297.0,699050.0,0.0,0.0
619NT77ZZW,742.0,1865040.0,17.9,71.0,13.0,0.0,281067.0,468930.0,0.0,0.0
4K6PGDE2HG,745.0,1510120.0,8.0,,6.0,0.0,58596.0,128986.0,0.0,0.0
OWGW68OUKM,674.0,1472367.0,15.6,23.0,4.0,0.0,153121.0,361086.0,0.0,0.0
NS9J8GANE7,,,11.8,37.0,14.0,1.0,23237.0,373604.0,1.0,0.0
GMKJZA3I6H,725.0,537206.0,9.9,,8.0,0.0,118712.0,253132.0,0.0,0.0
85LW1SMH7N,,,10.9,24.0,19.0,0.0,139726.0,320342.0,0.0,0.0
4WO98UIC96,7150.0,583338.0,24.3,,15.0,1.0,301378.0,765248.0,0.0,0.0
GXFEHCQZUN,696.0,722000.0,8.8,,10.0,0.0,111017.0,479644.0,0.0,0.0
VZ4R1B7UT4,704.0,1124952.0,14.6,,8.0,0.0,93024.0,238260.0,0.0,0.0
5QOF5LMSSU,680.0,1272107.0,26.5,34.0,17.0,0.0,228266.0,355256.0,0.0,0.0
KT7XSAFUAG,749.0,797221.0,21.8,,16.0,0.0,58976.0,343156.0,0.0,0.0
AZYVBQW60S,746.0,1972504.0,24.4,46.0,7.0,1.0,46873.0,81862.0,0.0,1.0
RAWHW9SUY4,715.0,949525.0,8.6,,8.0,0.0,261934.0,484506.0,0.0,0.0
BBTQJATNPK,716.0,1735992.0,32.0,15.0,21.0,0.0,736136.0,1198846.0,0.0,0.0
5MG6JO0TEV,7240.0,1299942.0,20.7,,18.0,0.0,492746.0,1046892.0,0.0,0.0
BS6SWJJ50L,,,,,,,,,,
GGM8TVEVPH,,,26.2,,13.0,1.0,120859.0,848166.0,1.0,0.0
CQSKZYJBGB,724.0,2109019.0,19.7,,6.0,1.0,105792.0,226864.0,1.0,0.0
RFWSSOGZPO,714.0,932615.0,14.4,77.0,15.0,0.0,297654.0,457710.0,0.0,0.0
ALPAPX8JFK,,,11.7,,9.0,0.0,141360.0,578380.0,0.0,0.0
T8AN803V0B,692.0,965770.0,7.4,,10.0,0.0,98914.0,169928.0,0.0,0.0
K7QSXCZG22,,,,,,,,,,
8QKIH95E4D,7230.0,1399217.0,35.9,,15.0,0.0,783826.0,1370952.0,0.0,0.0
QPMOQ2IL56,,,16.7,,15.0,0.0,215973.0,700480.0,0.0,0.0
27K1B8P74E,745.0,568575.0,22.3,,6.0,0.0,173451.0,1160940.0,0.0,0.0
I5LDKH9529,720.0,577980.0,15.0,15.0,10.0,0.0,75373.0,127226.0,0.0,0.0
IRKL4AN157,636.0,938790.0,10.0,,10.0,0.0,169860.0,339108.0,0.0,0.0
A2688VCSA5,700.0,916921.0,17.1,50.0,7.0,0.0,97337.0,176902.0,0.0,0.0
JI1UGOGD9N,6630.0,1401212.0,19.4,,13.0,1.0,113031.0,521422.0,1.0,0.0
UCBUK0A5AL,735.0,1889455.0,14.6,12.0,8.0,0.0,161215.0,205832.0,0.0,0.0
PSYWIM6FJD,750.0,1095369.0,14.4,,16.0,0.0,21090.0,343948.0,0.0,0.0
PE0V0BL8XI,692.0,562514.0,11.5,,6.0,0.0,65664.0,91938.0,0.0,0.0
MSC9BCSBH1,737.0,752571.0,8.0,,11.0,0.0,218063.0,510070.0,0.0,0.0
3XVCUIXSD1,750.0,1045209.0,13.0,,14.0,0.0,253688.0,874214.0,0.0,0.0
X1YQW70IGG,735.0,1604664.0,24.5,,18.0,0.0,402458.0,1966206.0,0.0,0.0
DGE3Z9940B,703.0,16244088.0,22.0,,15.0,0.0,708586.0,1860474.0,0.0,0.0
KFYXOHC67F,716.0,849623.0,21.0,36.0,7.0,0.0,540341.0,983730.0,0.0,0.0
50LA4GZ7RX,707.0,1720431.0,24.0,7.0,11.0,0.0,147858.0,246356.0,0.0,0.0
WUWPU87P9C,693.0,722684.0,20.4,3.0,12.0,0.0,130321.0,618398.0,0.0,0.0
AFL1ZFRSEV,606.0,902063.0,23.0,65.0,7.0,4.0,213275.0,454806.0,0.0,2.0
X4F90BYNCI,,,21.9,,15.0,0.0,240331.0,453948.0,0.0,0.0
AW1WCBYPQ4,730.0,1034873.0,16.5,,17.0,0.0,155819.0,569140.0,0.0,0.0
1E7WE3NTII,744.0,853803.0,11.3,,6.0,0.0,264537.0,380050.0,0.0,0.0
G5X4U5GTKS,608.0,1230687.0,10.9,,6.0,0.0,63346.0,142428.0,0.0,0.0
0YMHT5GNYP,720.0,2340325.0,11.9,,10.0,0.0,280307.0,338096.0,0.0,0.0
3XB99L5UMN,,,15.6,35.0,8.0,0.0,426094.0,705826.0,0.0,0.0
XO6OV7BY2P,724.0,2125872.0,35.0,39.0,18.0,0.0,563141.0,917114.0,0.0,0.0
DNUNPFDNZG,739.0,770640.0,21.9,43.0,6.0,0.0,175503.0,227546.0,0.0,0.0
SDIF9HTCS4,662.0,1809408.0,24.2,,13.0,0.0,555142.0,667502.0,0.0,0.0
KTI2YC6B8H,,,14.1,28.0,13.0,0.0,102942.0,357918.0,0.0,0.0
IT4K3WP1S7,718.0,956080.0,18.8,23.0,15.0,0.0,317775.0,666600.0,0.0,0.0
JTFEPN4V8U,747.0,2719318.0,13.9,83.0,7.0,0.0,185763.0,458634.0,0.0,0.0
EU31HQQNI3,674.0,657096.0,16.0,21.0,8.0,0.0,155496.0,234740.0,0.0,0.0
46HF83S6D2,676.0,1689480.0,8.0,9.0,15.0,0.0,289807.0,916828.0,0.0,0.0
8DM46X2MGK,7220.0,1395664.0,17.4,45.0,17.0,0.0,317699.0,690162.0,0.0,0.0
2MET04JTEC,,,10.7,,25.0,0.0,266532.0,518694.0,0.0,0.0
3H9AGW204O,714.0,1855293.0,13.1,5.0,16.0,0.0,116964.0,868120.0,0.0,0.0
J4DUUPXHH7,,,6.5,,5.0,3.0,21413.0,121594.0,0.0,3.0
6KC95UTAP8,722.0,1808306.0,18.5,15.0,10.0,0.0,264366.0,322916.0,0.0,0.0
NA6CJQI8I1,648.0,1715472.0,24.6,,21.0,0.0,318155.0,454806.0,0.0,0.0
CWQHZEW7X9,,,28.3,,14.0,0.0,412300.0,731104.0,0.0,0.0
NA327DDKGH,7340.0,1054728.0,13.8,58.0,17.0,0.0,63042.0,111100.0,0.0,0.0
KL3P8L12BP,656.0,841244.0,15.1,,13.0,0.0,2793.0,5390.0,0.0,0.0
GW3B5L98LO,,,,,,,,,,
6YT94HFNU7,743.0,1822613.0,22.2,28.0,11.0,0.0,825930.0,1362306.0,0.0,0.0
8VMQJLYYDG,,,,,,,,,,
JD70TXWSWH,741.0,1133958.0,15.6,,7.0,0.0,97546.0,172964.0,0.0,0.0
99MGA4QKEQ,739.0,803339.0,10.1,,14.0,0.0,392160.0,1018138.0,0.0,0.0
N898QMW9DD,735.0,2230524.0,13.3,41.0,13.0,0.0,198664.0,453728.0,0.0,0.0
YFVHOOAOEL,713.0,1206975.0,16.6,9.0,10.0,0.0,186485.0,319880.0,0.0,0.0
NPQ5EJCNZ5,,,6.6,,16.0,0.0,73169.0,791780.0,0.0,0.0
HWPNT117OG,,,26.0,44.0,5.0,0.0,187720.0,335962.0,0.0,0.0
QATV01MONZ,742.0,1448085.0,35.6,57.0,6.0,0.0,320758.0,411312.0,0.0,0.0
LRBMWF3PNG,717.0,2509767.0,33.4,,12.0,0.0,246658.0,531828.0,0.0,0.0
CCVQLU2SEJ,749.0,2691236.0,14.5,11.0,12.0,0.0,0.0,0.0,0.0,0.0
9E2KK7QLS5,,,13.0,54.0,10.0,0.0,280839.0,435336.0,0.0,0.0
UHALMLJQTA,722.0,797886.0,8.6,,10.0,0.0,232921.0,463408.0,0.0,0.0
UK5REUBEV4,668.0,2662527.0,23.2,21.0,6.0,0.0,43795.0,58674.0,0.0,0.0
LWD8MDPQAI,677.0,1222897.0,25.5,20.0,24.0,0.0,125324.0,824472.0,0.0,0.0
2NAYQN01SY,741.0,813010.0,12.9,,12.0,0.0,241395.0,733634.0,0.0,0.0
SOSLUEZBZ7,,,16.7,17.0,5.0,0.0,57456.0,68024.0,0.0,0.0
FRB7C7QQK1,740.0,805182.0,39.9,,5.0,0.0,381444.0,687962.0,0.0,0.0
9U6WDWVDBD,690.0,1305566.0,17.7,48.0,13.0,2.0,100985.0,200244.0,2.0,0.0
7GMBB78K9J,743.0,2184981.0,20.2,28.0,18.0,0.0,135223.0,1294040.0,0.0,0.0
Z4KBUGBI4X,721.0,956175.0,32.0,,15.0,0.0,110599.0,190564.0,0.0,0.0
QY4A1CGHXI,,,14.7,,15.0,0.0,100757.0,254166.0,0.0,0.0
I08W1432BZ,741.0,2623558.0,20.0,72.0,13.0,0.0,138149.0,371140.0,0.0,0.0
M9HN3JZ10W,716.0,997082.0,21.8,6.0,8.0,0.0,412281.0,670472.0,0.0,0.0
CS76JPPAJM,726.0,953230.0,20.4,61.0,10.0,0.0,195016.0,353364.0,0.0,0.0
VIOUZ0NOCT,,,,,,,,,,
LRMBLTQNP8,710.0,1801219.0,9.1,,5.0,0.0,101536.0,138974.0,0.0,0.0
1LRD43FNM3,678.0,558885.0,13.4,,10.0,0.0,26163.0,522170.0,0.0,0.0
0I622N92HA,702.0,589532.0,9.0,,9.0,0.0,152456.0,316932.0,0.0,0.0
HF210IIR88,739.0,1344459.0,15.6,,8.0,0.0,356003.0,509542.0,0.0,0.0
B85CORKLW3,700.0,630439.0,16.0,73.0,12.0,0.0,56392.0,135168.0,0.0,0.0
MED8RMZBOB,,,20.8,62.0,13.0,0.0,335806.0,592724.0,0.0,0.0
NZRZUWT2JD,,,23.4,32.0,5.0,0.0,358815.0,419650.0,0.0,0.0
VPC1TFXV0V,711.0,896534.0,12.8,33.0,8.0,0.0,196517.0,302588.0,0.0,0.0
VP6E4Y0V7A,745.0,1562332.0,16.6,,21.0,0.0,60800.0,991562.0,0.0,0.0
SDPWTA6QJS,,,21.0,23.0,8.0,0.0,74309.0,288706.0,0.0,0.0
V430W7CWXO,726.0,4046202.0,15.8,,12.0,0.0,623903.0,832282.0,0.0,0.0
69KWQSW770,693.0,1259263.0,11.3,28.0,12.0,0.0,272422.0,366784.0,0.0,0.0
A9XCKND4M3,,,9.0,,15.0,0.0,211527.0,623216.0,0.0,0.0
KELKXNAP7X,739.0,2071000.0,26.9,48.0,15.0,0.0,377834.0,659868.0,0.0,0.0
RMM84HYMC1,688.0,1112811.0,15.6,,16.0,0.0,387220.0,947914.0,0.0,0.0
WA50A7LB5M,732.0,949620.0,17.1,15.0,7.0,1.0,19855.0,58190.0,0.0,0.0
4CP0CP298J,724.0,1254057.0,16.3,,9.0,0.0,519023.0,1251998.0,0.0,0.0
3LQENGYT6M,737.0,3840280.0,25.6,,14.0,0.0,2229042.0,3178538.0,0.0,0.0
XSHWB2CARU,740.0,1299011.0,19.3,22.0,7.0,0.0,87248.0,322784.0,0.0,0.0
QNHTORDASA,,,28.0,,11.0,0.0,1013650.0,2319592.0,0.0,0.0
1S5VL5DUQ5,,,12.4,,11.0,2.0,46094.0,140074.0,1.0,0.0
930KY7L4KD,741.0,965675.0,20.9,23.0,9.0,1.0,132316.0,571670.0,0.0,1.0
04V43NMGXU,724.0,2107252.0,21.3,17.0,10.0,0.0,175237.0,282194.0,0.0,0.0
EGDY8NX8M5,747.0,3380860.0,17.8,,9.0,0.0,376846.0,1314280.0,0.0,0.0
98FFE4TT07,,,12.0,52.0,13.0,0.0,197562.0,504944.0,0.0,0.0
MSHPJOZVGV,715.0,694526.0,17.3,47.0,5.0,0.0,137332.0,272734.0,0.0,0.0
NVYUQSEQEW,,,10.5,61.0,20.0,1.0,186808.0,276980.0,1.0,0.0
RVDK4LLI8P,712.0,1001376.0,16.0,47.0,10.0,0.0,127167.0,302984.0,0.0,0.0
8QI53UAIB3,750.0,1081062.0,15.0,,22.0,0.0,156826.0,1476354.0,0.0,0.0
BZMOCQ24WA,,,15.9,,5.0,0.0,254733.0,534336.0,0.0,0.0
FZ9KJTALNN,,,17.0,,11.0,1.0,169480.0,378114.0,0.0,1.0
L2U8EJ41BJ,683.0,669275.0,21.6,,5.0,1.0,43586.0,134596.0,1.0,0.0
MPY75AWDAJ,727.0,1731888.0,15.8,52.0,10.0,0.0,323760.0,452232.0,0.0,0.0
ZVK4NLNRR8,737.0,1853450.0,18.2,,21.0,0.0,700074.0,2167396.0,0.0,0.0
MERRSOO437,,,15.5,8.0,10.0,0.0,165281.0,285648.0,0.0,0.0
HWIR9ZKCLN,677.0,767771.0,24.5,17.0,7.0,0.0,62662.0,111650.0,0.0,0.0
8W0XZAZSKA,747.0,1888980.0,13.6,21.0,15.0,0.0,306983.0,1036288.0,0.0,0.0
RYJFAPJXKZ,654.0,1325117.0,17.4,,11.0,1.0,187872.0,242792.0,1.0,0.0
YMJZKXFY08,698.0,1235000.0,14.2,,12.0,0.0,233833.0,499554.0,0.0,0.0
ZMX777MY1B,721.0,1304312.0,24.7,28.0,12.0,0.0,345116.0,591118.0,0.0,0.0
UJ7QT40RK7,702.0,367327.0,16.1,,4.0,0.0,143146.0,172282.0,0.0,0.0
JA5ZLP0Y6I,744.0,969285.0,23.7,,8.0,0.0,164540.0,558712.0,0.0,0.0
VH3QAXFJBT,696.0,1124268.0,18.4,47.0,9.0,0.0,107312.0,421212.0,0.0,0.0
VX3K3D53OA,,,23.7,41.0,9.0,0.0,40736.0,535964.0,0.0,0.0
B0G9GQ08DG,704.0,2010770.0,14.9,64.0,17.0,0.0,380551.0,605286.0,0.0,0.0
RYZWBLQ0IA,712.0,4863525.0,30.9,57.0,14.0,0.0,719815.0,1673650.0,0.0,0.0
DCE4JKT4CL,,,,,,,,,,
CKX4C9D0AY,,,,,,,,,,
YRM9LAR6PI,736.0,1764530.0,17.9,64.0,6.0,0.0,195890.0,332090.0,0.0,0.0
ZCJKUZW0RJ,,,,,,,,,,
8JM2NA01Y4,7180.0,714305.0,11.6,79.0,9.0,1.0,35112.0,110792.0,1.0,0.0
VRRF3JIVTL,,,,,,,,,,
KKT0KL2FUG,708.0,1202320.0,21.0,,18.0,0.0,298661.0,1383228.0,0.0,0.0
BLVQTS5JQP,719.0,2109855.0,21.9,16.0,18.0,0.0,258704.0,612590.0,0.0,0.0
9AG00ZKZL7,741.0,1288789.0,18.8,,7.0,0.0,500897.0,819192.0,0.0,0.0
K4GXVHVAK7,737.0,627209.0,13.5,40.0,5.0,0.0,111473.0,216942.0,0.0,0.0
7M89K8E3TS,743.0,1912160.0,8.0,,7.0,0.0,83315.0,323730.0,0.0,0.0
Y0NVD1F7OM,732.0,929328.0,10.0,,4.0,0.0,109041.0,148016.0,0.0,0.0
HHS40IWWGW,727.0,608494.0,35.4,,15.0,3.0,90307.0,275154.0,3.0,0.0
GMYV2QLIVF,708.0,2445300.0,16.7,47.0,13.0,1.0,152171.0,731104.0,1.0,0.0
XOB5VO87TJ,720.0,1647794.0,12.5,81.0,9.0,0.0,128953.0,572088.0,0.0,0.0
2CYJ4BZZN8,,,18.9,,8.0,0.0,86336.0,404734.0,0.0,0.0
CYP2OTWGJZ,748.0,560823.0,15.0,,5.0,0.0,180538.0,240262.0,0.0,0.0
64NSFLBQ91,716.0,2059999.0,24.5,,15.0,0.0,792167.0,1172952.0,0.0,0.0
B5GNLI6YK7,703.0,1897511.0,17.8,16.0,17.0,1.0,230470.0,550220.0,1.0,0.0
H1XH9ZHRBZ,701.0,1648440.0,18.6,6.0,11.0,0.0,280193.0,352638.0,0.0,0.0
KAGR3XC9I5,700.0,793725.0,12.6,41.0,6.0,0.0,66728.0,138974.0,0.0,0.0
2CNGUXOI7O,709.0,1415994.0,13.3,,16.0,0.0,124564.0,693440.0,0.0,0.0
I8I758HZDC,707.0,2012803.0,17.0,,13.0,0.0,953857.0,1434378.0,0.0,0.0
P39EAV7HBY,720.0,1492336.0,19.0,11.0,11.0,0.0,1092291.0,2122098.0,0.0,0.0
H15CM8OFV3,732.0,1410997.0,12.1,,13.0,1.0,114646.0,250470.0,1.0,0.0
1AYDVR1SQK,721.0,461966.0,9.5,,5.0,0.0,121239.0,294272.0,0.0,0.0
V2VQC3019Q,742.0,833017.0,18.3,,5.0,0.0,90858.0,139524.0,0.0,0.0
HKWZJM1W4I,721.0,929784.0,25.8,,10.0,0.0,240141.0,553894.0,0.0,0.0
D8YBM6HBSB,745.0,1235000.0,18.0,,8.0,0.0,314583.0,924506.0,0.0,0.0
6TRZO5OD5G,716.0,1192364.0,17.6,12.0,9.0,0.0,149302.0,369380.0,0.0,0.0
UY389GNUAR,747.0,1570160.0,21.5,,6.0,0.0,105678.0,257070.0,0.0,0.0
65YH4SRFHV,722.0,3720542.0,25.0,,15.0,0.0,941089.0,2063798.0,0.0,0.0
5ZIFLAP3W5,670.0,3824700.0,11.9,36.0,6.0,0.0,0.0,0.0,0.0,0.0
71GAYFEP7L,747.0,2712136.0,29.8,,10.0,0.0,786581.0,1045682.0,0.0,0.0
9TC2IQT0Y1,7350.0,1436552.0,16.3,,19.0,0.0,2092280.0,4017640.0,0.0,0.0
FETZ4NM5VQ,713.0,2736000.0,16.0,28.0,14.0,0.0,833967.0,1184854.0,0.0,0.0
Y3CELVOZBH,,,16.3,,17.0,0.0,193401.0,1309616.0,0.0,0.0
30A8RW9GJ4,,,10.0,42.0,20.0,0.0,268565.0,421366.0,0.0,0.0
UW5PHQ63TE,739.0,1815241.0,13.0,8.0,16.0,0.0,157491.0,613998.0,0.0,0.0
DUMN0V8DMD,7100.0,1062765.0,17.0,,8.0,0.0,731386.0,939928.0,0.0,0.0
5URMDZSZKN,,,15.0,,9.0,1.0,174781.0,261470.0,1.0,0.0
3Q9G62NZ1P,625.0,1689062.0,11.7,,20.0,0.0,420204.0,930314.0,0.0,0.0
W8DK3G1BFD,7270.0,962065.0,10.9,,5.0,0.0,103303.0,183480.0,0.0,0.0
627Q32NALM,725.0,837729.0,15.0,9.0,10.0,0.0,195282.0,333498.0,0.0,0.0
G81UQF365S,709.0,470060.0,5.2,,9.0,1.0,32414.0,165352.0,1.0,0.0
TKW5ESSXT9,716.0,1308929.0,14.8,61.0,11.0,0.0,231344.0,401038.0,0.0,0.0
HXY0E1QXDI,730.0,2487537.0,19.2,,16.0,0.0,669313.0,1601248.0,0.0,0.0
FMK77366N6,681.0,1046881.0,26.1,48.0,16.0,0.0,335502.0,604142.0,0.0,0.0
YIK8NJFY4M,741.0,1783701.0,8.3,,10.0,0.0,60363.0,563662.0,0.0,0.0
6LUQ2ENVTD,,,15.7,,17.0,0.0,377188.0,651860.0,0.0,0.0
NJVKON00XB,,,22.6,68.0,6.0,1.0,118104.0,451308.0,1.0,0.0
RDBFOG8JXU,728.0,1870550.0,18.2,2.0,13.0,0.0,54074.0,115962.0,0.0,0.0
RPF9U05B0U,680.0,1063810.0,12.2,,10.0,0.0,391723.0,591338.0,0.0,0.0
W8UXMZMN9H,740.0,600590.0,20.5,20.0,6.0,0.0,85462.0,322300.0,0.0,0.0
ODVQDD0CKM,698.0,1086496.0,27.5,76.0,9.0,0.0,151563.0,236522.0,0.0,0.0
1F1SPAST2I,702.0,1109923.0,15.9,25.0,12.0,0.0,126806.0,163152.0,0.0,0.0
ZG4DNT4SI4,748.0,2385222.0,21.8,27.0,8.0,0.0,218272.0,668624.0,0.0,0.0
I3ASPEHPQ6,734.0,1602403.0,21.1,,13.0,0.0,679858.0,1161050.0,0.0,0.0
6YGAAAFU08,708.0,2189674.0,18.5,81.0,16.0,0.0,435746.0,825770.0,0.0,0.0
VSLBDK8IH5,737.0,1057958.0,14.3,,12.0,0.0,99636.0,164824.0,0.0,0.0
X5L9TJKBJL,710.0,1387589.0,17.5,21.0,7.0,0.0,134539.0,175824.0,0.0,0.0
7X6YVA2GBO,712.0,1011522.0,28.4,10.0,10.0,0.0,85158.0,171204.0,0.0,0.0
14TW90C4TW,,,15.4,,4.0,1.0,95741.0,200486.0,1.0,0.0
MZ9H8BZSAF,698.0,574674.0,14.0,,5.0,0.0,1748.0,201850.0,0.0,0.0
ZG3XFBO7JY,,,22.5,26.0,6.0,0.0,80541.0,117920.0,0.0,0.0
ZKVLOFCDB1,718.0,2104592.0,13.0,45.0,21.0,0.0,278179.0,1288430.0,0.0,0.0
8C7ZVFICDP,736.0,1068617.0,20.5,,2.0,0.0,0.0,0.0,0.0,0.0
N5LXGEIE4Q,725.0,696749.0,14.5,,20.0,1.0,106267.0,585970.0,1.0,0.0
08QCMP8EG4,702.0,1353503.0,19.9,,12.0,0.0,783503.0,1064800.0,0.0,0.0
B7UR0RTK7A,720.0,1155276.0,29.5,34.0,11.0,0.0,349410.0,858990.0,0.0,0.0
5MUGTDTVY3,7460.0,722437.0,14.5,15.0,15.0,0.0,233966.0,442662.0,0.0,0.0
F3AX46VV6I,717.0,1900190.0,17.4,68.0,21.0,0.0,473062.0,1006940.0,0.0,0.0
IJG08C4GKO,7160.0,1423005.0,8.4,,10.0,1.0,298547.0,456654.0,0.0,0.0
PA5HFLMINP,,,32.8,,12.0,0.0,349353.0,1003772.0,0.0,0.0
PN81O6U6P2,,,35.0,,9.0,0.0,201552.0,399608.0,0.0,0.0
J8D56Z7U7C,722.0,1011712.0,12.7,,14.0,0.0,120441.0,182512.0,0.0,0.0
696YCOV9K0,693.0,2129615.0,23.0,56.0,14.0,0.0,915458.0,1130074.0,0.0,0.0
9G073HI8XF,7290.0,1451467.0,20.1,,7.0,0.0,369094.0,583858.0,0.0,0.0
YN3MNZ23Y0,702.0,1243151.0,20.7,,5.0,0.0,448666.0,615516.0,0.0,0.0
U3PPJHM03Z,,,13.9,,4.0,0.0,178999.0,298232.0,0.0,0.0
DV09J0AVPS,738.0,471960.0,33.1,,8.0,0.0,484823.0,797412.0,0.0,0.0
70XUSEGD98,673.0,657818.0,16.3,18.0,9.0,0.0,260338.0,495814.0,0.0,0.0
TH6IZTYCW2,751.0,1492697.0,13.0,,7.0,0.0,1292.0,751960.0,0.0,0.0
YE7KQ1P222,,,23.2,16.0,19.0,1.0,522709.0,1369302.0,0.0,1.0
4Q8ICBU491,,,62.5,24.0,8.0,0.0,133133.0,519046.0,0.0,0.0
V69TMEZ3H1,723.0,751564.0,11.2,,7.0,0.0,93100.0,115280.0,0.0,0.0
LI0WRRY6NO,693.0,2418947.0,20.4,15.0,12.0,0.0,639559.0,916520.0,0.0,0.0
PPH9PI4VQO,707.0,897769.0,9.8,,11.0,0.0,229406.0,396440.0,0.0,0.0
VJTU78FI0C,,,32.1,38.0,19.0,0.0,394763.0,719818.0,0.0,0.0
KK3MDMBVGN,745.0,2333200.0,17.9,,11.0,0.0,887129.0,1407098.0,0.0,0.0
48GIQSORTD,,,18.2,,10.0,0.0,191235.0,412346.0,0.0,0.0
QAMU8C6OWV,724.0,910176.0,16.8,58.0,12.0,0.0,205827.0,285428.0,0.0,0.0
9Q1WSYOJ9D,640.0,1944460.0,13.8,,13.0,0.0,182001.0,313126.0,0.0,0.0
Q6CIEWF6RG,747.0,1641809.0,19.1,44.0,5.0,0.0,79230.0,252736.0,0.0,0.0
EMORGQHXCC,,,,,,,,,,
WQY6IZEIYF,,,,,,,,,,
JS62YR3ZOJ,734.0,859237.0,15.6,64.0,7.0,0.0,152893.0,237952.0,0.0,0.0
MBSWHHK7HS,744.0,732469.0,13.2,42.0,8.0,0.0,139783.0,569910.0,0.0,0.0
9525GAMYRG,719.0,649040.0,14.8,25.0,25.0,0.0,141455.0,285340.0,0.0,0.0
CNC0FJ7KVQ,7190.0,957125.0,19.5,,11.0,0.0,529492.0,833030.0,0.0,0.0
LE5DVRZQGT,7270.0,2881065.0,42.2,19.0,5.0,2.0,331968.0,427086.0,0.0,2.0
0OMOI65UEE,7200.0,1574093.0,15.7,,12.0,0.0,214339.0,541904.0,0.0,0.0
YE3DK9HJZO,716.0,908903.0,33.6,27.0,11.0,2.0,118598.0,444400.0,1.0,0.0
ODPGUTPNLJ,717.0,539961.0,6.2,23.0,7.0,0.0,49552.0,101024.0,0.0,0.0
J160TEP1PH,686.0,1533528.0,34.0,41.0,16.0,0.0,623029.0,1363714.0,0.0,0.0
24Y77ZTTZJ,744.0,1182009.0,16.5,0.0,10.0,0.0,70129.0,264462.0,,0.0
XOLJBLDUQM,7420.0,1957589.0,26.3,43.0,6.0,0.0,357067.0,521356.0,0.0,0.0
3ZNC7OO303,726.0,1878340.0,13.2,40.0,20.0,0.0,811509.0,1898292.0,0.0,0.0
G5N09I3DH7,749.0,1533528.0,20.5,,10.0,0.0,169423.0,284306.0,0.0,0.0
B3B9FWC32Q,740.0,991724.0,20.7,,9.0,0.0,690498.0,848760.0,0.0,0.0
ENA6EJHXMY,739.0,1120050.0,17.6,,18.0,0.0,171247.0,300454.0,0.0,0.0
9RKR80MS2U,731.0,2004747.0,15.3,31.0,4.0,0.0,515052.0,802648.0,0.0,0.0
PEQTQACAMW,736.0,2059163.0,20.2,,18.0,0.0,364230.0,1573660.0,0.0,0.0
OWA9VFT5YC,740.0,1164282.0,14.4,33.0,4.0,0.0,69445.0,116886.0,0.0,0.0
82T72K4HY0,719.0,419824.0,9.0,,12.0,0.0,140372.0,460416.0,0.0,0.0
68DIXPDUEJ,7380.0,1168386.0,16.9,,7.0,0.0,79040.0,142120.0,0.0,0.0
LHKPT5A72X,743.0,814511.0,8.3,11.0,19.0,0.0,93309.0,350746.0,0.0,0.0
GNGOEC6B2U,742.0,1614924.0,15.5,5.0,19.0,0.0,517674.0,733678.0,0.0,0.0
GULQ8DYQCY,695.0,1596798.0,17.5,,6.0,2.0,154679.0,415536.0,1.0,0.0
NNI5ATD2H7,,,14.0,9.0,11.0,0.0,184148.0,310376.0,0.0,0.0
P2AA1ULC17,,,15.0,27.0,16.0,0.0,321613.0,1185998.0,0.0,0.0
XHXVEM67D7,692.0,981578.0,15.9,49.0,13.0,0.0,230052.0,430320.0,0.0,0.0
4HUFUNZAXI,731.0,1352743.0,16.3,,9.0,0.0,201210.0,521202.0,0.0,0.0
QK06UHUJGH,734.0,3097703.0,20.5,,10.0,0.0,400710.0,488906.0,0.0,0.0
LBH2VNFG3B,,,23.0,29.0,7.0,0.0,102961.0,177694.0,0.0,0.0
5L9LYETC9B,738.0,982965.0,10.7,,5.0,0.0,19380.0,45958.0,0.0,0.0
951S8JYKBW,710.0,1236862.0,24.8,14.0,15.0,0.0,128535.0,372086.0,0.0,0.0
RBLMF4ACS7,746.0,2777686.0,43.4,48.0,9.0,0.0,659205.0,5782590.0,0.0,0.0
CKPGPN8DZZ,732.0,1827211.0,20.3,17.0,15.0,0.0,191938.0,499422.0,0.0,0.0
T0O382A7WS,749.0,1719918.0,25.3,,9.0,0.0,381273.0,796884.0,0.0,0.0
M9VLDB6NS5,728.0,718029.0,16.6,18.0,8.0,0.0,375535.0,578248.0,0.0,0.0
RQAX8ELNEX,697.0,1330266.0,15.3,78.0,20.0,0.0,384617.0,853160.0,0.0,0.0
MRJ3UIO2SD,738.0,769120.0,32.7,60.0,9.0,1.0,75297.0,124718.0,1.0,0.0
4YS69WQ50I,709.0,648774.0,9.5,,7.0,0.0,4180.0,160974.0,0.0,0.0
YRYV6E0H7G,737.0,838755.0,14.9,7.0,8.0,0.0,121163.0,192170.0,0.0,0.0
8MQO1J9UP4,640.0,1246780.0,11.8,25.0,7.0,0.0,104652.0,187594.0,0.0,0.0
IPSZ1Y9IP5,733.0,458527.0,19.7,11.0,7.0,0.0,159790.0,263208.0,,0.0
ABXRAKPSW7,,,9.0,65.0,35.0,0.0,30362.0,616638.0,0.0,0.0
AKYLHG8FBG,7420.0,793250.0,16.9,16.0,4.0,0.0,40128.0,94050.0,0.0,0.0
8KJ9Z97YDS,719.0,1466534.0,19.8,,11.0,0.0,419767.0,665830.0,0.0,0.0
WP5A8DTM23,697.0,2617079.0,30.4,21.0,13.0,0.0,158726.0,683254.0,0.0,0.0
GPFLP17JPA,738.0,3613249.0,21.7,,13.0,0.0,329954.0,479952.0,0.0,0.0
4XFTE0N9C4,640.0,847951.0,14.0,32.0,10.0,0.0,61712.0,224026.0,0.0,0.0
7CMK5QAJDP,,,28.8,,11.0,0.0,378233.0,981948.0,0.0,0.0
L9NMX7NNPI,,,14.9,64.0,12.0,1.0,111416.0,135234.0,1.0,0.0
U3KPEA0F7I,716.0,1318296.0,16.0,9.0,7.0,1.0,50977.0,78496.0,1.0,0.0
NGUYD3AFQH,730.0,540189.0,11.9,,7.0,0.0,108471.0,232584.0,0.0,0.0
7IVOFVU8G1,,,12.0,0.0,4.0,0.0,28975.0,114488.0,,0.0
670051M8AE,729.0,2504466.0,14.0,,10.0,0.0,288477.0,386606.0,0.0,0.0
2L78X8YUYT,738.0,1586899.0,13.6,,11.0,0.0,274227.0,471130.0,0.0,0.0
GDN4XH6XPA,7040.0,853898.0,16.6,38.0,8.0,0.0,120384.0,210892.0,0.0,0.0
LB7QYE6PJ6,742.0,1772339.0,16.5,47.0,18.0,0.0,419577.0,662794.0,0.0,0.0
56GOX0EAVK,699.0,1764758.0,36.2,,14.0,0.0,1052372.0,1464584.0,0.0,0.0
YKX2LPI19E,7390.0,2264192.0,25.5,65.0,12.0,0.0,489744.0,843854.0,0.0,0.0
0LM1MC4KOD,740.0,1182142.0,23.8,,9.0,0.0,527478.0,894234.0,0.0,0.0
7I70Z3OLOW,6630.0,918612.0,14.4,64.0,14.0,1.0,467191.0,765160.0,1.0,0.0
K3E0AP9E6Z,,,14.8,,28.0,0.0,624948.0,1299144.0,0.0,0.0
45B8V42M22,747.0,1731717.0,10.6,,8.0,0.0,375649.0,803990.0,0.0,0.0
0MEQNQF2LC,652.0,1458174.0,28.0,,14.0,0.0,361760.0,544016.0,0.0,0.0
82PYGT7I5V,749.0,1751667.0,16.4,,13.0,0.0,326287.0,579458.0,0.0,0.0
RO3H5N0KTC,748.0,603193.0,8.9,,7.0,0.0,55632.0,194018.0,0.0,0.0
2QAT13Q1A5,747.0,2588351.0,9.3,,9.0,0.0,129770.0,1036222.0,0.0,0.0
8Q7Z3SAAV6,735.0,1022846.0,21.6,50.0,10.0,0.0,147478.0,981398.0,0.0,0.0
JEBT6LXKTV,739.0,1714788.0,13.0,9.0,10.0,1.0,98629.0,161084.0,0.0,0.0
O3VSJYD9QO,7240.0,675507.0,15.8,33.0,8.0,0.0,247133.0,324082.0,0.0,0.0
4JB1FYHALS,,,13.6,,9.0,1.0,196612.0,265012.0,1.0,0.0
NB8MT1CZRA,711.0,2890812.0,19.7,,17.0,0.0,644632.0,909150.0,0.0,0.0
I56HQFX4V2,,,29.0,6.0,11.0,0.0,185041.0,303930.0,0.0,0.0
LRR3OBFYSC,751.0,1027349.0,20.9,,12.0,0.0,211793.0,1362438.0,0.0,0.0
6X5ON5OTDV,587.0,4975568.0,14.3,5.0,8.0,0.0,56810.0,67606.0,0.0,0.0
X2QSAXG3OC,710.0,1306801.0,10.3,,3.0,0.0,0.0,0.0,0.0,0.0
6W6WF3T35P,693.0,979013.0,18.9,,10.0,0.0,149644.0,429946.0,0.0,0.0
ADNKZP21GK,699.0,1895478.0,22.6,19.0,10.0,0.0,746339.0,1095292.0,0.0,0.0
4EZMIWHF9Y,730.0,3080774.0,28.0,,4.0,5.0,111150.0,129734.0,1.0,4.0
1L8K1LJ1D6,,,11.7,,6.0,0.0,64030.0,529562.0,0.0,0.0
J5D9Q75FWV,751.0,651377.0,34.8,,7.0,1.0,87989.0,307802.0,1.0,0.0
0E1GYRNK87,716.0,1075742.0,22.1,,5.0,0.0,139194.0,214918.0,0.0,0.0
1QQBHVD193,736.0,1222707.0,16.1,,19.0,0.0,436563.0,1113398.0,0.0,0.0
AUD4C2TDJO,724.0,624359.0,14.5,33.0,10.0,0.0,55157.0,92004.0,0.0,0.0
Q4FY8T48QL,660.0,1701963.0,10.1,26.0,11.0,1.0,107179.0,435490.0,1.0,0.0
DUFT2Y36IC,739.0,1420896.0,21.0,12.0,15.0,0.0,252263.0,770704.0,0.0,0.0
S1IR0DEOK6,737.0,967936.0,16.5,8.0,7.0,1.0,55062.0,206316.0,1.0,0.0
9IJWNBDSMP,,,,,,,,,,
3G5XAMRAZL,,,12.7,14.0,9.0,0.0,148675.0,242132.0,0.0,0.0
XTC9FLZO5R,,,13.2,,9.0,1.0,5472.0,210892.0,1.0,0.0
4T5SBSP1HQ,734.0,1341039.0,14.0,,8.0,0.0,634961.0,896610.0,0.0,0.0
Y4ECJWZR6Q,719.0,501106.0,14.4,45.0,7.0,0.0,82840.0,317636.0,0.0,0.0
LNVPKCCYK3,690.0,892848.0,15.0,,15.0,0.0,376960.0,609620.0,0.0,0.0
06D48OPWLT,742.0,1041333.0,13.9,43.0,16.0,0.0,496926.0,1046144.0,0.0,0.0
8BIULNGNAG,745.0,1719519.0,15.6,,28.0,0.0,709726.0,3043678.0,0.0,0.0
GOVGURIDVG,685.0,2927862.0,15.6,,21.0,0.0,416860.0,568524.0,0.0,0.0
V9N41AOOXO,747.0,1318353.0,29.5,33.0,5.0,0.0,53276.0,224334.0,0.0,0.0
RE1E97UDCC,6890.0,1316092.0,14.0,61.0,7.0,1.0,178695.0,321772.0,1.0,0.0
8MP76IPJO8,,,17.7,,8.0,1.0,133931.0,454740.0,1.0,0.0
6J8UQ3FRZD,720.0,856976.0,12.9,,7.0,0.0,310916.0,367334.0,0.0,0.0
QUC41N1DI9,740.0,1634551.0,19.1,14.0,5.0,0.0,131632.0,225808.0,0.0,0.0
C9F3F6YNW6,712.0,2434147.0,27.5,62.0,22.0,4.0,268527.0,410212.0,0.0,4.0
YCTSLMKEJB,746.0,1346872.0,24.3,,10.0,0.0,704425.0,1156958.0,0.0,0.0
LDE1CP0P8K,704.0,599678.0,9.9,,10.0,0.0,240597.0,451528.0,0.0,0.0
H4I1ZZ4LFS,741.0,2301660.0,24.0,,16.0,0.0,751165.0,3609012.0,0.0,0.0
7B1TQDB2PT,735.0,1440960.0,14.8,32.0,8.0,0.0,139441.0,406714.0,0.0,0.0
FUOMU4GYSP,739.0,1135440.0,18.5,8.0,15.0,0.0,351880.0,609026.0,0.0,0.0
08K6S4C4M4,740.0,668876.0,18.0,24.0,15.0,0.0,192071.0,295768.0,0.0,0.0
OCFDEW4IT8,710.0,799520.0,15.9,16.0,13.0,0.0,353837.0,584452.0,0.0,0.0
S0XVLLV0VX,734.0,1396082.0,16.2,77.0,13.0,0.0,88901.0,379852.0,0.0,0.0
OOFY8J29KQ,747.0,1149462.0,11.2,,8.0,0.0,77159.0,554994.0,0.0,0.0
OVWZ2GWHOD,717.0,1688720.0,25.9,,20.0,0.0,712633.0,1121142.0,0.0,0.0
GE4WFF8AIS,717.0,2320603.0,11.3,2.0,11.0,0.0,123899.0,284064.0,0.0,0.0
MRMMDWIT76,728.0,622649.0,16.5,29.0,8.0,0.0,170620.0,489016.0,0.0,0.0
I224JQXU3C,747.0,1000445.0,13.8,,16.0,0.0,152494.0,809952.0,0.0,0.0
IV2C7FRKJZ,734.0,1151400.0,15.8,,10.0,0.0,422028.0,570878.0,0.0,0.0
UJFFF1E613,691.0,2369547.0,19.0,61.0,15.0,0.0,142481.0,338074.0,0.0,0.0
DZNNHDEV1B,,,18.7,31.0,16.0,1.0,226423.0,518144.0,1.0,0.0
9WBVB0L516,701.0,687553.0,12.5,,12.0,0.0,158460.0,254496.0,0.0,0.0
0780ZLPILL,722.0,854145.0,11.6,,7.0,0.0,136743.0,224906.0,0.0,0.0
VW260K44A7,681.0,4706300.0,19.7,,12.0,0.0,3144709.0,14058858.0,0.0,0.0
SS80LR61HB,726.0,1505256.0,15.5,,14.0,0.0,210311.0,403172.0,0.0,0.0
5GNLDQZPPW,747.0,1329069.0,20.9,,13.0,0.0,610242.0,1275406.0,0.0,0.0
HQP2PNPCU0,730.0,711949.0,8.6,,10.0,0.0,58463.0,251614.0,0.0,0.0
UH50TWI15B,716.0,2848575.0,31.5,10.0,14.0,0.0,371051.0,1053052.0,0.0,0.0
GEX0RRL0PF,684.0,1143762.0,11.9,,7.0,0.0,199329.0,360052.0,0.0,0.0
T4783RR2ZU,748.0,590596.0,26.9,47.0,15.0,0.0,75658.0,962610.0,0.0,0.0
8KKXX9R23I,649.0,1547930.0,13.6,,6.0,0.0,133171.0,194700.0,0.0,0.0
2S9P6N0DH5,692.0,1582339.0,22.3,22.0,26.0,0.0,691068.0,992772.0,0.0,0.0
LQ3CXZD27E,718.0,661751.0,13.0,,19.0,0.0,56278.0,86306.0,0.0,0.0
N0E4R5BJRY,737.0,1412175.0,31.8,29.0,9.0,0.0,277191.0,425106.0,0.0,0.0
ENW7SEIMKW,719.0,1131564.0,13.0,18.0,26.0,0.0,189734.0,360140.0,0.0,0.0
S6MXYSDTOI,740.0,862011.0,28.6,14.0,8.0,0.0,69502.0,313126.0,0.0,0.0
0JTP9CFLZG,6880.0,911164.0,11.9,,12.0,0.0,174629.0,533500.0,0.0,0.0
UKUC5Z6UER,734.0,621015.0,10.8,,5.0,0.0,74214.0,146124.0,0.0,0.0
ARN1HXUKO7,,,14.8,,8.0,0.0,0.0,0.0,0.0,0.0
G1YMPC6ZX4,663.0,1262569.0,18.7,,15.0,0.0,257583.0,322784.0,0.0,0.0
FJE5PK8APF,745.0,704235.0,21.6,,8.0,1.0,233244.0,370986.0,1.0,0.0
KEBW6RBNYH,747.0,2967344.0,22.0,,7.0,3.0,387847.0,547668.0,0.0,3.0
8JY7GPI9UM,692.0,1533984.0,18.0,41.0,22.0,2.0,229406.0,772178.0,2.0,0.0
RW1Q8G7YHH,,,,,,,,,,
8AGJK4HYOT,710.0,1752750.0,35.8,78.0,8.0,0.0,351234.0,439648.0,0.0,0.0
KD5SY7G0Y9,679.0,1617907.0,8.4,,7.0,0.0,602851.0,958826.0,0.0,0.0
VBXSAIAGCR,677.0,1248471.0,18.6,,6.0,0.0,507604.0,720280.0,0.0,0.0
9S55F959S7,,,18.5,,12.0,0.0,326382.0,1064558.0,0.0,0.0
ZKZ7QYMGE8,712.0,933793.0,12.0,74.0,23.0,0.0,339245.0,1359182.0,0.0,0.0
I73SKZDIP8,718.0,938714.0,17.8,16.0,16.0,0.0,254277.0,580734.0,0.0,0.0
NQ2L7YHTTU,751.0,1939900.0,11.8,,16.0,0.0,342228.0,1610862.0,0.0,0.0
9NWZIWBV2A,740.0,909530.0,21.5,19.0,14.0,0.0,364553.0,1237874.0,0.0,0.0
OVIKS8XY5S,679.0,2080823.0,19.6,66.0,10.0,0.0,102315.0,243738.0,0.0,0.0
EI62KC2D1D,,,,,,,,,,
LD8N1Z0LIG,745.0,877040.0,17.6,,7.0,0.0,400425.0,692032.0,0.0,0.0
0ZKO2EEAV0,737.0,909720.0,15.7,,10.0,2.0,185934.0,313852.0,2.0,0.0
T0Z0QURYG2,,,16.2,,8.0,0.0,174078.0,242264.0,0.0,0.0
FGH6BP6DYP,,,18.0,,6.0,0.0,499187.0,656810.0,0.0,0.0
XLFG53586U,6970.0,1624576.0,15.5,70.0,10.0,0.0,136895.0,190300.0,0.0,0.0
8N1VK1WXBM,657.0,741228.0,19.2,38.0,9.0,0.0,288363.0,431376.0,0.0,0.0
IJ16AHPTW1,7240.0,1264032.0,17.7,38.0,9.0,0.0,124450.0,279818.0,0.0,0.0
2PQ0QA6EIK,672.0,1136238.0,24.5,53.0,17.0,1.0,300143.0,609686.0,1.0,0.0
XZTSZOVF35,681.0,863892.0,14.9,,24.0,0.0,587594.0,1938398.0,0.0,0.0
W81AJXJGKD,7460.0,756067.0,32.0,26.0,9.0,0.0,149530.0,446270.0,0.0,0.0
8ZNCUR953X,704.0,972496.0,9.9,,12.0,0.0,133361.0,617672.0,0.0,0.0
SX64AIGZDB,724.0,1683666.0,17.9,,9.0,0.0,369170.0,563200.0,0.0,0.0
LMA86P3VS8,,,5.2,50.0,7.0,0.0,34409.0,100342.0,0.0,0.0
JSWR1DO0EJ,690.0,844569.0,11.4,,16.0,0.0,115843.0,817850.0,0.0,0.0
501YCUNPUI,7360.0,1352743.0,25.3,60.0,7.0,0.0,159144.0,272998.0,0.0,0.0
OZQ531MHYG,,,,,,,,,,
XE4CVYDLUW,740.0,1042910.0,17.3,,22.0,0.0,310517.0,966548.0,0.0,0.0
3TN0DXF40W,,,,,,,,,,
U6OMEC2F5M,,,17.5,,5.0,0.0,271890.0,643808.0,0.0,0.0
MNXSLZUIA4,746.0,1047622.0,13.1,,5.0,0.0,73302.0,297792.0,0.0,0.0
IN8AC39S0W,717.0,934895.0,17.5,,22.0,0.0,339492.0,522060.0,0.0,0.0
5B0G9CQJEY,689.0,937745.0,15.4,59.0,6.0,0.0,24491.0,189090.0,0.0,0.0
IE7TZ0J1Y5,701.0,1241061.0,12.4,,15.0,0.0,2150344.0,3818804.0,0.0,0.0
PRWMLQE55A,699.0,739499.0,9.7,,9.0,0.0,224542.0,313236.0,0.0,0.0
48SWZH5TQ6,740.0,547219.0,11.2,74.0,14.0,0.0,63042.0,722832.0,0.0,0.0
GDGTICY6E5,712.0,5820688.0,24.7,,10.0,0.0,864747.0,1030150.0,0.0,0.0
NSKRZTRWTG,665.0,181982.0,8.6,,3.0,0.0,221882.0,269302.0,0.0,0.0
1ZMVN7P5U3,,,37.5,31.0,10.0,5.0,7581.0,109868.0,5.0,0.0
CBU7ZD996O,676.0,1876440.0,20.0,,10.0,0.0,300162.0,579238.0,0.0,0.0
KPOM4GE44U,740.0,1115604.0,10.4,,10.0,0.0,164844.0,254166.0,0.0,0.0
IJB7G5MQ0W,740.0,1658510.0,19.9,70.0,14.0,0.0,331436.0,591316.0,0.0,0.0
127JG2P3UP,700.0,2075370.0,23.4,62.0,14.0,1.0,718599.0,900504.0,0.0,1.0
I2IZ288P7K,739.0,1649789.0,17.0,16.0,15.0,0.0,217341.0,979154.0,0.0,0.0
7THFJ6S4RB,731.0,789355.0,8.6,,6.0,0.0,140467.0,553212.0,0.0,0.0
1V4NZ9F7O0,711.0,1223277.0,21.7,,8.0,1.0,199861.0,235422.0,1.0,0.0
380GX1ZTNU,743.0,1404917.0,21.2,33.0,11.0,0.0,392217.0,616198.0,0.0,0.0
6U49N0337H,,,27.9,,10.0,1.0,107749.0,410388.0,1.0,0.0
GQ90012O2S,709.0,863037.0,14.9,41.0,7.0,0.0,99731.0,113212.0,0.0,0.0
JTIRUPOFI6,722.0,1445444.0,19.3,,14.0,0.0,452371.0,797236.0,0.0,0.0
EQWA80HOZP,,,13.6,77.0,11.0,0.0,404016.0,850564.0,0.0,0.0
HRAD5C40NP,747.0,560424.0,15.9,38.0,6.0,0.0,4256.0,11066.0,0.0,0.0
PCF2Q2LREB,,,24.0,,13.0,1.0,401907.0,773036.0,1.0,0.0
DVIOHY3AGZ,,,18.6,46.0,12.0,0.0,262162.0,409662.0,0.0,0.0
G3EZ4USD3A,715.0,1014448.0,12.2,,20.0,0.0,215384.0,347842.0,0.0,0.0
H91XKPYTD9,,,15.4,,11.0,1.0,281941.0,515724.0,1.0,0.0
CPAQE0VVQE,711.0,916712.0,15.5,,6.0,0.0,273486.0,367796.0,0.0,0.0
0W30BK3P32,723.0,2543188.0,34.0,,11.0,0.0,242269.0,734338.0,0.0,0.0
KHMWQBGYRU,741.0,1114692.0,22.8,,15.0,0.0,856919.0,1319428.0,0.0,0.0
S9LD2GY33C,,,29.5,,14.0,0.0,1188222.0,1428702.0,0.0,0.0
M0RY9NZPSL,715.0,1459922.0,10.5,,8.0,0.0,113867.0,214060.0,0.0,0.0
90LY7RKDAF,740.0,1582852.0,17.6,,13.0,0.0,585238.0,892804.0,0.0,0.0
B2JT9W1JYT,,,15.9,22.0,7.0,0.0,238393.0,483406.0,0.0,0.0
8XP9IZHE1M,701.0,1687086.0,19.9,,18.0,0.0,694507.0,1472812.0,0.0,0.0
IUX19QS130,669.0,6255883.0,18.5,,11.0,0.0,1894699.0,2507252.0,0.0,0.0
2DYMDPEB17,662.0,1073253.0,24.0,,9.0,1.0,246183.0,510840.0,1.0,0.0
ESKENU8K0B,741.0,512430.0,10.8,,6.0,0.0,42978.0,56166.0,0.0,0.0
T253LO0845,700.0,628444.0,10.2,,5.0,0.0,193724.0,297506.0,0.0,0.0
PFPF42MQHK,,,,,,,,,,
1X2AO1OCVF,,,,,,,,,,
CP0SDONOIS,685.0,766327.0,16.7,,17.0,0.0,213199.0,501754.0,0.0,0.0
4ELWDXENCX,656.0,1402352.0,18.7,19.0,12.0,0.0,282815.0,575520.0,0.0,0.0
MNGVY4BJZH,733.0,855342.0,22.8,,5.0,0.0,110884.0,224840.0,0.0,0.0
5B4YSTJYKZ,714.0,1515307.0,8.2,,11.0,0.0,324178.0,637296.0,0.0,0.0
2YV6TOJCFE,735.0,572679.0,9.2,,10.0,0.0,161842.0,594880.0,0.0,0.0
3P1Q9M7KC0,747.0,485507.0,15.4,17.0,9.0,0.0,140334.0,440352.0,0.0,0.0
WIM6R7SCK6,712.0,1301671.0,15.6,,9.0,0.0,458679.0,624096.0,0.0,0.0
LCUID8USK4,7440.0,1487776.0,17.1,,9.0,0.0,387277.0,1047706.0,0.0,0.0
KZRYJZLPWJ,,,27.0,48.0,14.0,0.0,326306.0,690734.0,0.0,0.0
0E1UXJDRJX,714.0,770032.0,15.2,,11.0,0.0,127965.0,447634.0,0.0,0.0
2ZDPJ9XNRT,750.0,2150040.0,23.2,,9.0,0.0,171152.0,777194.0,0.0,0.0
CQJ9WBPPMH,7250.0,892943.0,19.4,72.0,14.0,0.0,341164.0,469700.0,0.0,0.0
D4KM94Y9FM,669.0,1042378.0,19.1,,5.0,0.0,138909.0,166672.0,0.0,0.0
FR1KSH3ZUS,744.0,2331300.0,14.1,,13.0,0.0,567834.0,985732.0,0.0,0.0
TN4K1IM8LU,,,22.5,5.0,15.0,0.0,141759.0,565972.0,0.0,0.0
MFPDWDBLD8,730.0,2838030.0,13.5,,8.0,1.0,205922.0,374902.0,1.0,0.0
R78G47IS5K,686.0,2053007.0,12.9,7.0,12.0,0.0,138244.0,291060.0,0.0,0.0
K1K9KK07GE,740.0,1484736.0,17.0,,11.0,0.0,358435.0,816992.0,0.0,0.0
LZD5GIGZ8H,740.0,1708803.0,33.5,17.0,17.0,0.0,280535.0,612854.0,0.0,0.0
8AV4AXVY3Y,743.0,1125370.0,11.9,,8.0,0.0,172482.0,229042.0,0.0,0.0
ZUFPDXMBD9,696.0,669560.0,18.2,,16.0,0.0,431490.0,999262.0,0.0,0.0
SS6HF87QCL,723.0,1583346.0,10.5,51.0,8.0,1.0,229159.0,353804.0,1.0,0.0
KLSRH63TZW,724.0,528922.0,21.3,45.0,11.0,0.0,327902.0,448272.0,0.0,0.0
1M9LQKBO2E,707.0,1439744.0,22.2,44.0,14.0,0.0,511955.0,660110.0,0.0,0.0
7KV5J8M3PW,662.0,1153452.0,12.4,38.0,5.0,1.0,248368.0,356378.0,1.0,0.0
D93ETCKAZ2,744.0,2087910.0,22.6,,11.0,0.0,381083.0,1202322.0,0.0,0.0
FZI2JWRKTX,,,14.3,29.0,8.0,0.0,39216.0,113564.0,0.0,0.0
RXEP1F75CL,663.0,941165.0,12.6,16.0,13.0,0.0,122398.0,464640.0,0.0,0.0
84FYUOU3BZ,661.0,794808.0,16.7,,19.0,1.0,462118.0,728992.0,1.0,0.0
UMGG1K69WY,726.0,3556572.0,23.0,,14.0,0.0,302328.0,1223992.0,0.0,0.0
KBHKQ5RTSF,713.0,1250846.0,21.0,37.0,17.0,0.0,308484.0,471240.0,0.0,0.0
OTZF23A49Z,,,9.5,5.0,6.0,0.0,197828.0,240108.0,0.0,0.0
84EFYP1GL9,740.0,626373.0,17.0,27.0,6.0,0.0,90421.0,132198.0,0.0,0.0
9J4LONI4IG,748.0,627722.0,29.2,,11.0,0.0,211242.0,1881462.0,0.0,0.0
2NRR5CHZEF,744.0,2245116.0,17.6,68.0,14.0,0.0,729695.0,1307922.0,0.0,0.0
YMQ4QXH6GT,737.0,1530184.0,14.0,25.0,15.0,0.0,533767.0,854854.0,0.0,0.0
86DYA7ZRRC,734.0,1147752.0,16.4,,10.0,0.0,250876.0,579832.0,0.0,0.0
26ESKWY4LO,736.0,404586.0,27.0,68.0,5.0,1.0,44878.0,109384.0,0.0,1.0
UTTZF63RH1,745.0,2233488.0,10.5,,11.0,0.0,409792.0,659010.0,0.0,0.0
5MTPBQ4QFO,684.0,1580116.0,12.6,45.0,14.0,0.0,278787.0,350878.0,0.0,0.0
80NQTD8ZN2,727.0,1802986.0,18.8,57.0,9.0,0.0,292239.0,516604.0,0.0,0.0
WIEQC1COMO,723.0,1054633.0,12.0,,9.0,0.0,206321.0,333652.0,0.0,0.0
Q6G7T0U51G,723.0,1218698.0,28.0,,15.0,0.0,360354.0,709632.0,0.0,0.0
FXXZF3SRCX,699.0,1060580.0,21.0,12.0,6.0,0.0,63270.0,207526.0,0.0,0.0
IHXX7TM7GG,715.0,443954.0,21.9,,7.0,0.0,183483.0,703494.0,0.0,0.0
EBB4CA8ZW3,728.0,453910.0,21.5,46.0,7.0,0.0,37696.0,661276.0,0.0,0.0
5TCG5PN2EE,709.0,1913680.0,12.1,9.0,19.0,0.0,265696.0,341066.0,0.0,0.0
O2U0XL0DJ9,,,18.5,25.0,11.0,1.0,69331.0,397452.0,1.0,0.0
RJAKA92PK0,698.0,2415147.0,19.0,,6.0,1.0,231572.0,427636.0,1.0,0.0
F9ZTSZPQ6T,,,20.5,,19.0,0.0,404890.0,806916.0,0.0,0.0
DH1HACHRH6,,,22.5,38.0,11.0,0.0,112233.0,262020.0,0.0,0.0
W22IT56W0W,707.0,1146612.0,9.7,27.0,9.0,0.0,97527.0,256630.0,0.0,0.0
8CJWI4AZCF,750.0,1127232.0,12.1,72.0,10.0,0.0,6859.0,330836.0,0.0,0.0
0RPMCK8MBT,6520.0,762717.0,16.0,54.0,21.0,0.0,411502.0,624470.0,0.0,0.0
8JWRPBU4TZ,704.0,1058889.0,15.8,49.0,3.0,0.0,134311.0,232100.0,0.0,0.0
5E7HMJ6PH9,708.0,452542.0,18.9,16.0,7.0,0.0,100738.0,194414.0,0.0,0.0
9GMPY4UBUR,702.0,1153338.0,22.9,13.0,12.0,0.0,73948.0,251834.0,0.0,0.0
YT8EWTOJJ5,,,,,,,,,,
SDF7888YC7,724.0,1458212.0,22.6,,12.0,0.0,574845.0,875798.0,0.0,0.0
HMPHAT7WAH,689.0,1500088.0,17.0,,6.0,0.0,205637.0,773102.0,0.0,0.0
UXL4BB6TGA,724.0,905350.0,10.1,,8.0,0.0,194294.0,371228.0,0.0,0.0
HXWC8E654L,,,10.4,,6.0,0.0,126540.0,201542.0,0.0,0.0
LLYY9L8TAY,722.0,1263044.0,10.7,,8.0,0.0,98895.0,339768.0,0.0,0.0
NREOWGQHDS,736.0,853138.0,23.9,,7.0,2.0,137408.0,516604.0,2.0,0.0
BTT9NCYMK2,724.0,889029.0,16.7,78.0,9.0,0.0,25118.0,182974.0,0.0,0.0
PWACHY08B2,738.0,1710114.0,14.7,,9.0,0.0,600685.0,714120.0,0.0,0.0
14VT70IS6V,716.0,2760795.0,22.4,10.0,9.0,0.0,505723.0,875292.0,0.0,0.0
KB41EZV27W,661.0,1074640.0,16.0,,10.0,0.0,154983.0,237688.0,0.0,0.0
LNQLQ52FPL,746.0,1263956.0,17.8,25.0,8.0,0.0,183198.0,361372.0,0.0,0.0
9V7KP3LA4J,,,,,,,,,,
DX0R2906Z6,723.0,935199.0,12.0,53.0,6.0,0.0,40603.0,137038.0,0.0,0.0
GS8P7NUIQ2,744.0,558942.0,12.4,,4.0,0.0,5092.0,32362.0,0.0,0.0
J9CX1LBOX2,702.0,2720572.0,23.8,,25.0,0.0,775029.0,1745898.0,0.0,0.0
74F14DM1BE,723.0,1412327.0,26.6,12.0,8.0,2.0,15941.0,137830.0,0.0,0.0
LT9O6DLIWB,726.0,1854970.0,16.7,21.0,11.0,0.0,40451.0,195206.0,0.0,0.0
7H93JJASZ8,,,,,,,,,,
G07VK6WM5C,,,22.8,37.0,6.0,0.0,42997.0,65340.0,0.0,0.0
F04K0Q99TC,698.0,1965721.0,26.5,,4.0,0.0,731956.0,1039896.0,0.0,0.0
4YWR68JUTU,749.0,964915.0,14.2,,9.0,0.0,97185.0,770770.0,0.0,0.0
VWOY0N0XUX,745.0,2907570.0,18.5,,10.0,0.0,485355.0,1718618.0,0.0,0.0
NU16GB1C4I,733.0,945345.0,17.4,,19.0,0.0,612712.0,783926.0,0.0,0.0
BO8J8PE67H,727.0,872366.0,9.0,75.0,43.0,0.0,216904.0,1609960.0,0.0,0.0
ET5I6F215C,740.0,2192220.0,14.0,15.0,11.0,0.0,268432.0,328922.0,0.0,0.0
NX4USL3LM8,7060.0,2551016.0,20.2,44.0,19.0,0.0,632947.0,882970.0,0.0,0.0
TZXRGFR8KB,702.0,1068712.0,14.9,,20.0,1.0,111777.0,130218.0,0.0,0.0
IB2JJLGX75,7400.0,1231181.0,18.9,,10.0,0.0,68400.0,235004.0,0.0,0.0
Q4AERDZBUY,703.0,950703.0,11.0,,6.0,0.0,39159.0,91784.0,0.0,0.0
EXA1N11NU7,708.0,916522.0,24.3,,7.0,0.0,436145.0,597674.0,0.0,0.0
SVCTFXIH84,702.0,2379503.0,12.5,,9.0,0.0,66462.0,139172.0,0.0,0.0
14A46U55WU,719.0,1147790.0,9.4,,16.0,1.0,87419.0,937332.0,1.0,0.0
A8G2R8RCG0,747.0,1248832.0,21.1,,9.0,1.0,48488.0,182314.0,1.0,0.0
OZFVCS4TNO,750.0,2288664.0,19.0,0.0,7.0,0.0,42465.0,1294216.0,,0.0
NTZAD3ELW7,743.0,754300.0,15.9,,18.0,0.0,358188.0,755436.0,0.0,0.0
CFWPW24V97,7010.0,3107184.0,15.5,,16.0,0.0,578911.0,692472.0,0.0,0.0
VOCIA2D3ZE,666.0,862448.0,30.1,,13.0,0.0,348365.0,490710.0,0.0,0.0
4WXB1UT4H3,718.0,713849.0,13.8,67.0,8.0,1.0,43890.0,66000.0,1.0,0.0
3WLYLOZHLV,738.0,2435914.0,15.8,,7.0,0.0,41629.0,408562.0,0.0,0.0
SBC4DY2B0F,,,15.2,,13.0,0.0,392540.0,990242.0,0.0,0.0
1NRGB7GC57,713.0,1504800.0,24.7,44.0,18.0,0.0,193021.0,1006786.0,0.0,0.0
U4Z2GS8ZIQ,651.0,2642406.0,12.6,15.0,12.0,0.0,195244.0,326238.0,0.0,0.0
BECSYU5FXC,744.0,642637.0,26.1,,7.0,0.0,205903.0,414634.0,0.0,0.0
95YI2EJ05A,735.0,519099.0,11.0,,4.0,0.0,85557.0,113476.0,0.0,0.0
UXYHWEFUYS,710.0,1107700.0,23.1,10.0,11.0,0.0,357675.0,513194.0,0.0,0.0
JCWQSDMILI,732.0,1323141.0,17.4,,12.0,0.0,178543.0,1476706.0,0.0,0.0
GO97905K92,718.0,653638.0,13.8,,10.0,0.0,173622.0,229240.0,0.0,0.0
MV56E1J9QR,743.0,735566.0,18.1,,10.0,1.0,112556.0,352242.0,1.0,0.0
RTSAFU4M9L,7050.0,3299198.0,19.1,8.0,22.0,2.0,230945.0,793496.0,2.0,0.0
F83S5PUL3I,,,13.8,,11.0,0.0,314925.0,482328.0,0.0,0.0
LOHE868BQT,751.0,1676142.0,22.6,,8.0,0.0,293854.0,1604922.0,0.0,0.0
MT314QOUMP,,,22.0,63.0,9.0,0.0,354483.0,658834.0,0.0,0.0
F77W6W7HM6,737.0,5879455.0,20.3,,14.0,0.0,150328.0,455686.0,0.0,0.0
FVHUU2TG46,,,,,,,,,,
7DHFJF1A84,747.0,971470.0,21.1,,7.0,0.0,170373.0,798688.0,0.0,0.0
CBCTNAGAXT,,,18.6,,16.0,0.0,240920.0,429176.0,0.0,0.0
WRHI4RB2MP,745.0,1664286.0,14.5,,18.0,0.0,220761.0,676280.0,0.0,0.0
F2QVEW8E5O,725.0,1680246.0,16.5,,12.0,0.0,560671.0,985138.0,0.0,0.0
WDP1EDKCI6,750.0,1282766.0,17.8,,5.0,0.0,284202.0,637758.0,0.0,0.0
2F0B6K8TZD,684.0,1229870.0,27.3,44.0,11.0,0.0,110789.0,253506.0,0.0,0.0
VQE6BNI33P,745.0,1787843.0,16.5,,21.0,0.0,775428.0,1012242.0,0.0,0.0
692KNF1J3K,727.0,802313.0,9.0,,14.0,0.0,148599.0,651750.0,0.0,0.0
5RQGKW320Z,742.0,1309917.0,15.4,,7.0,0.0,283385.0,494186.0,0.0,0.0
V76YKGYLHT,731.0,1017469.0,21.5,5.0,18.0,0.0,282910.0,938630.0,0.0,0.0
9KT92ZBQPC,709.0,800869.0,13.2,3.0,8.0,0.0,510321.0,986502.0,0.0,0.0
PF5WHLPD6J,700.0,8526364.0,21.5,53.0,12.0,1.0,56297.0,94204.0,1.0,0.0
5HGTZL37RL,,,14.5,44.0,37.0,0.0,785460.0,1612556.0,0.0,0.0
FAIQZ6KBEL,6970.0,849794.0,16.5,7.0,15.0,1.0,173660.0,349690.0,0.0,1.0
CQSH74AS5B,707.0,1032764.0,7.7,,9.0,2.0,265031.0,405394.0,0.0,2.0
51WGIZNB5C,,,12.3,80.0,8.0,0.0,105925.0,298430.0,0.0,0.0
7LWNMLED88,708.0,641478.0,9.7,,5.0,0.0,143203.0,184668.0,0.0,0.0
AC4N68YFYB,,,,,,,,,,
37A6SLQ9RE,710.0,518339.0,17.4,15.0,4.0,1.0,58216.0,75900.0,1.0,0.0
A32FDKEW85,751.0,1424867.0,26.1,0.0,41.0,0.0,115767.0,4787662.0,,0.0
NEBSQLZMU6,717.0,592059.0,41.7,28.0,4.0,0.0,93423.0,141592.0,0.0,0.0
EVGDLFYB5F,,,11.5,,8.0,1.0,202730.0,291236.0,1.0,0.0
ODGOJ3X51A,724.0,507623.0,6.3,,7.0,0.0,5700.0,471020.0,0.0,0.0
M6BZAH4CXK,729.0,1643405.0,16.2,17.0,10.0,0.0,347092.0,459316.0,0.0,0.0
F3KIKQB2BO,700.0,1532407.0,25.5,73.0,12.0,0.0,758176.0,1061544.0,0.0,0.0
3I0JDO0E0R,653.0,1058167.0,12.5,,9.0,1.0,112214.0,176088.0,1.0,0.0
JWEQNXCYXP,683.0,1585132.0,19.8,,11.0,0.0,408804.0,570306.0,0.0,0.0
ZAXH658F57,703.0,765396.0,19.6,34.0,13.0,0.0,208563.0,316932.0,0.0,0.0
Y1R3Q7B3UO,629.0,1817635.0,17.2,53.0,18.0,0.0,618355.0,978142.0,0.0,0.0
B8BZAK1832,,,,,,,,,,
0RB3RTA4H0,744.0,379430.0,11.3,,6.0,0.0,122949.0,329538.0,0.0,0.0
O2NAVHVKBC,731.0,903089.0,18.0,28.0,7.0,0.0,60895.0,104610.0,0.0,0.0
XZ68PNL4LG,707.0,2290488.0,16.0,48.0,10.0,0.0,321784.0,486398.0,0.0,0.0
FIF41U16FE,743.0,1587393.0,13.9,,17.0,0.0,466982.0,856922.0,0.0,0.0
GA2U0OMU0B,739.0,847951.0,14.2,,18.0,0.0,783427.0,2043096.0,0.0,0.0
R775XZX8XP,,,10.0,45.0,5.0,0.0,49172.0,237226.0,0.0,0.0
F1K7XYTJ88,697.0,1669986.0,16.1,49.0,11.0,0.0,30761.0,59378.0,0.0,0.0
57OKEH481L,,,10.9,,16.0,0.0,450623.0,791758.0,0.0,0.0
J48DQD9GUH,742.0,657096.0,9.3,,7.0,0.0,107274.0,254540.0,0.0,0.0
M5FJECJU5N,719.0,818026.0,22.9,15.0,9.0,0.0,49913.0,124828.0,0.0,0.0
SIECV9KZTV,,,24.1,,7.0,1.0,290985.0,571076.0,1.0,0.0
J6LMRCKGHX,737.0,1532464.0,29.8,,11.0,0.0,178011.0,606232.0,0.0,0.0
1YLWE9G2ME,,,16.9,75.0,8.0,0.0,499529.0,652080.0,0.0,0.0
07MUB1U4IE,697.0,930069.0,12.7,15.0,14.0,0.0,153501.0,550264.0,0.0,0.0
6S5W6A1EYJ,739.0,1153224.0,32.6,,6.0,1.0,106799.0,242484.0,1.0,0.0
7O518TO4QH,718.0,591660.0,13.9,,8.0,1.0,57836.0,323488.0,1.0,0.0
80LQA345UX,717.0,1177848.0,18.7,78.0,7.0,0.0,276754.0,494538.0,0.0,0.0
YAVMYUW8KH,699.0,3129604.0,21.2,,10.0,1.0,14991.0,39820.0,1.0,0.0
GRAA3WUIAQ,740.0,2394171.0,14.4,,20.0,0.0,353438.0,1149544.0,0.0,0.0
Y5S75A73F2,,,10.0,,9.0,0.0,200678.0,425590.0,0.0,0.0
QPWJM69D4E,747.0,1928880.0,25.9,,26.0,0.0,588373.0,3423442.0,0.0,0.0
06HWBI4NIA,708.0,1602897.0,16.3,24.0,4.0,0.0,9709.0,17468.0,0.0,0.0
YADM51BT83,,,17.9,,8.0,1.0,302024.0,434962.0,1.0,0.0
QO19US26CP,709.0,761976.0,8.2,,7.0,0.0,164863.0,275858.0,0.0,0.0
OUSDMPOT3C,673.0,1858998.0,10.7,,21.0,1.0,428469.0,1172864.0,0.0,1.0
7TM4VHGCMR,668.0,955605.0,15.4,37.0,13.0,0.0,154204.0,409508.0,0.0,0.0
FY7ILFAAZ3,735.0,1286870.0,22.4,38.0,16.0,0.0,415834.0,633556.0,0.0,0.0
SECW3QJ9DE,739.0,529511.0,10.1,,6.0,0.0,26087.0,272118.0,0.0,0.0
SJSKXBX23D,690.0,1888410.0,16.5,,11.0,0.0,97869.0,602822.0,0.0,0.0
I91Y4O3D64,6240.0,1937810.0,23.0,,11.0,0.0,358777.0,661518.0,0.0,0.0
URWFMEF74X,,,20.5,,5.0,0.0,13737.0,44286.0,0.0,0.0
4FROXJWT0O,735.0,1386601.0,18.0,,9.0,0.0,240768.0,567776.0,0.0,0.0
OYQKDZRV26,746.0,523697.0,9.0,26.0,20.0,0.0,89281.0,494670.0,0.0,0.0
QVDI0L2EDG,,,37.5,,8.0,0.0,229862.0,306636.0,0.0,0.0
RVIKX9YIP5,736.0,1333990.0,34.2,39.0,22.0,0.0,110542.0,1084776.0,0.0,0.0
8OMR2AQ2P4,706.0,12574770.0,16.9,23.0,16.0,0.0,69825.0,594440.0,0.0,0.0
PWEIN6D5L6,,,7.7,46.0,7.0,0.0,104234.0,179322.0,0.0,0.0
K01ICGVYLR,700.0,857489.0,18.9,,15.0,1.0,317433.0,597674.0,1.0,0.0
9TLMBIDHVD,729.0,369740.0,10.8,,11.0,0.0,96425.0,198660.0,0.0,0.0
Y4E27473PV,747.0,1871880.0,15.8,8.0,14.0,0.0,182115.0,440220.0,0.0,0.0
47LR2R79DI,688.0,757511.0,12.0,,7.0,0.0,150746.0,250426.0,0.0,0.0
STXEN1QX5Z,,,,,,,,,,
O8R19QASOB,705.0,1127859.0,18.6,27.0,9.0,0.0,462669.0,752400.0,0.0,0.0
VQKFBJRJR2,733.0,1693584.0,12.0,,12.0,0.0,370747.0,727584.0,0.0,0.0
USI76WGQYY,734.0,676343.0,17.6,,5.0,0.0,0.0,0.0,0.0,0.0
HMCGHUE76R,740.0,1043537.0,22.5,,6.0,1.0,200982.0,263560.0,1.0,0.0
LU32Q1VFS4,714.0,948005.0,11.1,73.0,8.0,0.0,50825.0,127402.0,0.0,0.0
2N5LDIUB95,748.0,2501369.0,18.6,44.0,12.0,0.0,226043.0,400818.0,0.0,0.0
9COULBISLI,728.0,1877390.0,16.9,,11.0,0.0,666805.0,1562946.0,0.0,0.0
4SDLU9BYW1,740.0,1627920.0,19.2,,12.0,0.0,859161.0,1120262.0,0.0,0.0
UNONP0X5AW,718.0,999989.0,11.4,40.0,6.0,0.0,61218.0,94908.0,0.0,0.0
F8ZF1QDAUO,665.0,956840.0,8.9,,10.0,0.0,307173.0,558338.0,0.0,0.0
J7WC66ON5H,,,25.5,,7.0,0.0,704957.0,1174492.0,0.0,0.0
XDEZ22I81U,702.0,638723.0,21.5,45.0,11.0,1.0,148599.0,458810.0,1.0,0.0
TRYJRIPJ0B,701.0,1277465.0,20.6,45.0,15.0,0.0,246259.0,476850.0,0.0,0.0
CKXMNDKTT7,694.0,520087.0,24.7,53.0,17.0,0.0,98629.0,139766.0,0.0,0.0
OM1HSDBNKQ,704.0,1279118.0,12.4,,8.0,0.0,346788.0,531146.0,0.0,0.0
3VMR2A7I1G,7440.0,1381110.0,16.2,9.0,12.0,0.0,68362.0,315326.0,0.0,0.0
H7YF0DDO8U,706.0,1745568.0,16.7,47.0,9.0,0.0,360981.0,507254.0,0.0,0.0
AVPHXJUZQ0,716.0,831231.0,40.7,,6.0,1.0,206492.0,385022.0,1.0,0.0
FWHJ5NRLVZ,673.0,2050461.0,18.0,59.0,11.0,0.0,280269.0,414458.0,0.0,0.0
QG3BTTP27Q,693.0,815765.0,13.6,,16.0,0.0,213066.0,763796.0,0.0,0.0
8R582CC5T0,,,8.2,,4.0,0.0,85633.0,126632.0,0.0,0.0
OD03XEER7K,716.0,460655.0,9.9,,6.0,0.0,117059.0,132880.0,0.0,0.0
FTCK25IEZG,,,15.7,,18.0,0.0,306394.0,551738.0,0.0,0.0
9IOKXL3T8V,704.0,509599.0,38.7,,12.0,0.0,578474.0,836220.0,0.0,0.0
2UHOO2AE8K,741.0,223896.0,15.7,,11.0,0.0,52022.0,97152.0,0.0,0.0
W7I60LZQ1D,723.0,996892.0,12.8,,14.0,0.0,209836.0,310684.0,0.0,0.0
WY77XEBDGC,717.0,611382.0,13.8,,6.0,0.0,51699.0,66506.0,0.0,0.0
Z24U9EEUGF,718.0,1576088.0,20.9,,7.0,1.0,57171.0,90178.0,0.0,0.0
KWNU2X3JH0,734.0,1253658.0,15.5,,14.0,1.0,149644.0,1264780.0,1.0,0.0
9LL7OGWYGT,699.0,1324110.0,22.5,,8.0,0.0,211983.0,442288.0,0.0,0.0
J6W7FDYBV2,687.0,1345998.0,17.4,,5.0,0.0,274550.0,392458.0,0.0,0.0
T7SG2O1WQW,7190.0,1080169.0,17.9,,6.0,1.0,61788.0,260150.0,0.0,0.0
7YLQT4EZKE,733.0,772616.0,31.7,48.0,7.0,0.0,182571.0,306372.0,0.0,0.0
0JLPWR0B73,,,,,,,,,,
THMKXPZ638,696.0,1292266.0,21.2,,13.0,1.0,520239.0,822932.0,1.0,0.0
3VGUIJTBAS,717.0,1037400.0,16.6,,7.0,0.0,81453.0,113652.0,0.0,0.0
RVVRXLHGVO,,,21.3,,14.0,0.0,751241.0,1775224.0,0.0,0.0
VG5BCHTBTM,728.0,9336600.0,11.1,58.0,6.0,0.0,102543.0,145860.0,0.0,0.0
RUW97856GL,,,15.6,,6.0,0.0,168321.0,287452.0,0.0,0.0
4T5HQGREAP,715.0,1164092.0,14.5,,9.0,0.0,351120.0,452254.0,0.0,0.0
0DHLHQIDJG,7290.0,1048268.0,18.5,34.0,14.0,1.0,321917.0,537108.0,1.0,0.0
OFGFBAU39V,737.0,3022976.0,42.0,7.0,9.0,0.0,59014.0,116028.0,0.0,0.0
YN1OFXCMUJ,715.0,449711.0,18.5,32.0,12.0,0.0,132449.0,570152.0,0.0,0.0
NT1U6LDGFZ,748.0,1036127.0,22.0,43.0,15.0,0.0,124089.0,588874.0,0.0,0.0
ID5Q44DY85,,,,,,,,,,
PJDAMRX5IR,742.0,2406825.0,13.6,,10.0,1.0,580963.0,1067792.0,1.0,0.0
PH7GUIAJ35,,,11.0,,9.0,0.0,333697.0,845482.0,0.0,0.0
AT5HUESAC9,723.0,1097231.0,28.8,65.0,7.0,1.0,48944.0,88572.0,1.0,0.0
5NX137G2NY,696.0,1066223.0,14.0,31.0,10.0,0.0,109573.0,229438.0,0.0,0.0
AZR0D0SUER,745.0,2334720.0,24.5,15.0,15.0,0.0,65227.0,403920.0,0.0,0.0
1T399MI7QS,662.0,648774.0,28.5,,7.0,1.0,108547.0,210188.0,1.0,0.0
WM3A7VOC1Z,736.0,850896.0,18.9,,6.0,2.0,90478.0,181566.0,0.0,2.0
ZRGZJC26LD,,,17.4,,18.0,0.0,408063.0,1936440.0,0.0,0.0
X4SCA9SD16,6720.0,674253.0,14.7,19.0,19.0,0.0,276051.0,1220010.0,0.0,0.0
XFXA0QJEMZ,,,20.5,,18.0,0.0,547656.0,1031118.0,0.0,0.0
6N48J6C1FY,732.0,472435.0,13.5,,4.0,0.0,65322.0,185856.0,0.0,0.0
479EDEDTLL,662.0,1274919.0,13.2,,10.0,0.0,456817.0,611490.0,0.0,0.0
IHW86TCEL2,740.0,1391522.0,18.3,,10.0,1.0,197087.0,519838.0,1.0,0.0
9RCQUQBUJR,751.0,2320375.0,21.5,,17.0,1.0,205181.0,794574.0,1.0,0.0
LDL3VZ3QBW,680.0,269781.0,7.7,34.0,9.0,0.0,103778.0,278828.0,0.0,0.0
TKL5605REQ,747.0,649800.0,9.7,30.0,4.0,0.0,6669.0,94138.0,0.0,0.0
61NWVBU7CA,730.0,1916340.0,11.7,,13.0,0.0,351747.0,568040.0,0.0,0.0
543RDNON6F,699.0,839876.0,14.2,10.0,6.0,1.0,152893.0,283250.0,1.0,0.0
A7YTJ21EHV,719.0,2157279.0,17.9,,13.0,0.0,102087.0,537262.0,0.0,0.0
9B892N7Y99,,,25.7,9.0,11.0,0.0,684551.0,949278.0,0.0,0.0
764QBB7L43,724.0,2058232.0,29.8,,18.0,0.0,1076711.0,1596320.0,0.0,0.0
DSG3W571QE,740.0,1026152.0,15.7,,6.0,0.0,60173.0,458392.0,0.0,0.0
6KJDTOZ4SO,709.0,1220256.0,14.0,71.0,10.0,0.0,36157.0,228800.0,0.0,0.0
QGVVOW7NRI,674.0,930715.0,8.9,,17.0,0.0,263834.0,325358.0,0.0,0.0
XHXD31ASXG,700.0,659338.0,10.8,60.0,6.0,0.0,132848.0,187814.0,0.0,0.0
PH82I0AX64,731.0,566637.0,15.4,77.0,12.0,0.0,308142.0,616220.0,0.0,0.0
TL2MFCWNAD,744.0,698250.0,11.5,63.0,9.0,0.0,70737.0,286374.0,0.0,0.0
D0VUZ21QW5,6830.0,1542952.0,20.2,,17.0,0.0,657058.0,835142.0,0.0,0.0
MBFTNAFWD9,,,19.6,15.0,10.0,0.0,119795.0,270930.0,0.0,0.0
DM6QNIJ6N8,704.0,1056077.0,16.5,,4.0,0.0,326420.0,424666.0,0.0,0.0
OTWR7SW017,724.0,987905.0,11.4,59.0,7.0,0.0,39748.0,446798.0,0.0,0.0
TCI2UTZ0XK,,,21.1,46.0,13.0,0.0,335293.0,1112430.0,0.0,0.0
XZFI2VDPI6,722.0,2525765.0,19.9,,16.0,0.0,1402884.0,1917828.0,0.0,0.0
N5ILZ6GHUD,723.0,1559805.0,15.7,,12.0,0.0,560272.0,716034.0,0.0,0.0
2GLF6RBO99,726.0,3452832.0,21.5,13.0,9.0,0.0,0.0,0.0,0.0,0.0
YDL89LKKZZ,747.0,1250618.0,40.3,,13.0,0.0,122208.0,1131966.0,0.0,0.0
LJMMOMTYLQ,724.0,887718.0,9.8,,6.0,0.0,40945.0,282238.0,0.0,0.0
XXOISYA434,647.0,651567.0,8.8,,9.0,0.0,82156.0,103510.0,0.0,0.0
0HX94SRW1R,655.0,729372.0,19.4,,9.0,0.0,308864.0,524392.0,0.0,0.0
G9DGOBWQR6,7060.0,677179.0,9.0,,9.0,0.0,287090.0,356290.0,0.0,0.0
WC8UGE6GKA,743.0,991686.0,26.0,48.0,14.0,0.0,429172.0,911812.0,0.0,0.0
5ZGO87MRH0,704.0,2708678.0,31.8,16.0,13.0,0.0,584877.0,774862.0,0.0,0.0
5Z2T4CPRJY,695.0,431034.0,11.4,,6.0,0.0,89547.0,148324.0,0.0,0.0
6TBPXWOWIM,,,17.9,47.0,13.0,0.0,508459.0,700876.0,0.0,0.0
0IHW38NISB,690.0,799273.0,17.6,37.0,22.0,0.0,348878.0,709984.0,0.0,0.0
T2G42OT8T1,,,11.4,,20.0,0.0,209171.0,1542684.0,0.0,0.0
MYTO4SOJR0,725.0,879947.0,20.5,48.0,11.0,0.0,151126.0,181720.0,0.0,0.0
NCJYMLCE1M,721.0,1179881.0,16.9,68.0,14.0,0.0,158004.0,775236.0,0.0,0.0
2OK4JD60XX,749.0,1161147.0,21.2,,10.0,0.0,146699.0,959662.0,0.0,0.0
5BZV0Y2YN1,,,33.0,,11.0,0.0,267748.0,1260270.0,0.0,0.0
X95GL1GXZ8,696.0,375706.0,17.7,,15.0,1.0,168473.0,330616.0,1.0,0.0
GRL0JQOT3A,,,18.3,19.0,7.0,0.0,160797.0,503184.0,0.0,0.0
S9UCQV7Y42,715.0,1334389.0,20.6,9.0,14.0,0.0,403218.0,1032900.0,0.0,0.0
Q38K18DT21,728.0,989786.0,16.6,,8.0,0.0,279186.0,537900.0,0.0,0.0
RIY2D7OBKS,746.0,3224965.0,17.9,61.0,13.0,0.0,459971.0,860398.0,0.0,0.0
ZJDQ5NK7NC,741.0,1391446.0,15.8,,6.0,0.0,360240.0,518804.0,0.0,0.0
5KLELU0Q2G,748.0,622896.0,17.8,,5.0,0.0,16207.0,228976.0,0.0,0.0
MNKRNHARHD,703.0,1793980.0,17.5,,14.0,0.0,458375.0,700194.0,0.0,0.0
A2P8REXWQT,735.0,1990991.0,27.9,10.0,12.0,0.0,499624.0,1038620.0,0.0,0.0
5CJ9QECDMJ,706.0,842517.0,15.0,36.0,6.0,0.0,120156.0,148324.0,0.0,0.0
DMCK8OC2NT,,,22.9,66.0,11.0,0.0,289598.0,615274.0,0.0,0.0
6K7RB3RUEA,738.0,1120848.0,12.9,,9.0,0.0,159847.0,199012.0,0.0,0.0
CO2G84MMVK,7180.0,654170.0,12.1,8.0,19.0,0.0,261687.0,569558.0,0.0,0.0
KB0SJ326UO,706.0,542431.0,10.6,,9.0,0.0,224675.0,466224.0,0.0,0.0
7TOMATCDI9,746.0,427994.0,4.9,,5.0,0.0,77311.0,291610.0,0.0,0.0
FXPWCNWNIQ,749.0,383002.0,11.7,,11.0,0.0,11495.0,105578.0,0.0,0.0
OQSKIR4NXR,747.0,2074116.0,21.8,,9.0,0.0,621908.0,1058970.0,0.0,0.0
DHUYG0AXNS,722.0,1813664.0,13.1,51.0,7.0,0.0,115520.0,316228.0,0.0,0.0
1AFB7KR1ER,742.0,1100233.0,18.4,28.0,11.0,0.0,151696.0,355564.0,0.0,0.0
PUNCCM3CLT,,,11.4,,10.0,1.0,109212.0,171358.0,0.0,1.0
86OOI4NW8B,747.0,4112284.0,29.4,,14.0,0.0,1573352.0,2587772.0,0.0,0.0
27YTERMRX5,699.0,2364132.0,22.5,42.0,17.0,3.0,62548.0,624404.0,0.0,3.0
5V3064RFEU,,,,,,,,,,
1KOREKLFKA,,,14.1,,8.0,0.0,337307.0,472252.0,0.0,0.0
G7QCB29A3N,749.0,2677556.0,13.9,42.0,6.0,0.0,46740.0,320254.0,0.0,0.0
JCQ2YQ20T8,740.0,2388452.0,16.8,33.0,12.0,0.0,396644.0,582824.0,0.0,0.0
VSJIIXA4V6,724.0,660953.0,7.8,,15.0,0.0,212572.0,496276.0,0.0,0.0
J1CVHW8UOX,710.0,634315.0,15.0,,8.0,1.0,60857.0,127424.0,1.0,0.0
JK2HRWQNOZ,,,13.9,8.0,8.0,0.0,70129.0,103048.0,0.0,0.0
A2G314ILMP,742.0,1587545.0,17.7,12.0,8.0,0.0,223079.0,499620.0,0.0,0.0
UQXHU99RCU,,,17.2,44.0,6.0,0.0,249052.0,420376.0,0.0,0.0
7DD4F8JZL1,739.0,2695112.0,22.4,15.0,10.0,0.0,238982.0,404558.0,0.0,0.0
5T255TBIVI,725.0,879586.0,8.1,,18.0,0.0,343159.0,641916.0,0.0,0.0
CMAT4J5855,,,13.5,,12.0,0.0,358530.0,988416.0,0.0,0.0
4PWQPCVTQY,734.0,687553.0,19.1,38.0,10.0,0.0,101308.0,238876.0,0.0,0.0
JOWSMXSW8H,736.0,2118006.0,17.1,59.0,12.0,0.0,153007.0,249524.0,0.0,0.0
Q2G7G1IBFB,743.0,1732230.0,19.8,,12.0,0.0,170544.0,615164.0,0.0,0.0
WUADTG4QDH,735.0,1892400.0,14.5,32.0,22.0,0.0,619552.0,1559514.0,0.0,0.0
XB0TAB41UG,716.0,586226.0,11.6,,21.0,0.0,99123.0,600952.0,0.0,0.0
PX9L5T4P3G,730.0,815404.0,11.0,46.0,7.0,0.0,82289.0,233574.0,0.0,0.0
X9IGE81SJH,724.0,1348031.0,23.7,,7.0,0.0,64828.0,573078.0,0.0,0.0
F96RQWK6JQ,707.0,1781896.0,19.0,11.0,17.0,0.0,197296.0,530068.0,0.0,0.0
9770W6J07H,,,18.5,,14.0,0.0,353191.0,857362.0,0.0,0.0
XXBQC5P3XV,731.0,3867089.0,13.8,3.0,19.0,0.0,265278.0,1133418.0,0.0,0.0
KFT3GXHFFU,725.0,1119195.0,16.7,,3.0,0.0,269857.0,384340.0,0.0,0.0
VOE229ZRE1,743.0,2236680.0,21.5,21.0,18.0,0.0,472986.0,879076.0,0.0,0.0
8NU84X1E1R,692.0,583167.0,15.1,,4.0,0.0,151753.0,227326.0,0.0,0.0
QQF5APIZ60,720.0,860643.0,16.9,45.0,15.0,0.0,152171.0,299134.0,0.0,0.0
I4KQGMQBAI,710.0,1403397.0,31.0,,9.0,0.0,634106.0,784432.0,0.0,0.0
DFSSCZUXVZ,722.0,1805551.0,17.5,59.0,14.0,0.0,291251.0,475640.0,0.0,0.0
2D74MR0AR8,734.0,1155276.0,15.4,,11.0,0.0,279357.0,421190.0,0.0,0.0
SCSCKMTEOQ,,,15.4,79.0,3.0,0.0,76209.0,124102.0,0.0,0.0
X42XLIYRV4,683.0,811965.0,12.0,,9.0,0.0,380076.0,492272.0,0.0,0.0
U88PUZ6XE9,7390.0,1060884.0,15.8,,13.0,0.0,202730.0,241252.0,0.0,0.0
I53NQ4HRGA,,,13.4,,19.0,0.0,96482.0,1214378.0,0.0,0.0
KQGVR7Y82C,731.0,778202.0,14.9,68.0,7.0,0.0,134900.0,171666.0,0.0,0.0
Z0LN0D46U4,719.0,1672551.0,25.6,,22.0,0.0,155477.0,538978.0,0.0,0.0
TC9NBQE2RR,,,18.8,,4.0,0.0,123253.0,189794.0,0.0,0.0
ECZ1Q7KMIE,,,26.6,34.0,8.0,1.0,159543.0,543334.0,1.0,0.0
KTGV6PB51P,,,13.9,62.0,17.0,0.0,214833.0,348898.0,0.0,0.0
3YA77UB32L,668.0,1218850.0,12.5,53.0,18.0,0.0,89224.0,453156.0,0.0,0.0
ZAQGQV750Y,732.0,1887213.0,19.1,9.0,30.0,1.0,602984.0,1568952.0,0.0,1.0
GTD0XLEYPB,740.0,1206386.0,18.0,30.0,18.0,0.0,582768.0,933306.0,0.0,0.0
TYBZO7ASXK,,,15.3,31.0,8.0,0.0,92853.0,121088.0,0.0,0.0
O1UHIM5A66,740.0,1168804.0,26.3,6.0,14.0,0.0,718618.0,1122924.0,0.0,0.0
A776Q0NH9K,676.0,793288.0,16.5,,14.0,0.0,384427.0,623436.0,0.0,0.0
OE2KZWKZK2,743.0,1036165.0,31.8,,15.0,0.0,318174.0,435468.0,0.0,0.0
68IN77NHWK,721.0,2044077.0,17.4,8.0,16.0,0.0,394896.0,944724.0,0.0,0.0
KZWCCIV09Y,,,,,,,,,,
TMPZ8F81WD,,,20.2,49.0,22.0,0.0,279186.0,1561626.0,0.0,0.0
SO7O519G0I,,,20.3,,11.0,0.0,143925.0,181940.0,0.0,0.0
2DMJSSDE0Z,740.0,1938646.0,19.8,76.0,9.0,0.0,34390.0,343244.0,0.0,0.0
AVIVZAMGRY,7230.0,842859.0,12.8,,10.0,0.0,296571.0,798600.0,0.0,0.0
DE8565V1ZV,724.0,1637629.0,17.0,,9.0,0.0,285323.0,372878.0,0.0,0.0
PEOUFG81VZ,7420.0,1339025.0,17.7,,13.0,0.0,536028.0,1317734.0,0.0,0.0
O972Z4CBLB,721.0,797848.0,20.5,26.0,12.0,0.0,193002.0,360448.0,0.0,0.0
UAYVSDUO60,723.0,480795.0,16.6,,11.0,0.0,126825.0,327074.0,0.0,0.0
VRBGSRNNJ5,710.0,1452474.0,18.5,11.0,7.0,0.0,33288.0,50248.0,0.0,0.0
DBIE7SGH7C,728.0,1699056.0,19.3,,11.0,0.0,1615000.0,4240368.0,0.0,0.0
EEI3MA3XWS,,,32.9,19.0,10.0,0.0,141645.0,396132.0,0.0,0.0
LA5OZTX9N0,,,14.1,10.0,2.0,0.0,28918.0,33396.0,0.0,0.0
L9VXBYCEEP,,,16.1,,7.0,0.0,110580.0,158092.0,0.0,0.0
TM0JOJDYG2,670.0,1348981.0,12.3,41.0,5.0,0.0,89756.0,108482.0,0.0,0.0
1SW8UPUWBV,708.0,875653.0,9.7,,4.0,0.0,31445.0,46266.0,0.0,0.0
RJT7R7AA75,642.0,1089403.0,31.9,29.0,13.0,0.0,30400.0,246136.0,0.0,0.0
92E3UYDGOI,,,20.8,25.0,16.0,0.0,74822.0,1293006.0,0.0,0.0
L2LRS91QAJ,736.0,1160862.0,11.3,,12.0,0.0,140106.0,198066.0,0.0,0.0
FMZFGU2FKV,675.0,1441967.0,15.3,6.0,15.0,0.0,313785.0,507452.0,0.0,0.0
9TUR8ZO3FQ,693.0,493316.0,13.0,40.0,11.0,0.0,114779.0,214324.0,0.0,0.0
BVY7XC9CKI,,,11.4,,7.0,0.0,66234.0,177122.0,0.0,0.0
84VTDWPAQ2,657.0,928720.0,20.9,76.0,9.0,3.0,35207.0,199782.0,3.0,0.0
7Z0I5PSEF0,722.0,2241468.0,23.7,47.0,5.0,0.0,506065.0,761002.0,0.0,0.0
1TNQ49O8AI,707.0,1977254.0,22.6,41.0,13.0,0.0,316160.0,416460.0,0.0,0.0
GIXJOWG0IF,669.0,304361.0,13.8,62.0,5.0,0.0,78014.0,121088.0,0.0,0.0
VL5EKFTS21,712.0,1263652.0,18.7,73.0,10.0,0.0,86336.0,146366.0,0.0,0.0
TYKOJNLQK8,739.0,1784784.0,22.6,39.0,5.0,0.0,202996.0,247940.0,0.0,0.0
70Z1PV4VQW,,,15.4,20.0,10.0,0.0,206891.0,363528.0,0.0,0.0
M0O1BTI0CE,668.0,985720.0,19.6,10.0,26.0,0.0,166896.0,520850.0,0.0,0.0
477G6SF1WG,673.0,1458136.0,21.0,,8.0,1.0,363375.0,627990.0,1.0,0.0
ZZYUWMQX06,743.0,2068435.0,40.5,80.0,6.0,0.0,157282.0,422554.0,0.0,0.0
YCXPNA6G8E,685.0,384294.0,8.9,,5.0,0.0,41211.0,77858.0,0.0,0.0
YIDAIP1CBV,,,17.5,,9.0,1.0,108680.0,425150.0,1.0,0.0
FT09D9G5W7,,,22.1,,10.0,0.0,358454.0,562386.0,0.0,0.0
OH5NKXZ1A3,726.0,1197760.0,28.8,15.0,6.0,0.0,408025.0,621654.0,0.0,0.0
52ZL2M8W52,738.0,989273.0,16.5,,12.0,0.0,280155.0,628650.0,0.0,0.0
AZRSQV638A,712.0,1031567.0,15.0,22.0,15.0,0.0,197505.0,502590.0,0.0,0.0
G3V4QWBJYV,709.0,927694.0,9.2,,10.0,0.0,165699.0,337810.0,0.0,0.0
37K1ISEDFS,,,30.8,20.0,17.0,0.0,1457224.0,2197030.0,0.0,0.0
2FY8B944Q7,724.0,1061454.0,12.4,68.0,2.0,0.0,26239.0,81884.0,0.0,0.0
P1DV6F8KB0,,,16.6,14.0,9.0,0.0,671270.0,1024056.0,0.0,0.0
3DVD28IKFG,,,18.0,47.0,11.0,0.0,558638.0,746064.0,0.0,0.0
T5YQBAJW7A,722.0,2739572.0,35.9,,15.0,1.0,364325.0,1195040.0,0.0,1.0
FOSTN8WMN8,720.0,1455495.0,15.9,,6.0,0.0,34105.0,134750.0,0.0,0.0
2PKUKE7U2J,725.0,733343.0,8.8,10.0,11.0,0.0,176738.0,505274.0,0.0,0.0
C463DBTLVR,738.0,3166407.0,21.8,69.0,18.0,0.0,708377.0,1176780.0,0.0,0.0
4OOYNHEL0J,,,23.9,,5.0,0.0,476767.0,884664.0,0.0,0.0
9OQ7G8L8ZD,,,11.8,,15.0,0.0,108775.0,887018.0,0.0,0.0
3UAHVEL72R,716.0,866666.0,33.5,8.0,15.0,0.0,235790.0,560604.0,0.0,0.0
0S8S3J6RZL,709.0,1115946.0,14.5,76.0,9.0,0.0,171893.0,318956.0,0.0,0.0
5CX7BOAP0X,744.0,807101.0,16.3,,15.0,0.0,127566.0,631202.0,0.0,0.0
1KMBFVNBRT,,,12.7,,15.0,0.0,312797.0,712976.0,0.0,0.0
0TXQBDNLVV,,,17.2,29.0,9.0,0.0,605131.0,846230.0,0.0,0.0
53CR23T46S,734.0,1341438.0,34.6,,23.0,0.0,772559.0,2577938.0,0.0,0.0
IZQKUPBLC2,700.0,1206462.0,21.8,53.0,12.0,1.0,146015.0,243980.0,1.0,0.0
T8S2731HW9,715.0,2033323.0,14.5,64.0,17.0,0.0,253555.0,1019436.0,0.0,0.0
YUIHW25ET7,722.0,964820.0,28.4,,16.0,0.0,240825.0,362142.0,0.0,0.0
83S3YEDJN6,,,15.4,41.0,7.0,0.0,67089.0,130328.0,0.0,0.0
APAFBIEV1R,,,14.5,,17.0,1.0,192014.0,621038.0,1.0,0.0
43F1J0ZM0K,747.0,1269124.0,26.4,,11.0,0.0,379202.0,570240.0,0.0,0.0
54XFEZH0RK,,,34.0,,10.0,0.0,233320.0,365596.0,0.0,0.0
XKKGTGEA36,747.0,2803830.0,24.5,,15.0,0.0,650313.0,1037190.0,0.0,0.0
I0OOY8PHK3,701.0,840218.0,32.1,23.0,10.0,0.0,320055.0,469700.0,0.0,0.0
4Y7PM8V50Q,742.0,1524104.0,27.3,,11.0,0.0,426949.0,743380.0,0.0,0.0
243XTEPMEW,748.0,3026244.0,18.5,,15.0,0.0,396074.0,979924.0,0.0,0.0
D2SU9MNL69,,,25.3,,29.0,0.0,883709.0,5274412.0,0.0,0.0
WT2ZTF92VT,717.0,1119822.0,21.0,,10.0,0.0,374433.0,589864.0,0.0,0.0
W1BXECGF6N,717.0,506540.0,10.5,,6.0,0.0,196194.0,321332.0,0.0,0.0
UQ7FRRQZJ2,694.0,1125028.0,17.8,,24.0,0.0,159961.0,218680.0,0.0,0.0
T5A0IOQ2IA,696.0,2268828.0,15.9,11.0,15.0,2.0,315362.0,670032.0,0.0,2.0
XLEXIFZG6Q,718.0,741969.0,21.5,,7.0,0.0,452105.0,575256.0,0.0,0.0
WUTX5N32W5,705.0,5587710.0,12.4,,5.0,0.0,444752.0,595342.0,0.0,0.0
2F33F5U3QZ,697.0,1303533.0,16.7,,12.0,0.0,374528.0,832370.0,0.0,0.0
2I8TYD7R0I,704.0,1939900.0,20.4,47.0,6.0,0.0,153387.0,341550.0,0.0,0.0
OF8I3GNM9I,735.0,938942.0,9.0,,11.0,0.0,115197.0,154902.0,0.0,0.0
AO18VHBHR1,737.0,1677168.0,19.9,26.0,5.0,0.0,615429.0,731632.0,0.0,0.0
QQ3DMF7ZIM,721.0,326002.0,17.1,28.0,9.0,0.0,207328.0,435710.0,0.0,0.0
FZCYYOS3L7,744.0,524552.0,16.3,,8.0,0.0,130758.0,529408.0,0.0,0.0
XYGX2DEUTW,708.0,1275831.0,12.6,37.0,12.0,0.0,601977.0,949630.0,0.0,0.0
W2CJ26JTND,,,,,,,,,,
WRHVH9HSXE,,,16.1,19.0,8.0,0.0,198151.0,299156.0,0.0,0.0
6PL1JJZNFS,731.0,1156701.0,16.3,,9.0,0.0,269496.0,477862.0,0.0,0.0
FY21VSOGGY,676.0,877097.0,13.5,,7.0,3.0,88179.0,183634.0,3.0,0.0
3FUMEY28Q6,722.0,227696.0,17.0,71.0,8.0,0.0,59356.0,127490.0,0.0,0.0
2WKDD62OHB,,,13.4,,6.0,0.0,149549.0,271436.0,0.0,0.0
JJDJKTPFHF,714.0,1707264.0,27.2,42.0,14.0,0.0,322145.0,994686.0,0.0,0.0
KATLEVBGDO,6940.0,1191794.0,27.7,9.0,13.0,0.0,260680.0,510752.0,0.0,0.0
4NPBDTPHE2,,,12.6,33.0,4.0,0.0,118503.0,151976.0,0.0,0.0
DXB559LRXX,,,15.7,79.0,9.0,1.0,75829.0,117546.0,1.0,0.0
RW6AVS6KXT,662.0,727472.0,11.0,15.0,9.0,0.0,78698.0,240438.0,0.0,0.0
BRXOI35EAE,641.0,1359792.0,16.3,,10.0,0.0,839268.0,1074986.0,0.0,0.0
9F13IK8WT1,702.0,896040.0,13.5,69.0,7.0,0.0,74499.0,99374.0,0.0,0.0
SWP7E4L7MX,749.0,952755.0,36.5,,9.0,0.0,324767.0,1387650.0,0.0,0.0
D893L0IM26,707.0,946390.0,14.0,59.0,11.0,0.0,111530.0,208274.0,0.0,0.0
85L3QO8S4J,748.0,1082563.0,11.8,,10.0,0.0,205105.0,501028.0,0.0,0.0
SH5I0PPPC4,693.0,1230307.0,39.4,16.0,12.0,0.0,412946.0,537262.0,0.0,0.0
D9QG2LYO52,7420.0,929480.0,43.7,,6.0,0.0,135736.0,232518.0,0.0,0.0
1XDZBM60DK,,,,,,,,,,
MFH7AZNLUL,721.0,1278073.0,26.7,7.0,4.0,0.0,101954.0,123376.0,0.0,0.0
SPZC8DXPXS,,,25.1,48.0,12.0,0.0,222053.0,302478.0,0.0,0.0
YY4QPU6DA1,728.0,1191015.0,13.4,54.0,11.0,0.0,280725.0,483714.0,0.0,0.0
VVPZGFGPR7,716.0,1975012.0,15.0,15.0,19.0,0.0,671688.0,1279190.0,0.0,0.0
9T2LYH46IE,,,16.7,,16.0,0.0,516097.0,786280.0,0.0,0.0
58WCLV2VFY,727.0,1747962.0,16.5,26.0,11.0,1.0,134102.0,278784.0,0.0,0.0
7X9IZG1Z1B,706.0,2301983.0,21.8,40.0,12.0,0.0,444201.0,675884.0,0.0,0.0
WRHGYZ3JCM,703.0,564300.0,10.5,,7.0,0.0,104044.0,152482.0,0.0,0.0
LVLQ4VROC0,690.0,1019711.0,18.8,62.0,17.0,0.0,330695.0,1029358.0,0.0,0.0
4BSAXDXX8U,748.0,7443440.0,20.5,,18.0,0.0,463391.0,1225026.0,0.0,0.0
1GMJMK0LJF,,,14.2,,13.0,0.0,218937.0,501006.0,0.0,0.0
JPBENF2TIP,704.0,1951319.0,17.5,,12.0,0.0,441408.0,634920.0,0.0,0.0
IOTEKC6CX2,740.0,1494768.0,12.9,13.0,16.0,0.0,149492.0,291896.0,0.0,0.0
DE3ES1II0O,,,22.7,,4.0,0.0,34048.0,96624.0,0.0,0.0
ENKYUT4OKE,735.0,2859975.0,20.0,,4.0,0.0,147041.0,353232.0,0.0,0.0
ZTDCAMP9SD,717.0,1146004.0,21.0,32.0,9.0,0.0,256139.0,423104.0,0.0,0.0
1ZUDW23KXR,,,18.7,42.0,16.0,0.0,510606.0,850674.0,0.0,0.0
FF1IQQTV7I,652.0,866039.0,14.8,37.0,17.0,0.0,343045.0,643786.0,0.0,0.0
4R8KE4BVAE,,,15.4,9.0,11.0,1.0,64448.0,259138.0,0.0,0.0
TIO6BF30Z1,746.0,2191650.0,30.2,,20.0,0.0,418722.0,2770482.0,0.0,0.0
XU8LGMG7K1,721.0,1166942.0,17.2,33.0,8.0,0.0,145293.0,199320.0,0.0,0.0
NAFYWSL4BP,718.0,386650.0,12.9,,10.0,0.0,112024.0,317944.0,0.0,0.0
XK2MCV8XY4,,,49.0,49.0,10.0,1.0,263093.0,382690.0,1.0,0.0
O0PAGPMKUW,722.0,695666.0,19.9,49.0,11.0,0.0,258096.0,503954.0,0.0,0.0
6YK7CDLWUJ,740.0,1607286.0,19.1,,13.0,0.0,20292.0,939950.0,0.0,0.0
L7TY540BIJ,716.0,721506.0,12.2,,7.0,0.0,131727.0,193292.0,0.0,0.0
777S0VX26J,,,19.2,,7.0,0.0,24377.0,239228.0,0.0,0.0
GO0YLXZXMU,7480.0,756960.0,15.3,,6.0,0.0,379810.0,782518.0,0.0,0.0
IHIWHHOSB0,,,13.4,9.0,11.0,0.0,130017.0,295196.0,0.0,0.0
OMCLUF4NSC,745.0,1111614.0,11.4,,13.0,0.0,215194.0,1180872.0,0.0,0.0
TQM2TRYPDA,700.0,551779.0,11.6,,3.0,0.0,80313.0,101288.0,0.0,0.0
CP2MAEZVBI,,,21.8,,12.0,0.0,245043.0,1153416.0,0.0,0.0
IT0LWAII4U,746.0,2019738.0,27.3,,10.0,0.0,325337.0,732886.0,0.0,0.0
IU9OOWI1A2,747.0,2642976.0,29.3,3.0,8.0,0.0,504735.0,930622.0,0.0,0.0
NQSO0TIU42,699.0,7475360.0,39.4,36.0,11.0,0.0,2151883.0,2854126.0,0.0,0.0
TFI2R2QHLS,708.0,862296.0,13.0,,14.0,1.0,218576.0,516494.0,1.0,0.0
P9V3YAWF6P,,,21.3,,7.0,1.0,168435.0,326678.0,1.0,0.0
G0I3KUWQ59,712.0,1586899.0,12.7,24.0,7.0,1.0,123063.0,367268.0,0.0,0.0
LCVTD9VH7N,747.0,372533.0,12.5,,7.0,0.0,61883.0,192610.0,0.0,0.0
GR0ZQNP3WW,701.0,1111614.0,20.9,20.0,8.0,1.0,75126.0,169554.0,1.0,0.0
PFKI5AEZ1W,748.0,969133.0,16.4,,8.0,0.0,77140.0,572550.0,0.0,0.0
K03HJK584D,743.0,1305528.0,18.7,72.0,14.0,0.0,387999.0,808038.0,0.0,0.0
3V098UQYIE,718.0,670244.0,17.7,8.0,13.0,0.0,139194.0,426360.0,0.0,0.0
G1GUJHJ53B,640.0,753160.0,5.5,,7.0,0.0,76817.0,137258.0,0.0,0.0
R7V2SJEM3H,,,12.0,,7.0,0.0,67773.0,90816.0,0.0,0.0
RZEHA8EJQO,692.0,1065064.0,35.7,31.0,11.0,0.0,16853.0,147796.0,0.0,0.0
SQ0T3JBGZ7,701.0,717953.0,26.2,57.0,17.0,1.0,210102.0,717596.0,1.0,0.0
TVRDOEX24K,732.0,189202.0,17.5,,8.0,0.0,102866.0,431552.0,0.0,0.0
0DJQWXBDZA,671.0,2060740.0,6.4,,5.0,0.0,116527.0,340714.0,0.0,0.0
ZSGATAGPPG,,,19.8,77.0,15.0,0.0,122208.0,680306.0,0.0,0.0
FKDJIJLKLE,717.0,1135573.0,15.6,4.0,9.0,0.0,90402.0,131516.0,0.0,0.0
CZNC38CBG4,,,18.3,,6.0,0.0,106799.0,278520.0,0.0,0.0
EQW9OM668A,699.0,1205607.0,17.8,22.0,10.0,2.0,25327.0,156882.0,0.0,2.0
8DG57ZR31F,718.0,1428306.0,19.1,,14.0,0.0,856786.0,1161644.0,0.0,0.0
HB185O86YQ,746.0,1004606.0,15.2,,13.0,1.0,83809.0,960784.0,1.0,0.0
FOF7C5YYAZ,732.0,1426368.0,18.8,2.0,23.0,0.0,723691.0,2038850.0,0.0,0.0
3Q5GQEJ7BW,735.0,512791.0,15.6,,11.0,1.0,56829.0,90134.0,1.0,0.0
ELY3KLM1GH,713.0,855950.0,18.8,60.0,16.0,0.0,167580.0,552816.0,0.0,0.0
AW8KXJNGRE,673.0,1335586.0,12.3,,12.0,0.0,164597.0,201872.0,0.0,0.0
MC3T40VCU6,722.0,630230.0,15.4,31.0,16.0,0.0,265354.0,551606.0,0.0,0.0
8C11OOEXY0,,,31.4,42.0,5.0,0.0,355927.0,639936.0,0.0,0.0
67WRTXQT7C,744.0,954731.0,17.1,,9.0,0.0,315039.0,711040.0,0.0,0.0
N0ZTE3O1ZY,685.0,1322419.0,8.6,,8.0,0.0,139973.0,310464.0,0.0,0.0
94HA8FAO31,701.0,944015.0,16.2,,15.0,0.0,299649.0,553388.0,0.0,0.0
SN4M55HTJJ,723.0,555788.0,14.0,,6.0,1.0,112461.0,171556.0,1.0,0.0
JMW6PHHRZE,,,13.1,,13.0,1.0,134482.0,350702.0,0.0,1.0
G0BZ3Y8HGN,698.0,1281455.0,10.6,30.0,9.0,0.0,0.0,0.0,0.0,0.0
R3UDCNC0H0,746.0,976334.0,25.3,29.0,12.0,0.0,26638.0,151976.0,0.0,0.0
MY8OQO9F54,702.0,2952980.0,15.7,,16.0,0.0,408652.0,843480.0,0.0,0.0
6FV0L2TD3B,686.0,1450422.0,6.9,,6.0,0.0,152304.0,209440.0,0.0,0.0
56WERVP92M,6330.0,1600674.0,22.6,48.0,16.0,0.0,813922.0,4188602.0,0.0,0.0
P8RDKY8M47,641.0,889922.0,12.1,5.0,7.0,0.0,46360.0,53680.0,0.0,0.0
1T0T7IL26V,,,48.0,18.0,12.0,0.0,491815.0,1224674.0,0.0,0.0
NVRS2LZB29,693.0,1049845.0,29.9,13.0,9.0,0.0,822073.0,992552.0,0.0,0.0
MBF8EDBBRC,,,25.7,8.0,8.0,0.0,235980.0,942216.0,0.0,0.0
W7C132JNTM,,,16.4,,17.0,0.0,471276.0,1018094.0,0.0,0.0
2VYPFK5RIB,741.0,2900274.0,15.1,,7.0,0.0,106818.0,249876.0,0.0,0.0
S5MUP4FFSG,647.0,1897701.0,11.9,21.0,19.0,1.0,147326.0,359128.0,1.0,0.0
1EBHDSTNYD,682.0,926687.0,26.4,20.0,9.0,0.0,339416.0,657206.0,0.0,0.0
RMFCIJHTN7,748.0,586359.0,21.4,,12.0,0.0,120175.0,752202.0,0.0,0.0
WYCH4DWYWM,736.0,1781326.0,13.5,43.0,10.0,0.0,280573.0,632060.0,0.0,0.0
MSE0IEM0HP,736.0,1710855.0,21.8,13.0,12.0,2.0,134577.0,352528.0,0.0,2.0
7M91Y7ZK61,749.0,1346492.0,39.8,,5.0,0.0,56639.0,500544.0,0.0,0.0
I1KWYE72C3,741.0,679155.0,26.7,,8.0,0.0,241661.0,1434994.0,0.0,0.0
8WYH3RUUCC,674.0,2090684.0,32.9,59.0,16.0,0.0,739214.0,1050214.0,0.0,0.0
C5DPES0C5C,724.0,1308777.0,20.0,40.0,6.0,0.0,271890.0,434808.0,0.0,0.0
CYL3P9R57C,705.0,788975.0,23.4,,6.0,0.0,639806.0,748308.0,0.0,0.0
R9829QA32K,,,21.2,10.0,5.0,0.0,58938.0,211926.0,0.0,0.0
6EEQ71GS0G,704.0,1422929.0,27.4,,10.0,0.0,106590.0,358776.0,0.0,0.0
C20IBHWZ46,698.0,1136390.0,12.4,,9.0,0.0,361893.0,493548.0,0.0,0.0
NFW48OIKQQ,727.0,561564.0,14.0,,10.0,0.0,115083.0,166980.0,0.0,0.0
HYOYDBPH9T,719.0,499776.0,37.5,67.0,6.0,0.0,90877.0,146344.0,0.0,0.0
QYN4LN4GVP,733.0,848844.0,12.7,57.0,4.0,0.0,23655.0,41492.0,0.0,0.0
RQ2I2HOOUT,747.0,760228.0,17.1,42.0,9.0,0.0,147630.0,251020.0,0.0,0.0
SQWMKT4SIL,6400.0,1231789.0,13.8,,15.0,0.0,400292.0,553080.0,0.0,0.0
E4855JWO2S,722.0,656583.0,20.0,,6.0,0.0,255911.0,347798.0,0.0,0.0
XTTBJA2GQI,728.0,1042283.0,18.8,,11.0,0.0,248653.0,561220.0,0.0,0.0
52FUKFV2OR,720.0,3367902.0,18.7,,13.0,0.0,316103.0,1169366.0,0.0,0.0
C5W8JNO7P4,750.0,1925080.0,20.5,,19.0,0.0,311486.0,2436874.0,0.0,0.0
0C23OTUTGG,7300.0,1115376.0,13.5,,11.0,0.0,287660.0,600138.0,0.0,0.0
QMWOZ8UOE0,737.0,766916.0,12.8,,9.0,0.0,269819.0,533148.0,0.0,0.0
57A6QIFSR9,708.0,572280.0,12.8,26.0,17.0,0.0,143431.0,419386.0,0.0,0.0
99X3L79VWH,731.0,969285.0,11.4,17.0,14.0,0.0,372666.0,847770.0,0.0,0.0
N8TLCA6JJI,735.0,1101202.0,18.5,,12.0,0.0,383743.0,532136.0,0.0,0.0
DBWTI3IK2K,739.0,675184.0,27.4,,20.0,1.0,262162.0,764610.0,1.0,0.0
KJRNUDRYSV,751.0,1238211.0,15.0,,10.0,0.0,273258.0,663322.0,0.0,0.0
IKHV75H66L,728.0,778164.0,7.5,,9.0,0.0,86868.0,279378.0,0.0,0.0
ADRG6QFWJ1,602.0,1331064.0,16.4,1.0,6.0,0.0,737618.0,4425278.0,0.0,0.0
XVGIQTF9PA,747.0,2647308.0,16.8,,26.0,0.0,137256.0,2337082.0,0.0,0.0
3BF9B31H7G,724.0,1162572.0,13.2,12.0,10.0,0.0,9234.0,10846.0,0.0,0.0
W3JDTBUEIS,,,18.0,39.0,10.0,0.0,117439.0,358776.0,0.0,0.0
ETPDX1BPZQ,720.0,2505758.0,21.5,,7.0,0.0,465538.0,1571526.0,0.0,0.0
3HIJ76TRX0,,,12.0,36.0,4.0,0.0,89072.0,149710.0,0.0,0.0
Q5CPRS9EF1,,,12.8,69.0,10.0,1.0,209361.0,338580.0,0.0,0.0
14UJBRPOXK,665.0,947530.0,11.2,,4.0,0.0,222319.0,259776.0,0.0,0.0
9SNNFT7LMP,718.0,986556.0,12.2,,19.0,0.0,236493.0,562276.0,0.0,0.0
7HN12NBCQG,622.0,1492944.0,5.0,,18.0,0.0,269933.0,730224.0,0.0,0.0
TNK4Z9N23C,,,21.0,,4.0,0.0,277856.0,485232.0,0.0,0.0
DKWR6L67DW,,,17.6,,6.0,0.0,174876.0,201674.0,0.0,0.0
4JAX9F2PX5,741.0,1158126.0,16.3,,9.0,0.0,187948.0,486838.0,0.0,0.0
0N3KSFAE41,,,18.5,18.0,13.0,0.0,303449.0,580778.0,0.0,0.0
T4KJH56AWB,674.0,1121190.0,13.8,42.0,14.0,0.0,71478.0,207944.0,0.0,0.0
9RDZ05DBH5,,,,,,,,,,
ZMVGF9ET6J,732.0,1185961.0,19.7,,6.0,1.0,89946.0,150282.0,1.0,0.0
TZ4SGKO09Q,718.0,1242030.0,11.9,,4.0,0.0,160645.0,327470.0,0.0,0.0
RSPM9KD534,747.0,336224.0,27.0,,2.0,0.0,29716.0,86438.0,0.0,0.0
RKTS5U4HO4,,,19.4,,14.0,0.0,108851.0,745756.0,0.0,0.0
Y6TFS6GFB9,696.0,1137378.0,14.5,6.0,11.0,0.0,149587.0,379830.0,0.0,0.0
ASK294CKV8,689.0,809818.0,13.0,43.0,12.0,0.0,247874.0,524722.0,0.0,0.0
XNS8EXNY0M,736.0,806132.0,12.5,,7.0,0.0,230831.0,299970.0,0.0,0.0
RRDPZAHB04,736.0,1535200.0,21.6,77.0,12.0,0.0,452599.0,1027554.0,0.0,0.0
N9IV558UM5,733.0,1403492.0,26.7,40.0,19.0,0.0,16492.0,149138.0,0.0,0.0
T68LG0CC67,635.0,673056.0,5.9,,4.0,0.0,92777.0,111342.0,0.0,0.0
QXPZPO8SFL,704.0,950095.0,8.3,22.0,8.0,0.0,208905.0,508178.0,0.0,0.0
TPEOQEGCTJ,7440.0,576612.0,33.1,28.0,11.0,0.0,110371.0,280236.0,0.0,0.0
2EXU3CJYRZ,,,25.9,36.0,15.0,0.0,502569.0,969870.0,0.0,0.0
XCZRQF1L4I,7040.0,796936.0,22.4,,8.0,0.0,408006.0,549956.0,0.0,0.0
X4AYY48FOQ,726.0,954560.0,22.3,32.0,3.0,0.0,126996.0,145882.0,0.0,0.0
QO35YRNADK,,,,,,,,,,
OBPX8C99RK,745.0,1883356.0,36.4,44.0,12.0,0.0,407816.0,735548.0,0.0,0.0
D20K6V61DO,669.0,1580078.0,15.9,,11.0,0.0,663936.0,978076.0,0.0,0.0
ZRMR9EU7NO,,,23.7,31.0,31.0,0.0,655272.0,1649450.0,0.0,0.0
P8UFREOSHQ,742.0,3039088.0,8.5,8.0,10.0,0.0,419121.0,710534.0,0.0,0.0
JPH55ZHUDJ,715.0,163894.0,12.1,,4.0,0.0,54321.0,77264.0,0.0,0.0
AZ1VGKAHD3,6640.0,1701089.0,15.3,,15.0,0.0,547618.0,698324.0,0.0,0.0
5KQC4SW75L,743.0,2097315.0,17.9,,12.0,0.0,1047641.0,1454530.0,0.0,0.0
YOZYBXMFS6,730.0,2867100.0,19.3,24.0,19.0,0.0,538441.0,797258.0,0.0,0.0
4NJCRFXHE9,746.0,568347.0,25.7,16.0,6.0,0.0,161253.0,242176.0,0.0,0.0
ZD99NZ8Y6V,,,13.7,8.0,12.0,0.0,130093.0,185724.0,0.0,0.0
JRAUPFU0JS,,,22.3,25.0,12.0,0.0,321898.0,847066.0,0.0,0.0
WD6H6BK7KL,,,14.1,,13.0,0.0,206587.0,480370.0,0.0,0.0
Z0I2J4EZBS,727.0,969532.0,19.2,50.0,7.0,0.0,17632.0,137984.0,0.0,0.0
1MU0PWDWE0,712.0,776188.0,17.6,47.0,10.0,1.0,91466.0,141592.0,1.0,0.0
G1PHL3M6M9,744.0,1069662.0,24.6,16.0,5.0,0.0,41572.0,193358.0,0.0,0.0
1OKG9AZNME,728.0,773680.0,7.0,26.0,7.0,0.0,101270.0,179300.0,0.0,0.0
WGZBRB3061,736.0,1585455.0,23.4,,10.0,0.0,309339.0,408408.0,0.0,0.0
KTFTSFG246,741.0,1436875.0,9.3,,11.0,0.0,206302.0,298606.0,0.0,0.0
O2O49ZHEXK,,,14.6,70.0,21.0,1.0,50464.0,402974.0,1.0,0.0
P8GRR5HPKZ,718.0,1414455.0,23.4,,12.0,0.0,340157.0,606848.0,0.0,0.0
JM3TUQYLI7,,,13.2,39.0,4.0,0.0,129960.0,201168.0,0.0,0.0
KBDQJCWUQ7,714.0,761311.0,25.0,12.0,11.0,1.0,255721.0,508750.0,1.0,0.0
Q63B0XMSNE,739.0,877819.0,20.0,6.0,9.0,0.0,31787.0,125620.0,0.0,0.0
A9KKIEQ6NU,747.0,1390515.0,15.7,,3.0,0.0,89167.0,374044.0,0.0,0.0
SFC0GN8VXE,731.0,3632743.0,32.4,,22.0,0.0,1862266.0,2338732.0,0.0,0.0
DIXINNJ8LQ,712.0,667242.0,8.8,,6.0,0.0,6175.0,113432.0,0.0,0.0
8ENFU26CZ6,,,16.9,47.0,20.0,0.0,312645.0,509168.0,0.0,0.0
53XD2L3Q9B,,,32.0,,13.0,0.0,2604121.0,3880690.0,0.0,0.0
JNH2WGO3V3,742.0,1317061.0,30.0,,12.0,0.0,51262.0,534776.0,0.0,0.0
NCD53GXQBW,705.0,926440.0,11.2,76.0,6.0,0.0,505039.0,600996.0,0.0,0.0
ZJJN9QK1RL,699.0,654094.0,10.7,,3.0,0.0,71269.0,149226.0,0.0,0.0
IABAPRAJXO,738.0,1507992.0,21.6,,10.0,0.0,317053.0,467060.0,0.0,0.0
2ZNCC8FBRP,728.0,1110151.0,16.8,4.0,12.0,1.0,83353.0,321728.0,1.0,0.0
5NGS4LDOIN,,,19.8,,6.0,0.0,3496.0,676478.0,0.0,0.0
361YDZYLEI,,,16.6,,9.0,0.0,48298.0,642840.0,0.0,0.0
LOMG04LU0I,,,28.2,18.0,7.0,0.0,55917.0,262130.0,0.0,0.0
7JCWRXNI7M,7330.0,937935.0,16.3,,11.0,0.0,210995.0,634590.0,0.0,0.0
5HO37BEO6V,732.0,872442.0,13.5,26.0,9.0,0.0,66785.0,556380.0,0.0,0.0
CUKSJB58I3,714.0,3448386.0,12.4,33.0,7.0,0.0,660687.0,944460.0,0.0,0.0
4RLEPACVR6,721.0,860643.0,15.0,,15.0,0.0,466754.0,774290.0,0.0,0.0
TA7I2VK368,7190.0,1565676.0,13.9,11.0,19.0,0.0,312911.0,425260.0,0.0,0.0
A9ML9F9FZZ,730.0,557403.0,12.8,18.0,11.0,0.0,9310.0,219956.0,0.0,0.0
8O6MNB9GY7,,,,,,,,,,
RFE2DP7FIV,705.0,713051.0,12.9,47.0,2.0,0.0,148276.0,179234.0,0.0,0.0
JUWO875HBP,729.0,870314.0,15.3,44.0,17.0,0.0,224922.0,629090.0,0.0,0.0
HMET2EY5UF,734.0,1346093.0,39.5,,21.0,0.0,166478.0,243386.0,0.0,0.0
VI9HCH5PTG,747.0,663898.0,10.6,,13.0,0.0,249755.0,1129656.0,0.0,0.0
70ID1VTH7D,724.0,533976.0,14.4,,6.0,2.0,106818.0,232034.0,0.0,0.0
7X0L961RCU,700.0,1358595.0,20.0,,10.0,0.0,338637.0,419364.0,0.0,0.0
LMNBMMZE66,721.0,2896455.0,31.0,,19.0,0.0,1172167.0,1936176.0,0.0,0.0
38L9MNAWV7,728.0,833245.0,15.7,,13.0,0.0,485222.0,677732.0,0.0,0.0
P3CSMHSZTP,729.0,388816.0,7.0,,3.0,0.0,14383.0,40524.0,0.0,0.0
IS60AYEOR3,,,21.9,,7.0,0.0,65417.0,1165164.0,0.0,0.0
O9E7DF7KAP,7470.0,481992.0,12.9,,4.0,0.0,130416.0,289850.0,0.0,0.0
WV0T18TV6C,743.0,1512020.0,24.3,,9.0,0.0,287470.0,509762.0,0.0,0.0
XNWLDA5Q85,731.0,735205.0,8.5,,11.0,0.0,145312.0,266222.0,0.0,0.0
LMUCWB7PL7,,,16.0,,8.0,0.0,100396.0,117194.0,0.0,0.0
FLOGM6LW2N,675.0,1451315.0,15.2,22.0,15.0,0.0,402534.0,682418.0,0.0,0.0
ASGYFGA8KV,664.0,927295.0,16.3,53.0,12.0,0.0,149872.0,264132.0,0.0,0.0
6NF2783BAH,6910.0,652080.0,31.0,,11.0,0.0,506331.0,1014310.0,0.0,0.0
4TEWNKHDGK,742.0,2228472.0,19.8,,5.0,0.0,410666.0,539748.0,0.0,0.0
5FFM6S4GZL,713.0,837748.0,16.4,46.0,12.0,0.0,126806.0,347138.0,0.0,0.0
61WDQLOSER,737.0,927314.0,14.2,49.0,8.0,0.0,140087.0,308946.0,0.0,0.0
LU3TG4INOK,7350.0,931665.0,21.5,,10.0,0.0,312645.0,928246.0,0.0,0.0
R5WIY3Q9HO,721.0,1115623.0,20.9,,7.0,0.0,250895.0,365442.0,0.0,0.0
7VVWQ214A1,740.0,2581663.0,25.6,,15.0,0.0,1137036.0,3033580.0,0.0,0.0
MX4UEF6ZAQ,,,25.7,,11.0,1.0,19475.0,225566.0,1.0,0.0
GAOTY9C0TT,722.0,1610117.0,27.4,70.0,15.0,0.0,510568.0,671792.0,0.0,0.0
G3T75C46R7,714.0,2494206.0,21.7,46.0,4.0,0.0,65911.0,412500.0,0.0,0.0
B7IMW22BXJ,744.0,1524712.0,35.2,,11.0,0.0,828723.0,1323542.0,0.0,0.0
53ZPVS5WLX,745.0,2158134.0,30.4,31.0,14.0,0.0,319694.0,616968.0,0.0,0.0
GODIDU60G2,745.0,1116288.0,35.3,,10.0,0.0,281580.0,367994.0,0.0,0.0
IP3RHG4T7V,712.0,2328564.0,16.9,15.0,13.0,0.0,44194.0,62942.0,0.0,0.0
VJNG75VX0N,,,16.0,,7.0,0.0,169290.0,276100.0,0.0,0.0
Z4J39LW3B0,739.0,3642490.0,29.0,,23.0,0.0,995106.0,2083598.0,0.0,0.0
FMRYZKCD0Q,703.0,1300379.0,17.5,,18.0,0.0,494513.0,700832.0,0.0,0.0
VVVQ6AMGVZ,725.0,3400487.0,14.5,,6.0,0.0,61275.0,194348.0,0.0,0.0
8XGMBO407P,7120.0,996930.0,15.9,,18.0,0.0,493164.0,859980.0,0.0,0.0
6X95ZCRBMI,,,8.0,,13.0,0.0,209551.0,456940.0,0.0,0.0
OH812J8V2J,721.0,574104.0,22.3,13.0,12.0,1.0,45923.0,179652.0,1.0,0.0
HGKMUAXBN5,713.0,446899.0,13.0,15.0,9.0,0.0,84227.0,385440.0,0.0,0.0
IEOZOK721K,722.0,1091968.0,16.7,80.0,11.0,0.0,514767.0,1548184.0,0.0,0.0
SBGINCPFRX,683.0,788101.0,15.2,63.0,11.0,0.0,201628.0,360822.0,0.0,0.0
FIDZDATH7P,,,9.5,,7.0,0.0,57741.0,359414.0,0.0,0.0
K3VDWTTWTJ,646.0,1638256.0,14.3,40.0,18.0,0.0,362482.0,533302.0,0.0,0.0
BPBJON1HH6,685.0,855722.0,30.0,45.0,3.0,0.0,170734.0,198110.0,0.0,0.0
KTMJFLDXJF,741.0,2881065.0,16.5,40.0,20.0,0.0,610033.0,943074.0,0.0,0.0
IRUOJ4T50A,714.0,1417875.0,13.1,,14.0,0.0,202673.0,334796.0,0.0,0.0
FQ49U1G4HK,745.0,742368.0,15.7,,6.0,0.0,181412.0,249172.0,0.0,0.0
VDETUKQNX6,737.0,1040706.0,27.7,,13.0,0.0,194617.0,262636.0,0.0,0.0
4HLGAG3XWZ,734.0,17815350.0,11.7,10.0,6.0,0.0,17974.0,45628.0,0.0,0.0
U0H0ZX23DZ,716.0,1194017.0,14.5,,4.0,1.0,79496.0,116358.0,0.0,0.0
HHEUSZ2BGV,715.0,610318.0,20.9,81.0,8.0,0.0,205865.0,510422.0,0.0,0.0
BRFZD2A10Y,,,14.8,,10.0,0.0,61712.0,283514.0,0.0,0.0
NA4578HCDF,,,10.8,,3.0,0.0,27550.0,56650.0,0.0,0.0
9QZD5XA4NX,628.0,1589806.0,20.9,19.0,12.0,0.0,118883.0,194986.0,0.0,0.0
I11HA5HQY3,735.0,783788.0,10.5,12.0,12.0,0.0,64809.0,1667688.0,0.0,0.0
9T4JGX8V4W,747.0,1340374.0,19.6,,9.0,0.0,433846.0,864622.0,0.0,0.0
3E5N9DC3N1,707.0,1336118.0,29.3,,10.0,0.0,166972.0,335082.0,0.0,0.0
2U2T2LSQQ5,739.0,1261315.0,20.5,,11.0,0.0,47652.0,968132.0,0.0,0.0
T17QXD0CWL,720.0,842346.0,20.5,70.0,7.0,1.0,67051.0,149292.0,1.0,0.0
DS6WUFDQDL,,,18.7,9.0,16.0,0.0,142880.0,1033978.0,0.0,0.0
B9DGQYALJK,711.0,552007.0,33.9,47.0,18.0,0.0,77425.0,166936.0,0.0,0.0
RBS8X3SZJ9,745.0,670985.0,10.6,,3.0,0.0,19494.0,51084.0,0.0,0.0
5TJLF27695,7220.0,851751.0,15.7,,10.0,0.0,443745.0,624316.0,0.0,0.0
DTLFYY4MCQ,747.0,1617983.0,31.0,,22.0,0.0,633023.0,2118424.0,0.0,0.0
UN3IJ0RSIR,715.0,917282.0,22.4,,7.0,0.0,524514.0,867614.0,0.0,0.0
F1QIFX40Z2,736.0,2069936.0,18.0,74.0,20.0,0.0,514330.0,948288.0,0.0,0.0
E51D0ZEH9E,,,23.9,65.0,6.0,0.0,121334.0,165264.0,0.0,0.0
FH14HQILM2,746.0,1086135.0,10.8,,13.0,0.0,277894.0,498894.0,0.0,0.0
HCCFTWA4NQ,720.0,936605.0,16.3,,11.0,0.0,331607.0,662024.0,0.0,0.0
Y4LPIPQ0X7,,,16.6,,22.0,0.0,466564.0,555808.0,0.0,0.0
CLH0N4J0YI,,,15.0,28.0,3.0,0.0,703.0,74030.0,0.0,0.0
B7WP7OYUFD,7370.0,1258218.0,14.0,29.0,13.0,0.0,84797.0,221650.0,0.0,0.0
CT3SV69H7P,672.0,873145.0,13.9,54.0,9.0,0.0,392977.0,497838.0,0.0,0.0
XBGDETVBMK,716.0,936225.0,16.0,38.0,11.0,0.0,91561.0,310002.0,0.0,0.0
ESD7FCRVWO,748.0,1378298.0,42.8,24.0,12.0,0.0,73036.0,1879438.0,0.0,0.0
RED2ZSM174,694.0,967385.0,17.4,,19.0,0.0,239343.0,322652.0,0.0,0.0
GKAXD4XNW3,670.0,1955898.0,16.0,74.0,5.0,0.0,361171.0,705210.0,0.0,0.0
LF3FW6HAUS,710.0,1228464.0,11.1,80.0,6.0,0.0,188746.0,229812.0,0.0,0.0
Q3CBZ6ZUJU,,,14.9,12.0,7.0,0.0,88008.0,183282.0,0.0,0.0
2D8OE6B9IV,731.0,1486864.0,16.8,,8.0,0.0,512202.0,643236.0,0.0,0.0
ETHQ9CFLSU,725.0,507623.0,15.3,50.0,5.0,0.0,80066.0,134948.0,0.0,0.0
FYC99MOKX7,728.0,3108704.0,25.5,54.0,25.0,0.0,288591.0,1427998.0,0.0,0.0
AQLTX73MJR,704.0,1588191.0,32.1,34.0,8.0,0.0,224295.0,333366.0,0.0,0.0
CC83Y3Q2LZ,742.0,1221985.0,10.0,,17.0,0.0,245328.0,486420.0,0.0,0.0
GKUVLNGESB,,,,,,,,,,
ZDCT75H09S,727.0,1425855.0,15.5,46.0,7.0,0.0,96254.0,240218.0,0.0,0.0
NAW25VLRJA,744.0,880156.0,11.7,,9.0,0.0,71478.0,617672.0,0.0,0.0
WZ292FOU9O,690.0,1412042.0,28.9,61.0,20.0,0.0,1359830.0,2378442.0,0.0,0.0
EWJ75N13FA,714.0,1058794.0,12.9,,10.0,0.0,310992.0,552310.0,0.0,0.0
DPU9ONZT5N,,,27.5,,11.0,0.0,559816.0,1027268.0,0.0,0.0
CC39QY961L,746.0,1669131.0,14.1,66.0,12.0,0.0,360335.0,595188.0,0.0,0.0
DYHP6LKNF6,718.0,2531997.0,29.8,,10.0,0.0,3569245.0,4443890.0,0.0,0.0
A23WXI26TR,728.0,612636.0,22.0,,14.0,1.0,50369.0,702636.0,1.0,0.0
EYKW1EOW7E,746.0,1747829.0,20.8,,7.0,1.0,219013.0,376244.0,1.0,0.0
07VMGZKE5T,702.0,787626.0,17.0,39.0,5.0,1.0,38.0,0.0,1.0,0.0
VEIGGTEYWY,,,16.5,,6.0,0.0,175826.0,704484.0,0.0,0.0
2AV9G4PPMX,632.0,5251372.0,14.9,,33.0,1.0,513190.0,1140524.0,1.0,0.0
2BJX8EHKL3,739.0,568290.0,13.6,30.0,11.0,1.0,244644.0,434478.0,1.0,0.0
4B1QPV2ILS,,,23.9,,21.0,0.0,807614.0,1241878.0,0.0,0.0
UHS2MJY0TK,743.0,1221719.0,14.3,,12.0,0.0,187226.0,1032350.0,0.0,0.0
0VDOES9F68,,,18.7,,12.0,0.0,293379.0,517814.0,0.0,0.0
4ES2UWLTQ9,672.0,1737664.0,17.6,,12.0,0.0,360601.0,437206.0,0.0,0.0
O7H5QR2SWG,714.0,1023340.0,22.6,9.0,8.0,0.0,525046.0,827134.0,0.0,0.0
NI253M4HN8,714.0,673379.0,28.1,,9.0,0.0,615847.0,1100440.0,0.0,0.0
C157C3IPZI,716.0,577809.0,16.5,,9.0,0.0,508041.0,761970.0,0.0,0.0
OINAIBY4UO,,,38.1,,6.0,0.0,238716.0,464552.0,0.0,0.0
TOUZRZRYTL,739.0,1513920.0,13.7,54.0,6.0,0.0,58178.0,175406.0,0.0,0.0
SP65OOXD73,715.0,483360.0,7.7,58.0,18.0,0.0,162374.0,559548.0,0.0,0.0
T8TLOO1NER,7100.0,811414.0,15.8,16.0,7.0,0.0,63061.0,136466.0,0.0,0.0
CW67P02FD6,691.0,910936.0,17.6,43.0,8.0,0.0,404282.0,777590.0,0.0,0.0
A7Y2DI9T41,729.0,2094484.0,21.3,,12.0,0.0,737542.0,924220.0,0.0,0.0
14TR9GE75W,663.0,2073280.0,32.8,3.0,17.0,0.0,389405.0,627968.0,0.0,0.0
4SHHMCL6SR,658.0,1864850.0,20.0,42.0,10.0,0.0,417145.0,557106.0,0.0,0.0
U716Q0GMYT,737.0,2112572.0,17.9,73.0,6.0,0.0,636614.0,791780.0,0.0,0.0
H2SIRK6GY4,670.0,1425437.0,11.2,20.0,9.0,0.0,92055.0,304568.0,0.0,0.0
ZRJ1PDWXA5,741.0,3061166.0,18.6,36.0,17.0,0.0,309054.0,514140.0,0.0,0.0
5QA6OUGCC5,743.0,469585.0,14.8,,8.0,1.0,100757.0,221804.0,1.0,0.0
WY0EKN41AT,6860.0,761596.0,23.5,23.0,8.0,0.0,149226.0,204996.0,0.0,0.0
FWKMRWYOAZ,,,16.0,49.0,9.0,0.0,109345.0,180620.0,0.0,0.0
GTIA8QBP0G,,,14.6,,4.0,0.0,90554.0,788436.0,0.0,0.0
H9J790B20U,723.0,3661851.0,24.3,,14.0,0.0,1366556.0,1948672.0,0.0,0.0
F3HJDIR7IC,,,,,,,,,,
EI8Z5K65HB,,,38.0,,16.0,0.0,274170.0,1889690.0,0.0,0.0
AG6K2PBRV0,,,11.2,26.0,13.0,0.0,245708.0,473374.0,0.0,0.0
N6KG8X05HM,,,19.1,7.0,15.0,0.0,40736.0,403172.0,0.0,0.0
YFH5159RYA,724.0,1993803.0,20.1,,13.0,0.0,218386.0,334048.0,0.0,0.0
JDMCFINNLZ,,,,,,,,,,
Y2HFSO50ZJ,747.0,1428363.0,22.1,,9.0,0.0,265278.0,846164.0,0.0,0.0
0LV8Q1YZUW,,,13.9,62.0,29.0,0.0,567454.0,1246762.0,0.0,0.0
1ZRNTICJVU,700.0,515831.0,26.6,,8.0,0.0,85044.0,138710.0,0.0,0.0
11N5O5TKAC,723.0,1458440.0,17.9,,14.0,1.0,183559.0,248864.0,1.0,0.0
2JLMWYQOFA,,,12.8,,14.0,0.0,260832.0,423566.0,0.0,0.0
G5XONNDQ0F,,,9.7,,16.0,0.0,108167.0,901098.0,0.0,0.0
111JI1HNRI,700.0,2255604.0,14.5,6.0,24.0,0.0,356763.0,590128.0,0.0,0.0
2JAYLIT56C,717.0,1748665.0,31.2,50.0,6.0,0.0,183464.0,230384.0,0.0,0.0
XEE4LR9X0U,,,16.0,,6.0,0.0,100035.0,193358.0,0.0,0.0
01601INKUS,742.0,1643272.0,8.8,14.0,11.0,0.0,14003.0,165374.0,0.0,0.0
5JYRHBCUG7,,,11.8,,13.0,0.0,259065.0,2142624.0,0.0,0.0
X8BTGIUXRT,694.0,2921250.0,12.5,12.0,8.0,0.0,84797.0,1128534.0,0.0,0.0
ES5RR882FU,,,26.9,15.0,36.0,0.0,755440.0,3364262.0,0.0,0.0
X2JB2WQT99,,,,,,,,,,
UXL9G563H3,,,,,,,,,,
HG63C38MAF,720.0,947055.0,12.4,,12.0,0.0,538422.0,754754.0,0.0,0.0
727RLHZE4J,,,11.8,,6.0,0.0,157282.0,550176.0,0.0,0.0
RIHDP1WPNV,684.0,1556328.0,17.1,12.0,6.0,0.0,49590.0,67562.0,0.0,0.0
SI5RY3OE02,711.0,992256.0,27.2,12.0,10.0,1.0,277495.0,685124.0,1.0,0.0
OFQAS8MQY1,742.0,751944.0,16.2,21.0,10.0,0.0,99465.0,307098.0,0.0,0.0
VMS1SIGLHN,730.0,2910192.0,16.6,,16.0,0.0,395466.0,897842.0,0.0,0.0
QICSO0HC6J,738.0,914527.0,13.9,32.0,11.0,0.0,188575.0,347116.0,0.0,0.0
OSV5PMFRA9,627.0,867445.0,9.3,,6.0,0.0,173641.0,220440.0,0.0,0.0
46NT2A053L,728.0,559132.0,15.3,,6.0,0.0,229425.0,329186.0,0.0,0.0
NLWPNQG0P1,728.0,793155.0,12.9,,5.0,0.0,192508.0,304106.0,0.0,0.0
L0IZNMNULQ,748.0,1122444.0,20.4,,5.0,0.0,641972.0,1064932.0,0.0,0.0
PGNN9DPAR2,721.0,650370.0,12.5,,9.0,0.0,179227.0,391556.0,0.0,0.0
LGHWG7N2WK,,,,,,,,,,
HQDFMZ4X0C,664.0,1246742.0,9.9,,16.0,0.0,291555.0,1383602.0,0.0,0.0
M7ZG4L9H0J,,,,,,,,,,
7AI7BIIYKS,722.0,1689366.0,31.6,45.0,16.0,1.0,53067.0,585244.0,1.0,0.0
HPXX7VQQUX,7360.0,481745.0,8.0,,11.0,0.0,82023.0,131560.0,0.0,0.0
XW1YHS306D,742.0,1779464.0,19.5,51.0,7.0,0.0,112119.0,239558.0,0.0,0.0
UH3QTOI8DS,720.0,541348.0,11.0,,3.0,0.0,8550.0,29106.0,0.0,0.0
ZXUOQQ321L,,,21.8,,16.0,0.0,575149.0,1136454.0,0.0,0.0
7RM8JVKQ60,737.0,1253164.0,11.6,,8.0,0.0,273258.0,578446.0,0.0,0.0
O9UGPQVGM1,750.0,3069488.0,23.4,38.0,13.0,0.0,1002250.0,2837384.0,0.0,0.0
AEF9PT35QT,7110.0,939569.0,20.3,,6.0,1.0,57494.0,112838.0,1.0,0.0
C23P9D8IIY,,,17.1,,17.0,0.0,804764.0,1335004.0,0.0,0.0
RZCM6K3NZL,720.0,654018.0,7.4,17.0,8.0,0.0,26505.0,306922.0,0.0,0.0
O0C7ZHJZMN,746.0,828685.0,19.3,,12.0,0.0,154375.0,982080.0,0.0,0.0
6W2PGZOBQ7,720.0,814511.0,6.4,,8.0,0.0,81643.0,172832.0,0.0,0.0
XUT7CJFN85,737.0,1640517.0,31.1,73.0,12.0,0.0,470649.0,777414.0,0.0,0.0
75YYWDGLH1,691.0,1680417.0,17.7,62.0,27.0,0.0,92720.0,528880.0,0.0,0.0
5QCVD3QWKP,686.0,1029534.0,17.1,1.0,12.0,0.0,51490.0,414062.0,0.0,0.0
HB9P5DS2U3,,,13.0,,7.0,0.0,229596.0,309122.0,0.0,0.0
I6BO6Y6XWA,6700.0,458014.0,4.5,11.0,9.0,0.0,33611.0,99528.0,0.0,0.0
80ICQ8JEB5,702.0,2251728.0,19.8,50.0,10.0,0.0,579348.0,1724492.0,0.0,0.0
I4FD43WPM5,744.0,1041105.0,26.0,,9.0,0.0,88274.0,292050.0,0.0,0.0
T68WSF17FA,741.0,928245.0,28.2,,20.0,1.0,387866.0,837870.0,1.0,0.0
FEWX5MY1DP,,,28.4,38.0,9.0,0.0,127338.0,186648.0,0.0,0.0
RF5KSEXDZV,722.0,1052828.0,12.0,76.0,11.0,0.0,56544.0,67496.0,0.0,0.0
J4SIQQH74C,741.0,1921280.0,11.6,,10.0,0.0,183502.0,269302.0,0.0,0.0
5RKF77657J,738.0,1126567.0,16.2,,11.0,0.0,426284.0,1905794.0,0.0,0.0
J051CAR3T5,,,21.4,20.0,10.0,0.0,253023.0,522258.0,0.0,0.0
WOIU5TGTDD,738.0,572964.0,20.5,46.0,6.0,0.0,176814.0,287562.0,,0.0
UX9DQ3AIHO,7390.0,650712.0,7.6,,3.0,0.0,94240.0,148478.0,0.0,0.0
LQSEA9J2HL,681.0,1461195.0,14.2,,21.0,0.0,703456.0,2250094.0,0.0,0.0
MPGAB5ZM0C,667.0,924958.0,16.8,14.0,7.0,0.0,336186.0,462858.0,0.0,0.0
J1AKI7IUQ0,732.0,1317042.0,23.4,,12.0,0.0,417734.0,807510.0,0.0,0.0
8EHQNW7F5Z,701.0,554591.0,14.6,15.0,7.0,1.0,103816.0,212388.0,1.0,0.0
HJGC0TF9IV,710.0,2026293.0,27.7,,20.0,0.0,1262227.0,1522422.0,0.0,0.0
ECL5B2H8OZ,7380.0,768550.0,23.7,17.0,9.0,0.0,270769.0,477906.0,0.0,0.0
NG04KPKQNK,725.0,1410465.0,15.3,33.0,9.0,0.0,271244.0,444224.0,0.0,0.0
OE4CHLSNRJ,734.0,1260688.0,18.4,62.0,10.0,0.0,209095.0,581966.0,0.0,0.0
16WA01WBB7,705.0,3247860.0,15.4,,6.0,0.0,4252143.0,12008612.0,0.0,0.0
YJ1B46VSTW,692.0,573762.0,17.0,68.0,10.0,0.0,106666.0,311872.0,0.0,0.0
6CJW3P85CA,716.0,566922.0,8.9,,9.0,0.0,174344.0,273526.0,0.0,0.0
USYZNJKMVW,714.0,665874.0,9.2,,8.0,0.0,120783.0,224840.0,0.0,0.0
8DAFYO8IM4,750.0,972591.0,19.3,,24.0,0.0,381881.0,1668634.0,0.0,0.0
0ZU2FQW8LB,724.0,1964486.0,25.8,22.0,9.0,0.0,289655.0,572352.0,0.0,0.0
9ZM4JVCLUQ,750.0,1208951.0,23.0,23.0,16.0,0.0,427861.0,2064216.0,0.0,0.0
F0LQSY797V,738.0,1465546.0,11.1,,7.0,0.0,307306.0,402534.0,0.0,0.0
66R3ZPLTMM,740.0,675450.0,19.6,7.0,10.0,0.0,102049.0,384890.0,0.0,0.0
1ZEBAPFQIM,719.0,926915.0,6.9,,11.0,0.0,116128.0,437976.0,0.0,0.0
7I5ZAQ46WY,,,15.0,66.0,6.0,0.0,10013.0,141416.0,0.0,0.0
20V4369UKO,,,26.5,27.0,11.0,0.0,432934.0,1457236.0,0.0,0.0
BB45UU8O8B,,,11.4,39.0,7.0,0.0,308294.0,474694.0,0.0,0.0
KQD58Y511F,705.0,1047755.0,22.0,9.0,10.0,0.0,399247.0,523556.0,0.0,0.0
LDUPW9H4O3,689.0,800470.0,16.0,,9.0,1.0,346598.0,525316.0,1.0,0.0
8OT5IXO1LD,749.0,2468024.0,43.0,24.0,18.0,0.0,568993.0,1568666.0,0.0,0.0
TGR1MD2OPH,,,14.8,20.0,7.0,0.0,61959.0,96426.0,0.0,0.0
V3GL4MOD5W,712.0,592534.0,15.4,,4.0,0.0,170601.0,221452.0,0.0,0.0
TTEIUEULOE,741.0,551988.0,11.7,,15.0,0.0,216258.0,398750.0,0.0,0.0
XMX1H7DLL4,722.0,708358.0,16.3,,5.0,0.0,359157.0,848694.0,0.0,0.0
9D3N8GKGNI,732.0,1382744.0,14.8,68.0,24.0,0.0,156142.0,1051160.0,0.0,0.0
X03KD6UYOP,,,16.0,61.0,4.0,1.0,10184.0,124168.0,1.0,0.0
RH3NG44XSC,,,6.6,18.0,9.0,0.0,69958.0,306878.0,0.0,0.0
F1OCNJQ47U,7400.0,762508.0,15.7,48.0,15.0,0.0,86526.0,176682.0,0.0,0.0
PLE5UP3BKN,688.0,1328271.0,9.2,40.0,13.0,1.0,72694.0,252780.0,0.0,1.0
YCWVDMIBV9,,,,,,,,,,
MHSDG7QCVK,747.0,578607.0,8.4,39.0,11.0,0.0,46531.0,769824.0,0.0,0.0
K6NPX694UM,624.0,717421.0,8.9,39.0,11.0,0.0,252586.0,460592.0,0.0,0.0
KJKIP8XUN0,,,14.9,30.0,12.0,0.0,58672.0,106326.0,0.0,0.0
PKBKGQCV0Y,682.0,778468.0,10.8,6.0,11.0,0.0,0.0,0.0,0.0,0.0
AC0I46ATM1,,,8.7,,10.0,0.0,224200.0,378422.0,0.0,0.0
L9UV74QEU5,,,,,,,,,,
SAEPP2YFC5,731.0,2701496.0,17.0,,12.0,0.0,561830.0,1222826.0,0.0,0.0
56K691KEIS,678.0,2136930.0,28.4,4.0,8.0,0.0,532494.0,983356.0,0.0,0.0
4O83GYLST3,721.0,1300607.0,18.5,,11.0,0.0,536541.0,787380.0,0.0,0.0
4VTTPGC0Z6,718.0,1665027.0,29.3,,14.0,0.0,407208.0,712250.0,0.0,0.0
0K36NZ5C5N,665.0,972515.0,14.8,6.0,10.0,0.0,8474.0,101244.0,0.0,0.0
MDCJMXM0NN,747.0,2328925.0,27.6,13.0,13.0,0.0,180348.0,506858.0,0.0,0.0
0ORDQ5RMM0,,,19.2,,16.0,0.0,731861.0,1200298.0,0.0,0.0
LG94ANHVUM,,,,,,,,,,
VR7T5BXUWX,705.0,454746.0,17.5,32.0,4.0,0.0,50122.0,81048.0,0.0,0.0
JJAX1F0JIK,7050.0,1156568.0,27.4,17.0,8.0,0.0,226974.0,380336.0,0.0,0.0
9Q1XRQRKS1,,,15.6,31.0,18.0,0.0,57779.0,202752.0,0.0,0.0
67OMJRTVZO,7400.0,1459922.0,16.9,,15.0,0.0,259103.0,833382.0,0.0,0.0
L4M93V5XKO,,,11.2,37.0,16.0,0.0,114874.0,1072632.0,0.0,0.0
FQJ1YHXMQH,,,25.8,,14.0,0.0,440933.0,662178.0,0.0,0.0
JEROP7UWUD,,,,,,,,,,
AVG4MRSVLL,676.0,1568602.0,6.0,,4.0,0.0,53542.0,66440.0,0.0,0.0
W1HCT102CB,734.0,667584.0,12.0,,3.0,0.0,273771.0,358578.0,0.0,0.0
Z5SKZRR1RD,,,9.5,,6.0,0.0,43510.0,333608.0,0.0,0.0
UWRF64M2CB,721.0,545243.0,14.5,,14.0,1.0,205998.0,594858.0,1.0,0.0
MVCANKCQH6,698.0,1853260.0,9.9,,11.0,0.0,319960.0,532312.0,0.0,0.0
H84OYZ2YFW,738.0,530651.0,11.0,,11.0,0.0,156807.0,384670.0,0.0,0.0
D2RDVM1IJU,,,16.0,,8.0,0.0,312208.0,485232.0,0.0,0.0
P1LAWOF75L,733.0,1544168.0,31.2,47.0,10.0,0.0,280820.0,724196.0,0.0,0.0
SWDQ5KDDVC,742.0,1019008.0,27.1,19.0,23.0,0.0,316996.0,1045704.0,0.0,0.0
5ON8R6KFJP,739.0,2793000.0,11.0,34.0,21.0,0.0,583946.0,1661286.0,0.0,0.0
ZL8Q8WM2DW,646.0,1733940.0,21.6,17.0,14.0,0.0,599393.0,841236.0,0.0,0.0
M3IZL7DK09,,,14.6,6.0,7.0,0.0,289180.0,547118.0,0.0,0.0
0XU64Z6D8W,733.0,629679.0,12.1,,10.0,1.0,132734.0,269632.0,1.0,0.0
TB0SID0WBN,694.0,556035.0,27.3,,13.0,0.0,177004.0,759066.0,0.0,0.0
IPHKM9WJMO,728.0,6750852.0,14.3,,3.0,0.0,50958.0,867746.0,0.0,0.0
3VAEXCRSIH,737.0,2368597.0,32.1,44.0,14.0,0.0,148827.0,197406.0,0.0,0.0
FWCJEWUZRH,746.0,1363288.0,22.3,,15.0,0.0,796005.0,1392292.0,0.0,0.0
7K1XHNHK2A,703.0,712253.0,17.9,,5.0,0.0,106932.0,165088.0,0.0,0.0
4LDX3VE9MF,714.0,677369.0,20.8,72.0,9.0,1.0,210444.0,414414.0,1.0,0.0
7XESL6TT70,716.0,2276580.0,10.0,,8.0,0.0,146946.0,193358.0,0.0,0.0
039GKF111V,649.0,4784675.0,20.5,34.0,9.0,0.0,106742.0,332222.0,0.0,0.0
LWCIR2HDIJ,735.0,761444.0,11.5,,5.0,0.0,123120.0,174064.0,0.0,0.0
Z3XR1885DQ,741.0,675564.0,13.5,,5.0,0.0,68039.0,236566.0,0.0,0.0
2G6ZLMG4NM,706.0,485925.0,28.2,,12.0,0.0,242041.0,1148642.0,0.0,0.0
EOQ1HD3D9Q,,,11.6,,5.0,0.0,190589.0,643368.0,0.0,0.0
9K4CJZZJV5,716.0,2283420.0,22.6,41.0,13.0,0.0,231135.0,649594.0,0.0,0.0
0NOUP34TR1,709.0,1444228.0,14.8,,20.0,0.0,432782.0,876084.0,0.0,0.0
WW7VSZC9DI,741.0,871416.0,14.5,35.0,10.0,0.0,174097.0,363198.0,0.0,0.0
3LHYE207QX,,,19.8,,7.0,0.0,104861.0,123134.0,0.0,0.0
92MKNFWCG8,,,12.9,19.0,16.0,0.0,214624.0,487278.0,0.0,0.0
01S02ED7QX,,,13.9,,4.0,0.0,32186.0,243628.0,0.0,0.0
EUMQ81MUYN,739.0,875919.0,33.6,,9.0,0.0,209342.0,304128.0,0.0,0.0
XLR7FQQOHK,673.0,906167.0,8.2,,5.0,0.0,71972.0,194700.0,0.0,0.0
YHZ0F3E815,,,21.0,,24.0,0.0,597930.0,1688654.0,0.0,0.0
2Y62JFJL5O,699.0,709802.0,20.9,,11.0,0.0,233966.0,399564.0,0.0,0.0
LQ218HTJHP,734.0,1178646.0,10.1,58.0,6.0,0.0,83296.0,111386.0,0.0,0.0
R514LXFGHB,689.0,694602.0,18.2,,17.0,0.0,166478.0,563618.0,0.0,0.0
GLCYWRIEB7,,,9.5,,14.0,0.0,163115.0,314248.0,0.0,0.0
KZIKKFUXYB,740.0,1308321.0,29.9,17.0,10.0,0.0,993871.0,2084786.0,0.0,0.0
6R5Q9IM9PM,710.0,3022729.0,15.9,,18.0,0.0,1402979.0,2495394.0,0.0,0.0
GL66ZDTMTK,712.0,2506309.0,15.0,,12.0,0.0,341696.0,618178.0,0.0,0.0
YWO3YMYNQG,668.0,1395930.0,23.1,,25.0,0.0,580051.0,963622.0,0.0,0.0
FWX32DQI73,725.0,2696442.0,26.8,,18.0,0.0,62662.0,1612138.0,0.0,0.0
9G11RNDKVV,728.0,475380.0,10.7,,18.0,0.0,202673.0,358820.0,0.0,0.0
IUO0FDWEWE,,,10.8,,16.0,0.0,275975.0,392590.0,0.0,0.0
YBD61UBJ09,709.0,1137150.0,21.3,78.0,7.0,0.0,215650.0,289674.0,0.0,0.0
VA6HX22A4A,705.0,1474324.0,18.2,38.0,6.0,0.0,482600.0,579678.0,0.0,0.0
80QNG8217K,720.0,678357.0,9.4,,5.0,0.0,201932.0,254430.0,0.0,0.0
MVV4L1BH8C,731.0,2171529.0,15.8,,19.0,0.0,476539.0,951346.0,0.0,0.0
R2Z3OQTIPJ,721.0,1810377.0,22.3,,11.0,0.0,137750.0,437008.0,0.0,0.0
8BYWLV8J3F,,,,,,,,,,
BYO3SYZZ0F,640.0,909777.0,18.3,,6.0,0.0,467134.0,782782.0,0.0,0.0
N6HB5EBYDY,713.0,953895.0,19.1,,7.0,0.0,294823.0,437096.0,0.0,0.0
61GT80Q3BU,711.0,1215810.0,18.7,,14.0,0.0,484747.0,1013144.0,0.0,0.0
UJK8JMIU31,738.0,881410.0,20.4,55.0,4.0,0.0,207499.0,424512.0,0.0,0.0
S90AUSGCQ1,732.0,1524028.0,20.9,12.0,9.0,0.0,419406.0,848980.0,0.0,0.0
HGIVYO0MJ4,713.0,381558.0,6.6,,3.0,0.0,87419.0,117018.0,0.0,0.0
R1SRT3LODW,,,14.5,,20.0,0.0,496850.0,1229250.0,0.0,0.0
4DHHCH3LYF,697.0,2408497.0,20.5,16.0,9.0,0.0,96140.0,118052.0,0.0,0.0
NCW6H0ZOCB,716.0,2079873.0,9.1,,11.0,0.0,298395.0,624800.0,0.0,0.0
19GJ51WMSA,616.0,1777754.0,16.5,17.0,10.0,0.0,616018.0,870914.0,0.0,0.0
PPPZDO45MU,745.0,1688625.0,15.1,,16.0,0.0,696825.0,1120614.0,0.0,0.0
560BRPJW34,,,5.5,,9.0,0.0,663176.0,1183204.0,0.0,0.0
0N2XUEYRID,,,25.5,,10.0,0.0,546668.0,1338216.0,0.0,0.0
XNY025K4XT,744.0,872024.0,31.0,37.0,8.0,0.0,173185.0,376926.0,0.0,0.0
83TJPNDQX5,,,25.5,29.0,11.0,0.0,86393.0,162932.0,0.0,0.0
76HVTD1D3Z,,,9.0,,11.0,0.0,176681.0,347336.0,0.0,0.0
HUB3YUQR01,689.0,964478.0,11.3,,12.0,0.0,419406.0,582296.0,0.0,0.0
UWDSXNLQJY,673.0,389120.0,6.0,,8.0,0.0,27018.0,203170.0,0.0,0.0
RQYGHQZ3RV,680.0,789773.0,13.0,,28.0,0.0,467875.0,817102.0,0.0,0.0
C4PX2XBOVM,678.0,1153376.0,13.5,37.0,8.0,0.0,314032.0,635690.0,0.0,0.0
LAPXLXY76L,,,,,,,,,,
ZN0AEUPM52,703.0,982604.0,13.8,41.0,10.0,0.0,147991.0,274626.0,0.0,0.0
XOFK81NIF1,706.0,1045057.0,11.7,37.0,15.0,0.0,322601.0,739706.0,0.0,0.0
TR0RLCTLDH,744.0,1441397.0,17.9,39.0,12.0,0.0,365408.0,853028.0,0.0,0.0
KO43U3L1TH,,,7.0,,5.0,0.0,20482.0,44264.0,0.0,0.0
PX76HR10C3,740.0,781242.0,21.7,33.0,7.0,0.0,108015.0,174438.0,0.0,0.0
F6H4D0JYKD,719.0,1743345.0,16.3,5.0,15.0,0.0,384389.0,969672.0,0.0,0.0
HTZYL4AJC9,694.0,1052220.0,19.0,,8.0,0.0,330961.0,418814.0,0.0,0.0
990F0P3HTV,701.0,1042074.0,11.8,,12.0,0.0,180747.0,275726.0,0.0,0.0
GS0PTVV4V4,6920.0,1455495.0,18.2,24.0,3.0,0.0,3439.0,104676.0,0.0,0.0
J8DHRMM504,738.0,1456920.0,20.9,,16.0,0.0,662948.0,1168398.0,0.0,0.0
YOX0UT4TF8,742.0,1768729.0,26.5,74.0,12.0,0.0,375117.0,696058.0,0.0,0.0
OVITXDHKUV,741.0,776948.0,20.4,9.0,10.0,0.0,91960.0,524480.0,0.0,0.0
38I2HB3UMI,736.0,1848966.0,31.9,74.0,23.0,0.0,418247.0,913726.0,0.0,0.0
IK40YY8MO7,741.0,2568344.0,11.8,,7.0,0.0,150214.0,182908.0,0.0,0.0
9J7ZFRNET3,682.0,701461.0,17.0,,8.0,0.0,148770.0,180004.0,0.0,0.0
1VMVO489EG,708.0,915287.0,14.0,68.0,16.0,0.0,192565.0,399608.0,0.0,0.0
BJK8L3AEB6,707.0,557916.0,10.0,,3.0,0.0,58653.0,75394.0,0.0,0.0
6WZHFPK6SZ,,,16.9,,13.0,0.0,105298.0,983246.0,0.0,0.0
T4CVVWCN1G,708.0,2043393.0,21.8,24.0,9.0,0.0,187188.0,703736.0,0.0,0.0
K5ADRRVGVM,741.0,525882.0,24.1,,9.0,0.0,200127.0,306526.0,0.0,0.0
EJSQ1TWN94,706.0,904799.0,11.5,18.0,7.0,0.0,166326.0,429880.0,0.0,0.0
FB8GXJAG3X,740.0,3469305.0,16.8,,14.0,0.0,650959.0,1544532.0,0.0,0.0
1BRLT4VBAM,712.0,1895516.0,15.7,51.0,24.0,0.0,344945.0,839080.0,0.0,0.0
9JMVOA0DVX,714.0,1879689.0,27.9,,11.0,0.0,258951.0,986326.0,0.0,0.0
EU65G89N26,723.0,1048040.0,13.5,,10.0,0.0,270275.0,317724.0,0.0,0.0
78TYQAYL23,746.0,1347955.0,20.3,,7.0,0.0,283936.0,950202.0,0.0,0.0
8I4YIIHOZ4,7350.0,1112070.0,16.7,14.0,12.0,0.0,130720.0,403634.0,0.0,0.0
WZF8BD5F07,737.0,805239.0,13.6,3.0,11.0,0.0,193800.0,403590.0,0.0,0.0
3M7HRU64KE,6300.0,2781885.0,5.9,,8.0,0.0,4693.0,64680.0,0.0,0.0
SF2QNZT6AG,744.0,1616463.0,25.0,,11.0,0.0,419539.0,1084314.0,0.0,0.0
VV2561WH67,,,5.3,,7.0,4.0,168625.0,428186.0,0.0,4.0
3W0AR3PWLU,,,10.6,40.0,10.0,0.0,141493.0,313236.0,0.0,0.0
81SZWDMMDX,675.0,1448370.0,29.1,16.0,12.0,0.0,197885.0,241450.0,0.0,0.0
PKLZE7R0MC,,,27.0,,6.0,0.0,245366.0,807158.0,0.0,0.0
8ZXQCW1225,749.0,1259396.0,13.6,,17.0,0.0,178467.0,1081960.0,0.0,0.0
FMDHFM8QBC,722.0,1159266.0,43.4,,17.0,0.0,448514.0,1022318.0,0.0,0.0
UUC10XWQI1,690.0,705242.0,12.1,16.0,4.0,0.0,16340.0,116754.0,0.0,0.0
S7OIOQTLRR,710.0,2074534.0,15.8,47.0,13.0,0.0,101517.0,129162.0,0.0,0.0
O68B09OPG3,684.0,1407824.0,19.2,7.0,7.0,0.0,94202.0,222596.0,0.0,0.0
635L8MAW4Q,6670.0,467115.0,22.9,24.0,19.0,0.0,254904.0,467742.0,0.0,0.0
PZCHR9E3KQ,709.0,551285.0,12.0,71.0,16.0,0.0,96577.0,257642.0,0.0,0.0
8Z5SQVNK6F,716.0,768968.0,18.6,62.0,16.0,0.0,263283.0,443102.0,0.0,0.0
8824W26IVZ,750.0,1135554.0,16.7,13.0,13.0,0.0,99845.0,649528.0,0.0,0.0
W4B4OBWG16,733.0,570912.0,7.8,47.0,11.0,0.0,92644.0,319242.0,0.0,0.0
BOFFQUXGQL,684.0,2680482.0,20.4,,20.0,1.0,476349.0,570966.0,0.0,0.0
FHOAFETDA6,751.0,1870170.0,14.2,,23.0,0.0,129048.0,1800216.0,0.0,0.0
VNL6ZTXIUN,722.0,1121076.0,21.0,,15.0,1.0,191653.0,541244.0,1.0,0.0
FB5ZKIMAA1,,,19.0,10.0,14.0,0.0,1061359.0,1391764.0,0.0,0.0
I3MT3E7REB,683.0,2106929.0,19.0,25.0,5.0,1.0,148694.0,261668.0,1.0,0.0
5MZZ4J7QBQ,739.0,3093618.0,21.0,22.0,16.0,0.0,409564.0,1222232.0,0.0,0.0
JR3R3031B7,7400.0,676305.0,12.5,,10.0,0.0,285570.0,387200.0,0.0,0.0
ON0HVNAHW6,7050.0,2622684.0,37.2,21.0,15.0,0.0,930715.0,1732610.0,0.0,0.0
QULXAY2FJE,,,13.7,,17.0,0.0,939474.0,1456246.0,0.0,0.0
R7MMZO6S8I,725.0,1955841.0,10.0,,7.0,1.0,373122.0,664664.0,1.0,0.0
BFXIIIBQXY,,,8.0,,9.0,0.0,183559.0,699138.0,0.0,0.0
ME3Q8Q1JYT,645.0,474392.0,13.7,,8.0,0.0,106894.0,127446.0,0.0,0.0
832XJWI5KY,724.0,2246256.0,7.9,,6.0,0.0,7809.0,322806.0,0.0,0.0
IETKUPKL0F,671.0,867312.0,26.8,,23.0,1.0,90782.0,946946.0,0.0,0.0
P36N3I8YQ0,707.0,1031206.0,43.7,,15.0,0.0,412908.0,762520.0,0.0,0.0
ABB5MMFLCC,720.0,789944.0,9.8,75.0,9.0,0.0,90782.0,208978.0,0.0,0.0
OFSBQ2YZGE,,,14.1,45.0,4.0,0.0,76760.0,101112.0,0.0,0.0
62RKFESC9W,,,17.7,,9.0,2.0,613700.0,835010.0,1.0,1.0
35EFERLVO8,704.0,472815.0,10.0,,26.0,0.0,171323.0,249546.0,0.0,0.0
IVXJPJM9HQ,708.0,2424799.0,22.6,,14.0,0.0,576251.0,1018666.0,0.0,0.0
UVY4T2H7R2,750.0,968050.0,36.6,,12.0,0.0,1454431.0,3090076.0,0.0,0.0
UI5JZ5S0FM,,,14.9,,10.0,1.0,133228.0,489720.0,1.0,0.0
R8Y035BWS2,,,23.4,80.0,6.0,0.0,208392.0,445214.0,0.0,0.0
RFLV8NY0UZ,723.0,1135706.0,16.8,81.0,6.0,0.0,75753.0,271590.0,0.0,0.0
VKSD3AJ70Z,740.0,1188526.0,19.5,,13.0,1.0,245290.0,832942.0,1.0,0.0
W09OFT1K1Y,732.0,968050.0,15.0,,17.0,1.0,176377.0,385352.0,1.0,0.0
LT9N63QPID,609.0,1541432.0,19.9,,12.0,0.0,806664.0,1084842.0,0.0,0.0
I4MO81IMM9,708.0,777176.0,13.8,40.0,12.0,0.0,287204.0,829312.0,0.0,0.0
0XN3D31M3N,737.0,743223.0,38.5,,16.0,0.0,875862.0,1643664.0,0.0,0.0
RECE6R99MX,642.0,1375106.0,16.9,,14.0,1.0,299022.0,878812.0,1.0,0.0
UTSW2F4UWZ,746.0,895850.0,34.6,57.0,10.0,0.0,199500.0,559306.0,0.0,0.0
E29W2GP9YH,748.0,951064.0,16.8,,6.0,0.0,133798.0,309870.0,0.0,0.0
CXA25KAXFR,,,15.3,24.0,2.0,0.0,61465.0,163240.0,0.0,0.0
CIMT5PXT0Z,660.0,676647.0,22.4,,10.0,0.0,245214.0,483692.0,0.0,0.0
SBBGZ78BRV,,,20.6,71.0,8.0,0.0,422959.0,559064.0,0.0,0.0
EX88FYKH1I,654.0,1457395.0,16.1,36.0,10.0,0.0,280744.0,452100.0,0.0,0.0
JLOG6Q5F6F,744.0,1064209.0,6.7,,20.0,0.0,200640.0,523248.0,0.0,0.0
82BHLNR3W9,737.0,1300018.0,14.3,,23.0,0.0,429818.0,1348776.0,0.0,0.0
6GBK9VYGZX,728.0,933470.0,11.9,56.0,7.0,0.0,208107.0,298232.0,0.0,0.0
D2GW1SQYNP,,,12.9,,17.0,0.0,215916.0,381128.0,0.0,0.0
76XZF9AO3I,733.0,858002.0,10.5,,7.0,0.0,212078.0,368698.0,0.0,0.0
XCNCGYQIJU,705.0,747156.0,19.9,15.0,14.0,0.0,174344.0,348062.0,0.0,0.0
BVZA30CZ4F,739.0,415074.0,10.2,,8.0,0.0,210691.0,910272.0,0.0,0.0
084WTWYF9I,738.0,909606.0,18.0,14.0,11.0,0.0,589285.0,1201288.0,0.0,0.0
Q1F9AWZVT1,728.0,1492412.0,20.6,,20.0,0.0,362843.0,578710.0,0.0,0.0
6RZ1M7JV6B,7080.0,1235874.0,14.0,16.0,12.0,0.0,65759.0,103466.0,0.0,0.0
X58DWSWZ52,697.0,2959136.0,17.0,,9.0,0.0,786942.0,1143274.0,0.0,0.0
LPW2NYR8M3,749.0,2290260.0,15.5,,9.0,0.0,322050.0,574574.0,0.0,0.0
4V8257CBM6,6660.0,485602.0,11.4,,4.0,0.0,93062.0,132704.0,0.0,0.0
XCHUD8DIJ3,7040.0,1161432.0,14.0,,10.0,0.0,538764.0,708114.0,0.0,0.0
A5B0S6FERF,746.0,739898.0,10.5,28.0,10.0,0.0,74765.0,250206.0,0.0,0.0
XQTYKTLOBV,742.0,1153148.0,11.1,,12.0,0.0,164749.0,522632.0,0.0,0.0
27VWM3I0ZU,731.0,8096508.0,41.4,11.0,28.0,3.0,1470087.0,2275680.0,0.0,3.0
65LF7DB4SZ,,,13.5,,8.0,0.0,194180.0,265760.0,0.0,0.0
YEL6E211A2,742.0,1714959.0,15.5,16.0,8.0,0.0,173185.0,248204.0,0.0,0.0
QSVNJAPTAV,750.0,2317525.0,13.4,45.0,6.0,0.0,57912.0,253088.0,0.0,0.0
O4FG30XPZZ,,,20.3,23.0,8.0,0.0,929651.0,1168794.0,0.0,0.0
DDBHDMOHV8,676.0,382508.0,5.9,,10.0,0.0,59166.0,110682.0,0.0,0.0
SBGK5DAT9Q,,,12.8,30.0,8.0,0.0,164521.0,361460.0,0.0,0.0
R9KRQWU2V0,683.0,1032973.0,21.8,35.0,12.0,0.0,215536.0,549692.0,0.0,0.0
OUUKXGDJ18,,,14.3,40.0,8.0,0.0,102239.0,165110.0,0.0,0.0
DP19U7DDI0,738.0,952052.0,22.3,,8.0,0.0,128079.0,207416.0,0.0,0.0
2VMPDSP0FA,725.0,1151172.0,30.3,,14.0,0.0,242117.0,785246.0,0.0,0.0
GAVHEDQ759,599.0,1382364.0,18.5,,17.0,0.0,244929.0,551760.0,0.0,0.0
KT93469CR4,696.0,860795.0,23.0,,12.0,0.0,238336.0,318670.0,0.0,0.0
P4RVAOQV78,750.0,5709956.0,17.4,,11.0,0.0,179303.0,1412290.0,0.0,0.0
766BM0P607,745.0,2862540.0,27.9,,6.0,0.0,513171.0,762784.0,0.0,0.0
D78QXF07O9,715.0,1137036.0,18.0,31.0,17.0,1.0,177650.0,373318.0,0.0,1.0
PYJHW3YD6C,683.0,650522.0,7.1,40.0,10.0,0.0,56430.0,276826.0,0.0,0.0
DSC7JJUN2A,740.0,1488365.0,17.7,57.0,12.0,0.0,564813.0,802450.0,0.0,0.0
8XUEH92WBC,656.0,1396994.0,8.5,,15.0,0.0,270826.0,591668.0,0.0,0.0
5ZFLI1W5UA,734.0,1320158.0,22.0,39.0,15.0,0.0,768265.0,1252900.0,0.0,0.0
8KL9ID4RBZ,750.0,852644.0,21.0,,13.0,0.0,204592.0,1316106.0,0.0,0.0
YW7YBZ4EC7,731.0,455183.0,12.6,,7.0,3.0,64239.0,270468.0,3.0,0.0
GL2TVWJH0B,746.0,934800.0,12.0,,8.0,0.0,127813.0,270534.0,0.0,0.0
PRZ4OU1UXX,717.0,1175454.0,12.1,39.0,12.0,2.0,82156.0,153428.0,1.0,1.0
KGGAN3A035,742.0,3742620.0,25.3,37.0,17.0,0.0,615125.0,846912.0,0.0,0.0
JIBRUMZSX2,692.0,1710684.0,20.8,25.0,17.0,1.0,224903.0,466664.0,1.0,0.0
9ZBFN3DX40,723.0,1912920.0,10.0,,4.0,0.0,260129.0,314424.0,0.0,0.0
00R40FRNLH,729.0,1435811.0,11.4,19.0,8.0,0.0,86944.0,359546.0,0.0,0.0
CHQG3APN2S,744.0,3473694.0,20.3,14.0,12.0,0.0,0.0,0.0,0.0,0.0
XQ3YW1PJSN,701.0,1038939.0,33.5,34.0,8.0,1.0,130796.0,341110.0,1.0,0.0
JA2HT7X3O1,,,,,,,,,,
FN1CZFYHQ1,736.0,514596.0,24.0,,11.0,0.0,201894.0,333014.0,0.0,0.0
9Q3XCS9G2K,714.0,2214716.0,14.0,55.0,13.0,0.0,261801.0,343288.0,0.0,0.0
GWDLF0E2LZ,7200.0,2691730.0,30.7,,16.0,0.0,957144.0,1181532.0,0.0,0.0
32PRTO9MER,711.0,812915.0,15.5,31.0,18.0,0.0,100567.0,343530.0,0.0,0.0
VP25ILDETK,715.0,1445501.0,14.2,,11.0,0.0,395675.0,503448.0,0.0,0.0
GLK1NK14WM,,,18.4,,3.0,0.0,75430.0,102520.0,0.0,0.0
HWOIFWKYJU,,,20.4,,11.0,0.0,827051.0,1003816.0,0.0,0.0
75P75BZ6ZW,746.0,1273380.0,27.7,66.0,7.0,0.0,238070.0,350262.0,0.0,0.0
5GCDHN9V1M,710.0,1093621.0,22.0,17.0,11.0,1.0,49628.0,111364.0,0.0,0.0
HLC9OPXI57,718.0,2454933.0,16.5,,16.0,0.0,599469.0,839344.0,0.0,0.0
09P2T3ABR2,731.0,1041333.0,12.6,,10.0,1.0,65816.0,423324.0,1.0,0.0
E03XKHDJDU,722.0,1932680.0,17.0,,18.0,0.0,419767.0,934670.0,0.0,0.0
YFE8KGTJSF,,,,,,,,,,
BRTRN18SB5,737.0,1225747.0,18.3,22.0,3.0,0.0,125077.0,237820.0,0.0,0.0
1M1JKOEHO9,722.0,996398.0,11.1,50.0,10.0,0.0,218766.0,448338.0,0.0,0.0
6KHW38OYMA,747.0,1528968.0,16.4,73.0,13.0,0.0,309415.0,1000736.0,0.0,0.0
GZQM8G2CX4,,,22.3,60.0,12.0,1.0,141854.0,521422.0,1.0,0.0
70SFFAM5YN,724.0,1781706.0,19.2,23.0,9.0,0.0,351747.0,403656.0,0.0,0.0
AM2B0VH4MU,741.0,1265913.0,18.5,,13.0,0.0,287508.0,1270676.0,0.0,0.0
MIOWEYKB4X,738.0,752248.0,13.8,,10.0,0.0,95456.0,311366.0,0.0,0.0
05N0LP1DTE,721.0,1399065.0,18.3,23.0,12.0,0.0,238754.0,431948.0,0.0,0.0
O2WP6BNPTG,727.0,567663.0,5.5,,15.0,0.0,111055.0,756404.0,0.0,0.0
70242T76HX,710.0,1629041.0,20.0,14.0,17.0,0.0,492423.0,968022.0,0.0,0.0
22LXBRSVE6,667.0,2469202.0,29.9,56.0,25.0,1.0,448495.0,1182918.0,1.0,0.0
AIKUW6J4OS,748.0,1333192.0,11.9,,17.0,0.0,237804.0,722722.0,0.0,0.0
MNF9IRM3HL,730.0,967195.0,23.2,60.0,7.0,0.0,419007.0,533148.0,0.0,0.0
O33TAI2S0Y,725.0,966758.0,16.5,,11.0,0.0,230052.0,305844.0,0.0,0.0
CDHJR5HU9Q,741.0,927960.0,20.5,,7.0,0.0,268451.0,511258.0,0.0,0.0
20EBJ6QYTI,675.0,1281455.0,20.5,,9.0,0.0,368486.0,552662.0,0.0,0.0
OR5BAYOUVI,738.0,2248574.0,17.5,,13.0,0.0,178201.0,289388.0,0.0,0.0
CYYHVE7LY3,740.0,655633.0,14.2,21.0,12.0,0.0,276583.0,1143736.0,0.0,0.0
4QZILDDFT6,705.0,379430.0,5.0,,8.0,0.0,193230.0,287936.0,0.0,0.0
JHF8F7C6FJ,7160.0,598082.0,22.4,46.0,10.0,1.0,159087.0,259468.0,1.0,0.0
DVS7SD38Q0,747.0,2285054.0,8.3,,7.0,0.0,197220.0,517792.0,0.0,0.0
0RLNLRDLQT,727.0,2444559.0,18.1,42.0,10.0,0.0,284107.0,420134.0,0.0,0.0
H4IARS82U8,721.0,1621061.0,24.5,,21.0,0.0,3762.0,870100.0,0.0,0.0
FWP5U5I1FK,709.0,1243531.0,25.6,,12.0,1.0,26106.0,232584.0,1.0,0.0
P0XZEU7AXQ,746.0,2532681.0,25.0,,11.0,0.0,683259.0,1316370.0,0.0,0.0
HJ3MQ96QYY,,,17.8,,7.0,0.0,52953.0,519684.0,0.0,0.0
J3O0KHUTVS,739.0,475323.0,15.4,46.0,10.0,0.0,201571.0,436238.0,0.0,0.0
83YD56FH7T,747.0,1165422.0,21.5,,8.0,0.0,418684.0,868780.0,0.0,0.0
XX68BNHXAC,731.0,1309822.0,38.9,,10.0,0.0,128953.0,198572.0,0.0,0.0
G5U8F349DP,737.0,1382231.0,19.1,,13.0,0.0,268394.0,747076.0,0.0,0.0
P06ZGO0MNY,684.0,1112032.0,36.5,,11.0,0.0,491758.0,674674.0,0.0,0.0
S11R9YBBT2,711.0,616835.0,8.5,,6.0,0.0,83505.0,102872.0,0.0,0.0
QGZM7S5ASE,748.0,1167018.0,15.0,57.0,7.0,0.0,222699.0,364738.0,0.0,0.0
N9V2GP1OOC,703.0,1989756.0,17.0,,14.0,0.0,288211.0,460284.0,0.0,0.0
DIG231NA8J,,,26.5,25.0,10.0,0.0,91656.0,124278.0,0.0,0.0
H11BSY1L4E,,,11.2,25.0,5.0,0.0,168986.0,465872.0,0.0,0.0
MMM76Z36NC,745.0,1867510.0,10.1,40.0,13.0,0.0,205770.0,505868.0,0.0,0.0
8XLOV0HG3F,700.0,898814.0,34.4,,7.0,0.0,816316.0,1465442.0,0.0,0.0
458Q3KQEEA,680.0,504374.0,9.5,,13.0,0.0,167903.0,388828.0,0.0,0.0
C3TAJIHSXM,725.0,895128.0,14.1,,8.0,0.0,127775.0,672518.0,0.0,0.0
D48H4V2M4W,,,21.3,,11.0,1.0,92796.0,383724.0,1.0,0.0
L583FSO10N,676.0,890473.0,14.8,,14.0,0.0,410970.0,726506.0,0.0,0.0
VYFXNLC83U,,,16.7,20.0,9.0,0.0,15960.0,318494.0,0.0,0.0
43EP0BH0UH,695.0,1926296.0,16.5,,20.0,0.0,636880.0,1243572.0,0.0,0.0
MFGZGJ4UC7,,,,,,,,,,
JZFL89KP4K,,,11.5,5.0,11.0,1.0,66557.0,200684.0,0.0,1.0
LGEP6VWXK8,,,14.0,,4.0,0.0,162488.0,308418.0,0.0,0.0
28V8H4A49I,681.0,2042291.0,21.5,44.0,8.0,0.0,93271.0,407506.0,0.0,0.0
KUSE7VX8FG,,,15.8,,7.0,0.0,86678.0,214478.0,0.0,0.0
WE6FMVZKNQ,,,14.5,,19.0,0.0,97052.0,466312.0,0.0,0.0
03JK438C2E,738.0,2603266.0,27.0,15.0,9.0,0.0,207689.0,301356.0,0.0,0.0
Q4KQPVREDZ,704.0,1612264.0,14.3,22.0,8.0,0.0,94088.0,178002.0,0.0,0.0
K2AHCX3ZLF,744.0,1271100.0,31.8,50.0,7.0,1.0,166459.0,338140.0,1.0,0.0
E8Z0NU6DZV,709.0,2897595.0,14.6,24.0,10.0,0.0,124678.0,176704.0,0.0,0.0
95P6IJMYNW,740.0,742520.0,11.7,,12.0,0.0,275310.0,937574.0,0.0,0.0
HGZ50SQ73F,,,11.0,,13.0,0.0,596429.0,868692.0,0.0,0.0
9OR39SXE3F,690.0,1075704.0,13.5,,14.0,0.0,377283.0,513326.0,0.0,0.0
VWHIMG8M38,728.0,713773.0,17.2,63.0,7.0,1.0,59413.0,189002.0,1.0,0.0
UK0DJ04P9U,744.0,1264621.0,30.0,,12.0,0.0,520581.0,1772870.0,0.0,0.0
0K3FOTC769,746.0,990280.0,27.4,50.0,5.0,0.0,79401.0,1010196.0,0.0,0.0
ZBUVMH0QF5,729.0,2575260.0,14.0,,13.0,0.0,851865.0,1025332.0,0.0,0.0
M0M5IFTBKF,,,14.7,41.0,11.0,1.0,204307.0,559262.0,0.0,0.0
HCXH0C5ASF,,,,,,,,,,
2G2M9YYWTI,701.0,1612416.0,15.0,7.0,12.0,0.0,307914.0,599214.0,0.0,0.0
8HA6QZT85S,,,21.9,,9.0,0.0,684209.0,1259522.0,0.0,0.0
1VK8YD7LK8,669.0,484120.0,11.2,12.0,9.0,0.0,155230.0,568788.0,0.0,0.0
2VE3NAJ6TS,7170.0,1130880.0,14.5,,14.0,0.0,543286.0,862928.0,0.0,0.0
YHPB64B0XO,727.0,1872640.0,16.0,,14.0,0.0,179512.0,255970.0,0.0,0.0
CC4RPXJNSE,716.0,937840.0,8.9,17.0,11.0,0.0,105393.0,210782.0,0.0,0.0
Y30S3W6EPB,715.0,1032783.0,16.5,,8.0,1.0,81168.0,451902.0,1.0,0.0
PHJXYWHH9A,,,25.7,14.0,15.0,0.0,105982.0,294976.0,0.0,0.0
A4YTQBPO1T,680.0,710524.0,7.6,,6.0,0.0,90402.0,210210.0,0.0,0.0
639DBUFI44,746.0,2592702.0,13.2,54.0,8.0,0.0,307781.0,484858.0,0.0,0.0
YSS1WL4SW5,7030.0,757948.0,8.6,,7.0,0.0,99028.0,212740.0,0.0,0.0
W27XYODWYH,723.0,1258009.0,15.2,27.0,5.0,0.0,333146.0,452232.0,0.0,0.0
7VD7X38ETB,727.0,794808.0,11.0,,12.0,0.0,239856.0,306900.0,0.0,0.0
R4I1PBL5Z3,722.0,967746.0,23.4,68.0,20.0,0.0,490979.0,1137004.0,0.0,0.0
WTJQMO2B3U,731.0,867179.0,18.0,,13.0,0.0,265544.0,436766.0,0.0,0.0
RBMULIRJIL,713.0,3018112.0,25.6,,7.0,0.0,664145.0,975898.0,0.0,0.0
6EHYVOL922,712.0,1858770.0,9.0,,6.0,0.0,423928.0,553410.0,0.0,0.0
37T4180T8K,748.0,1401250.0,24.5,3.0,9.0,0.0,92378.0,914298.0,0.0,0.0
T8QUONFLJ4,715.0,1061625.0,27.6,8.0,10.0,3.0,89186.0,368852.0,0.0,3.0
Z425NQB3BR,,,,,,,,,,
ESLZGZ8HC3,741.0,1263044.0,14.0,,9.0,0.0,352545.0,530838.0,0.0,0.0
3WX3LWHREG,689.0,2327424.0,15.6,69.0,14.0,0.0,615163.0,1483922.0,0.0,0.0
IPTNV4ZCKF,717.0,600894.0,14.5,14.0,10.0,0.0,96425.0,302566.0,0.0,0.0
3L4TR2B6D9,733.0,1334123.0,17.6,,9.0,0.0,286615.0,492382.0,0.0,0.0
CA30U4CEKQ,,,,,,,,,,
F0SIDGKQSK,730.0,1300208.0,12.4,,6.0,0.0,261668.0,383042.0,0.0,0.0
40UY4FA63Q,,,17.0,55.0,16.0,0.0,105982.0,958804.0,0.0,0.0
HH7GSSSAM0,,,23.4,,10.0,0.0,222946.0,899492.0,0.0,0.0
HAE2563P60,742.0,1223391.0,17.5,40.0,11.0,0.0,100548.0,119900.0,0.0,0.0
P0GTKEOHPZ,749.0,287812.0,16.4,,6.0,0.0,23294.0,120406.0,0.0,0.0
KKC6BT7CVM,715.0,1743858.0,16.0,7.0,15.0,0.0,216505.0,509542.0,0.0,0.0
MUDDSON9EH,,,23.4,67.0,11.0,0.0,257222.0,763686.0,0.0,0.0
25W6P5XXZY,690.0,1508600.0,16.1,,13.0,0.0,419444.0,788436.0,0.0,0.0
5DBA7CVQMD,7360.0,899574.0,17.3,,10.0,0.0,448343.0,994488.0,0.0,0.0
Y8ZYN2TB7P,723.0,929195.0,14.9,55.0,8.0,1.0,182590.0,441386.0,1.0,0.0
T8WAQLG7G1,747.0,1390382.0,14.6,,7.0,0.0,121258.0,200024.0,0.0,0.0
5SQVHG1O3H,7030.0,939455.0,19.1,38.0,10.0,0.0,182799.0,617078.0,0.0,0.0
9LOU0Y5RMW,740.0,1264127.0,14.8,,5.0,0.0,281599.0,531036.0,0.0,0.0
Z60K28EPVE,746.0,1065957.0,20.3,,8.0,0.0,562438.0,1535930.0,0.0,0.0
2XMORXYXC0,,,29.6,,23.0,0.0,1023682.0,17959172.0,0.0,0.0
4A18TAIMB9,699.0,1334199.0,29.4,78.0,11.0,0.0,300808.0,577632.0,0.0,0.0
1K0CZAX8II,,,25.0,,20.0,0.0,2122604.0,8192492.0,0.0,0.0
VIIH70ELT1,710.0,1718037.0,32.0,7.0,8.0,0.0,60572.0,1348732.0,0.0,0.0
WDWS80V7IT,742.0,1855160.0,14.7,3.0,14.0,0.0,184528.0,387794.0,0.0,0.0
LPKV3FIJ27,,,28.3,44.0,16.0,0.0,485507.0,721622.0,0.0,0.0
PYUJG0FTOQ,,,24.1,39.0,9.0,0.0,318383.0,402028.0,0.0,0.0
7BB9Q4X667,725.0,493525.0,6.5,,20.0,0.0,54644.0,249106.0,0.0,0.0
904BW5C8DR,,,5.0,,6.0,0.0,49704.0,135410.0,0.0,0.0
NRI7MQJWRP,,,12.8,,11.0,0.0,375858.0,670582.0,0.0,0.0
F8F529BJV3,716.0,1428287.0,18.1,44.0,16.0,1.0,162146.0,557084.0,0.0,0.0
BISNMPGJQ4,732.0,1112792.0,20.7,,4.0,0.0,702316.0,892650.0,0.0,0.0
P8BDORJ8U7,748.0,1722141.0,19.0,70.0,11.0,0.0,100168.0,816816.0,0.0,0.0
NTH3ALBNKR,730.0,885704.0,9.0,,22.0,0.0,135755.0,616484.0,0.0,0.0
J2TMQQEPCG,723.0,2105238.0,19.0,77.0,21.0,0.0,803681.0,1340878.0,0.0,0.0
WBRETBP40L,,,16.5,,15.0,0.0,277647.0,751102.0,0.0,0.0
92QLFNGY7N,747.0,1808800.0,19.6,15.0,9.0,0.0,273182.0,670164.0,0.0,0.0
SN32BG8OHC,669.0,1689727.0,17.7,18.0,7.0,0.0,291384.0,363176.0,0.0,0.0
FGO9IACMMU,713.0,1375467.0,14.9,67.0,6.0,0.0,137826.0,346170.0,0.0,0.0
CY7TTYXREZ,748.0,520961.0,21.9,,20.0,0.0,51718.0,1871606.0,0.0,0.0
T09KEB6NAK,,,13.0,13.0,4.0,0.0,184110.0,225126.0,0.0,0.0
6ZSPZ4RZTF,747.0,348460.0,15.5,,12.0,0.0,172862.0,820314.0,0.0,0.0
1CR3WKMPXT,,,17.2,,8.0,0.0,131024.0,871948.0,0.0,0.0
JRV7QL10TQ,683.0,648451.0,17.7,,7.0,0.0,139935.0,185592.0,0.0,0.0
89J3GGHFTD,744.0,3825080.0,15.6,,55.0,0.0,649021.0,4084212.0,0.0,0.0
U0WROQQCZ8,692.0,1307390.0,20.9,,4.0,0.0,417506.0,562122.0,0.0,0.0
UA2TVB8HKA,692.0,2288208.0,18.9,,20.0,0.0,491986.0,865744.0,0.0,0.0
OXP82P22LQ,723.0,1422150.0,39.7,,9.0,0.0,244853.0,474122.0,0.0,0.0
V87HQDY19F,,,19.8,74.0,9.0,0.0,171266.0,221342.0,0.0,0.0
KNA4D320IZ,739.0,637127.0,14.0,47.0,8.0,0.0,70756.0,178090.0,0.0,0.0
S6RZSOST6C,718.0,3508483.0,23.7,18.0,16.0,0.0,796670.0,1677192.0,0.0,0.0
S5TF30A9WP,714.0,1317954.0,9.6,,3.0,0.0,373730.0,470888.0,0.0,0.0
6GQC4HXLJA,683.0,765168.0,8.7,,10.0,0.0,354901.0,602558.0,0.0,0.0
QC5MC6CU20,725.0,1718113.0,17.6,,8.0,1.0,1482.0,569426.0,1.0,0.0
M2YMY29KLP,,,17.8,40.0,21.0,0.0,252700.0,455048.0,0.0,0.0
DCGYBFFYFV,674.0,1084919.0,24.5,18.0,10.0,0.0,167542.0,216766.0,0.0,0.0
UZLWFKWRVJ,745.0,935180.0,18.5,,9.0,0.0,135508.0,817190.0,0.0,0.0
S7U23N8V1B,672.0,1501760.0,15.4,13.0,47.0,0.0,498085.0,1410090.0,0.0,0.0
RFWNRQ54EV,746.0,454214.0,13.3,,3.0,0.0,3553.0,32428.0,0.0,0.0
BOUX9WYUI4,669.0,1319227.0,21.1,15.0,8.0,0.0,83296.0,106920.0,0.0,0.0
N8DL5JF8F0,706.0,2739553.0,14.8,17.0,12.0,0.0,221122.0,495220.0,0.0,0.0
Z6326HMH5P,723.0,851751.0,16.2,,15.0,1.0,66196.0,153274.0,1.0,0.0
TYK002UVNO,,,,,,,,,,
EZZWI94N82,,,17.7,24.0,17.0,0.0,104234.0,242374.0,0.0,0.0
OP6QQ589XI,727.0,1125636.0,15.4,,13.0,0.0,346921.0,727716.0,0.0,0.0
C6L7XDPUH7,727.0,569943.0,7.2,,5.0,0.0,1482.0,77990.0,0.0,0.0
5KMDTIDQ81,711.0,1526840.0,15.0,,16.0,0.0,355414.0,709522.0,0.0,0.0
X75R3TER97,662.0,1060789.0,15.7,,10.0,1.0,203091.0,310244.0,1.0,0.0
3K4C4MCB3I,699.0,717459.0,13.4,,9.0,2.0,32756.0,329824.0,0.0,2.0
7OO0SOC33W,704.0,995011.0,23.7,,8.0,0.0,522728.0,654346.0,0.0,0.0
EL5MFOJB3O,,,14.7,,16.0,0.0,219697.0,518100.0,0.0,0.0
9R8AM1EZXF,702.0,1472804.0,16.0,,8.0,0.0,406923.0,527010.0,0.0,0.0
6TWH2C71ZD,717.0,1482152.0,39.8,,9.0,0.0,955206.0,2238918.0,0.0,0.0
8RNDVFAAG5,,,17.3,,14.0,1.0,186257.0,346720.0,1.0,0.0
FAHQDCXTRU,,,,,,,,,,
F2GP9KE8R3,,,15.0,,19.0,0.0,377131.0,859584.0,0.0,0.0
MXOKBU4YR7,707.0,881733.0,18.8,,10.0,0.0,236987.0,329428.0,0.0,0.0
5OHUDSY0SD,725.0,817152.0,18.7,,8.0,0.0,62510.0,137346.0,0.0,0.0
O4DJBIVPEK,702.0,1308986.0,24.0,,16.0,0.0,548245.0,1145870.0,0.0,0.0
51BKUAUO47,,,11.4,,12.0,1.0,126198.0,458084.0,1.0,0.0
7TH90TWPZ9,738.0,1193428.0,28.5,25.0,9.0,0.0,300960.0,441100.0,0.0,0.0
R94YADI25M,730.0,939246.0,13.9,,15.0,0.0,158403.0,239756.0,0.0,0.0
ONRKP2W8T7,,,31.9,28.0,5.0,0.0,106609.0,156266.0,0.0,0.0
U55UQEKYW5,7350.0,955225.0,10.6,16.0,4.0,0.0,67203.0,293656.0,0.0,0.0
RICSE1I0LM,734.0,1498720.0,16.6,,10.0,2.0,153216.0,320826.0,1.0,1.0
GXU5EKXRCW,746.0,1618553.0,16.0,7.0,10.0,0.0,233719.0,506792.0,0.0,0.0
0BM2WOSMJI,723.0,1330133.0,21.6,,17.0,1.0,404130.0,1199836.0,1.0,0.0
1F3DSEJ3J9,731.0,742824.0,11.8,,6.0,0.0,63650.0,118294.0,0.0,0.0
PL3ADXRMT3,732.0,1227229.0,17.1,,10.0,0.0,299630.0,860904.0,0.0,0.0
9XZBVAU0CO,743.0,1667060.0,18.6,29.0,15.0,0.0,240749.0,1171258.0,0.0,0.0
3UVMSJH4Y3,727.0,1516941.0,15.8,,16.0,0.0,444657.0,786060.0,0.0,0.0
0DLHAW2UXB,729.0,1441967.0,25.9,29.0,5.0,1.0,79914.0,106854.0,1.0,0.0
AJK4REKLOK,739.0,1020034.0,22.8,42.0,7.0,0.0,231515.0,532928.0,0.0,0.0
N0PW7FNWBG,668.0,761007.0,19.6,,9.0,2.0,124811.0,227942.0,1.0,0.0
9OO88GZXT8,740.0,1340108.0,14.9,,13.0,0.0,329992.0,456522.0,0.0,0.0
C3B8NIR5AP,739.0,467552.0,23.7,,8.0,1.0,109991.0,223432.0,1.0,0.0
5GUNQX861V,723.0,658407.0,15.3,50.0,12.0,0.0,272897.0,870452.0,0.0,0.0
UMATMWBZG1,739.0,1891906.0,15.5,,5.0,0.0,571159.0,723580.0,0.0,0.0
2E4SIFVWYX,742.0,3281110.0,10.7,,5.0,0.0,60420.0,128150.0,0.0,0.0
78XFYZXQZF,,,33.5,,5.0,0.0,254087.0,327976.0,0.0,0.0
CBD50V5SFG,734.0,808640.0,20.1,,8.0,0.0,244720.0,345994.0,0.0,0.0
WCXW7RUR69,751.0,1015341.0,25.2,,14.0,0.0,159144.0,890208.0,0.0,0.0
N8TWCP2JIW,721.0,1309917.0,20.7,17.0,12.0,0.0,144191.0,418418.0,0.0,0.0
N2Z2FLIBEH,,,26.1,66.0,5.0,0.0,273144.0,1129568.0,0.0,0.0
5VZR6MN51V,,,16.0,,4.0,0.0,233111.0,322850.0,0.0,0.0
I88OP2XRZ0,700.0,2035033.0,16.4,64.0,7.0,0.0,130891.0,286484.0,0.0,0.0
RKTOOF890Z,,,19.4,49.0,10.0,0.0,214700.0,341506.0,0.0,0.0
Y5H9U1YVD6,717.0,850041.0,19.2,,8.0,0.0,130568.0,277376.0,0.0,0.0
ZIZGDEX6TW,,,,,,,,,,
6HTER84HA7,734.0,347054.0,10.0,,4.0,0.0,98876.0,394746.0,0.0,0.0
D5ZTPQW3AZ,670.0,643834.0,22.8,23.0,21.0,0.0,122246.0,209704.0,0.0,0.0
CZWFHVRYZF,725.0,1066223.0,16.3,6.0,15.0,0.0,252187.0,565906.0,0.0,0.0
S080HNGD96,703.0,788044.0,17.0,33.0,15.0,0.0,168302.0,302588.0,0.0,0.0
PJZZ4HGBJQ,730.0,1736505.0,22.0,,7.0,0.0,994840.0,1253472.0,0.0,0.0
ND342YHKQT,732.0,2316252.0,9.1,,8.0,0.0,5909.0,683914.0,0.0,0.0
2HKSSSD3KI,,,15.0,9.0,12.0,0.0,1283944.0,2102804.0,0.0,0.0
2NW84NSOBW,741.0,1061264.0,18.9,68.0,9.0,0.0,333336.0,634810.0,0.0,0.0
WE9IFZ0JDR,7310.0,863683.0,18.6,,22.0,0.0,285076.0,1535292.0,0.0,0.0
J4CD4D705L,721.0,1607286.0,31.1,66.0,19.0,0.0,918422.0,2037200.0,0.0,0.0
CJDY0OB40E,,,21.5,,19.0,0.0,262789.0,882002.0,0.0,0.0
TSFQ0I12Y3,724.0,981673.0,14.4,,8.0,0.0,83866.0,216260.0,0.0,0.0
MU49UN2PEQ,705.0,2626750.0,33.8,19.0,10.0,1.0,295203.0,871992.0,0.0,0.0
HP3YS5JFCY,703.0,1213511.0,15.4,48.0,21.0,0.0,233035.0,917774.0,0.0,0.0
NRUB4BQVAB,723.0,296761.0,24.4,22.0,10.0,0.0,111245.0,521510.0,0.0,0.0
7VMY2LUXWF,736.0,1382668.0,17.9,,8.0,0.0,845348.0,1183578.0,0.0,0.0
29GY7QH9V5,743.0,1006373.0,23.8,,4.0,0.0,225283.0,767184.0,0.0,0.0
P1U1LCAFIP,679.0,1219325.0,18.7,,29.0,0.0,67431.0,154330.0,0.0,0.0
TRNKAI0XEL,736.0,1894300.0,19.1,0.0,14.0,0.0,481403.0,1233188.0,,0.0
Y2YRJZW1NT,713.0,805068.0,17.4,36.0,21.0,0.0,87799.0,612370.0,0.0,0.0
X5Y8H23APY,719.0,1715491.0,21.5,,9.0,2.0,125894.0,339020.0,1.0,0.0
1C3591O3RK,750.0,1668637.0,22.3,,16.0,0.0,272479.0,2221802.0,0.0,0.0
KQPCCKO4RH,730.0,388968.0,9.8,,9.0,0.0,127338.0,245322.0,0.0,0.0
EF6RJVK73J,739.0,2218098.0,21.7,44.0,22.0,0.0,378100.0,2017532.0,0.0,0.0
3QYVHZTGK9,719.0,1717942.0,19.9,,23.0,0.0,603497.0,810656.0,0.0,0.0
35PAW94IWQ,740.0,699523.0,33.1,43.0,9.0,1.0,122379.0,222816.0,1.0,0.0
X6LTK0BWFG,735.0,626487.0,19.5,,13.0,0.0,287603.0,499290.0,0.0,0.0
7LOHEC1SH5,,,13.1,,5.0,5.0,779.0,60082.0,0.0,1.0
BR4N1VU77A,707.0,1408527.0,17.0,,13.0,1.0,100548.0,261602.0,1.0,0.0
U9VFVARK0E,700.0,1026513.0,20.0,,6.0,0.0,609349.0,828124.0,0.0,0.0
6OUQ9EHMID,732.0,1911134.0,15.3,69.0,4.0,1.0,42503.0,74448.0,0.0,0.0
I87CQGHB1N,,,26.4,,26.0,0.0,658559.0,3272720.0,0.0,0.0
KT5PPEFCDM,698.0,834480.0,14.9,70.0,3.0,0.0,12825.0,32230.0,0.0,0.0
OBBBUWCLVR,,,16.7,,13.0,0.0,206568.0,259688.0,0.0,0.0
O0WVL46XO1,714.0,415492.0,14.0,,18.0,0.0,189544.0,225324.0,0.0,0.0
LLNLIIKC0Q,750.0,743508.0,16.9,,6.0,0.0,98800.0,228338.0,0.0,0.0
TGVUWP67N1,711.0,1448693.0,24.1,29.0,11.0,0.0,1606716.0,2145792.0,0.0,0.0
W87AHWDLDE,,,16.2,17.0,4.0,0.0,669522.0,851906.0,0.0,0.0
B942TS743K,712.0,1305832.0,18.5,,5.0,0.0,964706.0,2931808.0,0.0,0.0
R9VC9M3T89,,,16.2,,7.0,0.0,1406665.0,20108220.0,0.0,0.0
IU4G3LUCLO,728.0,848255.0,12.0,,17.0,0.0,285950.0,403788.0,0.0,0.0
PJ2PIV0VSL,,,15.5,36.0,39.0,0.0,343482.0,779856.0,0.0,0.0
SZXZOCQ2FL,722.0,2245116.0,16.9,36.0,8.0,0.0,210938.0,413952.0,0.0,0.0
4LT9AWK6IH,,,21.7,,14.0,1.0,1136485.0,1638780.0,1.0,0.0
BE5CQPO994,,,13.8,,15.0,1.0,46075.0,129206.0,1.0,0.0
LTFP20EZK8,720.0,1658681.0,24.7,,23.0,0.0,392369.0,1336258.0,0.0,0.0
RDAV88US7F,7330.0,712177.0,22.8,59.0,10.0,0.0,102144.0,474980.0,0.0,0.0
5SSGZS4IUC,708.0,895071.0,14.5,,4.0,1.0,22306.0,161392.0,1.0,0.0
VDWURMFRSK,711.0,780273.0,6.3,,6.0,0.0,3800.0,199760.0,0.0,0.0
TFP7ZQATEV,,,19.6,,4.0,0.0,15048.0,44550.0,0.0,0.0
V9PS6A3Y0F,735.0,926630.0,18.2,,8.0,1.0,52820.0,122320.0,1.0,0.0
CETQMI2UFX,7400.0,1643918.0,11.0,,5.0,0.0,100111.0,250888.0,0.0,0.0
Y1XEOBVB6W,708.0,1854989.0,27.4,34.0,9.0,1.0,153026.0,311410.0,1.0,0.0
R3WQ5URODZ,702.0,1039984.0,19.9,,9.0,0.0,201913.0,363594.0,0.0,0.0
AI6IMYLWW8,732.0,810692.0,23.2,80.0,7.0,1.0,95418.0,203456.0,1.0,0.0
ESH5Z7SA92,743.0,687971.0,18.0,44.0,8.0,0.0,100890.0,304986.0,0.0,0.0
PA4HSN932F,724.0,1158696.0,18.2,7.0,12.0,0.0,281580.0,871772.0,0.0,0.0
6D3LD0VYPI,,,,,,,,,,
ZDRCON0A5P,618.0,958550.0,12.0,,11.0,0.0,270199.0,931128.0,0.0,0.0
KQD5CG4RO2,712.0,660288.0,12.4,60.0,6.0,2.0,88540.0,137588.0,2.0,0.0
QSIGVONOWA,,,20.0,,12.0,0.0,298224.0,719400.0,0.0,0.0
Y2GR0E5ER9,712.0,579291.0,5.6,,6.0,0.0,189088.0,317284.0,0.0,0.0
H1XUHYVZDQ,674.0,1541888.0,19.8,,26.0,0.0,528390.0,1160962.0,0.0,0.0
1SQTG5FHNE,,,16.0,,10.0,0.0,368657.0,894938.0,0.0,0.0
KV9JGAB98H,747.0,665209.0,10.9,,10.0,0.0,159524.0,697070.0,0.0,0.0
82H7QCY0RG,7110.0,1634456.0,16.3,66.0,12.0,0.0,426436.0,639606.0,0.0,0.0
N324YTHP7Q,719.0,1065140.0,14.7,,12.0,0.0,98135.0,322828.0,0.0,0.0
WK6EE7DRZO,,,35.6,30.0,7.0,0.0,162165.0,284922.0,0.0,0.0
4UVMMP776A,,,10.5,,4.0,0.0,494.0,95194.0,0.0,0.0
6KZXG3CK16,746.0,534337.0,12.3,,6.0,0.0,115235.0,150260.0,0.0,0.0
PRTLWC31WS,726.0,968715.0,38.3,12.0,10.0,0.0,150936.0,753324.0,0.0,0.0
XJPGD8UKCM,679.0,1005784.0,17.3,,8.0,1.0,239685.0,489456.0,1.0,0.0
L1ZQ721MWK,,,,,,,,,,
H00MNWEXQQ,,,9.8,,7.0,0.0,209456.0,565312.0,0.0,0.0
YJS56VQ0I5,718.0,1613005.0,13.2,33.0,12.0,0.0,289978.0,446490.0,0.0,0.0
3ZWIO0SPD4,722.0,2041512.0,15.0,3.0,12.0,0.0,672562.0,849244.0,0.0,0.0
GSYP9WB6AO,731.0,445151.0,9.4,18.0,9.0,0.0,62833.0,160974.0,0.0,0.0
575ZXJ38A9,748.0,1163142.0,16.7,,16.0,0.0,173147.0,348084.0,0.0,0.0
450U2XGSXT,,,17.6,,8.0,0.0,232769.0,283118.0,0.0,0.0
6F6M218ACJ,7280.0,792813.0,14.4,,16.0,0.0,361874.0,1148004.0,0.0,0.0
29ODG61DDN,697.0,1139430.0,16.2,53.0,6.0,0.0,143773.0,310024.0,0.0,0.0
6BIWQ8J0MF,,,16.9,73.0,9.0,0.0,247038.0,429506.0,0.0,0.0
XR4MIJFGVV,,,15.1,53.0,7.0,0.0,121068.0,388322.0,0.0,0.0
EJLRYYLRDT,728.0,2117588.0,22.5,,23.0,0.0,583186.0,802912.0,0.0,0.0
36H9KMGGRU,689.0,584991.0,43.0,82.0,9.0,1.0,277210.0,548680.0,1.0,0.0
MARC5Y9RO6,,,11.0,,10.0,0.0,151506.0,184250.0,0.0,0.0
SGJTL3EK8N,,,12.6,14.0,13.0,0.0,60154.0,75724.0,0.0,0.0
TH3BDXQOLL,7140.0,485412.0,11.4,,10.0,0.0,74290.0,123772.0,0.0,0.0
TW1MTKMT61,713.0,2303028.0,23.5,,12.0,1.0,183825.0,242968.0,1.0,0.0
2GYHZG4CJH,650.0,1276192.0,8.8,,4.0,0.0,160303.0,233772.0,0.0,0.0
WZD9VFCBDH,708.0,945915.0,6.9,15.0,12.0,0.0,133285.0,422796.0,0.0,0.0
NP6YYU2JJK,708.0,819527.0,19.9,61.0,7.0,0.0,302974.0,379654.0,0.0,0.0
NKFWPP0LCK,724.0,947682.0,18.5,,9.0,0.0,201400.0,238436.0,0.0,0.0
TAW15L5LI8,702.0,735072.0,14.0,,20.0,0.0,341354.0,434346.0,0.0,0.0
MSNWMR3AM8,,,32.0,,19.0,0.0,437969.0,922020.0,0.0,0.0
GZMUPWDV8N,739.0,1403226.0,13.1,,11.0,0.0,245366.0,843062.0,0.0,0.0
L1KLMI2S3H,745.0,1391389.0,28.8,42.0,12.0,0.0,201229.0,418330.0,0.0,0.0
3N2XP0L91E,,,13.9,,14.0,0.0,440819.0,952292.0,0.0,0.0
2SXQY3YU9U,717.0,1954264.0,16.6,,11.0,0.0,13072.0,388124.0,0.0,0.0
AB0ER8CSU5,743.0,2290982.0,20.6,26.0,17.0,0.0,311049.0,470800.0,0.0,0.0
KMZF12KTUE,742.0,988969.0,17.6,,12.0,0.0,335236.0,773256.0,0.0,0.0
H2LFB9970G,744.0,1209312.0,22.9,,6.0,0.0,267064.0,323136.0,0.0,0.0
MSUHT18DWD,,,18.8,,5.0,0.0,93632.0,239316.0,0.0,0.0
0ZPGWEE2UP,737.0,2480127.0,23.6,21.0,13.0,0.0,285019.0,848386.0,0.0,0.0
J93Y3GLU0G,722.0,1098732.0,12.0,,14.0,0.0,347795.0,509102.0,0.0,0.0
E0XI4GSAFN,745.0,992446.0,25.9,3.0,5.0,0.0,29963.0,488686.0,0.0,0.0
WPPUBAQHBX,714.0,1435127.0,21.8,6.0,4.0,0.0,13357.0,22154.0,0.0,0.0
W2V8IDUCWD,746.0,571425.0,14.0,54.0,10.0,0.0,138472.0,222684.0,0.0,0.0
T2PQ90DZE0,717.0,1413049.0,14.5,15.0,8.0,0.0,202369.0,340076.0,0.0,0.0
GZ7SNIHKSG,704.0,1237508.0,20.3,,15.0,0.0,621015.0,1491864.0,0.0,0.0
YB7RR7SK8G,745.0,517883.0,9.4,,11.0,0.0,146794.0,438042.0,0.0,0.0
IVA7ATVIYG,731.0,1158468.0,29.9,51.0,6.0,0.0,222300.0,612832.0,0.0,0.0
25W4PBENIV,7320.0,388493.0,17.3,,6.0,0.0,207480.0,491304.0,0.0,0.0
EXYFW2H00Z,,,12.0,39.0,12.0,0.0,306432.0,690316.0,0.0,0.0
KH3X92720G,688.0,738093.0,17.3,9.0,28.0,0.0,334381.0,569382.0,0.0,0.0
86C2QWQOQU,724.0,693728.0,14.3,53.0,7.0,0.0,100016.0,224422.0,0.0,0.0
7D6SZNYEBC,708.0,1078972.0,9.5,,5.0,0.0,256785.0,308110.0,0.0,0.0
1M9WQI9IZG,,,13.0,10.0,5.0,0.0,184547.0,238744.0,0.0,0.0
A871WAYK0U,740.0,3849780.0,35.7,14.0,12.0,0.0,145692.0,1895498.0,0.0,0.0
U2S0W43PBD,,,,,,,,,,
3A2P9FZQEM,699.0,601255.0,19.8,30.0,10.0,0.0,98078.0,523336.0,0.0,0.0
LXAIT01XO0,741.0,1901330.0,15.0,31.0,14.0,0.0,489725.0,572198.0,0.0,0.0
IJVEJ7U3HS,,,,,,,,,,
5B7UN3W5IE,690.0,1593245.0,21.7,27.0,8.0,0.0,1412042.0,1659878.0,0.0,0.0
BT8CBT6MQY,747.0,7043775.0,29.4,,4.0,0.0,13091.0,329538.0,0.0,0.0
GEE3GPZ9NO,718.0,982528.0,12.2,,8.0,0.0,95266.0,176770.0,0.0,0.0
EOL9C9LFDQ,723.0,663803.0,18.5,13.0,9.0,0.0,106761.0,456148.0,0.0,0.0
T62373JKS6,,,12.5,,24.0,0.0,1029724.0,1733006.0,0.0,0.0
RFSA6ATPBA,735.0,1286699.0,36.5,12.0,11.0,0.0,622744.0,836506.0,0.0,0.0
ZWU6OB2QC0,683.0,1178589.0,17.0,44.0,8.0,0.0,400520.0,885016.0,0.0,0.0
S93GT7N9CR,,,21.3,43.0,11.0,0.0,359233.0,578512.0,0.0,0.0
HI9QNRV4LF,748.0,865963.0,18.4,,9.0,0.0,81130.0,321706.0,0.0,0.0
Y3LK1KX002,,,32.9,,11.0,0.0,333298.0,563398.0,0.0,0.0
KKY8MLPU8O,715.0,938790.0,15.4,42.0,8.0,2.0,55917.0,134882.0,1.0,1.0
HYYIMBW4FY,733.0,2043811.0,17.0,47.0,10.0,0.0,1024176.0,1741388.0,0.0,0.0
K6KU25I5OB,714.0,3334671.0,29.6,8.0,8.0,0.0,62415.0,80828.0,0.0,0.0
XR6APHCRR6,731.0,753939.0,16.2,13.0,5.0,0.0,42655.0,148742.0,0.0,0.0
99LF6D3Q62,745.0,1771009.0,14.4,16.0,10.0,0.0,172558.0,356180.0,0.0,0.0
VZXCF3BL8V,666.0,949430.0,14.7,77.0,6.0,0.0,228057.0,312114.0,0.0,0.0
7I7YGZTBSV,,,,,,,,,,
S2D4ZM6KUL,,,19.5,,6.0,0.0,335711.0,643588.0,0.0,0.0
ZKAFCHOYVA,6670.0,823954.0,9.8,,2.0,0.0,9481.0,33286.0,0.0,0.0
XOLTA8CNYZ,,,,,,,,,,
GSZH9X7XQ8,745.0,1021915.0,14.7,23.0,8.0,0.0,0.0,0.0,0.0,0.0
61N9M6IMPR,727.0,1828560.0,16.4,28.0,6.0,0.0,552805.0,807158.0,0.0,0.0
QTR3EZCG42,740.0,387296.0,27.0,,6.0,0.0,95912.0,150282.0,0.0,0.0
ANK0HPSQYG,,,9.8,,15.0,0.0,296590.0,534094.0,0.0,0.0
1EYNO1NJRN,707.0,457178.0,19.7,29.0,6.0,0.0,84341.0,110330.0,0.0,0.0
OIBZ888OVA,729.0,8279060.0,41.4,,10.0,0.0,2095700.0,2598068.0,0.0,0.0
1WC4X8KF1W,,,,,,,,,,
R0WXHPSG77,675.0,2817282.0,34.4,30.0,18.0,0.0,918099.0,1368158.0,0.0,0.0
G609RZEY0N,724.0,1585949.0,15.8,,13.0,0.0,475228.0,618992.0,0.0,0.0
WFK5WAFJC2,715.0,579747.0,10.8,,9.0,0.0,76114.0,143330.0,0.0,0.0
JEETRF9V1B,731.0,534318.0,7.5,,6.0,0.0,95133.0,142692.0,0.0,0.0
UQD8GKP9G4,711.0,1459884.0,32.7,,12.0,0.0,405042.0,598202.0,0.0,0.0
WXR1IFF1FG,744.0,1595468.0,19.1,,12.0,1.0,488718.0,862642.0,1.0,0.0
3ETVP39H4Y,742.0,1160691.0,9.8,,6.0,0.0,125913.0,225346.0,0.0,0.0
3PZNPMXDVW,741.0,1255938.0,13.1,,8.0,0.0,189753.0,492646.0,0.0,0.0
L91W22QFMU,725.0,969038.0,15.4,,7.0,0.0,117990.0,192170.0,0.0,0.0
FMZGV8CMZ3,714.0,2336772.0,18.0,53.0,12.0,0.0,557004.0,998360.0,0.0,0.0
E8LXDIDOGR,728.0,929138.0,15.4,,8.0,1.0,46968.0,197010.0,1.0,0.0
X0AR66QNGC,634.0,3223445.0,15.1,65.0,10.0,1.0,44327.0,255310.0,1.0,0.0
45FPET0L9G,731.0,2035109.0,17.9,75.0,9.0,1.0,81149.0,361416.0,1.0,0.0
FNQG6XS8VP,713.0,1556328.0,16.1,,11.0,0.0,134178.0,509366.0,0.0,0.0
7GCJ7J2PH9,716.0,817798.0,18.6,38.0,12.0,1.0,224884.0,401236.0,1.0,0.0
2EIOYMBD7O,722.0,809400.0,32.2,,5.0,1.0,173261.0,242022.0,0.0,1.0
YYI8TXK2XV,,,17.4,26.0,5.0,1.0,91162.0,118206.0,1.0,0.0
I5O8NCM0G0,740.0,904305.0,17.9,,6.0,0.0,126483.0,180378.0,0.0,0.0
XJSL38AICO,,,16.3,,7.0,0.0,88578.0,198000.0,0.0,0.0
3U2UMJ9VEQ,715.0,531468.0,14.1,44.0,20.0,0.0,200089.0,627880.0,0.0,0.0
ZW95URHYT2,,,31.4,6.0,2.0,0.0,28177.0,39314.0,0.0,0.0
HCTW06ZA5J,,,24.0,,10.0,0.0,989007.0,1902274.0,0.0,0.0
LMSCP7Z8J7,717.0,469395.0,11.7,30.0,9.0,0.0,66215.0,248138.0,0.0,0.0
EGK4SRRNTM,,,12.0,72.0,11.0,2.0,132012.0,305734.0,1.0,0.0
HKRUV7WPWN,691.0,3428189.0,15.9,,9.0,0.0,236949.0,360536.0,0.0,0.0
OW2OCHUC1B,741.0,773300.0,10.6,,10.0,0.0,260091.0,469832.0,0.0,0.0
IHTBE31629,700.0,3157002.0,16.0,9.0,9.0,0.0,91162.0,290774.0,0.0,0.0
7ATP0OKR1K,730.0,1956050.0,18.0,,12.0,0.0,759772.0,1476068.0,0.0,0.0
HV5K597MT9,729.0,700340.0,8.0,,9.0,0.0,76950.0,112640.0,0.0,0.0
CSG5WKCJL3,7210.0,1078991.0,16.4,,15.0,0.0,276051.0,910646.0,0.0,0.0
UB2404U1I9,720.0,1522432.0,17.8,,14.0,0.0,2731896.0,4039904.0,0.0,0.0
N3N21ZI2QZ,706.0,785479.0,28.9,23.0,15.0,0.0,339986.0,672914.0,0.0,0.0
06WIJPTUFO,,,27.2,11.0,9.0,0.0,86773.0,410058.0,0.0,0.0
389RLAB9L7,736.0,648508.0,17.5,46.0,10.0,0.0,204516.0,621566.0,0.0,0.0
FPM2GU2CRM,,,19.8,,11.0,0.0,338732.0,1431430.0,0.0,0.0
IT5GK3LTZ2,687.0,2078296.0,16.4,12.0,9.0,0.0,82859.0,205458.0,0.0,0.0
QRI12Z0ZD2,698.0,1060675.0,18.6,24.0,24.0,0.0,377834.0,788282.0,0.0,0.0
MXKVSXHY0S,721.0,811452.0,14.5,73.0,7.0,1.0,35815.0,203302.0,1.0,0.0
BJQJFB0B1D,706.0,1322419.0,15.7,37.0,11.0,0.0,248938.0,593076.0,0.0,0.0
O437FFGB9I,,,15.0,,23.0,0.0,643169.0,905982.0,0.0,0.0
29U8L1E1XJ,712.0,897218.0,20.7,,10.0,1.0,154869.0,279312.0,1.0,0.0
5HEM214RF0,745.0,3373887.0,23.3,,6.0,0.0,786049.0,8668286.0,0.0,0.0
OWP6K5REZD,716.0,1008102.0,30.9,5.0,12.0,0.0,127034.0,239976.0,0.0,0.0
FP82XRJJ2Y,,,13.0,,6.0,0.0,50369.0,149556.0,0.0,0.0
COLEHGHR9H,6820.0,723520.0,8.4,26.0,22.0,0.0,110390.0,277860.0,0.0,0.0
4YNN5QVI0L,751.0,2162713.0,17.1,,19.0,0.0,364762.0,2760516.0,0.0,0.0
K63MNHGC6G,738.0,1042625.0,28.4,,9.0,0.0,37506.0,176572.0,0.0,0.0
NWSKJKJA3A,,,16.0,41.0,7.0,0.0,17138.0,236302.0,0.0,0.0
Q3ITTR2BDF,730.0,1160862.0,15.4,23.0,10.0,0.0,509770.0,808588.0,0.0,0.0
DZTZJGUAR3,7440.0,805828.0,11.4,,4.0,0.0,79021.0,269148.0,0.0,0.0
BWJZT5AT92,749.0,2121616.0,16.6,,9.0,0.0,531506.0,863148.0,0.0,0.0
7N2V6CWSWJ,713.0,1012168.0,21.1,51.0,8.0,0.0,278274.0,330132.0,0.0,0.0
FRLPSR52S5,712.0,3992964.0,18.5,,17.0,0.0,514197.0,791758.0,0.0,0.0
FFBIMY9M3A,,,15.9,,16.0,0.0,684950.0,1054636.0,0.0,0.0
5ALQWXS2DQ,719.0,760380.0,15.6,39.0,9.0,0.0,90231.0,211508.0,0.0,0.0
LIS24ZJL3Q,649.0,355186.0,12.9,,8.0,0.0,160455.0,264660.0,0.0,0.0
0E73F3VPA6,737.0,1407482.0,12.5,,8.0,0.0,241376.0,319396.0,0.0,0.0
5E7BB4Y5BH,736.0,878066.0,9.9,23.0,7.0,0.0,25441.0,165528.0,0.0,0.0
B87XKQWEL1,735.0,1750793.0,17.6,42.0,14.0,0.0,314564.0,728486.0,0.0,0.0
35Y84GUL7T,7310.0,634904.0,10.7,,5.0,0.0,175484.0,242748.0,0.0,0.0
UJG5RKR993,740.0,1151628.0,13.8,6.0,6.0,0.0,295811.0,417714.0,0.0,0.0
38KG8ETCY0,747.0,964611.0,18.9,,14.0,0.0,314564.0,741796.0,0.0,0.0
VSYP9JPN3D,743.0,1939520.0,17.8,,15.0,0.0,462327.0,1376166.0,0.0,0.0
MGAIBDO871,,,13.6,,13.0,1.0,93309.0,385836.0,0.0,0.0
64FBUJJNFU,748.0,1144902.0,22.7,,7.0,0.0,250401.0,563024.0,0.0,0.0
0PQ8TR2MV9,738.0,906433.0,14.5,70.0,10.0,1.0,34903.0,137918.0,1.0,0.0
VKNW1JOXNZ,720.0,560880.0,11.8,,11.0,0.0,141911.0,205634.0,0.0,0.0
Q3BV1MF5HZ,676.0,1226602.0,18.6,,11.0,0.0,528789.0,1015410.0,0.0,0.0
6KVS508R9W,728.0,926630.0,25.4,72.0,14.0,0.0,376770.0,777656.0,0.0,0.0
21FVZTW2PI,724.0,1101734.0,32.3,,7.0,0.0,151620.0,190190.0,0.0,0.0
HZDGV2JYU1,697.0,3082028.0,29.0,9.0,9.0,1.0,213123.0,651134.0,1.0,0.0
566NI2VPBM,742.0,806170.0,15.9,,10.0,0.0,226708.0,653026.0,0.0,0.0
U4L01Z1V56,723.0,871815.0,18.0,25.0,10.0,0.0,96539.0,177738.0,0.0,0.0
W7PHHQAJFF,,,12.2,,7.0,0.0,54986.0,117260.0,0.0,0.0
RURLR71U8A,665.0,2645541.0,16.1,,7.0,0.0,142937.0,349206.0,0.0,0.0
P4DNLPNFZU,722.0,1273779.0,10.1,28.0,7.0,0.0,91941.0,268818.0,0.0,0.0
TU7HHH6GSE,745.0,1299676.0,17.4,,7.0,0.0,1159285.0,1586684.0,0.0,0.0
K2XXPKO5HA,707.0,1555891.0,16.5,,28.0,1.0,312759.0,522566.0,1.0,0.0
CEZHOL1VEQ,,,15.4,20.0,11.0,0.0,67830.0,487784.0,0.0,0.0
UJ4FPRN4QY,708.0,2127620.0,33.0,,18.0,0.0,638647.0,1966734.0,0.0,0.0
XOPX8AOJPM,,,22.5,72.0,15.0,0.0,181146.0,400290.0,0.0,0.0
V32CKAQ4Z4,,,12.2,,10.0,0.0,137807.0,335918.0,0.0,0.0
TRPML2H6ZT,,,12.2,,13.0,0.0,542716.0,1072368.0,0.0,0.0
1E0N3IHY7Q,706.0,1931369.0,15.7,31.0,9.0,1.0,124849.0,368764.0,1.0,0.0
CIROXT4ZNV,,,,,,,,,,
AV9ZH8D3KL,723.0,3337977.0,16.8,,15.0,0.0,19361.0,533742.0,0.0,0.0
M65LWEP9A6,,,13.0,5.0,12.0,0.0,275557.0,748990.0,0.0,0.0
CNJQE63LAG,717.0,757416.0,15.9,,9.0,1.0,105127.0,346808.0,1.0,0.0
R24XSL8FKE,,,27.9,,9.0,0.0,585637.0,812108.0,0.0,0.0
Y0ZM363N5K,723.0,1310582.0,13.0,,12.0,1.0,99408.0,311960.0,1.0,0.0
Y1NLNSHW3E,727.0,531088.0,16.8,9.0,14.0,1.0,148105.0,441980.0,1.0,0.0
1VDAD52HRE,741.0,1733598.0,23.7,,9.0,0.0,478458.0,682264.0,0.0,0.0
NX8MCZ77QB,663.0,672581.0,8.3,,20.0,0.0,138016.0,887810.0,0.0,0.0
78CT3J84FM,750.0,1858466.0,25.1,16.0,28.0,0.0,495273.0,2293852.0,0.0,0.0
QN97DI0X7F,735.0,1700823.0,15.4,,12.0,0.0,470782.0,808786.0,0.0,0.0
0SZSTC9BME,746.0,1138062.0,5.7,,11.0,0.0,159049.0,318604.0,0.0,0.0
WT2OBN5VYO,724.0,587765.0,14.2,,6.0,1.0,304570.0,588764.0,1.0,0.0
A4F4DQPN4V,741.0,1601909.0,23.0,37.0,16.0,0.0,706287.0,941094.0,0.0,0.0
9QZ0J01CT6,704.0,1123014.0,8.8,,18.0,0.0,348973.0,995280.0,0.0,0.0
ZVN54IA0QZ,,,16.2,3.0,8.0,0.0,73435.0,128062.0,0.0,0.0
6E6X54VG8W,704.0,191463.0,12.6,17.0,3.0,0.0,8360.0,99880.0,0.0,0.0
KDBHPNTJUE,723.0,1205322.0,12.9,35.0,8.0,0.0,228722.0,331034.0,0.0,0.0
2A2Q484759,,,13.0,,12.0,0.0,240654.0,543180.0,0.0,0.0
9XB854R4LW,,,,,,,,,,
DKO7JCKLP5,732.0,1452930.0,23.7,19.0,10.0,0.0,170012.0,246686.0,0.0,0.0
1A81ACPZIC,,,22.0,71.0,11.0,2.0,81605.0,625812.0,2.0,0.0
GQTZCUPWIV,742.0,2422823.0,14.8,48.0,10.0,0.0,516819.0,627946.0,0.0,0.0
Q9XQ2AODNP,709.0,755060.0,14.3,,13.0,0.0,220286.0,362824.0,0.0,0.0
GEK6PPULVZ,,,,,,,,,,
UJTO7XEIUW,,,,,,,,,,
W8R2BPK7KH,736.0,557688.0,10.0,,10.0,0.0,111948.0,310112.0,0.0,0.0
ARFDIV3CBL,,,21.0,,5.0,0.0,121600.0,577060.0,0.0,0.0
QSJ4CHUODV,724.0,736877.0,8.6,,7.0,0.0,67697.0,332134.0,0.0,0.0
RIR2ZAALHI,742.0,580260.0,22.3,,5.0,0.0,79363.0,685740.0,0.0,0.0
CZBS96PAUH,,,13.3,,14.0,0.0,386631.0,1320594.0,0.0,0.0
XW2Y028FHB,,,13.7,,16.0,0.0,279984.0,471900.0,0.0,0.0
J4VTH3AZ8G,715.0,1678460.0,30.6,41.0,10.0,0.0,1006088.0,1199726.0,0.0,0.0
03THKC9D4L,747.0,1332470.0,11.5,40.0,6.0,0.0,208297.0,416548.0,0.0,0.0
3KU5BV7CA5,725.0,775827.0,19.7,38.0,9.0,0.0,336642.0,537658.0,0.0,0.0
ADUECB7P9D,747.0,2176944.0,29.0,,5.0,0.0,980115.0,12073028.0,0.0,0.0
LTG5BW688R,600.0,1866750.0,25.3,64.0,9.0,0.0,265943.0,395802.0,0.0,0.0
E5J6KOEQDD,717.0,1799680.0,23.3,14.0,6.0,0.0,234099.0,512380.0,0.0,0.0
5WYWVWYDAG,714.0,686679.0,20.6,59.0,9.0,1.0,198892.0,324346.0,0.0,0.0
DAX6PNEQNR,718.0,1002307.0,20.0,,17.0,0.0,509029.0,956802.0,0.0,0.0
6DI1B9UP1N,734.0,988000.0,15.5,11.0,15.0,0.0,88939.0,145244.0,0.0,0.0
PIMIQNBMZA,,,,,,,,,,
NU260S8YNS,718.0,788975.0,13.5,,14.0,0.0,379620.0,755260.0,0.0,0.0
Y70SC1G6C8,738.0,572280.0,24.2,,15.0,1.0,175788.0,602184.0,1.0,0.0
HY89RJ7LMK,751.0,1177772.0,21.5,,17.0,0.0,315571.0,1421750.0,0.0,0.0
ZRHVX254O6,727.0,780083.0,16.5,27.0,16.0,1.0,156940.0,531322.0,1.0,0.0
N9HGQJ4THJ,732.0,1229794.0,20.1,46.0,10.0,0.0,196099.0,556512.0,0.0,0.0
C9ANA54PC7,751.0,1206937.0,40.2,,14.0,0.0,801724.0,2796112.0,0.0,0.0
QRNM5A2U1D,,,18.6,,8.0,0.0,245423.0,433180.0,0.0,0.0
PPONCEK35D,670.0,1180128.0,22.8,48.0,6.0,1.0,146984.0,345906.0,0.0,0.0
YCFKZRRJ2J,671.0,3318692.0,26.4,,17.0,0.0,7111073.0,14294896.0,0.0,0.0
6MX83Q3DXS,721.0,1395075.0,9.9,,9.0,0.0,419121.0,682550.0,0.0,0.0
6HAXE0QVHC,726.0,2308652.0,28.3,39.0,8.0,0.0,198417.0,460394.0,0.0,0.0
3GT6QMJL6S,655.0,1403758.0,24.0,,11.0,1.0,111644.0,171446.0,1.0,0.0
MSLOJ0W398,,,21.3,30.0,15.0,0.0,310517.0,485870.0,0.0,0.0
MEGT40KKPF,,,10.9,25.0,13.0,0.0,24035.0,897446.0,0.0,0.0
FKQBRZQ76Z,735.0,1341438.0,16.9,37.0,8.0,1.0,178752.0,277464.0,0.0,0.0
JKOBXF4QQE,,,17.5,,13.0,0.0,243238.0,635756.0,0.0,0.0
G8QIYSJ34J,743.0,948385.0,12.0,,18.0,0.0,391020.0,487366.0,0.0,0.0
0B387SSWCA,734.0,1519449.0,15.2,,5.0,0.0,56981.0,65142.0,0.0,0.0
D1DR70CMUP,708.0,1205550.0,12.5,52.0,14.0,0.0,728251.0,1258554.0,0.0,0.0
VELR8SDMBG,675.0,872537.0,14.6,38.0,20.0,0.0,556263.0,1114366.0,0.0,0.0
HACJKVFN1Y,719.0,622231.0,4.3,,7.0,0.0,36879.0,180202.0,0.0,0.0
7DFQZCZKT1,682.0,1816438.0,20.7,,9.0,0.0,521322.0,838376.0,0.0,0.0
SL2JTR27Y5,719.0,1788736.0,19.3,61.0,21.0,0.0,329593.0,529320.0,0.0,0.0
GCUSIMK5SH,738.0,810293.0,19.7,,18.0,0.0,261801.0,627616.0,0.0,0.0
ZU25PGNY9D,719.0,761672.0,21.0,25.0,3.0,0.0,703.0,29128.0,0.0,0.0
0VMZ2H4A0C,,,8.9,,6.0,0.0,148922.0,219648.0,0.0,0.0
OJKXQN5B9O,744.0,2354575.0,18.7,67.0,14.0,0.0,466222.0,1921128.0,0.0,0.0
BWLFUIRYOS,746.0,2693516.0,19.6,,12.0,0.0,198702.0,1717012.0,0.0,0.0
WTZ8DFT8MM,704.0,1058642.0,18.8,19.0,10.0,0.0,69635.0,174130.0,0.0,0.0
XMMRYHW5YT,745.0,2339147.0,25.9,,6.0,0.0,128592.0,299002.0,0.0,0.0
JBKJFPJ73W,703.0,1073044.0,14.5,,20.0,1.0,495330.0,813538.0,0.0,1.0
I4MCYZKA4K,,,14.8,,10.0,0.0,130796.0,421872.0,0.0,0.0
1KDWUSU6Q9,722.0,1428895.0,19.8,55.0,9.0,0.0,186466.0,353342.0,0.0,0.0
2LK3SFJ1E9,749.0,1926144.0,25.0,,12.0,0.0,332842.0,1082532.0,0.0,0.0
MGIOVFSWZ0,7080.0,1249364.0,17.8,,12.0,0.0,460408.0,1275384.0,0.0,0.0
X1UE5P3K00,747.0,655994.0,16.8,,7.0,0.0,203946.0,461252.0,0.0,0.0
8XP8ZWLK0I,701.0,1053151.0,16.5,,9.0,0.0,250439.0,313500.0,0.0,0.0
3NPTM187DX,748.0,764408.0,15.0,,7.0,0.0,267292.0,482086.0,0.0,0.0
6R7GUBBCCI,706.0,896857.0,24.4,12.0,11.0,1.0,118408.0,374594.0,0.0,0.0
EJHEIYS8TA,746.0,1819079.0,14.1,,8.0,0.0,1106028.0,2286922.0,0.0,0.0
T0PP6806G2,718.0,1026342.0,15.0,,12.0,0.0,353647.0,511214.0,0.0,0.0
UDBXXHCUVH,750.0,1815108.0,18.3,,11.0,0.0,824467.0,1284866.0,0.0,0.0
5AW9P2L0J9,731.0,1127118.0,28.3,,16.0,0.0,686755.0,1065922.0,0.0,0.0
WR8RG7HFEQ,704.0,1519639.0,11.0,29.0,25.0,0.0,175237.0,1035298.0,0.0,0.0
8U7ARLNZ5C,712.0,1758241.0,15.0,,18.0,0.0,1201959.0,1486892.0,0.0,0.0
01HD3ROU5E,,,33.2,,11.0,0.0,349638.0,2326676.0,0.0,0.0
KROR6JM64K,,,,,,,,,,
614L28K37I,,,16.7,,15.0,0.0,36328.0,713086.0,0.0,0.0
491CSSUOTG,686.0,745256.0,9.6,,10.0,0.0,111853.0,238062.0,0.0,0.0
GB0GEIA8YY,744.0,1632936.0,17.0,28.0,9.0,0.0,82631.0,191334.0,0.0,0.0
G6YCX414F1,748.0,738682.0,14.5,,5.0,0.0,179683.0,842270.0,0.0,0.0
W0FQE7V9J9,,,20.4,73.0,8.0,1.0,30799.0,228602.0,1.0,0.0
RDANWMRXUG,,,17.6,42.0,6.0,0.0,64676.0,282590.0,0.0,0.0
3QAXZ606A5,745.0,660288.0,10.4,30.0,11.0,0.0,245005.0,703934.0,0.0,0.0
QXV7QJCODS,740.0,851751.0,19.9,30.0,13.0,1.0,235866.0,488554.0,0.0,0.0
E1PND0VTUO,734.0,1491310.0,13.6,35.0,25.0,0.0,524286.0,1218998.0,0.0,0.0
VFE81FJWH6,739.0,856520.0,15.6,,10.0,0.0,251807.0,689260.0,0.0,0.0
GF7GNBULPV,7420.0,660934.0,12.8,,15.0,0.0,213560.0,405372.0,0.0,0.0
B5RA92CVM8,715.0,2272704.0,11.5,,18.0,0.0,237443.0,395010.0,0.0,0.0
UP9O1Q0UXT,703.0,1074450.0,23.0,,12.0,0.0,558125.0,880462.0,0.0,0.0
0VCYHGZZJK,741.0,1840929.0,12.9,,3.0,0.0,234346.0,504350.0,0.0,0.0
FB8N5E0CQM,733.0,1681272.0,12.3,63.0,7.0,0.0,380418.0,941204.0,0.0,0.0
EKLC9P7HLE,,,5.0,,9.0,1.0,79230.0,178464.0,0.0,1.0
L2IVMG4PTU,,,,,,,,,,
EZEPSRODAI,,,21.5,55.0,17.0,0.0,345458.0,690844.0,0.0,0.0
MJFMGP32PU,740.0,484747.0,10.2,,10.0,0.0,285323.0,671484.0,0.0,0.0
6GMA075U72,741.0,1219515.0,16.5,51.0,13.0,0.0,66937.0,227326.0,0.0,0.0
2RDXSJH6MA,720.0,1235095.0,16.0,12.0,10.0,0.0,598975.0,744172.0,0.0,0.0
YLBBTTXX43,729.0,787151.0,18.5,,4.0,0.0,164806.0,660330.0,0.0,0.0
F46UDVHONX,740.0,842859.0,13.2,75.0,9.0,1.0,114950.0,272756.0,1.0,0.0
9RNTGAV605,,,18.5,66.0,6.0,0.0,75278.0,220660.0,0.0,0.0
KKZV3BZ205,662.0,1583023.0,7.8,32.0,3.0,0.0,1691.0,178398.0,0.0,0.0
AYP8SMHI36,723.0,657286.0,12.7,,7.0,1.0,22971.0,165176.0,1.0,0.0
IPCCOITKLK,686.0,1611504.0,23.2,,7.0,0.0,58064.0,222640.0,0.0,0.0
Z4XJ4TLZZF,720.0,1133388.0,23.6,,5.0,1.0,36822.0,103972.0,1.0,0.0
YQDPY0K40E,662.0,980096.0,14.2,10.0,11.0,0.0,173489.0,585684.0,0.0,0.0
RJXWYXODU8,743.0,2003189.0,18.4,17.0,15.0,0.0,532285.0,1529374.0,0.0,0.0
OL2AJ75VK9,,,,,,,,,,
ZBMGWOHLTL,,,20.8,46.0,8.0,0.0,634524.0,791714.0,0.0,0.0
PLICA6E2OT,703.0,711797.0,29.0,5.0,12.0,0.0,204421.0,410212.0,0.0,0.0
0JQ3JFLWMD,739.0,2455180.0,16.0,,12.0,0.0,182096.0,702834.0,0.0,0.0
NGYH5GFZ2W,628.0,2597756.0,22.1,5.0,8.0,0.0,101213.0,131098.0,0.0,0.0
PH2L7A3DJO,721.0,522215.0,9.1,,8.0,0.0,149169.0,386408.0,0.0,0.0
GKKMT37KFY,747.0,1154022.0,12.4,,9.0,0.0,172197.0,313984.0,0.0,0.0
L04PVD5WDO,713.0,528276.0,11.6,,8.0,0.0,71839.0,376420.0,0.0,0.0
A7V05H5OO3,716.0,1461613.0,18.1,10.0,12.0,0.0,210254.0,269324.0,0.0,0.0
V1IEGSC21J,7180.0,777404.0,20.8,,6.0,0.0,534679.0,663564.0,0.0,0.0
3S1LLNGDQ4,7260.0,769880.0,10.6,65.0,4.0,0.0,43776.0,54384.0,0.0,0.0
D68O4Q1YM8,,,9.0,,5.0,0.0,174458.0,231396.0,0.0,0.0
J7NWWSPFTF,750.0,989520.0,23.0,,12.0,0.0,352659.0,663960.0,0.0,0.0
WWW23DPI8C,701.0,1132362.0,13.8,8.0,12.0,0.0,140467.0,380006.0,0.0,0.0
0XKVY7TB2V,708.0,1457490.0,21.5,33.0,8.0,0.0,113316.0,150810.0,0.0,0.0
2MW90ZT8Y4,683.0,1717524.0,30.7,,13.0,0.0,731462.0,1297010.0,0.0,0.0
X2KLTV45I2,707.0,2517025.0,16.5,28.0,7.0,0.0,6707.0,44154.0,0.0,0.0
0BS7DGYMR6,,,10.9,23.0,9.0,0.0,137750.0,301510.0,0.0,0.0
TCWBIH6V1S,,,11.8,35.0,21.0,0.0,302651.0,705078.0,0.0,0.0
2BADLPIJEW,731.0,867920.0,15.7,22.0,19.0,0.0,89889.0,198638.0,0.0,0.0
ZINKD7UCIY,641.0,2199858.0,18.5,48.0,20.0,1.0,326211.0,878416.0,0.0,0.0
JOBVARCSZQ,741.0,1499480.0,14.4,,16.0,0.0,355053.0,1005158.0,0.0,0.0
1WLC655MGL,743.0,989482.0,19.5,,9.0,0.0,224903.0,410102.0,0.0,0.0
ZWNFWOVB9D,725.0,2665054.0,21.7,13.0,21.0,0.0,232807.0,339504.0,0.0,0.0
N55MLR05QY,721.0,812953.0,31.5,32.0,10.0,1.0,169632.0,320958.0,1.0,0.0
PPYULIBQBA,721.0,1542800.0,29.3,6.0,19.0,0.0,862714.0,1504426.0,0.0,0.0
UW7RH2XAYH,693.0,565269.0,12.9,0.0,5.0,0.0,139973.0,196460.0,,0.0
6ZDSTYPBN0,746.0,797525.0,18.9,,9.0,0.0,297445.0,549274.0,0.0,0.0
A0MVPJGAHC,7220.0,1112298.0,15.6,,7.0,0.0,386631.0,472230.0,0.0,0.0
1RP4KZIDBU,,,16.2,23.0,9.0,0.0,462175.0,579788.0,0.0,0.0
HJPHLKM3AW,720.0,1800972.0,14.0,15.0,12.0,0.0,137332.0,638660.0,0.0,0.0
VJEK06PDE3,737.0,1944840.0,21.6,,15.0,0.0,689187.0,1734810.0,0.0,0.0
Z9UQFI8Y6X,745.0,1391655.0,12.9,12.0,8.0,0.0,247741.0,359018.0,0.0,0.0
526ZTHW2O1,718.0,1999294.0,19.0,30.0,8.0,0.0,116755.0,292600.0,0.0,0.0
9543DNNNG7,731.0,1113381.0,15.9,6.0,10.0,1.0,42693.0,70510.0,1.0,0.0
CZ8D6EZK3R,,,,,,,,,,
QNRXV5CKW0,,,14.3,26.0,21.0,0.0,156617.0,304788.0,0.0,0.0
C7SCDF4EW8,675.0,1989224.0,38.5,7.0,10.0,0.0,509618.0,988416.0,0.0,0.0
1S9F7RIA6Z,716.0,1753301.0,19.2,,11.0,0.0,709213.0,915486.0,0.0,0.0
BQ9DEX0CY0,687.0,860396.0,10.3,,8.0,0.0,156256.0,208208.0,0.0,0.0
T4UFZ3HBG5,741.0,1324813.0,19.6,49.0,11.0,0.0,369892.0,512930.0,0.0,0.0
VTQBH1PELO,722.0,1575594.0,10.7,20.0,5.0,0.0,85614.0,163064.0,0.0,0.0
J712Y10913,742.0,1057445.0,29.5,,13.0,1.0,634391.0,1008986.0,1.0,0.0
OFKJG6RGKV,,,18.5,12.0,6.0,0.0,21622.0,27060.0,0.0,0.0
JXRRCSOKXI,725.0,2911275.0,31.5,,4.0,1.0,209494.0,321288.0,1.0,0.0
NU5WU7S2BX,702.0,1335719.0,18.4,20.0,13.0,0.0,163096.0,342738.0,0.0,0.0
O78KV7MGW8,,,21.5,53.0,8.0,0.0,85918.0,368478.0,0.0,0.0
1QXCITJOU0,708.0,1357740.0,15.4,,11.0,0.0,367935.0,543378.0,0.0,0.0
I7Y0GCHR4L,,,13.6,,19.0,0.0,49856.0,1254770.0,0.0,0.0
2TWIA3LWCZ,741.0,588354.0,16.9,,4.0,0.0,81282.0,218350.0,0.0,0.0
EEIHG0E1D2,749.0,1732059.0,6.5,,8.0,0.0,48298.0,787776.0,0.0,0.0
8NRZKDQF1X,7460.0,950741.0,16.0,29.0,10.0,0.0,45182.0,550792.0,0.0,0.0
HZT8WX02ZS,,,12.3,,10.0,0.0,321860.0,416856.0,0.0,0.0
OXU2L22AAN,,,15.3,69.0,13.0,0.0,352260.0,737572.0,0.0,0.0
981I7CP8RX,700.0,863645.0,24.8,5.0,12.0,0.0,647026.0,1017918.0,0.0,0.0
8ALZ0ER9FW,717.0,4744775.0,34.5,55.0,10.0,0.0,594738.0,760078.0,0.0,0.0
UCIMPSBIH5,698.0,947340.0,22.5,11.0,9.0,0.0,237766.0,302852.0,0.0,0.0
YPEAI77RDG,704.0,718751.0,8.6,,6.0,0.0,190608.0,272140.0,0.0,0.0
WO9X94EE4A,688.0,1540824.0,16.8,,16.0,1.0,616398.0,1108294.0,1.0,0.0
MLZ1I2DVFJ,,,10.2,,8.0,0.0,0.0,0.0,0.0,0.0
3D9LNGSBK0,,,9.7,,16.0,0.0,117078.0,230560.0,0.0,0.0
5GGG22IXCI,,,11.1,,8.0,0.0,315647.0,372944.0,0.0,0.0
SP9LK15YBD,739.0,1245374.0,16.0,,15.0,0.0,315571.0,964128.0,0.0,0.0
PCGSKLXJP7,735.0,1114008.0,17.3,,6.0,1.0,74062.0,277530.0,0.0,1.0
JGE8XLPZ4Z,714.0,1432296.0,15.5,38.0,9.0,0.0,111739.0,233530.0,0.0,0.0
SJ0X470RGJ,,,17.9,,7.0,0.0,108471.0,314776.0,0.0,0.0
M9U30QVNRC,750.0,537586.0,24.2,,9.0,0.0,95760.0,759506.0,0.0,0.0
GQX9608O0E,738.0,1542192.0,9.5,,17.0,0.0,514919.0,1284954.0,0.0,0.0
NHUFXILHQX,746.0,1539209.0,10.1,,9.0,0.0,207974.0,352572.0,0.0,0.0
5J0RX0SL0I,724.0,939550.0,12.0,30.0,10.0,0.0,141759.0,237204.0,0.0,0.0
G6IC4N2OH7,721.0,2265636.0,28.5,,10.0,0.0,372039.0,451088.0,0.0,0.0
7AVNE1TE11,713.0,1750356.0,25.5,56.0,6.0,0.0,224257.0,335060.0,0.0,0.0
08LYNGOM84,742.0,1707948.0,12.5,17.0,20.0,0.0,256177.0,415426.0,0.0,0.0
EH6MN6RSO1,660.0,2735639.0,27.0,47.0,12.0,0.0,1420744.0,2223056.0,0.0,0.0
5ERC2S207Y,710.0,973674.0,14.0,,15.0,0.0,144951.0,570900.0,0.0,0.0
HEP50IPJZ0,732.0,1988312.0,15.7,29.0,11.0,0.0,105032.0,140756.0,0.0,0.0
IGUC66MWTZ,727.0,1124116.0,12.5,17.0,11.0,0.0,9937.0,126346.0,0.0,0.0
YSNR0ZJQ4Y,,,15.9,,5.0,1.0,57627.0,83820.0,1.0,0.0
FUCUUBCCMS,7060.0,915743.0,16.0,14.0,10.0,1.0,5054.0,150106.0,1.0,0.0
NBY7VCL2DF,,,,,,,,,,
BVT8C2UQ22,635.0,1242714.0,19.1,25.0,8.0,0.0,191729.0,355212.0,0.0,0.0
XVYITCZORL,,,,,,,,,,
XRK1C8MS1J,,,30.0,,12.0,0.0,226119.0,526834.0,0.0,0.0
DLNLDLO01P,707.0,2328792.0,21.4,,6.0,0.0,735699.0,869264.0,0.0,0.0
GDSY0WMSC8,721.0,830737.0,13.5,9.0,13.0,0.0,220039.0,361900.0,0.0,0.0
7H2K5R91G9,670.0,1711463.0,19.7,,5.0,0.0,685862.0,807884.0,0.0,0.0
UMDZ3U8LOR,720.0,574731.0,9.1,,5.0,0.0,87913.0,199606.0,0.0,0.0
BE7114TIDK,708.0,975346.0,11.4,41.0,10.0,1.0,103132.0,186868.0,1.0,0.0
K29U8ZYOQH,707.0,1508448.0,14.1,79.0,12.0,0.0,109801.0,266530.0,0.0,0.0
AAIXCPDM5J,,,15.4,,9.0,1.0,105906.0,227106.0,1.0,0.0
IJAPJPVQH9,712.0,992446.0,25.2,59.0,8.0,0.0,214263.0,267322.0,0.0,0.0
ZYVR9TKQN2,662.0,1519050.0,19.4,15.0,8.0,0.0,160702.0,286264.0,0.0,0.0
13AC0XTQYJ,,,20.7,38.0,13.0,0.0,223953.0,375276.0,0.0,0.0
24CTLBA6M1,695.0,794086.0,37.6,81.0,10.0,1.0,80047.0,278366.0,1.0,0.0
L5C8Y09YR3,742.0,725971.0,23.0,,5.0,1.0,134064.0,276694.0,1.0,0.0
TU3JAW40ZV,747.0,1126377.0,11.0,,9.0,0.0,272707.0,426712.0,0.0,0.0
KFVYO02CG4,730.0,2644040.0,21.6,12.0,10.0,0.0,199462.0,317240.0,0.0,0.0
V97NL10QIQ,,,,,,,,,,
HJXEMZ6V9C,705.0,552843.0,16.7,20.0,12.0,0.0,275728.0,426250.0,0.0,0.0
P37KB9XHWA,,,14.7,34.0,14.0,0.0,202825.0,499708.0,0.0,0.0
EEEQKIOROV,,,9.4,,10.0,0.0,102733.0,364870.0,0.0,0.0
A5POZE4H2K,725.0,1532521.0,21.5,13.0,27.0,0.0,367916.0,1036530.0,0.0,0.0
9NTX49IO8J,710.0,1161546.0,24.5,21.0,9.0,0.0,181165.0,396528.0,0.0,0.0
3D46RYGY3F,,,22.4,,8.0,0.0,457881.0,1084226.0,0.0,0.0
1CHB5AA2RV,717.0,479655.0,13.5,40.0,9.0,0.0,120593.0,244530.0,0.0,0.0
NMELODZB4M,6760.0,1777564.0,22.9,8.0,13.0,0.0,747023.0,907632.0,0.0,0.0
JE336EER2F,720.0,1565942.0,18.5,,15.0,0.0,724432.0,2001934.0,0.0,0.0
EFQE6M9MXN,,,17.6,55.0,8.0,0.0,104576.0,165440.0,0.0,0.0
ATLDQZOJG6,745.0,2667619.0,19.5,20.0,12.0,1.0,262010.0,633358.0,0.0,0.0
VVXK38KZ1G,717.0,856083.0,14.0,,8.0,0.0,287375.0,553674.0,0.0,0.0
ZN61W0G2J9,701.0,1351584.0,14.9,,13.0,0.0,132392.0,378532.0,0.0,0.0
0N9JME8PDW,,,15.1,,16.0,0.0,322164.0,643148.0,0.0,0.0
WC903846N7,741.0,675184.0,32.1,,8.0,0.0,328947.0,757240.0,0.0,0.0
CPMUSVYO9T,678.0,1233765.0,39.4,43.0,16.0,1.0,356934.0,551804.0,1.0,0.0
7QSF51CQ4P,728.0,1104432.0,20.2,53.0,12.0,0.0,263929.0,731104.0,0.0,0.0
LMAUW2SMX0,,,13.5,,14.0,0.0,50901.0,1178672.0,0.0,0.0
DB2HI07NCA,,,29.6,11.0,17.0,0.0,785517.0,1329746.0,0.0,0.0
0CQTZ2BQM7,738.0,2491584.0,19.2,,21.0,0.0,635303.0,1261766.0,0.0,0.0
4QUSPJBWRR,718.0,754376.0,31.0,33.0,7.0,0.0,291308.0,447942.0,0.0,0.0
3GDEHVR29E,742.0,996018.0,23.3,27.0,10.0,0.0,225929.0,1038092.0,0.0,0.0
BD0D8GW6ZK,736.0,861764.0,10.9,,13.0,0.0,133247.0,232716.0,0.0,0.0
WXKKV9TIIB,661.0,669655.0,12.6,16.0,6.0,0.0,81605.0,170566.0,0.0,0.0
XJOI1QFOCF,731.0,1680246.0,15.0,25.0,8.0,0.0,1342027.0,3790072.0,0.0,0.0
KUVU0D4VEV,7010.0,1862741.0,22.3,34.0,13.0,0.0,381520.0,513084.0,0.0,0.0
EFU83YE6QF,659.0,2363524.0,14.7,80.0,11.0,0.0,280022.0,323928.0,0.0,0.0
VPPDZCBVG8,730.0,1835001.0,27.1,37.0,15.0,0.0,118655.0,477048.0,0.0,0.0
F2DLJ26VS3,662.0,1073443.0,22.4,,5.0,0.0,765225.0,1089858.0,0.0,0.0
LIQZZLBCCH,710.0,5155137.0,22.9,,12.0,0.0,11796435.0,16677694.0,0.0,0.0
LQZ8ET92I5,744.0,1138955.0,27.6,46.0,8.0,1.0,68837.0,125334.0,1.0,0.0
G8LB5RZ8FV,740.0,2853895.0,21.0,,12.0,0.0,1540140.0,4939968.0,0.0,0.0
J6B7ABNB2F,724.0,988399.0,21.0,55.0,9.0,1.0,106894.0,276276.0,1.0,0.0
YMYR5Z1XXE,,,,,,,,,,
Z4BN551BRZ,,,8.0,,15.0,0.0,51205.0,357104.0,0.0,0.0
G4K4HDU58O,,,13.1,,6.0,0.0,345990.0,448624.0,0.0,0.0
ACPWB1LSR8,691.0,1678023.0,13.2,28.0,10.0,0.0,81434.0,402996.0,0.0,0.0
WGXBCX6LFN,743.0,1452075.0,19.3,,18.0,0.0,206549.0,1245618.0,0.0,0.0
EPB1P6R4XC,720.0,1840568.0,16.9,12.0,18.0,0.0,509428.0,1854930.0,0.0,0.0
RCVXLL6GV9,,,12.8,55.0,7.0,0.0,97489.0,257708.0,0.0,0.0
9NQ3GZG19N,,,18.0,,4.0,0.0,126578.0,241450.0,0.0,0.0
YQGJX378SX,6550.0,711436.0,16.0,,10.0,0.0,357219.0,558932.0,0.0,0.0
699FZF570K,686.0,1638788.0,15.3,8.0,13.0,0.0,144343.0,381590.0,0.0,0.0
I4W2ZZ29U7,702.0,1280695.0,16.7,11.0,10.0,0.0,221407.0,267894.0,0.0,0.0
P28ZRAV054,737.0,1551996.0,13.6,59.0,12.0,0.0,187454.0,707014.0,0.0,0.0
QHQKDKN5KT,666.0,1887650.0,10.4,,6.0,0.0,122474.0,191642.0,0.0,0.0
CZ46CBO6NS,6980.0,446690.0,10.0,,5.0,0.0,38190.0,51546.0,0.0,0.0
4FAIQBKVKV,740.0,1258959.0,28.4,26.0,11.0,0.0,353666.0,685938.0,0.0,0.0
MFUCB49NBS,681.0,633023.0,29.0,,12.0,0.0,173261.0,374968.0,0.0,0.0
XK0JHS3IH1,716.0,1702989.0,12.5,19.0,16.0,0.0,138966.0,317988.0,0.0,0.0
YIN63WZGX8,710.0,1710741.0,15.3,,8.0,0.0,497819.0,735218.0,0.0,0.0
CZGM5KB9WF,729.0,1839846.0,25.8,1.0,7.0,0.0,158954.0,694562.0,0.0,0.0
SPYHG6G4DV,727.0,1357037.0,15.0,,8.0,0.0,233833.0,454300.0,0.0,0.0
LWGAMB4ZZW,651.0,1062442.0,14.4,41.0,16.0,0.0,412205.0,802164.0,0.0,0.0
9R4NHWQPN4,7070.0,802370.0,14.3,,9.0,0.0,115368.0,272096.0,0.0,0.0
0W57HD5GET,691.0,977645.0,9.8,21.0,3.0,0.0,32718.0,51260.0,0.0,0.0
XIW5ZUPTFQ,692.0,1392510.0,21.4,,13.0,0.0,743242.0,1107590.0,0.0,0.0
B5NFHA030O,6790.0,1895440.0,13.2,20.0,16.0,0.0,162241.0,300586.0,0.0,0.0
1WY6405VNO,715.0,392502.0,10.9,,7.0,0.0,88787.0,229460.0,0.0,0.0
NI3KFXBI5R,742.0,754224.0,43.0,,5.0,1.0,71326.0,268158.0,1.0,0.0
5K3LZG5VM5,,,11.4,,17.0,0.0,364496.0,813186.0,0.0,0.0
UY6ZXBU3FB,749.0,731006.0,22.1,,5.0,0.0,46417.0,688930.0,0.0,0.0
MQ7E3GA2FK,743.0,1167702.0,18.8,,17.0,0.0,297331.0,599808.0,0.0,0.0
SVL2TUEX2W,7500.0,1022903.0,19.9,,5.0,0.0,871739.0,2258124.0,0.0,0.0
ZOQ07ZERIV,728.0,1182959.0,17.9,,8.0,0.0,309491.0,693154.0,0.0,0.0
IDYE4HPOYF,749.0,1838307.0,20.9,,7.0,0.0,3230.0,373934.0,0.0,0.0
WLOHQP0SHJ,715.0,1211535.0,28.7,,9.0,0.0,378404.0,546326.0,0.0,0.0
U7OY7C1S6Y,,,7.5,,13.0,0.0,169385.0,367290.0,0.0,0.0
2772AI8GXF,736.0,1099302.0,16.5,,23.0,0.0,330125.0,1331880.0,0.0,0.0
ZKZMS6X52A,,,11.9,,16.0,0.0,281143.0,701602.0,0.0,0.0
84INUCO6HY,740.0,938733.0,14.5,,11.0,0.0,294614.0,532180.0,0.0,0.0
X1ANE6AIPC,734.0,1209939.0,21.9,,12.0,0.0,523203.0,1021636.0,0.0,0.0
LWF1459X61,,,13.6,,8.0,0.0,264347.0,365706.0,0.0,0.0
SJMS05L1Z1,728.0,692075.0,8.2,,11.0,0.0,303810.0,523512.0,0.0,0.0
SI6QPHMPZD,,,14.0,,5.0,0.0,214244.0,277178.0,0.0,0.0
QJAAUE3HNG,711.0,1112393.0,34.5,22.0,10.0,0.0,137750.0,187418.0,0.0,0.0
C29LOBP35Q,728.0,1475787.0,24.0,,20.0,0.0,918802.0,1271072.0,0.0,0.0
BD4I2WPQTY,721.0,2193588.0,13.6,60.0,7.0,0.0,248539.0,399696.0,0.0,0.0
JY6DVT10UL,693.0,1328005.0,12.1,28.0,10.0,0.0,8531.0,120560.0,0.0,0.0
AWGTNLX3O3,722.0,1775588.0,17.2,,17.0,1.0,85044.0,600424.0,1.0,0.0
GOJ8O55WL4,671.0,1224531.0,10.6,,22.0,0.0,83372.0,919336.0,0.0,0.0
M3YBO2QL4D,740.0,2092090.0,4.7,,8.0,0.0,111606.0,1254616.0,0.0,0.0
GZI15F7PYA,725.0,2322047.0,23.6,20.0,4.0,0.0,50559.0,609884.0,0.0,0.0
TIX484R6HR,746.0,574693.0,20.9,,5.0,0.0,1102.0,98296.0,0.0,0.0
21OUGHHWBJ,738.0,1010914.0,6.0,,21.0,0.0,337022.0,1867206.0,0.0,0.0
BVK7523ZAU,709.0,1643728.0,19.6,8.0,13.0,0.0,241186.0,616462.0,0.0,0.0
BF4357K2BY,737.0,648147.0,10.9,,8.0,0.0,256006.0,555082.0,0.0,0.0
TEOAP1KVC5,735.0,826405.0,31.4,,8.0,0.0,5491.0,1591084.0,0.0,0.0
0NY7LZH2EL,679.0,1152654.0,18.1,,9.0,0.0,220210.0,373890.0,0.0,0.0
CZ2490GVJ9,730.0,1345428.0,4.8,28.0,31.0,1.0,106134.0,426734.0,1.0,0.0
DC8MVEWL1C,7020.0,693025.0,9.8,,13.0,0.0,77710.0,95436.0,0.0,0.0
ASK8W70WH1,,,31.7,17.0,9.0,2.0,22686.0,320430.0,1.0,1.0
035LJIKNF6,,,17.1,14.0,11.0,0.0,84227.0,404668.0,0.0,0.0
3S9Z3L8KWE,,,46.0,26.0,6.0,1.0,206739.0,296978.0,1.0,0.0
9X5ZBI4598,6600.0,886065.0,19.4,12.0,9.0,1.0,131689.0,336622.0,1.0,0.0
K2EK35DM5K,750.0,662226.0,18.7,,8.0,0.0,265297.0,589578.0,0.0,0.0
MF7R2PM6LF,726.0,770868.0,20.4,,9.0,1.0,92891.0,155892.0,1.0,0.0
IWCPW3M599,,,10.3,,10.0,0.0,275899.0,433466.0,0.0,0.0
SPL6XI6HWS,672.0,887984.0,8.7,,7.0,0.0,152228.0,218152.0,0.0,0.0
YNBRZQJICZ,693.0,1354396.0,28.3,20.0,23.0,0.0,482885.0,1570602.0,0.0,0.0
F95AAOL1CW,,,14.0,,3.0,0.0,192052.0,287298.0,0.0,0.0
BP0RP56R25,734.0,1712641.0,12.5,,21.0,0.0,679896.0,1171500.0,0.0,0.0
K03I39KLLJ,621.0,1724972.0,28.6,25.0,12.0,0.0,803434.0,1366090.0,0.0,0.0
W915G7NKAB,748.0,659908.0,30.5,,4.0,0.0,409127.0,858220.0,0.0,0.0
M6M9G57UHD,731.0,4846900.0,17.7,,11.0,2.0,39463.0,315040.0,0.0,0.0
XF4K5D8D8W,719.0,843106.0,15.8,9.0,16.0,0.0,113905.0,295042.0,0.0,0.0
D79A7U03TV,716.0,829977.0,17.0,7.0,14.0,0.0,188309.0,619454.0,0.0,0.0
KMYTYRN35S,732.0,779798.0,12.5,,8.0,0.0,106381.0,139678.0,0.0,0.0
QHTN4LECID,734.0,1229813.0,12.1,31.0,11.0,1.0,309510.0,444664.0,1.0,0.0
TK7ZD2EJ6N,744.0,2672635.0,16.9,13.0,18.0,0.0,196612.0,321992.0,0.0,0.0
N9KPHE4K1X,738.0,1775455.0,17.7,22.0,15.0,0.0,405365.0,522698.0,0.0,0.0
AIU85ON20R,7020.0,1144085.0,20.4,80.0,10.0,1.0,236949.0,452760.0,1.0,0.0
C15MIBXY1G,748.0,3394293.0,27.9,,8.0,0.0,692968.0,2084104.0,0.0,0.0
WFR2OADMCF,,,17.4,16.0,7.0,0.0,42978.0,114400.0,0.0,0.0
93ZW2NHBYK,717.0,946181.0,21.0,,7.0,0.0,297426.0,384362.0,0.0,0.0
D1WLV9VXRO,726.0,1205360.0,24.0,23.0,16.0,0.0,130150.0,1116214.0,0.0,0.0
R77UFXJNL9,,,,,,,,,,
2X423G172J,679.0,1512248.0,22.3,,15.0,1.0,420166.0,662816.0,1.0,0.0
OHSPGEPPWR,705.0,887471.0,15.0,,9.0,0.0,171228.0,281622.0,0.0,0.0
51NE4QXX5P,748.0,1120221.0,23.1,,7.0,0.0,74252.0,1074788.0,0.0,0.0
TIXZ162K3L,744.0,2596673.0,14.5,40.0,9.0,0.0,378898.0,880968.0,0.0,0.0
KEA4URLADD,627.0,1105097.0,22.1,73.0,17.0,0.0,594054.0,920810.0,0.0,0.0
MS8DQM3DOF,746.0,3921885.0,19.4,,8.0,0.0,766593.0,1160302.0,0.0,0.0
M7KLXP4819,,,19.7,8.0,12.0,0.0,53846.0,542190.0,0.0,0.0
V7JS4340VL,739.0,2245344.0,28.9,,19.0,0.0,273942.0,573628.0,0.0,0.0
KZADSZBRJV,720.0,1687599.0,14.1,16.0,6.0,1.0,8626.0,34804.0,0.0,0.0
0OPZ3MPCFM,743.0,1149804.0,9.7,,15.0,0.0,177137.0,295130.0,0.0,0.0
OSNHI1FCDA,716.0,2792430.0,21.6,,11.0,0.0,429989.0,638330.0,0.0,0.0
W6BD5PUT89,734.0,2186539.0,19.0,,14.0,0.0,163609.0,740014.0,0.0,0.0
S9NQ5NTL0Y,622.0,873088.0,10.5,21.0,7.0,0.0,52440.0,122672.0,0.0,0.0
OZYN8Y20A8,740.0,3390170.0,20.5,,14.0,0.0,466203.0,1028192.0,0.0,0.0
TZJ8Z2HJMX,7120.0,899422.0,33.5,,11.0,0.0,183369.0,416306.0,0.0,0.0
O32N20I8JZ,742.0,1146745.0,31.6,,11.0,0.0,33060.0,1159928.0,0.0,0.0
KR6G7QXBRD,,,21.5,71.0,5.0,1.0,46493.0,161216.0,0.0,0.0
YOGRQPY999,669.0,1257477.0,9.7,,14.0,1.0,210197.0,534908.0,1.0,0.0
2K7KYDZ170,716.0,1234962.0,19.5,9.0,21.0,0.0,466108.0,958606.0,0.0,0.0
FGSP28JK07,7240.0,941735.0,36.3,22.0,17.0,0.0,871454.0,1716088.0,0.0,0.0
ZGPCJADWB3,727.0,1010458.0,22.6,58.0,9.0,0.0,701784.0,1334322.0,0.0,0.0
MEFNYITHFR,692.0,1435127.0,19.0,,19.0,0.0,716452.0,1320968.0,0.0,0.0
37SNZ8CYHE,,,10.6,41.0,5.0,0.0,47766.0,90222.0,0.0,0.0
PPZGUMLASP,737.0,1120392.0,27.9,4.0,7.0,0.0,109440.0,367312.0,0.0,0.0
2T9VRUWMF2,724.0,1012510.0,15.9,,6.0,1.0,147953.0,241296.0,1.0,0.0
LCUJ2RKMWB,702.0,468635.0,9.5,,12.0,0.0,143925.0,280082.0,0.0,0.0
DR44MCWFDS,726.0,744838.0,8.4,,8.0,0.0,161310.0,359194.0,0.0,0.0
Q5FYOEBACH,738.0,907250.0,15.6,79.0,14.0,0.0,198797.0,269236.0,0.0,0.0
LTQA7AQIP0,,,7.5,,9.0,0.0,176415.0,376882.0,0.0,0.0
96S0KIDG8R,746.0,837311.0,15.1,8.0,11.0,0.0,185611.0,230604.0,0.0,0.0
K1CTBADP8S,713.0,1613575.0,10.4,,8.0,0.0,94487.0,110506.0,0.0,0.0
RW8VX3XK7O,,,,,,,,,,
WV5780XR9L,659.0,1245792.0,22.4,58.0,5.0,0.0,0.0,0.0,0.0,0.0
U6BRUWA4NG,709.0,1071885.0,13.0,53.0,9.0,0.0,89091.0,158202.0,0.0,0.0
UWON2ANTFV,722.0,367460.0,9.7,,7.0,0.0,19076.0,98582.0,0.0,0.0
O3T1NZEH2V,740.0,963300.0,16.4,55.0,17.0,0.0,330581.0,843128.0,0.0,0.0
F609ZGEN7Y,714.0,1043233.0,32.2,,14.0,0.0,271681.0,427988.0,0.0,0.0
5F4I0T4481,723.0,2920680.0,17.3,,11.0,1.0,374053.0,590898.0,1.0,0.0
08FC2FW7DP,675.0,689073.0,11.8,,3.0,0.0,60648.0,135806.0,0.0,0.0
VD7VGDE4MC,679.0,473632.0,11.5,,8.0,0.0,212952.0,250338.0,0.0,0.0
AOR6NG081O,711.0,895318.0,23.9,29.0,9.0,0.0,140961.0,263252.0,0.0,0.0
BKMTXYVB36,,,22.8,16.0,21.0,0.0,201476.0,530222.0,0.0,0.0
CUA1IPO5JC,715.0,876565.0,9.8,,6.0,2.0,172482.0,343156.0,2.0,0.0
PEO4OC333K,7220.0,635208.0,20.4,,8.0,1.0,179683.0,594462.0,1.0,0.0
L1QS15B10A,,,,,,,,,,
U9NQZTDEJM,7220.0,1517416.0,13.3,29.0,14.0,1.0,456038.0,983334.0,0.0,1.0
N4O5RM758S,740.0,1254019.0,14.8,67.0,10.0,0.0,238963.0,411114.0,0.0,0.0
8ZAV51S97H,673.0,1684350.0,19.4,,16.0,0.0,645050.0,1208570.0,0.0,0.0
YEV0XI974J,741.0,666938.0,14.5,,6.0,0.0,67526.0,145618.0,0.0,0.0
MZIK56M9LY,,,20.5,14.0,7.0,0.0,67697.0,258698.0,0.0,0.0
JA6NR1VOFC,7280.0,1135212.0,20.3,24.0,8.0,0.0,218329.0,396220.0,0.0,0.0
U75JMLJ8L7,,,15.9,21.0,22.0,0.0,252814.0,519024.0,0.0,0.0
O41Q6JOX65,,,14.4,8.0,15.0,0.0,475551.0,825528.0,0.0,0.0
SE2T5WPOEN,,,31.9,35.0,10.0,0.0,154204.0,561440.0,0.0,0.0
GWHZTN1OZ3,737.0,1788736.0,34.0,,10.0,0.0,315951.0,449988.0,0.0,0.0
EP5MK1SB1Z,6400.0,1470448.0,17.8,,22.0,0.0,327465.0,442948.0,0.0,0.0
MXW9IE64UD,,,11.0,42.0,11.0,1.0,91827.0,242220.0,0.0,0.0
ZHR9I4VR69,,,,,,,,,,
N0SLA9ZMCV,,,32.0,,14.0,0.0,485735.0,759022.0,0.0,0.0
YWZCLPC1ZC,612.0,2661311.0,11.6,,8.0,0.0,171836.0,219142.0,0.0,0.0
X5UXDUBK3B,,,18.2,,15.0,0.0,491796.0,799766.0,0.0,0.0
WGI6N8F5K5,737.0,1398381.0,31.4,,11.0,1.0,261022.0,514866.0,1.0,0.0
3TX419SM9Z,696.0,1845204.0,15.0,8.0,7.0,1.0,80826.0,163042.0,0.0,0.0
F1KKBTQTMV,658.0,765586.0,16.0,,8.0,3.0,60002.0,273570.0,3.0,0.0
EI8BZUNOB1,737.0,2781315.0,22.1,80.0,19.0,0.0,841358.0,1105808.0,0.0,0.0
VQS6OKF3XL,,,14.9,,4.0,0.0,321974.0,477972.0,0.0,0.0
2BJ2YJCJH4,687.0,1088415.0,14.3,30.0,10.0,0.0,87514.0,179014.0,0.0,0.0
HT761HUJYR,7070.0,965827.0,19.7,,9.0,0.0,237082.0,315524.0,0.0,0.0
FINXZV1AAW,,,15.1,,6.0,0.0,145008.0,188650.0,0.0,0.0
82GIYMT1PR,,,29.0,44.0,14.0,0.0,429856.0,828146.0,0.0,0.0
8BUUV1K1D4,725.0,3403926.0,27.2,,22.0,0.0,2033665.0,3767610.0,0.0,0.0
KYLG0ESAM0,713.0,963889.0,14.6,26.0,7.0,1.0,143963.0,300344.0,0.0,0.0
WZ9QA75RGG,,,9.9,70.0,15.0,0.0,123614.0,273152.0,0.0,0.0
7BO8I5KXFD,718.0,1164339.0,25.6,,7.0,0.0,129143.0,180400.0,0.0,0.0
S0GR1J3ZBY,709.0,470212.0,9.3,5.0,12.0,0.0,146319.0,322124.0,0.0,0.0
9043XF8YWQ,699.0,1586348.0,18.7,63.0,16.0,0.0,518605.0,936804.0,0.0,0.0
DSV8AGYSB2,690.0,2034102.0,31.0,4.0,10.0,0.0,225682.0,1151194.0,0.0,0.0
AOMXRUZQLX,739.0,1168614.0,10.3,,7.0,0.0,342.0,198022.0,0.0,0.0
TYMNQMUHTZ,724.0,1159722.0,8.1,66.0,9.0,1.0,208297.0,438548.0,1.0,0.0
CKW06ZO99O,,,26.7,,13.0,0.0,3276284.0,145907344.0,0.0,0.0
QF46PYSFAV,741.0,2502110.0,21.0,,18.0,0.0,484709.0,1454024.0,0.0,0.0
P54WIUPMOY,,,14.0,,10.0,1.0,102410.0,262328.0,1.0,0.0
WQIDSV6028,741.0,1098770.0,16.0,,6.0,0.0,226556.0,435028.0,0.0,0.0
ZYUAT7GEVN,719.0,880023.0,12.0,77.0,12.0,0.0,114114.0,514096.0,0.0,0.0
4NUHED1F06,703.0,1832018.0,26.3,11.0,7.0,0.0,1567177.0,1892220.0,0.0,0.0
NULKYBR79D,723.0,2971809.0,19.8,,12.0,0.0,302917.0,741532.0,0.0,0.0
O3AYSJMVIF,653.0,1561078.0,21.1,28.0,13.0,0.0,393946.0,964392.0,0.0,0.0
53S7K87IPW,,,12.8,,20.0,0.0,372229.0,1231428.0,0.0,0.0
GMLZELXB6P,672.0,2104630.0,22.4,,17.0,0.0,541158.0,832128.0,0.0,0.0
DUWAE3F99P,707.0,1298023.0,26.6,66.0,8.0,1.0,166326.0,264902.0,1.0,0.0
MJSPBH9VVE,663.0,618982.0,24.0,36.0,12.0,0.0,353951.0,488488.0,0.0,0.0
1M645UTKB4,,,24.6,21.0,19.0,0.0,134140.0,633996.0,0.0,0.0
Y845LJGTQ5,665.0,1793866.0,18.0,57.0,17.0,0.0,462232.0,710754.0,0.0,0.0
QL4DM70CH5,739.0,1062043.0,21.5,,10.0,0.0,286387.0,572726.0,0.0,0.0
A4XU5334AK,,,15.4,,7.0,0.0,338428.0,876678.0,0.0,0.0
F1TFEQH0NW,717.0,1366214.0,16.0,,7.0,0.0,144210.0,202158.0,0.0,0.0
IWW2P4LVOS,746.0,859541.0,16.5,,8.0,0.0,93594.0,179124.0,0.0,0.0
VNQK3COTMU,665.0,1029021.0,7.1,,13.0,0.0,307705.0,864798.0,0.0,0.0
W7DH8TSIIY,722.0,2820018.0,16.6,,23.0,0.0,254771.0,921888.0,0.0,0.0
T5SVSUQ1L6,729.0,1672513.0,13.9,,17.0,0.0,247133.0,342694.0,0.0,0.0
5LGO5P6B9Q,736.0,1772339.0,19.2,,22.0,0.0,537852.0,777524.0,0.0,0.0
F01Z8HQDTU,715.0,1115262.0,9.5,36.0,18.0,0.0,386574.0,1177924.0,0.0,0.0
9CRCG319OP,,,,,,,,,,
G0TK1C5513,704.0,742292.0,21.3,36.0,8.0,0.0,90725.0,137500.0,0.0,0.0
TSNWXZP0FU,693.0,1002630.0,11.6,67.0,4.0,0.0,87476.0,142868.0,0.0,0.0
CY1J3XNHD8,,,,,,,,,,
GKD0UE37Y8,723.0,1359792.0,12.2,4.0,28.0,0.0,615011.0,1728430.0,0.0,0.0
QBEYXMG0BX,740.0,821826.0,14.9,34.0,8.0,0.0,58273.0,404030.0,0.0,0.0
PNJEW3WNWS,739.0,1316966.0,11.2,,14.0,0.0,358473.0,904310.0,0.0,0.0
KFRQ9I62D6,722.0,1042568.0,29.5,,13.0,0.0,249375.0,584518.0,0.0,0.0
R69WPMPHPN,688.0,1523952.0,23.4,33.0,17.0,0.0,100491.0,445808.0,0.0,0.0
RKASEWXNVF,,,24.0,38.0,6.0,0.0,181602.0,395230.0,0.0,0.0
GCDJD5HRK4,,,13.9,56.0,20.0,0.0,483854.0,908028.0,0.0,0.0
TRVOXEGD5M,7200.0,2455674.0,17.0,,10.0,0.0,196517.0,356642.0,0.0,0.0
R6UHWQWO1Y,718.0,1238705.0,12.6,49.0,19.0,0.0,235030.0,706860.0,0.0,0.0
HSBHYADJAH,708.0,961590.0,17.0,47.0,9.0,0.0,143659.0,465938.0,0.0,0.0
WZNZ6VPQG8,714.0,1168272.0,9.5,,8.0,0.0,311201.0,484968.0,0.0,0.0
SX7KYH17TJ,717.0,1814747.0,11.0,,11.0,0.0,119092.0,232144.0,0.0,0.0
8XZCSP69RF,,,9.0,,8.0,0.0,146927.0,201806.0,0.0,0.0
FEQQEK1U0N,747.0,2016337.0,13.1,,13.0,0.0,28272.0,137544.0,0.0,0.0
RX0WB0NPBX,705.0,755288.0,22.8,,6.0,0.0,459933.0,701646.0,0.0,0.0
L6M9C8EFPE,746.0,871112.0,12.5,,11.0,0.0,245480.0,693264.0,0.0,0.0
TPD785B3UH,689.0,1342236.0,22.1,65.0,9.0,0.0,300922.0,536888.0,0.0,0.0
N28SWNWNVG,728.0,556206.0,9.9,,10.0,0.0,31559.0,150370.0,0.0,0.0
8LWM6TPNPB,659.0,1261676.0,15.8,42.0,8.0,0.0,51794.0,134772.0,0.0,0.0
JRAR6DEPKK,692.0,1881000.0,19.5,,15.0,0.0,282720.0,650804.0,0.0,0.0
90MDALIA1E,750.0,1223144.0,12.7,,7.0,0.0,143241.0,623502.0,0.0,0.0
GE6RUBPF7V,745.0,1146498.0,14.6,63.0,7.0,0.0,80807.0,106194.0,0.0,0.0
EO084E0T5M,748.0,1733959.0,18.5,,7.0,0.0,1343034.0,11351032.0,0.0,0.0
SRA3I9MI45,742.0,779000.0,10.3,,10.0,0.0,255740.0,496034.0,0.0,0.0
3A8TKKO1IP,,,,,,,,,,
EZBK0W5HWJ,729.0,1324015.0,20.7,,13.0,0.0,397214.0,644160.0,0.0,0.0
B67HIE4B4U,723.0,1029192.0,22.7,17.0,7.0,0.0,305653.0,453728.0,0.0,0.0
MEY896EC3Z,658.0,1892400.0,35.5,10.0,9.0,0.0,86089.0,138072.0,0.0,0.0
QQTWI0TX32,735.0,1539152.0,18.7,,7.0,0.0,394820.0,499070.0,0.0,0.0
PSO6JCSSU8,724.0,1381680.0,11.4,21.0,19.0,2.0,73967.0,392832.0,1.0,1.0
S91AKFU8ZO,722.0,999172.0,18.7,9.0,4.0,1.0,46474.0,79134.0,1.0,0.0
FDPDV9ZUGB,,,,,,,,,,
HUSE293IUJ,737.0,1630371.0,11.6,,18.0,0.0,210653.0,670076.0,0.0,0.0
C619SVMTKP,724.0,963186.0,17.5,20.0,9.0,0.0,222832.0,435116.0,0.0,0.0
KXY2BF27BA,728.0,1364447.0,26.6,,12.0,0.0,475285.0,929610.0,0.0,0.0
FQAJCQ2WDL,6910.0,544217.0,9.4,49.0,13.0,0.0,103208.0,282524.0,0.0,0.0
4MG9VHQRCE,674.0,2257656.0,16.2,,10.0,0.0,535097.0,638088.0,0.0,0.0
8ZGOZJNZGV,705.0,1119252.0,24.5,69.0,11.0,0.0,244454.0,309034.0,0.0,0.0
RM157ETJ2J,700.0,613016.0,17.6,51.0,9.0,0.0,74385.0,187242.0,0.0,0.0
9VU3VP8GU8,679.0,807025.0,26.2,25.0,7.0,0.0,87476.0,155848.0,0.0,0.0
44GT497VID,,,11.7,,24.0,1.0,146737.0,491062.0,1.0,0.0
B3B8GQFWTC,,,7.7,26.0,8.0,0.0,154527.0,281336.0,0.0,0.0
FINOSHMVXT,736.0,1245374.0,25.5,,7.0,0.0,981236.0,1270874.0,0.0,0.0
4EGUXCJJS0,,,28.3,81.0,10.0,1.0,252719.0,314644.0,1.0,0.0
TXBDWJ9864,697.0,1449092.0,13.8,41.0,8.0,2.0,252168.0,456214.0,0.0,2.0
9OK9PLWRL1,682.0,2100032.0,9.9,80.0,7.0,0.0,55233.0,453552.0,0.0,0.0
8P8NMUFA5S,723.0,878712.0,16.0,,6.0,0.0,120897.0,238876.0,0.0,0.0
9EVA9YJIMS,746.0,1153680.0,43.5,9.0,26.0,2.0,1034797.0,3153106.0,0.0,2.0
0TO3P1E2EO,690.0,870903.0,16.5,,9.0,0.0,284335.0,395714.0,0.0,0.0
EZJ343UDQE,662.0,971109.0,19.2,,12.0,0.0,446177.0,512006.0,0.0,0.0
64CYIFXQQ6,696.0,1561230.0,19.6,,16.0,1.0,312341.0,539792.0,1.0,0.0
BTZHEQF6RL,701.0,2446782.0,19.7,75.0,13.0,0.0,543647.0,740586.0,0.0,0.0
P1JNYS2KS7,746.0,2519894.0,14.0,,14.0,0.0,299326.0,482702.0,0.0,0.0
VAHBV7WUVS,741.0,943350.0,13.5,2.0,11.0,0.0,92511.0,601744.0,0.0,0.0
3SFVWTIVI1,731.0,920113.0,17.8,,6.0,0.0,161747.0,248732.0,0.0,0.0
594781KK94,,,13.9,,8.0,0.0,375459.0,581988.0,0.0,0.0
8ZIZSNBY9C,714.0,2293908.0,18.6,36.0,11.0,0.0,629793.0,1432684.0,0.0,0.0
IN62AZTGFC,7430.0,949240.0,30.0,10.0,15.0,0.0,418380.0,791582.0,0.0,0.0
24ACZ5ZCGJ,,,11.9,19.0,16.0,0.0,175731.0,929104.0,0.0,0.0
AHHWZJZ3OW,749.0,1252043.0,16.4,31.0,5.0,0.0,360012.0,1114586.0,0.0,0.0
WF1JGG7DDW,715.0,1368266.0,13.9,,19.0,0.0,500479.0,911174.0,0.0,0.0
XDSQMXNMBN,724.0,1454792.0,8.5,,7.0,0.0,64923.0,134706.0,0.0,0.0
1FOQQV8C06,750.0,5601960.0,14.9,,7.0,0.0,84132.0,636636.0,0.0,0.0
E7MA5V4YYI,699.0,1183396.0,15.3,79.0,16.0,0.0,375288.0,687588.0,0.0,0.0
BLETUVNJIM,725.0,1412042.0,16.2,29.0,11.0,0.0,400387.0,618992.0,0.0,0.0
8P3QBNN6BJ,661.0,323171.0,12.7,4.0,5.0,0.0,68324.0,397496.0,0.0,0.0
R0TWUCDKDI,734.0,930145.0,20.0,78.0,8.0,0.0,34656.0,71786.0,0.0,0.0
D8MICG5N95,728.0,1933250.0,19.0,23.0,8.0,0.0,91770.0,385000.0,0.0,0.0
K9O7RDB0XA,745.0,1689993.0,25.0,,10.0,0.0,661124.0,1716396.0,0.0,0.0
D4H6IQ3XX4,745.0,1023131.0,12.0,,9.0,0.0,38836.0,371690.0,0.0,0.0
GEZVT71C3X,734.0,1851550.0,16.2,,7.0,0.0,83011.0,142384.0,0.0,0.0
JR9D8YEVM3,,,12.7,,5.0,1.0,63802.0,128018.0,1.0,0.0
BD4H1TFZ5S,717.0,1213264.0,21.0,,7.0,1.0,379430.0,764082.0,1.0,0.0
O05APJYM9W,748.0,1464216.0,18.8,,10.0,0.0,415397.0,1034352.0,0.0,0.0
9QBD1TY19K,722.0,1199736.0,13.0,,15.0,0.0,606252.0,858154.0,0.0,0.0
EQI2FH7KT0,724.0,805980.0,19.2,,14.0,0.0,365655.0,606562.0,0.0,0.0
Q14Y4BJJGQ,688.0,1315807.0,24.4,,8.0,0.0,737941.0,1252900.0,0.0,0.0
BGVR6D11N4,738.0,891024.0,15.5,,11.0,0.0,76931.0,236258.0,0.0,0.0
DYGZCCQ6CX,,,18.8,41.0,9.0,0.0,195833.0,442904.0,0.0,0.0
RL6B9R13OA,733.0,802066.0,12.5,,7.0,0.0,262371.0,550352.0,0.0,0.0
DVBLGG9HO4,,,14.0,33.0,12.0,1.0,152494.0,378092.0,1.0,0.0
7KG33MX9ZU,691.0,917491.0,12.1,33.0,9.0,1.0,74461.0,103136.0,0.0,1.0
ZBFOONJ3AQ,736.0,469452.0,15.2,,3.0,1.0,83220.0,102190.0,1.0,0.0
SSQVQSM15K,,,8.9,,4.0,0.0,133171.0,179916.0,0.0,0.0
R79TFKV3B3,674.0,1506168.0,24.5,66.0,7.0,1.0,151449.0,222244.0,1.0,0.0
PL4HU4MG0E,721.0,1937430.0,29.8,3.0,14.0,0.0,292733.0,891968.0,0.0,0.0
LBEELK38AY,746.0,2043602.0,13.6,20.0,11.0,0.0,202369.0,497508.0,0.0,0.0
HTDKMWQIDB,748.0,2115992.0,43.7,,24.0,0.0,329555.0,3376868.0,0.0,0.0
TVY9BVZU34,,,,,,,,,,
H3V2QEFWMH,696.0,418209.0,13.6,,4.0,0.0,60762.0,79222.0,0.0,0.0
Q027CB12FM,,,17.0,80.0,5.0,1.0,58805.0,226952.0,1.0,0.0
UWHNKSOOY7,,,20.0,,11.0,0.0,220704.0,447546.0,0.0,0.0
AT3U4UEVE5,713.0,808317.0,21.0,,12.0,0.0,232560.0,359524.0,0.0,0.0
JF4IS4TNFP,719.0,2784165.0,24.0,26.0,7.0,0.0,884621.0,1256816.0,0.0,0.0
KOVRT138MM,707.0,1592143.0,11.6,,3.0,0.0,161044.0,231066.0,0.0,0.0
XF6Q1DR4DX,713.0,1168215.0,14.6,65.0,13.0,0.0,136097.0,263978.0,0.0,0.0
WVW0GLMWNM,707.0,2620917.0,15.0,40.0,11.0,0.0,180842.0,328196.0,0.0,0.0
6VD0964C4K,746.0,1906688.0,16.5,47.0,8.0,0.0,151639.0,603394.0,0.0,0.0
O5BN7FL9HO,733.0,1167474.0,30.4,19.0,16.0,0.0,485697.0,732248.0,0.0,0.0
NYH8R0PV3E,731.0,1273285.0,21.5,,8.0,0.0,253897.0,360712.0,0.0,0.0
T7MOSYTPOR,725.0,470725.0,11.5,28.0,6.0,0.0,170924.0,266024.0,0.0,0.0
JA8R13JO6S,733.0,867312.0,10.6,,11.0,0.0,235486.0,546436.0,0.0,0.0
46BF7PM3VZ,720.0,935465.0,13.0,,6.0,0.0,168606.0,240438.0,0.0,0.0
LPUQH50M8C,,,10.4,,10.0,0.0,315989.0,655688.0,0.0,0.0
WJ1158UPS6,717.0,1122900.0,17.0,,10.0,0.0,230774.0,383350.0,0.0,0.0
TE16OMCHXB,718.0,841073.0,22.0,,18.0,0.0,207518.0,370238.0,0.0,0.0
RAD8LFQA2G,722.0,1029439.0,12.0,,13.0,0.0,252206.0,457028.0,0.0,0.0
296T350R6W,,,18.9,,7.0,0.0,28842.0,126038.0,0.0,0.0
WXP2LA15ZS,,,18.6,56.0,7.0,0.0,129979.0,399168.0,0.0,0.0
8SABU5VBHH,719.0,1267965.0,31.6,35.0,12.0,1.0,137313.0,334730.0,1.0,0.0
LDXRTRUR45,679.0,273695.0,22.5,,8.0,0.0,112936.0,198726.0,0.0,0.0
3SJERTF5Z2,724.0,2432000.0,14.4,,9.0,0.0,411331.0,862840.0,0.0,0.0
L4RZSMGXIW,736.0,1281531.0,22.2,,14.0,0.0,748049.0,1044824.0,0.0,0.0
BI09A09W11,,,13.6,14.0,13.0,0.0,540322.0,873796.0,0.0,0.0
DRORDI3RMJ,,,13.4,36.0,15.0,0.0,182476.0,427702.0,0.0,0.0
NINLF2CQ1U,738.0,738036.0,22.5,78.0,11.0,0.0,764978.0,1449712.0,0.0,0.0
9AG4PHOKBB,6820.0,1215392.0,5.9,,5.0,0.0,351386.0,474738.0,0.0,0.0
CBSTI4RTYR,,,9.3,21.0,13.0,0.0,168416.0,617122.0,0.0,0.0
143YP5W99U,723.0,983668.0,18.8,,10.0,0.0,505305.0,1039236.0,0.0,0.0
N74KAXQN6M,751.0,1873210.0,18.0,,11.0,0.0,316673.0,555566.0,0.0,0.0
82A7E1AVSG,,,17.3,28.0,6.0,0.0,187188.0,328416.0,0.0,0.0
PPVMKL4TIN,,,17.2,,15.0,0.0,514254.0,835142.0,0.0,0.0
REIGQ9LUS6,711.0,2656276.0,23.7,,11.0,1.0,61522.0,202400.0,1.0,0.0
UYV0ZZJBSX,,,,,,,,,,
BIUDYPTPX5,674.0,664335.0,16.1,66.0,13.0,1.0,146718.0,322982.0,1.0,0.0
KKPNV9YT70,717.0,1116972.0,9.3,,9.0,0.0,300542.0,579986.0,0.0,0.0
ZBQG9XZ6ZW,709.0,468445.0,7.5,,4.0,0.0,32585.0,55242.0,0.0,0.0
OFZ01QF6YN,7400.0,947340.0,16.5,,14.0,0.0,122094.0,443168.0,0.0,0.0
ZXFWPRJ7G0,730.0,715160.0,9.0,3.0,13.0,0.0,90117.0,187682.0,0.0,0.0
FOL1M5WJOT,735.0,959785.0,10.0,,9.0,0.0,297844.0,382338.0,0.0,0.0
E0189AMG2D,738.0,1560964.0,19.9,54.0,6.0,3.0,102942.0,331122.0,2.0,1.0
LK6FA8P6WT,,,,,,,,,,
GEPOHCAMIT,723.0,1523192.0,15.3,,10.0,0.0,252586.0,542608.0,0.0,0.0
OPP7YSW716,746.0,1172908.0,20.8,50.0,10.0,0.0,14611.0,144540.0,0.0,0.0
TJE7VUBJM1,,,20.7,69.0,9.0,0.0,175522.0,274648.0,0.0,0.0
A9V7MDXUO5,734.0,1114806.0,17.3,,6.0,0.0,743318.0,1014948.0,0.0,0.0
W40KMKDV3C,728.0,461605.0,12.6,42.0,9.0,0.0,47120.0,101200.0,0.0,0.0
CWMW9X2LGY,724.0,1746157.0,26.0,27.0,14.0,0.0,190038.0,440968.0,0.0,0.0
UJZ3B3VTZ9,722.0,891290.0,8.5,,17.0,0.0,87552.0,126874.0,0.0,0.0
EM4GZ5IQK7,743.0,1736334.0,21.5,,16.0,0.0,386175.0,484968.0,0.0,0.0
WPCM4JIYXO,669.0,2900730.0,28.6,30.0,9.0,0.0,176396.0,304414.0,0.0,0.0
WCVGCWSBCA,740.0,2233697.0,18.4,23.0,26.0,0.0,242972.0,686158.0,0.0,0.0
KJJ37WG6LO,649.0,1455476.0,11.8,,4.0,0.0,94924.0,118822.0,0.0,0.0
YA97HOY8AA,639.0,1513008.0,13.0,49.0,8.0,0.0,165110.0,291434.0,0.0,0.0
MRGI12NJVN,662.0,2219523.0,15.0,0.0,12.0,0.0,94487.0,308220.0,0.0,0.0
FXJO7C69BZ,676.0,3103346.0,15.3,33.0,7.0,0.0,27531.0,32670.0,0.0,0.0
KVSKH37JAH,,,23.4,,6.0,0.0,192147.0,330088.0,0.0,0.0
9COGCV5PBK,734.0,2259024.0,15.1,70.0,5.0,1.0,62757.0,283866.0,1.0,0.0
SED8CIR2IZ,743.0,1830992.0,17.3,,23.0,0.0,69901.0,4761350.0,0.0,0.0
091UK5NKHO,7420.0,956840.0,18.7,,11.0,0.0,396492.0,598554.0,0.0,0.0
C0XMJCF11S,739.0,1206595.0,8.4,,14.0,0.0,179930.0,416680.0,0.0,0.0
JE0LZO8KLR,691.0,761824.0,14.6,,12.0,3.0,86811.0,222860.0,0.0,3.0
NZJIM3Q2DE,747.0,1860670.0,18.8,,9.0,0.0,788367.0,1000912.0,0.0,0.0
F7VXIZI7A5,704.0,1291620.0,17.5,,9.0,0.0,115976.0,307318.0,0.0,0.0
08ASSL3M1U,736.0,1611390.0,21.1,43.0,15.0,0.0,346788.0,798292.0,0.0,0.0
HWI0WYUS4U,,,16.0,76.0,12.0,0.0,319542.0,734140.0,0.0,0.0
URXO7D7U47,747.0,1787501.0,11.0,,7.0,0.0,382489.0,553608.0,0.0,0.0
DJ3EHKYSIR,721.0,1779312.0,21.2,15.0,17.0,1.0,111017.0,257620.0,1.0,0.0
J7H5VJX9A9,737.0,805030.0,14.8,,9.0,0.0,91485.0,560472.0,0.0,0.0
MNUNXFC6F4,746.0,1134167.0,14.3,,6.0,0.0,279015.0,413116.0,0.0,0.0
E3WO3JO5SG,719.0,954845.0,29.5,,7.0,1.0,21945.0,123948.0,1.0,0.0
AV0JBWX5S1,748.0,1567975.0,11.6,,5.0,0.0,99921.0,201586.0,0.0,0.0
9LQCQKBYYE,668.0,774516.0,8.3,54.0,10.0,0.0,171779.0,378884.0,0.0,0.0
1WPQXL2YV9,,,22.3,7.0,11.0,0.0,516344.0,1001440.0,0.0,0.0
KBF6PC0AN5,737.0,1435830.0,19.4,75.0,8.0,0.0,316065.0,682792.0,0.0,0.0
2M6S8UX3IU,748.0,1500791.0,34.3,,9.0,0.0,352488.0,1766842.0,0.0,0.0
WS1R9TFQHA,731.0,904343.0,20.6,,4.0,1.0,190000.0,397122.0,1.0,0.0
VLOXQS2008,729.0,4361355.0,13.0,,11.0,0.0,750899.0,1261920.0,0.0,0.0
BI5E94JPBY,670.0,1148094.0,15.2,29.0,17.0,0.0,379012.0,458568.0,0.0,0.0
NKXTQLPRX1,735.0,2936526.0,21.9,3.0,5.0,0.0,183654.0,275110.0,0.0,0.0
6MXP19V92P,,,16.5,51.0,6.0,0.0,243523.0,336468.0,0.0,0.0
3JYY2YWXEQ,750.0,1695807.0,17.0,,15.0,0.0,175864.0,1241614.0,0.0,0.0
1FK6GIGIH3,704.0,1320424.0,16.4,,15.0,0.0,398772.0,725978.0,0.0,0.0
SDGKUHF94B,7420.0,1922876.0,17.6,,8.0,0.0,485982.0,872410.0,0.0,0.0
U3BHDVOXLE,699.0,786828.0,14.9,,6.0,0.0,124602.0,180114.0,0.0,0.0
3ER7WOABJD,701.0,1604987.0,21.1,,16.0,0.0,579329.0,1497298.0,0.0,0.0
YE6OEF7ELX,732.0,475570.0,28.0,49.0,14.0,0.0,153653.0,413754.0,0.0,0.0
8ITF77TRN9,740.0,2138906.0,15.5,18.0,8.0,0.0,164008.0,225280.0,0.0,0.0
BCG5F1KBMR,717.0,644366.0,41.2,63.0,5.0,0.0,12939.0,64878.0,0.0,0.0
0EXB5YTZMK,712.0,1652316.0,24.9,,9.0,0.0,178999.0,265716.0,0.0,0.0
4GWFDA32N1,742.0,751640.0,15.5,30.0,9.0,0.0,186067.0,579194.0,0.0,0.0
U99WM6S1B8,,,21.9,,16.0,0.0,302005.0,742434.0,0.0,0.0
VBWCGJIT3G,,,16.0,44.0,6.0,0.0,143488.0,495924.0,0.0,0.0
IBKN5MJLKC,718.0,1101563.0,14.0,73.0,12.0,0.0,378271.0,540738.0,0.0,0.0
1ORF5GJS9M,,,22.7,,20.0,0.0,429286.0,1598300.0,0.0,0.0
P6DSIT7UNZ,720.0,658141.0,12.0,,20.0,0.0,185592.0,223850.0,0.0,0.0
3V2DK5HM92,615.0,1037514.0,11.0,58.0,9.0,0.0,130549.0,280962.0,0.0,0.0
I1BAFH2EUB,700.0,973864.0,17.2,,10.0,0.0,173869.0,374924.0,0.0,0.0
VA16VXAYVM,706.0,191615.0,12.0,,9.0,0.0,109288.0,157586.0,0.0,0.0
VRU3A5G9Q9,744.0,1118796.0,20.3,,6.0,0.0,193135.0,784696.0,0.0,0.0
W1HM9AJU7S,,,10.9,68.0,11.0,0.0,165205.0,1195546.0,0.0,0.0
WWJOFQWAMH,720.0,1459770.0,12.3,,12.0,0.0,225378.0,343816.0,0.0,0.0
MZ75LE6W2Z,,,25.8,36.0,25.0,0.0,2353435.0,5084002.0,0.0,0.0
SYNL68QSCV,,,,,,,,,,
8Q9KRF1981,740.0,983155.0,19.0,72.0,11.0,0.0,374262.0,595276.0,0.0,0.0
D7P02N3Q2A,,,18.5,37.0,7.0,0.0,25194.0,97240.0,0.0,0.0
9OVX9SRW5S,717.0,1837870.0,10.5,67.0,14.0,0.0,425334.0,897072.0,0.0,0.0
WS2Z7A60WJ,717.0,1907543.0,18.4,19.0,17.0,0.0,238070.0,494934.0,0.0,0.0
118A0RQL9C,708.0,557612.0,13.7,18.0,6.0,0.0,70623.0,323224.0,0.0,0.0
UCIUKW38RP,742.0,1917480.0,18.6,,18.0,0.0,1384150.0,3522442.0,0.0,0.0
QOSDJ5ODP0,,,,,,,,,,
TSZS43U7K6,739.0,2520388.0,18.9,,12.0,0.0,228646.0,444202.0,0.0,0.0
3LSDMR0MR1,,,11.9,53.0,9.0,0.0,22401.0,701206.0,0.0,0.0
CAH6GYA2HG,669.0,801154.0,22.0,,11.0,1.0,78242.0,548988.0,1.0,0.0
LRIUERA78A,701.0,1080283.0,12.9,53.0,8.0,0.0,201571.0,1728848.0,0.0,0.0
K67W3Z3AIB,715.0,1260574.0,16.2,16.0,21.0,0.0,259711.0,922460.0,0.0,0.0
OLZ952M3PH,733.0,501866.0,8.7,32.0,8.0,0.0,122854.0,463342.0,0.0,0.0
2YXFQE6W8H,,,,,,,,,,
KFHG1R7DQU,,,20.5,,15.0,0.0,669845.0,964678.0,0.0,0.0
4IR7HFZWCE,725.0,2251728.0,15.4,,8.0,0.0,0.0,0.0,0.0,0.0
68D0C0F6AF,,,15.1,,11.0,0.0,342760.0,485188.0,0.0,0.0
FSB47CA4YC,714.0,802180.0,14.8,,12.0,0.0,219222.0,516978.0,0.0,0.0
2LRWW351AU,694.0,701100.0,14.0,29.0,10.0,0.0,102904.0,236896.0,0.0,0.0
0L1VKAJNG2,706.0,1330931.0,18.3,,17.0,0.0,447735.0,765776.0,0.0,0.0
2S1CSA0VUK,686.0,879149.0,16.0,,14.0,0.0,582616.0,801196.0,0.0,0.0
X3WK2G059X,706.0,719796.0,20.0,17.0,6.0,0.0,86127.0,236874.0,0.0,0.0
PH7UIUR8K1,746.0,1039319.0,11.4,,6.0,0.0,176149.0,283294.0,0.0,0.0
YEOYMPBE87,,,19.0,56.0,11.0,0.0,223326.0,842270.0,0.0,0.0
61DWEZA5SH,730.0,5589990.0,20.9,,13.0,0.0,1026095.0,1186922.0,0.0,0.0
3MZIWZH7JW,706.0,3111250.0,17.9,23.0,3.0,0.0,2026711.0,2493854.0,0.0,0.0
HLQHMBQQTO,713.0,907421.0,20.7,81.0,7.0,1.0,58919.0,88572.0,1.0,0.0
373QWZQZWL,,,9.7,,8.0,0.0,187853.0,269852.0,0.0,0.0
C8BOXGCLTU,,,,,,,,,,
EGHKAEOYE4,739.0,1565771.0,25.3,15.0,14.0,0.0,789450.0,1080486.0,0.0,0.0
E60HOWN25E,742.0,1919380.0,23.1,,8.0,0.0,411369.0,693330.0,0.0,0.0
C5BHQ1DFI5,700.0,676039.0,17.5,42.0,10.0,0.0,234821.0,668052.0,0.0,0.0
JWZBELWV2J,692.0,1025563.0,16.0,,12.0,0.0,335806.0,570130.0,0.0,0.0
C2LLBCD6FZ,702.0,1161774.0,14.0,12.0,10.0,0.0,67260.0,221892.0,0.0,0.0
DEQ657KS7D,650.0,2048352.0,22.0,56.0,12.0,0.0,597645.0,859628.0,0.0,0.0
KGE29R6RAU,665.0,349486.0,17.6,,11.0,0.0,256253.0,321464.0,0.0,0.0
Y4WYPFO0P4,702.0,813485.0,33.4,,14.0,1.0,225169.0,462264.0,1.0,0.0
1CT1CI22UM,719.0,556662.0,20.6,21.0,13.0,1.0,106039.0,414810.0,1.0,0.0
S7N75NO171,605.0,5971871.0,15.4,,16.0,0.0,505457.0,638242.0,0.0,0.0
Y20Q55BDJC,733.0,2851710.0,16.5,,15.0,0.0,1442233.0,19194758.0,0.0,0.0
7T1SZ05ZY3,717.0,1517872.0,31.5,1.0,16.0,0.0,517560.0,1275054.0,0.0,0.0
UJ13WOP43W,712.0,667470.0,17.1,,12.0,0.0,170430.0,850630.0,0.0,0.0
CSKW1VNHW7,724.0,763192.0,15.7,56.0,3.0,0.0,15903.0,88484.0,0.0,0.0
62O7KZCJU9,717.0,1366765.0,19.7,59.0,8.0,0.0,424935.0,861696.0,0.0,0.0
4KE53BA16T,,,22.5,20.0,10.0,0.0,510644.0,1182544.0,0.0,0.0
DEIMX3XVKD,701.0,2194614.0,18.5,8.0,14.0,0.0,352298.0,538868.0,0.0,0.0
2KQ1NMGZFR,742.0,853119.0,12.9,,8.0,0.0,183806.0,307538.0,0.0,0.0
81ZLY3XR5W,746.0,2246940.0,33.3,,21.0,0.0,960412.0,1566268.0,0.0,0.0
9O5HIS4G8K,,,11.6,,5.0,0.0,25669.0,183502.0,0.0,0.0
HKYJDXB7FR,719.0,465082.0,8.9,,7.0,0.0,158156.0,312532.0,0.0,0.0
CIPYF23MRC,725.0,1820713.0,13.4,42.0,13.0,0.0,148029.0,310530.0,0.0,0.0
EQBVGMTHZC,750.0,4093892.0,17.2,,8.0,4.0,688313.0,1317360.0,0.0,4.0
62WK5VAO35,726.0,1523097.0,14.8,40.0,8.0,0.0,248064.0,379434.0,0.0,0.0
3CYR4GMM0Z,750.0,1113742.0,43.4,,9.0,0.0,114.0,19316.0,0.0,0.0
OEAIS5LL4W,692.0,3407802.0,21.4,15.0,11.0,0.0,838850.0,1044384.0,0.0,0.0
RN8OERKFSW,723.0,664867.0,9.6,59.0,17.0,0.0,71155.0,150348.0,0.0,0.0
OW6B78GX27,,,31.6,52.0,9.0,1.0,80047.0,362076.0,1.0,0.0
9NWIBZC5V8,,,17.6,,16.0,1.0,213883.0,442244.0,1.0,0.0
6HKL4MCHD6,734.0,955605.0,18.5,,11.0,0.0,658312.0,1969660.0,0.0,0.0
PSBRQWDTTP,689.0,926041.0,40.7,,4.0,0.0,243523.0,290686.0,0.0,0.0
DU4WYM1QJV,,,19.2,22.0,11.0,0.0,147592.0,401170.0,0.0,0.0
GYO9R399CC,740.0,652175.0,16.5,,8.0,0.0,425923.0,559152.0,0.0,0.0
EEK7UGAY4C,670.0,1090543.0,9.4,,10.0,0.0,164939.0,371580.0,0.0,0.0
POGRW87MKP,,,13.4,,9.0,0.0,527459.0,932448.0,0.0,0.0
KFWNXB79DK,,,27.5,,15.0,1.0,120023.0,421168.0,1.0,0.0
CLSAGNWHZ6,,,13.8,,13.0,0.0,339302.0,472780.0,0.0,0.0
FS9DUI14KY,746.0,2241924.0,26.7,77.0,12.0,0.0,700359.0,1012396.0,0.0,0.0
020WJCHN5O,746.0,732336.0,13.1,,16.0,0.0,63631.0,339570.0,0.0,0.0
QVXRPOADQZ,733.0,1408185.0,20.0,44.0,14.0,0.0,216695.0,261646.0,0.0,0.0
PDMK003WRM,712.0,1085033.0,13.2,,9.0,0.0,385472.0,508926.0,0.0,0.0
J5BR5F0NKD,,,14.0,40.0,9.0,0.0,209722.0,504856.0,0.0,0.0
5U6JP8E6N8,718.0,2753746.0,31.0,25.0,15.0,0.0,595118.0,860266.0,0.0,0.0
TUIOU91NUS,657.0,1028869.0,17.6,42.0,10.0,1.0,98876.0,324302.0,1.0,0.0
E9CYZCFRY5,,,22.1,42.0,6.0,1.0,10697.0,37752.0,1.0,0.0
ZTB29HM61J,744.0,438140.0,10.0,,10.0,1.0,160303.0,800052.0,1.0,0.0
YF5PXLLHV5,,,,,,,,,,
J8EBDFJ2WX,702.0,2829195.0,14.8,9.0,17.0,0.0,180994.0,1854600.0,0.0,0.0
WY37WGZIRH,745.0,1591098.0,12.1,,10.0,0.0,549556.0,797412.0,0.0,0.0
4XUCKGCFX9,,,15.6,27.0,10.0,0.0,298319.0,487190.0,0.0,0.0
HVHF4IJQOS,721.0,918650.0,8.4,,9.0,0.0,281770.0,498872.0,0.0,0.0
473APC1Q71,707.0,686109.0,24.7,16.0,6.0,0.0,139574.0,336006.0,0.0,0.0
E6WAZIKOGE,721.0,932330.0,12.9,11.0,9.0,1.0,148827.0,375430.0,0.0,0.0
07E240KDPG,736.0,1137606.0,14.4,11.0,6.0,0.0,68419.0,195140.0,0.0,0.0
K4NEJM56RN,722.0,1488080.0,31.9,82.0,13.0,0.0,667280.0,1095930.0,0.0,0.0
FGY1R8P9ZY,703.0,1251682.0,26.8,,11.0,0.0,816354.0,1542024.0,0.0,0.0
QCCWGQYN7T,,,19.3,80.0,13.0,1.0,464322.0,748814.0,1.0,0.0
9MQN91RJ5E,747.0,2595267.0,17.3,,16.0,0.0,68704.0,1808070.0,0.0,0.0
C1ZIRXHY72,721.0,1058471.0,10.0,,5.0,0.0,519821.0,683210.0,0.0,0.0
JBJX9FP0TR,,,17.3,,7.0,0.0,288230.0,376244.0,0.0,0.0
EXPAHUT91N,695.0,849186.0,16.8,,19.0,0.0,424099.0,994070.0,0.0,0.0
P87TKTH8FD,735.0,1063582.0,14.9,58.0,6.0,0.0,146832.0,248556.0,0.0,0.0
2Y3TWPH69Z,684.0,1541128.0,17.5,,6.0,1.0,160379.0,332200.0,1.0,0.0
W71E597N07,,,43.0,,16.0,0.0,1001490.0,2510002.0,0.0,0.0
QPSZ9LMA6U,729.0,580887.0,9.2,,5.0,0.0,260813.0,311674.0,0.0,0.0
LNPEP3POA0,746.0,2205425.0,33.5,,15.0,0.0,668629.0,1084314.0,0.0,0.0
LPFY0QE667,,,37.5,,28.0,0.0,831041.0,1473582.0,0.0,0.0
CYKQRF5701,732.0,1270074.0,10.1,,12.0,0.0,268280.0,448250.0,0.0,0.0
O864ZUXKC9,707.0,1938380.0,23.1,23.0,13.0,0.0,959329.0,1203466.0,0.0,0.0
HKA8BRH7I5,660.0,1250314.0,14.3,20.0,4.0,0.0,89604.0,109098.0,0.0,0.0
JXM81KH1M7,706.0,644974.0,12.9,81.0,3.0,0.0,38532.0,159896.0,0.0,0.0
LQ8MDCUCOT,722.0,1002326.0,13.8,,12.0,0.0,120175.0,497002.0,0.0,0.0
7OZAI4F47U,706.0,5951484.0,22.4,,13.0,0.0,549100.0,1464980.0,0.0,0.0
GJ710D6JXO,744.0,3779309.0,43.0,,14.0,0.0,1935530.0,2826142.0,0.0,0.0
YHQQWXIQPY,741.0,947397.0,10.0,,9.0,0.0,191406.0,464640.0,0.0,0.0
CV9VHDK47O,,,8.2,,8.0,0.0,83448.0,301994.0,0.0,0.0
JRBO6OM2KD,729.0,1000350.0,22.6,,18.0,0.0,342684.0,535480.0,0.0,0.0
E20F218KUX,,,,,,,,,,
52NJCTA672,701.0,1418673.0,22.0,55.0,7.0,1.0,113848.0,247324.0,0.0,0.0
0SSBYLMVBJ,699.0,581400.0,10.8,39.0,14.0,0.0,177688.0,255904.0,0.0,0.0
WN7S3SYXFZ,716.0,840294.0,10.6,,13.0,0.0,177460.0,528198.0,0.0,0.0
DMS5AKCEF1,,,16.7,78.0,13.0,0.0,51110.0,247654.0,0.0,0.0
L2V53XI426,,,21.6,26.0,19.0,0.0,340898.0,907390.0,0.0,0.0
F33EDAZNAU,743.0,539923.0,26.0,,5.0,0.0,278635.0,394900.0,0.0,0.0
V0NKWGLC2M,698.0,2298240.0,17.8,6.0,10.0,0.0,60762.0,1134892.0,0.0,0.0
U5D14IA9YH,750.0,1590775.0,34.0,0.0,7.0,0.0,107806.0,780120.0,,0.0
4IBOH8R58U,723.0,1037495.0,23.9,42.0,13.0,0.0,175028.0,365156.0,0.0,0.0
PQ2QUNJGYT,733.0,612199.0,11.8,45.0,15.0,0.0,157073.0,432014.0,0.0,0.0
4MSZZ1I6QM,742.0,1418008.0,20.0,,7.0,0.0,101384.0,194370.0,0.0,0.0
VI0LSIJCXN,727.0,2078087.0,14.0,32.0,7.0,0.0,112632.0,600996.0,0.0,0.0
7QYDB83RJQ,722.0,1888600.0,45.3,5.0,14.0,0.0,616056.0,1887116.0,0.0,0.0
C88P9VJSQ0,745.0,1378963.0,5.0,,7.0,0.0,21755.0,181280.0,0.0,0.0
TF208AUM4R,708.0,584193.0,8.2,,8.0,0.0,180842.0,250184.0,0.0,0.0
MKU69FPPL9,674.0,1607096.0,12.6,38.0,12.0,1.0,170867.0,433862.0,1.0,0.0
66YLWWKQ6R,742.0,588031.0,13.9,,22.0,0.0,176510.0,712074.0,0.0,0.0
YGD0FSGZIF,746.0,767600.0,9.0,28.0,8.0,0.0,36461.0,173030.0,0.0,0.0
AA72Z9VJPJ,706.0,1164225.0,10.5,,17.0,0.0,258172.0,797170.0,0.0,0.0
EQVLJ4KW8S,739.0,2299836.0,18.4,33.0,4.0,0.0,97413.0,208516.0,0.0,0.0
DZ0PIKNJB5,713.0,881790.0,13.9,,9.0,1.0,47424.0,189354.0,1.0,0.0
GZ9FDUE63S,,,32.4,,14.0,0.0,1661037.0,7312932.0,0.0,0.0
A4P02XG1F3,712.0,918023.0,12.9,,6.0,0.0,360696.0,1082004.0,0.0,0.0
IT8HWCTWZZ,747.0,1690791.0,17.0,48.0,8.0,0.0,134938.0,887678.0,0.0,0.0
W0Z4Z4LQ4Q,751.0,2321952.0,27.4,,7.0,1.0,21451.0,147884.0,1.0,0.0
AB5URWNO9B,,,11.9,,2.0,0.0,36879.0,53922.0,0.0,0.0
NGL0KJZ4DP,7050.0,1010154.0,14.4,,20.0,0.0,505818.0,701426.0,0.0,0.0
PQ2QP90CBS,725.0,1291069.0,21.7,,10.0,0.0,462707.0,682506.0,0.0,0.0
VO2NR6MYSS,,,15.4,44.0,14.0,0.0,357295.0,503910.0,0.0,0.0
QO3LYPNMPJ,718.0,1032574.0,31.5,,6.0,0.0,141436.0,180356.0,0.0,0.0
HXXE8F7Q14,,,13.4,31.0,12.0,0.0,335141.0,829202.0,0.0,0.0
HJHBA7QHPF,,,,,,,,,,
NPZUNEPZTO,747.0,1394790.0,18.2,11.0,10.0,0.0,160474.0,529386.0,0.0,0.0
1334O1DTXS,675.0,668819.0,14.1,46.0,3.0,0.0,58463.0,90398.0,0.0,0.0
9IMZRPSFKW,732.0,1296465.0,8.5,,7.0,0.0,196536.0,317394.0,0.0,0.0
57THTSLD3D,,,21.9,34.0,22.0,0.0,366738.0,1439482.0,0.0,0.0
E5C5AJHHP1,746.0,835221.0,19.0,,8.0,0.0,342760.0,672650.0,0.0,0.0
PWMG15KNB3,724.0,1533072.0,21.4,34.0,7.0,0.0,133703.0,352660.0,0.0,0.0
E8RVMZOHPC,738.0,1310449.0,27.0,,25.0,0.0,678756.0,2433222.0,0.0,0.0
IMF9M2DB09,,,49.9,,10.0,1.0,227582.0,525954.0,1.0,0.0
OD0VEK7CLI,7290.0,1968742.0,15.0,66.0,10.0,0.0,820667.0,1064096.0,0.0,0.0
R81C1UMZ2K,750.0,956365.0,29.5,,9.0,0.0,165718.0,740872.0,0.0,0.0
P3AMUDNKYS,724.0,1577855.0,14.7,69.0,8.0,0.0,241737.0,616550.0,0.0,0.0
DQRW52WKTJ,721.0,974928.0,23.0,20.0,6.0,0.0,100795.0,171138.0,0.0,0.0
VKL9AQW0L6,,,22.3,,16.0,0.0,400387.0,2934250.0,0.0,0.0
SN9ERD4AMQ,,,,,,,,,,
NH64FGJ2VR,721.0,2527323.0,20.8,70.0,18.0,0.0,436886.0,1184700.0,0.0,0.0
KHN1H0SUA0,,,,,,,,,,
F3GJMFZDMP,7380.0,1505408.0,14.6,,12.0,1.0,151924.0,421872.0,1.0,0.0
J5Z9M4SYOC,721.0,2413722.0,5.4,,8.0,0.0,50388.0,136290.0,0.0,0.0
SIDXRLBRF0,734.0,2879355.0,19.1,6.0,14.0,0.0,304494.0,498696.0,0.0,0.0
UTJ6JZOQZX,,,17.6,,20.0,4.0,100909.0,695530.0,1.0,3.0
VPPOFZ19XU,724.0,1172110.0,16.5,31.0,6.0,0.0,267805.0,352396.0,0.0,0.0
JMLG5JKZVV,747.0,1262056.0,10.9,,7.0,0.0,84360.0,137214.0,0.0,0.0
0DQOVA3AUK,,,24.6,,8.0,0.0,195339.0,434962.0,0.0,0.0
ULPF7JD5N0,656.0,1144560.0,9.9,50.0,22.0,0.0,325945.0,477136.0,0.0,0.0
G9A4Z2AEOU,,,,,,,,,,
YTC5XGTFY8,,,13.8,6.0,8.0,0.0,267292.0,314864.0,0.0,0.0
VQ8KUN0350,746.0,797202.0,19.9,30.0,6.0,0.0,169233.0,541310.0,0.0,0.0
LMGFX0B5G4,,,44.4,,20.0,0.0,540379.0,1284822.0,0.0,0.0
U0L22559GT,721.0,933945.0,13.2,,3.0,0.0,95912.0,123266.0,0.0,0.0
WVSRN5EEQO,748.0,2390048.0,14.9,44.0,8.0,0.0,241699.0,433906.0,0.0,0.0
WFOJT7IIXK,716.0,962350.0,17.0,37.0,6.0,0.0,103056.0,135894.0,0.0,0.0
EJN3UU3NA4,,,,,,,,,,
ON3BLZT808,701.0,794200.0,10.7,,5.0,0.0,191273.0,263978.0,0.0,0.0
QEGRDNUCU5,,,30.6,,7.0,1.0,104519.0,162690.0,1.0,0.0
RN7EFH1AK7,739.0,3824320.0,40.0,79.0,16.0,0.0,531677.0,1031206.0,0.0,0.0
G3F60A3BGI,701.0,1217843.0,13.4,17.0,7.0,0.0,75316.0,192940.0,0.0,0.0
215U2ZBOT1,,,,,,,,,,
MOBJAMICST,740.0,2903181.0,18.9,2.0,11.0,0.0,100700.0,552574.0,0.0,0.0
64TONCISCP,746.0,1872830.0,19.8,,21.0,0.0,455886.0,986656.0,0.0,0.0
QT7GQM8Q53,746.0,1893863.0,33.5,13.0,15.0,0.0,516420.0,2420902.0,0.0,0.0
3WBQJKPRJ3,714.0,1387285.0,18.6,23.0,15.0,0.0,675108.0,1036728.0,0.0,0.0
D1SCC7V41O,747.0,1258047.0,13.3,,5.0,0.0,146946.0,850762.0,0.0,0.0
GWW6GBBNQB,720.0,683468.0,15.0,32.0,7.0,0.0,90288.0,167816.0,0.0,0.0
4ZGQU47QP7,673.0,1231181.0,15.9,79.0,7.0,0.0,52801.0,168916.0,0.0,0.0
GAMCZPW563,7350.0,1118682.0,14.9,12.0,14.0,6.0,101593.0,340978.0,1.0,5.0
QXTVSB2F6B,735.0,1151932.0,17.5,25.0,7.0,0.0,173166.0,297044.0,0.0,0.0
RGW6J8GZ1B,748.0,1850334.0,17.5,,5.0,0.0,325128.0,1084886.0,0.0,0.0
HHIDUQ6ZTK,710.0,1007019.0,30.9,,14.0,0.0,396264.0,1087262.0,0.0,0.0
XCRBICB8WV,666.0,1229072.0,14.4,,10.0,0.0,402705.0,834130.0,0.0,0.0
JOTQD0C2CD,707.0,837216.0,43.0,,10.0,0.0,196308.0,279928.0,0.0,0.0
9LDOPTYKZY,734.0,772388.0,13.5,33.0,7.0,1.0,136154.0,324368.0,1.0,0.0
6I380KGU6Y,743.0,1974651.0,14.0,,9.0,0.0,500821.0,744414.0,0.0,0.0
HP1SY58DOS,,,,,,,,,,
NVLWDILH0T,735.0,676153.0,13.2,,8.0,0.0,88920.0,311080.0,0.0,0.0
6IW5TLFQWJ,722.0,909986.0,6.9,,16.0,0.0,164407.0,723800.0,0.0,0.0
YLKCWCHUUN,,,16.5,,17.0,0.0,308408.0,1095446.0,0.0,0.0
A65330GRJ6,724.0,1708290.0,9.5,,15.0,0.0,444942.0,899140.0,0.0,0.0
IW8DPNUKR1,738.0,501068.0,19.4,,11.0,0.0,366757.0,508596.0,0.0,0.0
FITD9U3PJ2,6010.0,1497048.0,18.5,,17.0,0.0,286159.0,394460.0,0.0,0.0
40N5550OYS,714.0,752020.0,32.5,,9.0,0.0,190038.0,265430.0,0.0,0.0
UMB65APE18,677.0,2160585.0,26.4,28.0,7.0,0.0,161424.0,209088.0,0.0,0.0
1MN0K6MVUL,,,16.9,,11.0,0.0,393243.0,489082.0,0.0,0.0
S2PSO0IPXJ,711.0,1716156.0,33.5,1.0,12.0,2.0,132829.0,401566.0,1.0,0.0
V7BBZ558JS,729.0,2015957.0,6.8,,7.0,0.0,101593.0,768790.0,0.0,0.0
92UCNPAD1E,,,,,,,,,,
WOIYG7PQZK,737.0,1276078.0,29.9,42.0,7.0,0.0,254809.0,409772.0,0.0,0.0
E5D324YSQS,702.0,1914440.0,13.0,28.0,5.0,1.0,135185.0,223938.0,1.0,0.0
FXFQTC8XAD,724.0,1452797.0,11.5,,13.0,0.0,202844.0,434962.0,0.0,0.0
AJ1IA8RUMV,749.0,2251728.0,16.8,,24.0,0.0,1038483.0,2055460.0,0.0,0.0
JPET2J1AUU,743.0,1153737.0,11.9,,6.0,0.0,211888.0,473660.0,0.0,0.0
FXVYAJVFNN,737.0,3015072.0,27.9,23.0,10.0,0.0,656450.0,818202.0,0.0,0.0
5454JKI9Y1,,,18.0,22.0,9.0,0.0,27284.0,146938.0,0.0,0.0
V40C0MC8XS,716.0,764940.0,10.5,,9.0,0.0,175199.0,455862.0,0.0,0.0
340CS9HL27,,,9.1,25.0,14.0,0.0,29678.0,133738.0,0.0,0.0
V3Z47YS0TI,745.0,785707.0,8.0,,9.0,0.0,263055.0,612876.0,0.0,0.0
LCVTHWRQ9A,726.0,316483.0,29.0,65.0,2.0,0.0,67070.0,161788.0,0.0,0.0
1RLVQ1NFP3,,,28.2,,14.0,1.0,260072.0,818290.0,1.0,0.0
2C9BANVW7A,714.0,710239.0,12.8,,5.0,0.0,161329.0,205502.0,0.0,0.0
HA55ZPB9IF,738.0,836874.0,16.0,,3.0,0.0,75563.0,93060.0,0.0,0.0
8BZYKXJ6OE,742.0,1823449.0,24.5,,10.0,0.0,297255.0,428626.0,0.0,0.0
VQZACKE54X,732.0,562419.0,11.8,,8.0,0.0,282283.0,531454.0,0.0,0.0
R9E378VKX8,705.0,2281995.0,8.9,,15.0,0.0,302214.0,667832.0,0.0,0.0
W1DBHE8ULM,7190.0,1158696.0,13.1,,11.0,0.0,120479.0,239316.0,0.0,0.0
K7PWM5G34C,648.0,7677501.0,21.4,18.0,14.0,0.0,1016443.0,1627846.0,0.0,0.0
76GP7NCEZK,720.0,1427090.0,5.3,,8.0,0.0,63441.0,180928.0,0.0,0.0
WFZPB7K4MN,670.0,1714959.0,21.0,52.0,8.0,0.0,107236.0,149974.0,0.0,0.0
EB7S41OWXQ,,,25.6,,3.0,0.0,187986.0,279774.0,0.0,0.0
R3YDAJIC3V,720.0,1587868.0,33.3,66.0,7.0,0.0,173185.0,231572.0,0.0,0.0
P6WQS28HZR,751.0,2348134.0,16.2,,14.0,0.0,203319.0,957022.0,0.0,0.0
F7GVU4U5VF,737.0,1799186.0,20.9,,12.0,0.0,695419.0,896698.0,0.0,0.0
BYRA59J5CW,724.0,858762.0,15.6,,11.0,0.0,225359.0,417494.0,0.0,0.0
289ZLXU9XM,736.0,659414.0,7.8,,11.0,0.0,93689.0,281050.0,0.0,0.0
SJ07TIT6OY,726.0,655557.0,9.3,,12.0,0.0,150841.0,416834.0,0.0,0.0
YE19MAU7VY,715.0,772312.0,14.8,,11.0,0.0,303544.0,565048.0,0.0,0.0
GPYNPZBZFD,,,10.5,,6.0,0.0,67165.0,161656.0,0.0,0.0
1QU61XKNVT,694.0,1811308.0,18.9,59.0,5.0,0.0,86032.0,302764.0,0.0,0.0
UDZS8LDQXL,703.0,529815.0,8.5,,4.0,0.0,105488.0,140250.0,0.0,0.0
IVLPO3TGY7,748.0,766954.0,13.8,,5.0,0.0,99389.0,342496.0,0.0,0.0
1FORAHSJTI,,,13.6,,12.0,0.0,206967.0,559944.0,0.0,0.0
B1LOJ2CL39,742.0,671783.0,16.7,57.0,6.0,0.0,136857.0,253528.0,0.0,0.0
TXR332QNOY,632.0,853803.0,14.5,25.0,10.0,0.0,277704.0,341352.0,0.0,0.0
5GE9UIL7SH,,,14.1,60.0,15.0,0.0,245461.0,301708.0,0.0,0.0
8LRYKSQ20I,722.0,836475.0,14.0,34.0,11.0,0.0,106761.0,166386.0,0.0,0.0
95APOQEPVN,695.0,1452322.0,25.2,,13.0,0.0,541367.0,1015982.0,0.0,0.0
4ZS0JD0ZH1,719.0,1150849.0,16.3,50.0,18.0,1.0,310954.0,530244.0,1.0,0.0
MYEXR0N18E,,,22.7,,13.0,0.0,338181.0,594198.0,0.0,0.0
TM85GY719C,738.0,1204923.0,29.4,54.0,8.0,0.0,417069.0,514294.0,0.0,0.0
9VQBYXD6LU,745.0,1707606.0,18.4,46.0,18.0,0.0,229634.0,605660.0,0.0,0.0
Z0IFW4KWMJ,750.0,1159703.0,52.5,15.0,10.0,0.0,224751.0,637824.0,0.0,0.0
UO8UW2E7H8,709.0,648850.0,21.9,31.0,9.0,1.0,74708.0,126654.0,1.0,0.0
GACHIBFBCI,636.0,1002193.0,12.8,13.0,7.0,0.0,28348.0,295636.0,0.0,0.0
NISRJTWLKX,734.0,747612.0,18.3,29.0,5.0,0.0,125267.0,324478.0,0.0,0.0
6UT7US68DN,701.0,1391370.0,16.0,23.0,8.0,0.0,96026.0,148236.0,0.0,0.0
61IQRXCUFI,709.0,503956.0,14.5,23.0,7.0,0.0,5339.0,193468.0,0.0,0.0
5AGMCQVM5F,708.0,1128600.0,50.0,,10.0,0.0,167770.0,220000.0,0.0,0.0
M7T1VD0YET,738.0,1544168.0,8.8,,17.0,0.0,322582.0,728090.0,0.0,0.0
X2ZV2QM63R,,,18.2,,10.0,0.0,360373.0,549054.0,0.0,0.0
4GUZ6UG6DE,739.0,813637.0,12.5,,8.0,0.0,94848.0,193028.0,0.0,0.0
76GE7GRBPB,,,26.1,25.0,13.0,0.0,369987.0,738628.0,0.0,0.0
RB3XRWJGQ2,703.0,1411168.0,21.0,,6.0,0.0,88749.0,115588.0,0.0,0.0
DVTZSQLU45,,,,,,,,,,
JQA5HGMW6Y,731.0,1273133.0,20.5,,11.0,0.0,84930.0,339086.0,0.0,0.0
S0DRCHBTPJ,707.0,998982.0,31.0,47.0,13.0,0.0,266361.0,387926.0,0.0,0.0
KIWMDUSC25,748.0,1741597.0,14.0,,23.0,0.0,84949.0,983642.0,0.0,0.0
TTU1BXBU9G,,,21.5,45.0,8.0,0.0,400995.0,679822.0,0.0,0.0
TSD04J402U,703.0,2104136.0,24.4,41.0,14.0,3.0,1616444.0,2469236.0,0.0,3.0
RFGQKCRMQR,729.0,972610.0,23.6,,6.0,0.0,492784.0,1152712.0,0.0,0.0
SKV8NM730L,745.0,808184.0,12.0,30.0,17.0,0.0,370025.0,1071136.0,0.0,0.0
04RWUGUV0N,,,8.6,,3.0,0.0,62738.0,88044.0,0.0,0.0
UTQRF6NPJ1,698.0,1058281.0,18.2,,10.0,1.0,77710.0,316866.0,1.0,0.0
DZ0DTF3J9G,,,22.0,40.0,7.0,0.0,99864.0,187704.0,0.0,0.0
J5F04NJNHX,728.0,471637.0,16.0,,7.0,0.0,138719.0,203060.0,0.0,0.0
BHF74BLIS9,715.0,1253525.0,17.6,42.0,8.0,1.0,91846.0,136180.0,0.0,0.0
5XHA2MKFK0,715.0,946903.0,10.4,49.0,11.0,1.0,88293.0,293788.0,1.0,0.0
K1ZGWBXPF2,,,21.2,53.0,19.0,0.0,363432.0,1156078.0,0.0,0.0
S2ITW5T8QV,747.0,1355821.0,11.7,,3.0,0.0,123329.0,383856.0,0.0,0.0
CIG6VFJSV4,724.0,1484128.0,25.5,47.0,8.0,0.0,405574.0,715880.0,0.0,0.0
4S1S0FVBCX,715.0,1296522.0,21.3,,18.0,0.0,436525.0,677534.0,0.0,0.0
BJLGZ77BZY,735.0,743356.0,8.8,,15.0,0.0,92321.0,187220.0,0.0,0.0
SRFVUM9EQ1,718.0,1600142.0,9.7,,8.0,0.0,275747.0,457446.0,0.0,0.0
U4Y3VOG1H2,725.0,1361654.0,20.0,,9.0,0.0,66595.0,328174.0,0.0,0.0
EVVISNV0VT,720.0,1336384.0,15.5,43.0,8.0,1.0,291669.0,787248.0,1.0,0.0
6CJJJJDT9Y,715.0,1150317.0,13.0,13.0,10.0,1.0,418456.0,665566.0,0.0,0.0
GPTTGB0VW7,734.0,621414.0,8.3,,8.0,0.0,226765.0,394834.0,0.0,0.0
3IU2K3M52C,730.0,1784936.0,20.3,56.0,14.0,0.0,738948.0,2222374.0,0.0,0.0
8ALJ2L3RLW,734.0,1351413.0,14.2,,20.0,0.0,176928.0,382184.0,0.0,0.0
NBL5N88N46,,,25.0,50.0,8.0,0.0,182229.0,433268.0,0.0,0.0
RE03TZD58X,745.0,1784784.0,19.0,17.0,10.0,1.0,16777.0,747142.0,1.0,0.0
14SIJ0BY07,749.0,1861430.0,21.0,46.0,11.0,0.0,1818490.0,5645090.0,0.0,0.0
LMVWYBI8R9,686.0,1862494.0,11.4,30.0,5.0,0.0,143127.0,190916.0,0.0,0.0
SFTIY88BJI,,,33.5,,20.0,0.0,773680.0,1862454.0,0.0,0.0
U9D1ZPO9SW,742.0,673531.0,22.5,45.0,7.0,1.0,42294.0,162734.0,1.0,0.0
E4UQ3VH9LT,705.0,785517.0,26.5,65.0,10.0,0.0,473955.0,688578.0,0.0,0.0
M8IIWG0N87,721.0,592781.0,11.5,33.0,8.0,0.0,24795.0,212674.0,0.0,0.0
UFOD423L56,721.0,1930590.0,22.9,,15.0,0.0,539068.0,668272.0,0.0,0.0
3OYEKE3K0L,748.0,1279593.0,21.5,,12.0,0.0,113829.0,1029688.0,0.0,0.0
U18IQRVK0I,7150.0,1175093.0,11.8,,12.0,0.0,86830.0,114510.0,0.0,0.0
KFRK58U2ON,,,29.0,,9.0,0.0,550316.0,821172.0,0.0,0.0
W3LXUYBTT9,,,12.2,,11.0,0.0,244587.0,355344.0,0.0,0.0
T3SV6WH77S,729.0,795359.0,14.7,54.0,5.0,1.0,119130.0,200486.0,1.0,0.0
Y08OJJXX7E,734.0,1091531.0,17.0,,11.0,0.0,331474.0,438130.0,0.0,0.0
KENA7MG0T1,734.0,1440827.0,13.3,5.0,8.0,0.0,68153.0,153560.0,0.0,0.0
Q10WUBBIH9,750.0,913444.0,42.7,43.0,10.0,0.0,115159.0,670032.0,0.0,0.0
R31ZSJXO7H,691.0,1601643.0,11.7,36.0,16.0,1.0,235961.0,297638.0,0.0,0.0
8K7LFHJ4WP,,,13.8,,15.0,0.0,143355.0,712404.0,0.0,0.0
FGFD4XWNWQ,,,20.9,,10.0,0.0,248596.0,310178.0,0.0,0.0
YMP54Y3Y26,715.0,556567.0,16.8,,11.0,0.0,423643.0,905036.0,0.0,0.0
XDFMKP6HVK,751.0,2000795.0,17.4,47.0,6.0,0.0,5567.0,339086.0,0.0,0.0
7ZXOLAJK2D,689.0,1016367.0,16.0,22.0,5.0,0.0,1006259.0,1191366.0,0.0,0.0
QB20W6AZJ7,715.0,2226344.0,19.7,10.0,15.0,0.0,257678.0,363440.0,0.0,0.0
V2SOE0H088,735.0,729429.0,20.2,,11.0,1.0,165243.0,331012.0,1.0,0.0
HVSE07Q3YT,,,16.7,34.0,5.0,0.0,199177.0,419342.0,0.0,0.0
GGI8IYXDMS,711.0,387790.0,5.5,,7.0,0.0,103417.0,286506.0,0.0,0.0
HJYLJTFQ4L,722.0,1772700.0,18.4,,10.0,0.0,633878.0,1090584.0,0.0,0.0
UKVM570SPN,,,18.4,37.0,12.0,0.0,59964.0,425942.0,0.0,0.0
8I7DKIWQOZ,739.0,1210927.0,33.5,15.0,12.0,0.0,73929.0,204776.0,0.0,0.0
HAP4UUJZ5U,724.0,574218.0,21.9,,15.0,0.0,181982.0,392414.0,0.0,0.0
DBIEHKRK2L,712.0,2175386.0,12.0,,3.0,0.0,91010.0,153384.0,0.0,0.0
ZESI0JX3RF,740.0,1450802.0,26.5,,14.0,0.0,725458.0,2079198.0,0.0,0.0
FKN7SOD9TS,,,22.8,,20.0,0.0,151164.0,977878.0,0.0,0.0
QNIFHBVXGN,646.0,2504504.0,31.9,11.0,7.0,0.0,130264.0,187594.0,0.0,0.0
QH0F9N75S2,725.0,1053778.0,15.8,,9.0,1.0,175788.0,264352.0,1.0,0.0
0BN0WMTRT0,748.0,1499024.0,15.7,,10.0,0.0,233358.0,906730.0,0.0,0.0
JK1MFILWVS,721.0,3369346.0,21.3,,15.0,1.0,678281.0,1425380.0,1.0,0.0
WQATJNX1ZQ,740.0,1029591.0,18.5,35.0,6.0,0.0,258096.0,412786.0,0.0,0.0
CC9ONROC8U,749.0,1504800.0,15.6,21.0,10.0,0.0,144438.0,521026.0,0.0,0.0
A6B73BUJPQ,,,5.9,,8.0,0.0,142823.0,283668.0,0.0,0.0
0CV5GEDKCC,7210.0,576783.0,8.6,,7.0,0.0,71459.0,149094.0,0.0,0.0
U89N260DQB,,,,,,,,,,
CC6YKEVJTY,698.0,2758705.0,20.8,,19.0,0.0,692569.0,1104576.0,0.0,0.0
SU2U0SRXET,7120.0,1685091.0,16.0,,9.0,0.0,252111.0,460438.0,0.0,0.0
0O3UR6DKB9,,,18.5,11.0,11.0,0.0,287888.0,404052.0,0.0,0.0
FXB5SXINHM,740.0,1911799.0,12.3,,14.0,0.0,423244.0,1072368.0,0.0,0.0
JCAG5PGTGD,723.0,804859.0,16.5,,11.0,0.0,141512.0,224136.0,0.0,0.0
U0TDPKC1Z3,745.0,579215.0,14.0,,7.0,1.0,93195.0,307450.0,1.0,0.0
IPSF8BRSWL,,,18.4,,8.0,0.0,281865.0,434016.0,0.0,0.0
8XUN00CTTV,692.0,1632936.0,8.6,,7.0,0.0,256975.0,413864.0,0.0,0.0
5IR02FXI0R,746.0,1578178.0,13.0,,9.0,0.0,210653.0,288002.0,0.0,0.0
BOI86MYY7N,,,20.0,45.0,18.0,0.0,309510.0,429704.0,0.0,0.0
9MSUKDCM6O,718.0,1484641.0,15.5,,7.0,1.0,76646.0,128436.0,1.0,0.0
VAEWXAVAZ6,728.0,448666.0,11.8,,9.0,0.0,119396.0,207900.0,0.0,0.0
RT9AINXCEV,739.0,893323.0,16.0,37.0,11.0,0.0,215061.0,310882.0,0.0,0.0
G75FT8U1RJ,751.0,1858770.0,19.9,29.0,11.0,0.0,38361.0,312840.0,0.0,0.0
PHKNCLIPAR,,,13.2,,7.0,0.0,253422.0,669944.0,0.0,0.0
TGYQ3MAZ53,,,30.7,2.0,15.0,1.0,362463.0,1645842.0,0.0,0.0
S5YKREUORG,741.0,959994.0,17.2,80.0,6.0,0.0,48165.0,172150.0,0.0,0.0
6DPMLMJAKF,720.0,1400699.0,17.7,38.0,14.0,0.0,457957.0,845702.0,0.0,0.0
M7JP1QRW5K,722.0,1932680.0,30.9,26.0,6.0,0.0,78166.0,149820.0,0.0,0.0
AOJGA4K6BI,697.0,2590821.0,21.6,17.0,11.0,0.0,516097.0,951566.0,0.0,0.0
KW48GEE1B0,711.0,979108.0,10.7,65.0,12.0,0.0,252301.0,495176.0,0.0,0.0
731XN3B29S,,,26.7,21.0,8.0,0.0,96330.0,262438.0,0.0,0.0
WFMYP50YFR,736.0,1346891.0,10.6,,13.0,0.0,170221.0,227348.0,0.0,0.0
UHSNWX8ET2,731.0,1478808.0,25.3,,8.0,1.0,370861.0,480348.0,0.0,0.0
EZ3JXWOH27,,,16.7,,13.0,0.0,132601.0,478346.0,0.0,0.0
WLYHPARXYB,703.0,497553.0,9.5,,11.0,0.0,76551.0,318824.0,0.0,0.0
93XT6NAY70,714.0,646836.0,28.8,,9.0,0.0,309225.0,683298.0,0.0,0.0
KHCFORTK1N,746.0,1756075.0,25.2,,16.0,0.0,708852.0,1476200.0,0.0,0.0
TAB8WSP0NP,738.0,1650074.0,27.1,65.0,6.0,0.0,113601.0,229548.0,0.0,0.0
BDBXJLVRLM,644.0,1215791.0,13.1,,18.0,0.0,779285.0,1274460.0,0.0,0.0
9HC0X4USTH,675.0,1263063.0,29.9,70.0,11.0,1.0,37639.0,178640.0,1.0,0.0
0YBA5NQGSO,730.0,836798.0,15.6,2.0,8.0,0.0,70813.0,310574.0,0.0,0.0
SYSL10NV3S,,,,,,,,,,
M66Y8S0HE5,678.0,1187424.0,16.5,31.0,32.0,0.0,247931.0,1025244.0,0.0,0.0
FGCJ184V81,,,,,,,,,,
G1OPLR7TSH,674.0,1583080.0,22.1,20.0,15.0,0.0,360544.0,619388.0,0.0,0.0
2J49H0ORQZ,747.0,2129919.0,26.9,,6.0,0.0,1365150.0,3341844.0,0.0,0.0
T54Q2XN87Q,716.0,924673.0,17.6,39.0,6.0,0.0,50388.0,129382.0,0.0,0.0
QRVMICDATW,749.0,2286612.0,18.6,57.0,12.0,0.0,320853.0,854040.0,0.0,0.0
1ELRNKCRXJ,706.0,547808.0,22.7,,4.0,1.0,71706.0,89650.0,1.0,0.0
YN0KFXP81R,747.0,1131659.0,39.2,53.0,12.0,0.0,9595.0,1233848.0,0.0,0.0
6J8W179YH3,747.0,1224284.0,26.8,,13.0,0.0,283689.0,866690.0,0.0,0.0
K9I9A2O968,6870.0,2107974.0,16.5,,8.0,1.0,300124.0,399432.0,1.0,0.0
ZDHDTK4TOY,750.0,3523360.0,24.7,28.0,16.0,0.0,354065.0,1242318.0,0.0,0.0
1STQMCX26Y,,,,,,,,,,
VZ917357ET,658.0,175845.0,17.6,,6.0,0.0,74746.0,163592.0,0.0,0.0
4X22O8RXMK,7430.0,998241.0,29.1,7.0,12.0,0.0,641972.0,8544206.0,0.0,0.0
TVTEEYRAGF,,,13.8,,6.0,0.0,173546.0,245344.0,0.0,0.0
8N4I413SLE,,,16.1,,7.0,0.0,109041.0,352660.0,0.0,0.0
JF916D7ONH,677.0,847058.0,15.4,,7.0,0.0,312911.0,453486.0,0.0,0.0
I46G8G48NH,746.0,2712193.0,17.9,69.0,10.0,0.0,334495.0,496562.0,0.0,0.0
JF17BNGAMY,699.0,1569514.0,15.9,,11.0,0.0,349201.0,659604.0,0.0,0.0
LWLZ4DUBU0,,,,,,,,,,
W6ETYYV6ZI,723.0,394725.0,10.7,,7.0,0.0,91713.0,158972.0,0.0,0.0
K98WF75S8H,714.0,1335852.0,17.3,42.0,12.0,0.0,94582.0,324962.0,0.0,0.0
B5KR4RW5HM,694.0,456361.0,12.4,18.0,9.0,0.0,76779.0,121110.0,0.0,0.0
0Z71JSU4M6,730.0,1901159.0,25.5,,17.0,0.0,629926.0,816772.0,0.0,0.0
HHC5I5XI57,742.0,1475179.0,8.1,,13.0,0.0,54169.0,746636.0,0.0,0.0
5VLMUDIU47,694.0,1573485.0,16.5,,5.0,0.0,357960.0,457996.0,0.0,0.0
VLU4NP720C,,,26.4,,9.0,0.0,147896.0,935726.0,0.0,0.0
OAUQ2G5ZYA,652.0,1200743.0,12.9,40.0,8.0,0.0,194636.0,278212.0,0.0,0.0
WFOBVCT1XB,748.0,1328822.0,18.5,,19.0,0.0,177365.0,900768.0,0.0,0.0
1L4EZVQL0O,712.0,932862.0,17.9,,11.0,0.0,152285.0,310992.0,0.0,0.0
A7AVHAUZ0I,,,,,,,,,,
GM6ND6OS22,692.0,931513.0,17.7,,10.0,1.0,65949.0,95458.0,1.0,0.0
E0RXI56RUW,729.0,928910.0,15.2,52.0,4.0,0.0,0.0,0.0,0.0,0.0
3IOK2NI3EJ,6530.0,1098580.0,14.1,31.0,11.0,1.0,164312.0,243298.0,1.0,0.0
5KY04IVS5W,704.0,1835381.0,17.6,,10.0,0.0,698193.0,875864.0,0.0,0.0
AYOTYVS0IJ,,,17.0,41.0,25.0,0.0,173489.0,851180.0,0.0,0.0
N08L667JRM,732.0,2777325.0,22.0,3.0,10.0,0.0,198493.0,314842.0,0.0,0.0
JA39GJXF8F,720.0,1186949.0,12.4,27.0,8.0,0.0,145578.0,250470.0,0.0,0.0
ZJVJOQG9S9,668.0,1352876.0,27.9,60.0,12.0,0.0,281029.0,865436.0,0.0,0.0
XAU1SHTF81,,,,,,,,,,
VCLBZ8IUNM,746.0,1027026.0,18.9,,7.0,0.0,204516.0,428208.0,0.0,0.0
QGN8SB9O90,680.0,3213850.0,14.6,33.0,11.0,0.0,520315.0,901912.0,0.0,0.0
HY4SHYAWYD,,,19.8,37.0,18.0,0.0,79059.0,372108.0,0.0,0.0
RR20ID1HBX,733.0,753236.0,14.1,,14.0,0.0,502322.0,754380.0,0.0,0.0
URVOOHB9KV,741.0,799995.0,17.2,,3.0,0.0,21736.0,156310.0,0.0,0.0
CPB36XIOKH,708.0,928131.0,17.3,,10.0,0.0,112689.0,266288.0,0.0,0.0
1CKB4YU47B,731.0,1512970.0,17.3,73.0,9.0,0.0,38266.0,351692.0,0.0,0.0
9KE9ARGHEQ,7320.0,1361787.0,13.0,47.0,11.0,0.0,183426.0,276914.0,0.0,0.0
YQH8EV3WKL,,,31.9,,11.0,1.0,49324.0,221364.0,1.0,0.0
WHE0BSB3YQ,705.0,1578881.0,17.6,15.0,15.0,1.0,40869.0,487960.0,1.0,0.0
AFRESDVUPJ,,,22.5,53.0,6.0,0.0,614213.0,739288.0,0.0,0.0
DOPHJRQI2C,711.0,698212.0,13.0,,9.0,0.0,224048.0,454344.0,0.0,0.0
3LMXD6XGOE,660.0,844265.0,19.9,,13.0,1.0,210064.0,338778.0,1.0,0.0
46KD4HAK3C,729.0,484462.0,19.8,12.0,9.0,0.0,230337.0,396902.0,0.0,0.0
O320O5ULOS,707.0,1550362.0,18.0,82.0,12.0,0.0,772806.0,963204.0,0.0,0.0
ZMMWQ6N4IQ,,,20.1,31.0,22.0,1.0,578854.0,836792.0,0.0,1.0
9YIXX9M6DH,750.0,1476661.0,22.3,,8.0,0.0,64429.0,660154.0,0.0,0.0
YPDHMHPBXT,729.0,1420725.0,13.8,8.0,11.0,0.0,340214.0,807246.0,0.0,0.0
KXE4DA0QN9,667.0,967955.0,14.9,77.0,7.0,0.0,331588.0,477532.0,0.0,0.0
OFSGS5ZHIA,,,16.0,79.0,5.0,0.0,18107.0,97944.0,0.0,0.0
8U4ST0GLHA,741.0,617177.0,40.1,,16.0,0.0,125153.0,1042536.0,0.0,0.0
B1C3PVHWFZ,673.0,2108183.0,18.3,44.0,10.0,0.0,418342.0,497332.0,0.0,0.0
MXOV0EZP7X,699.0,2251861.0,22.6,,4.0,0.0,780406.0,948200.0,0.0,0.0
UP7REEALAY,,,15.2,,5.0,0.0,266323.0,323906.0,0.0,0.0
YGUSFIBLNY,718.0,2628612.0,12.0,,21.0,0.0,190000.0,1099956.0,0.0,0.0
VJNEKLD8HE,741.0,616341.0,16.0,19.0,6.0,0.0,4484.0,33110.0,0.0,0.0
WXU4I4COML,,,16.3,,6.0,1.0,218823.0,464046.0,1.0,0.0
IB5ABUF1UJ,721.0,2493465.0,39.6,80.0,17.0,0.0,525673.0,814836.0,0.0,0.0
Z9BHYX870X,7450.0,2108392.0,17.1,,14.0,0.0,52459.0,949124.0,0.0,0.0
ZI9R2Q4X2T,749.0,4274145.0,17.5,37.0,14.0,0.0,176643.0,1007578.0,0.0,0.0
XKO1662WSH,744.0,759240.0,20.4,29.0,14.0,0.0,110086.0,342650.0,0.0,0.0
OGIYCI05LW,604.0,1076388.0,15.5,,9.0,0.0,372438.0,621412.0,0.0,0.0
33MBH661CZ,729.0,842688.0,25.5,10.0,22.0,0.0,480852.0,2209460.0,0.0,0.0
LEU13JJNKU,662.0,1945600.0,57.5,31.0,15.0,0.0,486248.0,998250.0,0.0,0.0
HYUQ6YD9JW,698.0,635227.0,19.4,46.0,8.0,1.0,82821.0,175934.0,1.0,0.0
Y4GAJ7OJ24,,,12.3,2.0,24.0,0.0,39197.0,313060.0,0.0,0.0
F5R28FW773,7320.0,1231428.0,34.9,,11.0,0.0,554192.0,934076.0,0.0,0.0
5QKSKH3EIN,,,15.6,27.0,15.0,0.0,430730.0,635316.0,0.0,0.0
OJB3NTIQBF,7330.0,1081917.0,25.3,61.0,13.0,0.0,465519.0,1017038.0,0.0,0.0
9F96AW8TXW,,,33.8,14.0,21.0,0.0,553337.0,774730.0,0.0,0.0
QAVMKGN5TG,679.0,2006780.0,28.3,,7.0,0.0,443479.0,925232.0,0.0,0.0
LIBZCFER15,705.0,1636812.0,16.7,26.0,11.0,1.0,189012.0,372174.0,1.0,0.0
35DRB31FZS,728.0,1358994.0,14.0,,14.0,0.0,86640.0,445896.0,0.0,0.0
A7U09BC3EI,703.0,947720.0,19.9,73.0,10.0,0.0,298680.0,357654.0,0.0,0.0
4PG5VL9P31,716.0,1788565.0,19.9,,16.0,0.0,401888.0,979682.0,0.0,0.0
NN6AIRERY2,696.0,1948127.0,32.6,6.0,16.0,0.0,76133.0,337722.0,0.0,0.0
EBNW565FL5,712.0,3058848.0,18.6,24.0,17.0,0.0,2046015.0,4127288.0,0.0,0.0
3A97LYNL3A,688.0,1265134.0,18.5,12.0,9.0,1.0,70300.0,184998.0,1.0,0.0
63QJD87AE9,,,19.0,,22.0,1.0,563293.0,949388.0,1.0,0.0
8HY1O9AJFH,745.0,2231873.0,25.8,,10.0,1.0,206986.0,297330.0,1.0,0.0
R30H2IUZWB,,,28.1,2.0,16.0,0.0,278616.0,710600.0,0.0,0.0
DVLMUBJFKF,702.0,1697175.0,17.6,,27.0,0.0,590254.0,1116742.0,0.0,0.0
ZROKYQMA88,719.0,628311.0,20.4,,6.0,0.0,192679.0,262482.0,0.0,0.0
8NVDTO8NDZ,,,21.6,57.0,9.0,0.0,392901.0,659318.0,0.0,0.0
K38S4PUN3Z,634.0,1970870.0,19.2,6.0,9.0,0.0,702943.0,895400.0,0.0,0.0
9KL6XB4GZH,746.0,2176545.0,15.9,,14.0,0.0,325622.0,557744.0,0.0,0.0
Z0D1JRI4SO,,,22.0,,11.0,0.0,450034.0,784762.0,0.0,0.0
PWRJ121AQT,747.0,574161.0,17.6,16.0,6.0,0.0,235201.0,452386.0,0.0,0.0
JQG78JVQ54,750.0,775428.0,20.7,,8.0,0.0,136515.0,952226.0,0.0,0.0
VV2US0XDYF,,,,,,,,,,
6UHLSE4CUN,,,23.3,,8.0,0.0,179303.0,278674.0,0.0,0.0
MMVOG9V7RE,693.0,1372161.0,17.2,,20.0,0.0,118218.0,435930.0,0.0,0.0
L4OLD7VGNT,705.0,1615171.0,15.4,,14.0,1.0,424840.0,1010130.0,0.0,1.0
0HEQ9DK6DE,,,18.1,,10.0,0.0,692968.0,1112870.0,0.0,0.0
MQRE9JJG49,699.0,1214138.0,19.1,45.0,10.0,2.0,227810.0,402094.0,0.0,2.0
JP752B3V20,715.0,1150374.0,17.9,18.0,7.0,1.0,90516.0,186472.0,0.0,0.0
XHZ0LLKQC7,747.0,566694.0,20.5,,5.0,0.0,57019.0,118140.0,0.0,0.0
XBNS76QTKI,,,29.8,79.0,13.0,0.0,448837.0,1160082.0,0.0,0.0
5GUZF9R2Q0,733.0,1923275.0,11.9,6.0,15.0,0.0,344546.0,597212.0,0.0,0.0
UTQQHLDNWD,694.0,1278320.0,15.3,45.0,17.0,0.0,380646.0,508948.0,0.0,0.0
P73YBQHBQN,747.0,478800.0,19.8,,10.0,0.0,132886.0,680790.0,0.0,0.0
NL4ITQ5M7O,694.0,965181.0,22.5,9.0,4.0,0.0,26125.0,32208.0,0.0,0.0
SMNQSU2FJG,7510.0,1335301.0,15.6,21.0,18.0,0.0,156636.0,902352.0,0.0,0.0
8QGA6E56F1,,,16.7,5.0,10.0,0.0,164635.0,277904.0,0.0,0.0
9D1TYU4C5B,718.0,1997584.0,13.0,32.0,14.0,0.0,495444.0,919314.0,0.0,0.0
MDP7QZISWU,737.0,1707777.0,15.4,14.0,24.0,0.0,332082.0,1451032.0,0.0,0.0
FJ4G1VL97T,723.0,753312.0,12.3,73.0,7.0,0.0,87799.0,285582.0,0.0,0.0
M3P457JN45,734.0,1775759.0,15.8,52.0,11.0,0.0,356345.0,538670.0,0.0,0.0
PN7SWIBMWR,683.0,1807717.0,27.8,43.0,22.0,0.0,781261.0,1478136.0,0.0,0.0
Q606YF9OS4,,,34.9,,11.0,2.0,111663.0,414414.0,1.0,1.0
2X2X8HHZDD,739.0,1291962.0,8.4,47.0,5.0,0.0,42389.0,153846.0,0.0,0.0
A4BUURNCNW,642.0,1283868.0,19.6,,22.0,0.0,238564.0,891044.0,0.0,0.0
13DVZZP1QT,669.0,956935.0,21.0,,7.0,0.0,219184.0,1328712.0,0.0,0.0
UVLKZ8G2B3,725.0,2314884.0,15.4,,12.0,0.0,249546.0,323928.0,0.0,0.0
0RVY8KADG3,632.0,2435667.0,25.0,13.0,14.0,0.0,341962.0,533632.0,0.0,0.0
5NLNX0J7A2,705.0,1200838.0,22.4,,8.0,0.0,1630447.0,6890070.0,0.0,0.0
W50GSE4BA6,7280.0,1353940.0,16.5,19.0,19.0,0.0,449654.0,1273008.0,0.0,0.0
G43HHYLT4O,,,18.0,,11.0,0.0,274607.0,725956.0,0.0,0.0
OC0MDJZFD2,700.0,665532.0,14.2,35.0,6.0,0.0,51376.0,105666.0,0.0,0.0
QVWNBNE716,732.0,1006601.0,15.7,69.0,10.0,0.0,377834.0,571890.0,0.0,0.0
UW3PM1OK2I,679.0,575814.0,15.6,34.0,8.0,0.0,194655.0,253264.0,0.0,0.0
ED8AU6JS4V,744.0,1384682.0,10.2,,7.0,0.0,92397.0,135740.0,0.0,0.0
ASFP0N0JX5,,,,,,,,,,
2XCFNK41VB,658.0,1190692.0,10.7,,5.0,0.0,128459.0,320562.0,0.0,0.0
PGSDRG206X,718.0,2660551.0,8.7,,10.0,0.0,535534.0,1185668.0,0.0,0.0
EBHHBTHFNH,690.0,1022618.0,8.3,,6.0,0.0,58349.0,187660.0,0.0,0.0
Y5D3FH79DG,738.0,2277036.0,29.2,24.0,16.0,0.0,421933.0,848188.0,0.0,0.0
0L53FUA6LF,,,19.5,6.0,19.0,0.0,261687.0,2104278.0,0.0,0.0
NUMLMVRCPE,606.0,2272761.0,21.5,31.0,12.0,5.0,112138.0,178596.0,0.0,0.0
LPTLVS6LGI,740.0,1736087.0,18.3,69.0,8.0,0.0,106400.0,147026.0,0.0,0.0
2DL1OEQ57O,704.0,1465223.0,31.6,,12.0,1.0,177783.0,278168.0,1.0,0.0
4S34K15F9O,691.0,1253525.0,31.0,42.0,14.0,0.0,520467.0,772618.0,0.0,0.0
Z73P6DK1TM,740.0,1617945.0,16.9,,8.0,0.0,404567.0,760452.0,0.0,0.0
ZVOBPPIYTL,746.0,2373860.0,20.6,,19.0,0.0,1234373.0,2570634.0,0.0,0.0
5KLZUM86ZR,734.0,803928.0,9.5,41.0,6.0,1.0,26828.0,157674.0,1.0,0.0
UGUG21YT5L,7320.0,1236615.0,14.0,4.0,17.0,0.0,296742.0,526196.0,0.0,0.0
0NKYJXDY39,,,17.5,,20.0,0.0,284601.0,504636.0,0.0,0.0
BVNU9M78EZ,738.0,1762364.0,14.4,,7.0,0.0,400596.0,477686.0,0.0,0.0
JHYFFJQOUL,,,17.9,64.0,4.0,0.0,317338.0,433818.0,0.0,0.0
1GFGPVQDT4,641.0,906661.0,10.5,,11.0,0.0,338276.0,419826.0,0.0,0.0
E3RTRQAJFJ,720.0,1259833.0,26.0,,10.0,1.0,180994.0,291060.0,1.0,0.0
KBKWQBDVT3,,,20.2,,12.0,0.0,230812.0,439560.0,0.0,0.0
D1GXMF9ZLB,715.0,1882026.0,14.5,28.0,26.0,0.0,297255.0,764830.0,0.0,0.0
Q811OIHOIR,,,,,,,,,,
S7ULLHA3XX,724.0,1124838.0,14.6,21.0,6.0,0.0,277875.0,343024.0,0.0,0.0
3W3LCQDWAG,733.0,679136.0,17.4,48.0,4.0,0.0,272498.0,443168.0,0.0,0.0
0EFE7BDBIH,,,,,,,,,,
41FLBLJJ3K,,,15.1,,14.0,0.0,93499.0,362120.0,0.0,0.0
4UBDQ3K6ZH,747.0,738815.0,13.7,,13.0,0.0,137921.0,643962.0,0.0,0.0
98RL1UDPH9,737.0,1219382.0,11.8,,14.0,0.0,237177.0,481800.0,0.0,0.0
6T79L5BVAN,706.0,953591.0,11.8,,11.0,0.0,16112.0,533324.0,0.0,0.0
2T7814M3VB,,,16.3,32.0,16.0,0.0,467438.0,686004.0,0.0,0.0
Y9UEP0AS7D,704.0,521303.0,18.0,,7.0,0.0,5757.0,370084.0,0.0,0.0
14GO9RSX1I,732.0,866039.0,23.5,44.0,21.0,0.0,264727.0,559372.0,0.0,0.0
7P4NJ9HY51,,,20.5,,12.0,0.0,334381.0,508750.0,0.0,0.0
TM8VVVUQ6W,611.0,3182519.0,20.7,40.0,47.0,0.0,1398932.0,3673032.0,0.0,0.0
1LD5QFO2Q1,707.0,787075.0,19.8,3.0,8.0,0.0,104367.0,164868.0,0.0,0.0
X01VWKSB5Y,745.0,2618238.0,26.6,,13.0,0.0,1310031.0,2851288.0,0.0,0.0
P12NNR5VYM,707.0,1083361.0,15.4,4.0,12.0,0.0,28386.0,172964.0,0.0,0.0
OWZXK532AR,,,20.0,13.0,6.0,0.0,150461.0,205700.0,0.0,0.0
VT558R3Z9A,679.0,955700.0,20.6,77.0,7.0,0.0,111302.0,234762.0,0.0,0.0
IPN5W53B8M,746.0,1543256.0,17.6,,13.0,1.0,211660.0,366344.0,1.0,0.0
FVUUA090IO,717.0,775428.0,31.4,9.0,15.0,0.0,568860.0,1120196.0,0.0,0.0
BLINX01YOS,740.0,677559.0,22.3,10.0,7.0,0.0,77824.0,327690.0,0.0,0.0
R2413SRA7R,739.0,2265636.0,15.3,,16.0,0.0,137313.0,883322.0,0.0,0.0
7D40GQEXAM,730.0,766308.0,8.3,42.0,11.0,0.0,57912.0,286572.0,0.0,0.0
B261D2ZB60,728.0,1112697.0,14.0,45.0,16.0,0.0,101517.0,833712.0,0.0,0.0
RR0LEW7F8N,,,12.0,,3.0,0.0,91998.0,123992.0,0.0,0.0
GCBN5STBJ6,674.0,1443278.0,17.1,,12.0,0.0,296495.0,591932.0,0.0,0.0
99RP33KAXS,675.0,522443.0,12.1,,7.0,0.0,105203.0,127556.0,0.0,0.0
PMFE7TECGM,725.0,575472.0,10.9,,7.0,0.0,271035.0,355410.0,0.0,0.0
C3Y625BAPH,7250.0,610546.0,11.1,52.0,9.0,0.0,108110.0,231814.0,0.0,0.0
UOBPZ9N96U,743.0,1002820.0,28.4,,20.0,0.0,695039.0,2204906.0,0.0,0.0
NSIPLGEE62,739.0,1341039.0,10.2,,10.0,0.0,252966.0,760782.0,0.0,0.0
S461V21MG1,740.0,371735.0,13.5,41.0,7.0,0.0,103569.0,156948.0,0.0,0.0
TPVJIGF90M,740.0,1236235.0,26.1,,15.0,0.0,139175.0,631994.0,0.0,0.0
L2E89YK26A,710.0,1668219.0,26.4,11.0,17.0,0.0,255474.0,1169234.0,0.0,0.0
A4QY3SSM9F,713.0,2331205.0,21.6,,12.0,0.0,1908474.0,2245760.0,0.0,0.0
XMGVLT3GVE,719.0,1706884.0,15.0,48.0,11.0,0.0,409450.0,1070212.0,0.0,0.0
0QSFE11TS4,742.0,1390838.0,24.3,10.0,10.0,0.0,46721.0,278894.0,0.0,0.0
X432ZLLEE1,746.0,1900760.0,22.9,10.0,13.0,0.0,625328.0,1442364.0,0.0,0.0
LDSEL8SIOM,728.0,467970.0,22.6,10.0,18.0,1.0,39558.0,289850.0,1.0,0.0
D9RXPQYC8C,743.0,903279.0,21.5,39.0,6.0,0.0,120023.0,251768.0,0.0,0.0
8H9C3M6RC2,6000.0,1273133.0,15.1,39.0,9.0,0.0,815537.0,4944016.0,0.0,0.0
Z0ANYY8U1K,747.0,2488430.0,45.6,,25.0,0.0,1105724.0,2870626.0,0.0,0.0
GK1ZLVCAQ7,743.0,874057.0,13.4,,8.0,1.0,74366.0,267388.0,1.0,0.0
EVC7UE5PA9,641.0,1682298.0,13.8,,9.0,0.0,253232.0,259710.0,0.0,0.0
M7Z4BIC1A6,704.0,954180.0,8.0,38.0,11.0,0.0,354122.0,921426.0,0.0,0.0
AMBLQZJVLS,,,,,,,,,,
3GDRJ6VV5Z,719.0,603763.0,15.5,,5.0,0.0,101954.0,118778.0,0.0,0.0
GCB5Y2UZV0,730.0,438463.0,18.2,,5.0,0.0,148732.0,184184.0,0.0,0.0
FBWJWYVPWQ,738.0,601255.0,19.3,,7.0,1.0,140733.0,325908.0,1.0,0.0
9OF1ZKJ8OP,673.0,1816324.0,14.7,7.0,14.0,0.0,306926.0,625680.0,0.0,0.0
7NYFW0EDZX,687.0,1226735.0,16.4,58.0,9.0,0.0,117705.0,218416.0,0.0,0.0
HW3N8XXU35,715.0,1156758.0,16.7,8.0,9.0,0.0,160170.0,288002.0,0.0,0.0
T4HVQLJ64U,712.0,1735479.0,24.1,,18.0,0.0,211223.0,679382.0,0.0,0.0
06HJQPIW45,709.0,668401.0,15.4,67.0,8.0,0.0,175807.0,343860.0,0.0,0.0
GEP9Q9MN9T,693.0,1154364.0,11.3,57.0,8.0,1.0,159695.0,209396.0,1.0,0.0
OF3E9GOO64,733.0,1005100.0,13.6,,6.0,0.0,60686.0,123068.0,0.0,0.0
1I3RB4U9ZW,721.0,2654148.0,19.0,35.0,4.0,0.0,270237.0,362164.0,0.0,0.0
IITRY4J21R,688.0,919847.0,8.7,68.0,9.0,0.0,112993.0,288178.0,0.0,0.0
2V8Q2WCU7S,705.0,716414.0,11.4,,6.0,0.0,230204.0,365618.0,0.0,0.0
0HKMVEWS26,748.0,1933630.0,24.6,42.0,8.0,0.0,2223.0,858242.0,0.0,0.0
800K9FHS6B,714.0,1451657.0,22.0,,12.0,0.0,154394.0,226292.0,0.0,0.0
BX38CBOOHG,686.0,3870680.0,16.3,72.0,20.0,0.0,805296.0,1025794.0,0.0,0.0
UR02I5LG86,725.0,1476927.0,18.0,5.0,7.0,0.0,226784.0,267674.0,0.0,0.0
SX94FE4DVQ,745.0,1069149.0,34.7,11.0,15.0,0.0,298490.0,493020.0,0.0,0.0
N3YB5XEL12,,,14.5,,9.0,0.0,86697.0,517462.0,0.0,0.0
DCR3WWDTIE,,,12.2,,6.0,0.0,129352.0,190080.0,0.0,0.0
FHPPNRM2N5,,,14.9,,7.0,0.0,1041010.0,1454002.0,0.0,0.0
DBVMPAYOCI,,,25.0,,13.0,0.0,634296.0,890230.0,0.0,0.0
O9C0JOIIAC,725.0,937175.0,11.4,38.0,24.0,1.0,58216.0,93368.0,1.0,0.0
PQ9HBW2K7A,718.0,2999264.0,13.0,61.0,11.0,3.0,243295.0,527538.0,1.0,1.0
K9M2SZZNBP,741.0,666273.0,16.0,,21.0,0.0,224276.0,551386.0,0.0,0.0
HUS8P86NBY,730.0,1175169.0,16.2,31.0,13.0,1.0,221977.0,384186.0,1.0,0.0
G67DVKMF6O,716.0,1276439.0,36.6,,11.0,0.0,550468.0,877954.0,0.0,0.0
EK40THCE0C,622.0,2336316.0,24.0,39.0,12.0,0.0,416461.0,577522.0,0.0,0.0
VI1G28OOF3,653.0,893665.0,11.1,42.0,8.0,0.0,141398.0,180312.0,0.0,0.0
G6CCSDPKA7,679.0,2042880.0,13.7,21.0,10.0,0.0,268451.0,374044.0,0.0,0.0
0L159T7I83,735.0,1062556.0,13.3,34.0,6.0,0.0,53751.0,363924.0,0.0,0.0
PFQLLGLEJS,726.0,426778.0,36.4,23.0,4.0,0.0,123975.0,204490.0,0.0,0.0
RHC8WCGLQY,684.0,1075438.0,18.5,,18.0,0.0,503557.0,1019370.0,0.0,0.0
PWZFKL15U6,728.0,442111.0,25.7,37.0,11.0,0.0,206245.0,440594.0,0.0,0.0
C16R0H4JZK,716.0,2082894.0,15.5,34.0,17.0,0.0,523469.0,1023858.0,0.0,0.0
76CZ3EZVVI,740.0,656488.0,9.0,,14.0,0.0,43491.0,329186.0,0.0,0.0
6SRAWS0WOI,746.0,1415595.0,23.0,,10.0,0.0,140068.0,1142152.0,0.0,0.0
XEWXCT6ME3,716.0,1213264.0,16.1,,21.0,0.0,233206.0,406054.0,0.0,0.0
5LBDNFHSJZ,739.0,2702028.0,22.8,3.0,12.0,0.0,546877.0,708312.0,0.0,0.0
ZEFOSRF8X4,,,18.2,,12.0,0.0,324254.0,712404.0,0.0,0.0
8SMO8KNEPN,709.0,761520.0,12.8,,15.0,2.0,272365.0,449878.0,0.0,1.0
G7AP3TNC76,730.0,1435887.0,30.5,38.0,22.0,0.0,983972.0,1873916.0,0.0,0.0
XARSEJD3F4,722.0,853119.0,31.7,,15.0,0.0,415549.0,685432.0,0.0,0.0
VO8595XLX3,750.0,1027444.0,12.9,,5.0,0.0,44175.0,269236.0,0.0,0.0
CF8RTCHGTE,745.0,1325611.0,23.0,35.0,16.0,0.0,259863.0,515218.0,0.0,0.0
LUV49CHVK0,746.0,451668.0,14.8,,9.0,0.0,39330.0,421696.0,0.0,0.0
U338B85IGO,723.0,1781364.0,12.0,72.0,15.0,1.0,385187.0,946946.0,1.0,0.0
PQ04TBMG11,701.0,1920900.0,15.6,18.0,13.0,0.0,1706903.0,2295502.0,0.0,0.0
49OBITUSVA,724.0,953990.0,16.8,,10.0,0.0,522956.0,681142.0,0.0,0.0
ZA85FAO4OU,739.0,1731223.0,15.0,,4.0,0.0,657039.0,1488806.0,0.0,0.0
O39I08ZPZY,722.0,1549944.0,16.2,43.0,12.0,0.0,563502.0,785158.0,0.0,0.0
8BR4HREWNT,738.0,1516960.0,15.0,,9.0,0.0,1471968.0,2547644.0,0.0,0.0
FK0FL8OYPC,,,14.6,,9.0,0.0,454366.0,658460.0,0.0,0.0
X0L2IKY4KM,721.0,1358557.0,12.0,23.0,10.0,0.0,212230.0,482812.0,0.0,0.0
Z8YMOC76RF,721.0,2103414.0,14.7,,11.0,0.0,385529.0,1539274.0,0.0,0.0
S85X0DXMA1,739.0,2646966.0,26.9,39.0,12.0,0.0,279167.0,457864.0,0.0,0.0
9QUCOGH6X6,692.0,1208609.0,17.6,,17.0,0.0,487008.0,860926.0,0.0,0.0
3BXXP4QA7L,697.0,1075419.0,13.5,43.0,6.0,0.0,72333.0,120164.0,0.0,0.0
OG51U7DDJH,700.0,1668105.0,17.8,,13.0,0.0,838128.0,1184942.0,0.0,0.0
BFSN6YFNYQ,,,12.4,,14.0,0.0,263492.0,562914.0,0.0,0.0
2CB3UHKEEI,742.0,972040.0,24.5,,9.0,0.0,630534.0,1045990.0,0.0,0.0
UAOFYB74Y0,750.0,4153894.0,24.3,,14.0,0.0,1589464.0,4767950.0,0.0,0.0
JF2TMQQT61,720.0,452580.0,9.1,,6.0,0.0,17214.0,32736.0,0.0,0.0
FDYDB2WDYO,742.0,1437255.0,14.7,,19.0,0.0,270826.0,463870.0,0.0,0.0
72QA21VPPI,,,14.1,,15.0,1.0,404643.0,632302.0,0.0,1.0
Y881PAGTPP,718.0,1402200.0,14.4,11.0,9.0,0.0,92872.0,212102.0,0.0,0.0
UHFPN8ZQKQ,,,19.1,,9.0,0.0,24073.0,506836.0,0.0,0.0
MA4U3HJAJ1,,,12.8,,9.0,0.0,223611.0,317284.0,0.0,0.0
S1F8SU2ZC1,7100.0,980400.0,16.5,67.0,8.0,0.0,108205.0,262636.0,0.0,0.0
ZQVPCISIAR,728.0,2416800.0,20.5,18.0,12.0,0.0,310441.0,510576.0,0.0,0.0
AKRGYPXD3D,742.0,856463.0,16.4,7.0,6.0,0.0,73036.0,650430.0,0.0,0.0
4MKA35IK4T,692.0,1919209.0,15.3,,9.0,0.0,359879.0,680878.0,0.0,0.0
6X74I9FS4Q,611.0,1320424.0,19.6,16.0,17.0,1.0,142120.0,587708.0,0.0,0.0
SRGO2F01HG,724.0,1140228.0,19.5,14.0,10.0,0.0,172349.0,393624.0,0.0,0.0
G1ACG6QDF6,668.0,978025.0,23.1,30.0,10.0,0.0,232066.0,501336.0,0.0,0.0
AHVRBMHBNB,,,30.2,33.0,7.0,0.0,194066.0,315172.0,0.0,0.0
NLSGTNJYTI,740.0,583452.0,14.6,,16.0,0.0,273410.0,1394624.0,0.0,0.0
IDZ7BBC7V3,,,30.9,10.0,12.0,0.0,264005.0,336666.0,0.0,0.0
S0M07P622I,673.0,697946.0,15.2,38.0,11.0,0.0,184794.0,413094.0,0.0,0.0
8FOXQPDTKT,744.0,1299334.0,16.1,64.0,21.0,0.0,126559.0,970508.0,0.0,0.0
L9SJETF1TI,711.0,1037077.0,15.4,19.0,9.0,0.0,94563.0,233464.0,0.0,0.0
IBVUCSQF1I,741.0,1156872.0,19.0,81.0,19.0,0.0,628311.0,981816.0,0.0,0.0
GXCRLA0LDM,,,22.2,10.0,10.0,0.0,2611835.0,3484140.0,0.0,0.0
UI0H586EZK,723.0,1403055.0,16.2,,12.0,0.0,100491.0,215908.0,0.0,0.0
XCIGVJAO3C,722.0,2488525.0,13.7,44.0,10.0,0.0,226898.0,356972.0,0.0,0.0
M2HTW8VPHM,722.0,1043442.0,23.2,78.0,10.0,0.0,40166.0,134024.0,0.0,0.0
0TDZ32R2IH,649.0,1592979.0,15.9,33.0,7.0,0.0,112309.0,206096.0,0.0,0.0
724TLNLN28,641.0,1698752.0,15.4,37.0,14.0,0.0,702506.0,1442254.0,0.0,0.0
1PMW88V9N0,,,8.9,,6.0,0.0,177631.0,221144.0,0.0,0.0
W9WCZUT2DD,7360.0,1166809.0,11.4,,18.0,0.0,409830.0,1083434.0,0.0,0.0
4VQNON5H4P,,,,,,,,,,
D5VQRPYOQ9,7260.0,1252670.0,8.0,,13.0,0.0,80047.0,223366.0,0.0,0.0
R2AC2OINSV,,,15.6,,13.0,0.0,12578.0,393426.0,0.0,0.0
4W35FTPFTB,698.0,837824.0,7.3,,19.0,0.0,225378.0,405218.0,0.0,0.0
A2B2EIPAB1,735.0,913729.0,21.1,48.0,8.0,0.0,204896.0,359480.0,0.0,0.0
ZRLMVF370K,683.0,1410180.0,16.0,28.0,11.0,0.0,121771.0,352484.0,0.0,0.0
H5QZXLSO7R,676.0,1265381.0,24.7,27.0,9.0,0.0,254581.0,295350.0,0.0,0.0
J28RPFKYCA,683.0,733742.0,30.5,,15.0,0.0,532760.0,651420.0,0.0,0.0
BOBD4ZG8IN,702.0,924502.0,15.8,44.0,10.0,0.0,313994.0,381502.0,0.0,0.0
IUUOTXR9HI,734.0,1348164.0,16.8,,15.0,0.0,676267.0,1215918.0,0.0,0.0
NQ76X5ZPCF,735.0,954560.0,17.1,35.0,6.0,4.0,44688.0,156816.0,0.0,3.0
FOL8JZCS7A,,,26.1,25.0,6.0,0.0,145540.0,504548.0,0.0,0.0
R9PBDJ8BMF,692.0,761900.0,7.4,,7.0,0.0,91295.0,132308.0,0.0,0.0
O640PI5M1S,,,22.2,3.0,9.0,0.0,119130.0,234982.0,0.0,0.0
JV7MGSN5YM,697.0,2614761.0,21.7,47.0,9.0,0.0,509808.0,676962.0,0.0,0.0
H7E20I4ABD,,,15.1,,6.0,0.0,112765.0,162008.0,0.0,0.0
4HQYLV55OL,678.0,3341967.0,17.0,,11.0,0.0,997557.0,1580128.0,0.0,0.0
M1SA5IJDAJ,695.0,1201446.0,13.4,80.0,9.0,1.0,151753.0,196988.0,1.0,0.0
N55D2T1W0Y,747.0,922678.0,17.7,,6.0,0.0,212211.0,347050.0,0.0,0.0
5CUSCRUCE6,,,19.5,16.0,10.0,0.0,257925.0,449768.0,0.0,0.0
RIW7W79Z0M,683.0,1897549.0,10.5,,9.0,0.0,599412.0,745514.0,0.0,0.0
AVGKCNZBGE,724.0,952755.0,39.2,,13.0,0.0,229596.0,436524.0,0.0,0.0
NT460734YZ,725.0,1344497.0,8.7,,6.0,1.0,80389.0,300234.0,0.0,1.0
TJ6DAPKRKP,730.0,1157556.0,28.4,32.0,17.0,0.0,179797.0,473132.0,0.0,0.0
X0R9KHL5N2,749.0,685501.0,22.7,,9.0,0.0,4275.0,620114.0,0.0,0.0
19DTVYHBQX,693.0,1654748.0,7.6,68.0,15.0,0.0,104956.0,636306.0,0.0,0.0
NMKBMQA879,726.0,894672.0,18.5,,16.0,0.0,369132.0,743314.0,0.0,0.0
YAPCCD5HZS,741.0,973370.0,15.5,19.0,14.0,0.0,579500.0,1018204.0,0.0,0.0
54LVCHKZEK,,,23.0,70.0,15.0,0.0,431167.0,813098.0,0.0,0.0
5QX5L4SUKG,732.0,1503109.0,12.2,,15.0,0.0,447431.0,938542.0,0.0,0.0
QE8DLU99WJ,690.0,834480.0,15.1,26.0,6.0,0.0,343577.0,420970.0,0.0,0.0
KY1N1JQOXG,,,34.6,23.0,10.0,0.0,388151.0,1255408.0,0.0,0.0
BOTCOP8WXO,713.0,744496.0,14.3,22.0,11.0,0.0,150195.0,180994.0,0.0,0.0
SJ7L88WQ03,706.0,7495880.0,18.9,37.0,15.0,0.0,379316.0,991430.0,0.0,0.0
4OAWXZQK0X,739.0,1525776.0,19.2,,9.0,1.0,415017.0,733634.0,1.0,0.0
7JCQUOUXOS,744.0,957505.0,10.0,,10.0,0.0,159790.0,416702.0,0.0,0.0
T09I21JJCM,721.0,679421.0,27.6,,12.0,0.0,416062.0,585376.0,0.0,0.0
2VL8LXSLCJ,715.0,568062.0,10.9,,11.0,0.0,172843.0,256586.0,0.0,0.0
Z0G9K2YF3F,728.0,1484375.0,19.9,2.0,15.0,2.0,98952.0,442398.0,0.0,2.0
JO2QH36DJO,727.0,850687.0,31.0,61.0,8.0,1.0,68286.0,120890.0,1.0,0.0
LHJAZ5Q0NJ,734.0,1358329.0,16.9,,8.0,0.0,283271.0,373164.0,0.0,0.0
IO9OQQ59W8,604.0,1303134.0,17.2,6.0,11.0,0.0,135337.0,404954.0,0.0,0.0
VXG101V4S4,743.0,772065.0,26.6,,5.0,0.0,236474.0,392282.0,0.0,0.0
KYRZH2BNVT,742.0,1368551.0,13.0,,10.0,1.0,52573.0,204248.0,1.0,0.0
M691Z79MA9,,,18.5,56.0,10.0,0.0,193439.0,294316.0,0.0,0.0
P23UM16AVF,,,17.6,,12.0,0.0,519783.0,801394.0,0.0,0.0
8MR7Z7V35G,746.0,1160444.0,31.2,25.0,9.0,0.0,96330.0,290444.0,0.0,0.0
AK3CWN5MKA,733.0,961305.0,31.8,7.0,12.0,0.0,124659.0,267300.0,0.0,0.0
6YMQJZG6D7,658.0,704406.0,12.5,,9.0,0.0,46892.0,135740.0,0.0,0.0
5ICPS1ON8W,668.0,4150702.0,26.2,50.0,15.0,0.0,498066.0,826232.0,0.0,0.0
Z8YGCIZKRM,716.0,1045285.0,23.0,24.0,7.0,0.0,115558.0,157432.0,0.0,0.0
BNN2KVYIEX,675.0,1905567.0,15.8,79.0,26.0,0.0,386916.0,1374230.0,0.0,0.0
CQGXUCAFZU,721.0,1152160.0,11.8,,8.0,0.0,225967.0,415316.0,0.0,0.0
9JLB8J2583,711.0,4284082.0,19.1,1.0,23.0,0.0,559721.0,2083884.0,0.0,0.0
6LO9E9YYFV,729.0,981768.0,20.4,11.0,6.0,0.0,150043.0,207570.0,0.0,0.0
QOPWOGRON0,747.0,843125.0,15.6,,7.0,0.0,549328.0,1041040.0,0.0,0.0
THYIBO7T4Q,,,20.1,,8.0,0.0,204174.0,547228.0,0.0,0.0
2PZD0WGKKC,741.0,597075.0,8.7,,12.0,0.0,82403.0,124872.0,0.0,0.0
MHUHMK0QKL,,,28.6,34.0,11.0,0.0,383648.0,479204.0,0.0,0.0
9BWKOGQALD,,,17.0,27.0,8.0,0.0,46341.0,602844.0,0.0,0.0
XHPVLRUU4W,678.0,2144796.0,20.9,,13.0,0.0,542127.0,697488.0,0.0,0.0
4JN327IL0S,733.0,639787.0,33.5,,8.0,0.0,342741.0,546634.0,0.0,0.0
RTKIIESLXQ,706.0,2529090.0,11.9,19.0,32.0,0.0,430787.0,622732.0,0.0,0.0
GK03IL6BRJ,750.0,634410.0,21.4,,6.0,0.0,217151.0,846604.0,0.0,0.0
2TIP28HMAA,657.0,2631576.0,15.2,32.0,12.0,0.0,2149147.0,4541042.0,0.0,0.0
C9S7VKW8HW,745.0,2914562.0,14.5,,16.0,0.0,4091042.0,8153200.0,0.0,0.0
ER5NE8OK6A,601.0,2228662.0,37.2,27.0,24.0,0.0,1528474.0,2618066.0,0.0,0.0
6IDZ09BXZ1,721.0,1250200.0,26.9,30.0,5.0,1.0,164711.0,289410.0,0.0,0.0
7PO3DT7QLO,703.0,2960447.0,18.5,3.0,14.0,0.0,756789.0,1041964.0,0.0,0.0
JBZ9LPGGYK,732.0,989748.0,15.2,,11.0,0.0,192356.0,524040.0,0.0,0.0
6KA6QBC9PJ,687.0,761140.0,7.5,29.0,8.0,0.0,64258.0,171842.0,0.0,0.0
IEDLK0HO2W,664.0,1414569.0,32.0,32.0,25.0,0.0,736421.0,1000824.0,0.0,0.0
QG6NI3CIC1,744.0,861992.0,25.1,,7.0,0.0,394155.0,743314.0,0.0,0.0
4DFTPQ5O1N,747.0,1697346.0,20.6,21.0,14.0,0.0,212819.0,606980.0,0.0,0.0
FH28T5V59J,,,16.8,,13.0,0.0,283955.0,639672.0,0.0,0.0
1MI3WALU4H,741.0,1420155.0,14.0,,8.0,0.0,257203.0,376992.0,0.0,0.0
V5R3C6MRZB,717.0,690156.0,15.7,,11.0,0.0,211394.0,259842.0,0.0,0.0
FV4550ZDRB,709.0,1315123.0,17.0,,12.0,0.0,58083.0,129822.0,0.0,0.0
LK31Q3MIX8,733.0,1371458.0,11.9,44.0,10.0,0.0,32794.0,165132.0,0.0,0.0
TI1UTHGDSI,676.0,2047155.0,18.5,,11.0,0.0,432117.0,575124.0,0.0,0.0
Q2S6HY5S71,,,24.5,,14.0,0.0,237633.0,517198.0,0.0,0.0
AX8LFN77ZP,664.0,925680.0,15.9,34.0,8.0,0.0,340936.0,670230.0,0.0,0.0
CNJL1LI7HF,,,14.9,3.0,7.0,0.0,62947.0,433840.0,0.0,0.0
LR7JR2SDOK,695.0,1518632.0,14.2,21.0,7.0,2.0,33478.0,59378.0,0.0,1.0
SNPSADDFMM,743.0,1344098.0,39.4,31.0,3.0,0.0,257469.0,406714.0,0.0,0.0
Q5A8Q3G5CQ,6940.0,797449.0,18.4,,12.0,0.0,292619.0,435512.0,0.0,0.0
U8NKGGU3W6,650.0,913957.0,12.5,9.0,9.0,0.0,76057.0,533698.0,0.0,0.0
DUMXFVQMRJ,671.0,538992.0,8.6,,6.0,0.0,143146.0,225522.0,0.0,0.0
5XF8QUTMJZ,740.0,3404477.0,20.3,,10.0,0.0,892601.0,1192070.0,0.0,0.0
D26AS7SHKW,,,22.4,21.0,5.0,0.0,236417.0,869022.0,0.0,0.0
41PHZ0VUN1,731.0,4275171.0,18.5,,12.0,0.0,4882791.0,12563892.0,0.0,0.0
WETVXSZWJJ,,,19.4,11.0,25.0,0.0,1706523.0,22454278.0,0.0,0.0
XDZ03BA4Y3,729.0,864918.0,16.0,19.0,13.0,0.0,552444.0,888448.0,0.0,0.0
HK22HKPGYB,626.0,946865.0,19.0,,13.0,0.0,275253.0,421036.0,0.0,0.0
K9Q1C2FU1N,735.0,1320158.0,13.0,11.0,21.0,0.0,414504.0,639936.0,0.0,0.0
L847P1JUAO,,,9.5,41.0,10.0,0.0,104595.0,257664.0,0.0,0.0
VFE80TJ3T4,,,15.8,,8.0,0.0,205523.0,379522.0,0.0,0.0
DV156II213,,,18.7,24.0,17.0,0.0,268945.0,737946.0,0.0,0.0
IOG5MDM4UN,670.0,1159000.0,14.5,81.0,23.0,0.0,352963.0,768218.0,0.0,0.0
5A7DS6DQWI,745.0,1163484.0,23.0,,9.0,0.0,148200.0,562650.0,0.0,0.0
ZLDV8P9MO7,737.0,469186.0,16.3,,15.0,0.0,461548.0,777920.0,0.0,0.0
N6YGFFC9MY,732.0,1363345.0,17.4,,12.0,0.0,583300.0,902946.0,0.0,0.0
U7A6EV1XHA,710.0,465994.0,15.6,,8.0,0.0,74594.0,179586.0,0.0,0.0
LUQ49Z9RLR,713.0,2353625.0,17.3,,17.0,0.0,554230.0,930050.0,0.0,0.0
F6I90813HZ,,,16.0,51.0,8.0,0.0,557479.0,657338.0,0.0,0.0
UD73APY2CT,730.0,394250.0,10.2,,4.0,0.0,146015.0,215116.0,0.0,0.0
8N8AX5RH8B,725.0,1345561.0,19.4,,6.0,0.0,653866.0,843106.0,0.0,0.0
YKPQO1RIRC,735.0,527060.0,12.8,38.0,6.0,0.0,237139.0,352924.0,0.0,0.0
