Customer_id,Full_Name,Customer_Email,dob,Customer_Phone
V0H084B3FA,Mahika Gill,mahika.gill@gmail.com,1993-06-23,785877743.0
7SI1YKSDMB,Elakshi Gour,elakshi.gour@outlook.com,1981-06-14,9638371516.0
H0L4L7VHXT,Tanya Srinivasan,tanyasrinivasan@yahoo.com,2003-03-22,559420656.0
6I324KGK08,Kashvi Saraf,kashvisaraf@yahoo.com,2001-06-27,4985572504.0
WKJ0VXQFIY,Piya Ram,piyaram@hotmail.com,1994-03-31,5549849574.0
HT4P3N5R38,Aniruddh Kothari,aniruddhkothari@hotmail.com,1994-04-20,8609260186.0
Y4EHCD6U3G,Riya Gala,riya.gala@hotmail.com,1989-08-10,6947567136.0
KTYHYNJG3Q,Tarini Sabharwal,tarini.sabharwal@yahoo.com,1973-12-03,7701533431.0
2N2119NGLF,Shanaya Sampath,shanaya_sampath@gmail.com,1988-10-29,4587205438.0
CT2JZ4HB0I,Hunar Ganesan,hunar_ganesan@gmail.com,1975-11-15,2639082834.0
HF5N5ZWXFL,Anaya Raval,anaya.raval@gmail.com,1978-02-08,1631824049.0
4WMWWD3L7C,Hunar Bhat,hunar_bhat@outlook.com,1999-01-17,4495192598.0
RIPWSYBXN8,Mehul Rege,mehul.rege@gmail.com,1981-02-25,9384883971.0
9GXGVJOUV1,Shanaya Bhavsar,shanayabhavsar@gmail.com,1997-07-19,8437052858.0
WOT5TC8J5V,Renee Mander,reneemander@yahoo.com,2004-06-13,958564312.0
U38Z486TPA,Faiyaz Anand,faiyaz.anand@hotmail.com,1985-02-21,2501299169.0
PYTD6L08D9,Lakshit Solanki,lakshitsolanki@yahoo.com,1971-12-05,2320260635.0
YDS5XC3E0C,Mohanlal Goyal,mohanlalgoyal@hotmail.com,1995-10-23,1396783988.0
AB4ANZ6G75,Vardaniya Contractor,vardaniya.contractor@hotmail.com,1968-07-27,1157033491.0
AWVATWP59G,Shayak Krishna,shayak_krishna@yahoo.com,1983-07-11,1531277808.0
KXGA8SKWE8,Divyansh Gole,divyansh.gole@hotmail.com,1977-01-31,1978597465.0
OQ9B2EXIDK,Divyansh Bansal,divyansh.bansal@hotmail.com,1971-12-15,5329689330.0
TEJYJOBYU0,Devansh Chandra,devansh_chandra@gmail.com,1983-01-08,1689376837.0
UDO9383QJE,Jhanvi Dada,jhanvi_dada@yahoo.com,1995-12-06,5344324005.0
3OLCZ44QRO,Amani Bhalla,amanibhalla@hotmail.com,2002-09-05,5521983723.0
SQFIGG8YCD,Bhavin Iyengar,bhavin.iyengar@gmail.com,1994-03-05,9088617007.0
I21IUMPDF1,Hansh Bora,hansh.bora@yahoo.com,1997-08-29,3273037537.0
KSTCDNRYGF,Keya Cheema,keya.cheema@outlook.com,2003-08-28,8573165055.0
9O7IBO2QF1,Adah Kala,adah_kala@hotmail.com,1991-06-15,7915523498.0
EK7ID36HSW,Kiara Desai,kiaradesai@hotmail.com,1973-02-21,8315580574.0
A3V6947CM2,Mehul Tiwari,mehul.tiwari@gmail.com,1990-12-07,678598830.0
JUMVL6CNGJ,Lakshay Garg,lakshay.garg@hotmail.com,1971-10-22,3062186262.0
JTJGYY3G1V,Ishaan Saini,ishaan.saini@outlook.com,1981-07-15,6434847137.0
SWIQKJBXG3,Jayesh Acharya,jayesh_acharya@gmail.com,2002-06-26,1463436718.0
3O4E8R56ZY,Anay Kant,anay_kant@hotmail.com,1995-12-13,6750592250.0
62KEF2L6A7,Dhanush Hans,dhanush.hans@outlook.com,1985-01-30,2307078648.0
70I2OKRKVT,Lakshay Grewal,lakshay_grewal@hotmail.com,1974-05-13,5067398352.0
3G9BQWXW9T,Mohanlal Kala,mohanlal_kala@yahoo.com,1993-09-03,6001281746.0
EBADE46TWC,Vanya Master,vanya.master@outlook.com,1993-07-06,5072190000.0
BFMG80UXBU,Romil Vala,romil_vala@yahoo.com,1997-01-05,6761604421.0
5JKCGF3355,Anya Agate,anyaagate@yahoo.com,1986-04-28,9482302949.0
NGWTZJBA6L,Vedika Chandran,vedikachandran@yahoo.com,1972-07-15,9112455833.0
0SG7NNSF4X,Tejas Varma,tejas.varma@hotmail.com,2001-09-23,2615595802.0
2PWD36CYIN,Mishti Jaggi,mishtijaggi@outlook.com,2001-06-26,7012706055.0
UOG3N8126X,Emir Kant,emirkant@hotmail.com,1976-12-11,533744330.0
HIJ689V14I,Manjari Walia,manjari.walia@hotmail.com,1970-06-23,8066888646.0
TL34PNHBMJ,Indranil Srinivasan,indranilsrinivasan@hotmail.com,1971-02-08,9529414087.0
WUQ9TQNUUY,Heer Talwar,heer_talwar@yahoo.com,2002-02-26,7851659806.0
IUM9BQSTDG,Riya Sundaram,riyasundaram@gmail.com,1995-02-10,7157596771.0
TW6CKHYU0D,Kartik Dixit,kartik.dixit@hotmail.com,1999-09-01,9154878577.0
SCWTGMGSVA,Mahika Babu,mahika.babu@hotmail.com,1981-09-30,6792491878.0
NPEC809HZL,Raghav Chada,raghav_chada@yahoo.com,1996-04-06,7469443810.0
F2TJTJKFR4,Nakul Dalal,nakul_dalal@hotmail.com,1987-06-27,1521123834.0
BRNQAB0WL7,Rohan Boase,rohan_boase@outlook.com,2004-01-31,8633455246.0
QORGNB0CZO,Prisha Chokshi,prisha_chokshi@hotmail.com,2002-10-03,4274946265.0
0V5T0VU6A2,Aarav Keer,aaravkeer@hotmail.com,1979-12-21,6122677444.0
VOTBDILZFU,Madhav Raj,madhav_raj@gmail.com,1991-03-10,3200036246.0
R3UCAFEO7N,Shalv Aurora,shalvaurora@gmail.com,1996-02-27,9612671632.0
HCV210D3CL,Dhruv Anne,dhruv_anne@hotmail.com,1990-11-20,5936431593.0
5ZKGM5HIK7,Madhav Shenoy,madhav.shenoy@yahoo.com,1972-01-12,5426804620.0
N47CIMKPD5,Raghav Trivedi,raghavtrivedi@gmail.com,2002-04-08,6921932320.0
AXIA5FUDN7,Seher Sethi,seher_sethi@yahoo.com,1994-01-23,1798194700.0
F8UQENH1M4,Navya Chandra,navyachandra@gmail.com,1987-01-03,6959812537.0
NL1S07K2NJ,Navya Banerjee,navyabanerjee@yahoo.com,1972-12-10,3033055779.0
OY20GP1F66,Alia Chowdhury,alia_chowdhury@yahoo.com,1993-11-21,1335299364.0
CAMVCR4J4H,Samarth Gulati,samarthgulati@gmail.com,1968-12-29,4636686318.0
E2RCNHV08D,Shamik Sagar,shamik_sagar@gmail.com,1982-07-06,4402029231.0
BOPR06U2YW,Prerak Saxena,preraksaxena@yahoo.com,2002-07-26,6919786742.0
WNXSJ8WGG8,Tejas Goyal,tejasgoyal@yahoo.com,1974-10-20,308955676.0
HADEDX2DAZ,Drishya Salvi,drishya.salvi@gmail.com,1999-02-01,5529006175.0
YE3VPVKI6T,Rasha Golla,rasha.golla@gmail.com,1997-08-22,1308330958.0
SMVXI9QX8H,Vanya Bhakta,vanyabhakta@yahoo.com,1966-05-31,3997730724.0
BABOKTBKF1,Mohanlal Ahluwalia,mohanlal.ahluwalia@gmail.com,1990-07-16,8232881893.0
AWE37OBW73,Indrajit Shan,indrajitshan@hotmail.com,1975-07-29,5214317063.0
SMY91MBBFD,Umang Grover,umang_grover@yahoo.com,1993-07-30,907487623.0
4OHK8VL31F,Adira Bala,adirabala@yahoo.com,1987-03-23,5941189163.0
U1REUT2HBJ,Neelofar Mahajan,neelofar_mahajan@hotmail.com,2003-06-02,1176804482.0
V4K7AWCQJB,Yasmin Joshi,yasmin_joshi@outlook.com,2004-07-27,100526854.0
SKFFAD2TG0,Ritvik Venkataraman,ritvik_venkataraman@yahoo.com,1978-01-18,6400185477.0
4JHV0RV581,Adah Sarraf,adah_sarraf@gmail.com,1988-09-12,481092457.0
R87V2BKQPX,Shalv Bhardwaj,shalvbhardwaj@hotmail.com,1966-09-29,4030243924.0
31I7MOSWJU,Manikya Sagar,manikyasagar@outlook.com,1991-12-02,1578655.0
Z4YCX0RKNB,Heer Ghose,heerghose@hotmail.com,1997-12-17,2235002395.0
TSMTPQUYMC,Jayesh Khurana,jayeshkhurana@yahoo.com,1972-10-05,1848374865.0
ZSX2DC9QXQ,Riaan Das,riaandas@gmail.com,1976-01-22,4412160495.0
AWGZ5BZIOG,Dhanuk Baral,dhanuk.baral@yahoo.com,1999-08-03,6090315840.0
QXHNGF19ZW,Mehul Biswas,mehul.biswas@hotmail.com,1967-12-20,167217586.0
R89VF4TCKT,Alia Raman,alia_raman@gmail.com,1980-10-15,9720853392.0
PMT95VMMWQ,Parinaaz Sagar,parinaaz.sagar@gmail.com,1988-04-02,863887791.0
BXEK9Z59C0,Divij Sama,divij.sama@hotmail.com,1991-11-10,8273257191.0
2PEEODDR4W,Fateh Ahuja,fateh.ahuja@yahoo.com,1991-04-20,5469315276.0
ELGWPKREDA,Nirvaan D’Alia,nirvaan_d’alia@gmail.com,1984-11-06,89081188.0
9R9B9FCHSI,Ivana Roy,ivana_roy@hotmail.com,2001-01-30,6364306327.0
DXDQH4HDSL,Tiya Batra,tiya_batra@outlook.com,1978-01-18,8010158908.0
F8LNNH9OYW,Renee Barman,renee_barman@hotmail.com,2002-02-15,7003360511.0
MYL46YQU4J,Shamik Khosla,shamik_khosla@outlook.com,1977-09-12,3324310484.0
OBB8UZBQIB,Rohan Grover,rohan_grover@hotmail.com,1986-10-05,258826424.0
HWFOB4YTSO,Shamik Rajagopalan,shamik_rajagopalan@gmail.com,1992-07-29,4361849620.0
TS4BRGN1WM,Pranay Raval,pranayraval@hotmail.com,1973-10-05,593756900.0
9GL7EU704W,Hrishita Bains,hrishita_bains@gmail.com,1978-09-01,2329857957.0
NAW05TMETP,Anya Sastry,anya_sastry@yahoo.com,1968-08-11,7171936081.0
RJK5F7XAFL,Yakshit Bassi,yakshit_bassi@yahoo.com,1993-10-15,4081798774.0
MKFN5L089M,Sumer Rajan,sumer_rajan@outlook.com,1993-04-28,6306990650.0
3K471GEE76,Hrishita Goda,hrishita_goda@outlook.com,1987-04-22,9739926798.0
42WLLJOLVZ,Shanaya Manda,shanaya_manda@hotmail.com,1981-09-01,6672046018.0
TF537LO3MF,Ahana  Kibe,ahana.kibe@yahoo.com,1981-04-15,7720975516.0
POKX7MVPH4,Aayush Hegde,aayush_hegde@outlook.com,1984-06-07,193172624.0
4D2LLAUH3P,Tiya Virk,tiya_virk@hotmail.com,2000-01-08,5245398265.0
DFLFN60ZC1,Riaan Chanda,riaan.chanda@hotmail.com,1991-06-25,8739805570.0
G8QCH6IJ9F,Riaan Sengupta,riaan_sengupta@hotmail.com,1996-08-01,9384983028.0
UPUC2MB2FX,Kartik Shenoy,kartik_shenoy@gmail.com,1979-04-24,4634251230.0
UWOVBFJEO7,Prerak Sinha,preraksinha@outlook.com,1993-02-28,4269239593.0
XI89GG8YN3,Shray Kannan,shray_kannan@hotmail.com,1998-12-18,813729669.0
OXRR40ARJN,Emir Dasgupta,emir.dasgupta@outlook.com,1995-08-21,8783717301.0
2FE7XSS98K,Rohan Vaidya,rohan_vaidya@outlook.com,1990-04-20,1029880370.0
O5ELLUQUJC,Darshit Raju,darshit.raju@outlook.com,1967-12-28,2787054071.0
QDNTF4Y1WX,Indranil Lad,indranil.lad@yahoo.com,1978-02-11,2162255864.0
A6G3TKLJWA,Jiya Chander,jiya_chander@yahoo.com,1988-08-06,6116299484.0
8OUHV65MHN,Abram Tara,abram_tara@yahoo.com,1987-08-17,5008329543.0
IWZ1Z3F2E9,Nakul Dubey,nakul_dubey@hotmail.com,1985-03-14,3851808084.0
QFP3J31AWU,Sumer Suresh,sumer_suresh@yahoo.com,1972-04-12,9138527337.0
36R638H1C6,Shalv Tank,shalvtank@hotmail.com,1993-02-06,9077700625.0
LUJ6U4H4XN,Sana Loke,sana.loke@gmail.com,1990-04-14,1448247616.0
PLBBR50ZMU,Dishani Bhalla,dishani.bhalla@outlook.com,1967-06-27,6351948963.0
8LP7C3RVF0,Baiju Sachar,baiju.sachar@outlook.com,1972-06-01,5368984018.0
9O1SIK65M8,Gatik Khare,gatik.khare@gmail.com,1976-11-20,2941981020.0
W113LS3Q5K,Armaan Hayer,armaanhayer@outlook.com,1994-12-21,5002940191.0
VQ3RGOEI5Z,Rati Dada,ratidada@hotmail.com,2002-09-04,133917821.0
WM28KQHYTV,Prerak Bansal,prerak_bansal@gmail.com,2001-08-24,76064996.0
O7EOMJI1D5,Zara Sur,zara.sur@outlook.com,1978-09-07,4980453897.0
W01DNYIOMP,Eva Doshi,evadoshi@yahoo.com,1981-05-06,3529316146.0
Q1LT2250S0,Reyansh Trivedi,reyanshtrivedi@gmail.com,1992-04-13,8188988446.0
9H5ZYPEJU1,Yakshit Chana,yakshit_chana@gmail.com,1986-04-21,1517300132.0
T6VF77PX46,Krish Bahri,krish.bahri@hotmail.com,1975-05-05,1535247722.0
I06Z56UKJ1,Aarav Sane,aaravsane@hotmail.com,2001-06-10,2698963063.0
NTSP6TZ2I5,Hazel Shetty,hazelshetty@gmail.com,1997-11-18,7677070994.0
805O3XAKEW,Riya Divan,riya.divan@outlook.com,1984-09-10,99446422.0
TWCZZQ3RI1,Diya Shah,diyashah@yahoo.com,1987-11-24,8328871677.0
UEBA2SJ74Y,Shayak Jain,shayak.jain@yahoo.com,1990-07-05,8445139167.0
HDLZB2UPU8,Shalv Bath,shalv.bath@gmail.com,1970-04-23,1032123870.0
PT3R57VJNR,Yasmin Raval,yasmin.raval@gmail.com,1990-06-22,5910053679.0
J3SWY6DKN3,Dhanush Dugal,dhanush_dugal@gmail.com,1994-02-02,2335420519.0
8I2IH07SAN,Yashvi Sehgal,yashvisehgal@hotmail.com,2002-06-18,132740068.0
KF5ZRKA0BA,Farhan Ramachandran,farhanramachandran@gmail.com,1983-09-06,1798795879.0
AGIR7CSETN,Jivika Tailor,jivikatailor@hotmail.com,1974-10-26,5323073535.0
UUE29F19QT,Ryan Chaudhry,ryan.chaudhry@gmail.com,1979-09-18,4809958783.0
H96LQYVK56,Manikya Chakraborty,manikya_chakraborty@hotmail.com,1974-07-25,5977930839.0
NOA2URNDM9,Amira Venkataraman,amiravenkataraman@yahoo.com,1999-02-23,5919709159.0
NJUILY2FOQ,Aradhya Kala,aradhyakala@gmail.com,1997-09-25,8741724502.0
RJMH9L2QA5,Umang Bhatnagar,umangbhatnagar@yahoo.com,1994-09-21,5663738147.0
S0XWQUTDP6,Rohan Andra,rohan_andra@outlook.com,1993-02-21,115781834.0
JH08P7WCBY,Jayesh Sekhon,jayeshsekhon@gmail.com,1984-12-12,9693973051.0
4ECV50RM5K,Kiara Doctor,kiara_doctor@gmail.com,1993-06-01,9361200628.0
GNC3NJ7IXE,Krish Barman,krish_barman@outlook.com,1976-04-26,3154452048.0
8UQX1D48GP,Taran Shukla,taran_shukla@yahoo.com,1998-07-08,6090890914.0
APLSQRTWP9,Aarna Shukla,aarna.shukla@gmail.com,1974-08-26,7316205601.0
0M5K21JJ5S,Myra Kurian,myra_kurian@gmail.com,1980-11-07,5703796657.0
K117ZH9O94,Shanaya Chawla,shanaya.chawla@outlook.com,2001-10-23,1188552797.0
4R4GMBNQV3,Kismat Goyal,kismat_goyal@gmail.com,1970-03-08,2833987794.0
IM548SCWEI,Ranbir Dutt,ranbir.dutt@outlook.com,1990-05-26,5324243047.0
ZUOQG73G39,Hunar Bhatnagar,hunar.bhatnagar@gmail.com,1990-10-03,9944108370.0
E2GAJSPCTR,Raunak Bedi,raunak_bedi@hotmail.com,1996-11-09,8363681537.0
F4RI2ESKRI,Taran Dyal,taran_dyal@gmail.com,1970-12-11,4686108802.0
Z8KNFQFAKJ,Chirag Tandon,chirag_tandon@gmail.com,1992-11-06,6928074334.0
E1IC1EOBXZ,Zoya Sawhney,zoya.sawhney@hotmail.com,2004-12-03,3119343950.0
9X6IT86SQ7,Bhamini Joshi,bhaminijoshi@outlook.com,1971-03-16,2336543593.0
PLG3JF1GK1,Madhav Gulati,madhav.gulati@hotmail.com,2001-05-06,1922443409.0
PHU7EAC26Q,Aniruddh Gera,aniruddh_gera@hotmail.com,2000-06-09,506981859.0
PYI5AK2GM0,Dhruv Sachdeva,dhruv_sachdeva@gmail.com,1991-05-14,6286451971.0
Z63QZZP5H6,Nakul Sahni,nakul_sahni@outlook.com,1978-04-15,7028114633.0
W7YES0G9V9,Akarsh Rana,akarsh.rana@outlook.com,1980-12-12,141934708.0
G30U0F8N5M,Gatik Zachariah,gatik.zachariah@yahoo.com,1991-09-05,6633872216.0
2N3GI01H7K,Baiju Sibal,baiju.sibal@gmail.com,1994-03-07,1142931766.0
3Z5DJTHXJ8,Kiaan Bakshi,kiaan_bakshi@yahoo.com,1978-04-02,576133391.0
UGTL3EIP61,Miraan Chaudhary,miraan_chaudhary@outlook.com,1994-07-18,9889925408.0
ZPSQ38KRB7,Aaryahi Bassi,aaryahibassi@outlook.com,1978-06-11,4353859575.0
2U7LK65HQ5,Darshit Sarma,darshit.sarma@hotmail.com,1995-02-21,3203941960.0
V5Y7M4MVX5,Elakshi Goswami,elakshigoswami@yahoo.com,1974-03-20,8820249382.0
TC1N91HTKM,Indrajit Vala,indrajitvala@outlook.com,1996-01-03,6332252212.0
JW56H8ZF48,Samar Choudhry,samar_choudhry@yahoo.com,1982-11-29,3317914900.0
RSQ8977J65,Arnav Bhagat,arnav_bhagat@yahoo.com,1990-06-08,9571621922.0
X6AZ1SJ0RV,Armaan Uppal,armaan.uppal@gmail.com,1996-11-14,7294599056.0
KJSHX9ULI7,Anika Kibe,anika_kibe@outlook.com,1979-11-01,2362613123.0
V84PK4PWQ9,Taimur Saran,taimur_saran@yahoo.com,1995-02-13,7129153082.0
XPSB758DZR,Aradhya Kohli,aradhya.kohli@outlook.com,1973-07-31,7263865452.0
9FP3VQ7J3J,Vihaan Bali,vihaan_bali@outlook.com,1987-06-10,2669800518.0
J3OCTR3DSL,Bhavin Upadhyay,bhavin_upadhyay@gmail.com,1970-05-05,5225808290.0
KT8D9NFG6Z,Kabir Ray,kabir.ray@yahoo.com,1971-01-13,6405088230.0
VASGWVXYSZ,Vivaan Dara,vivaan.dara@hotmail.com,1978-12-16,213484969.0
JPBEWKVVQF,Biju Sehgal,biju_sehgal@gmail.com,1971-12-26,7665873401.0
Q98R56CB1H,Khushi Walla,khushi_walla@yahoo.com,1996-04-10,5211475083.0
18VF06CFLU,Saira Kurian,sairakurian@outlook.com,1985-04-22,2925861277.0
I7YFMDBZFS,Hiran Bhandari,hiran_bhandari@yahoo.com,1982-04-30,4791959110.0
F7F504X0I0,Divit Balasubramanian,divitbalasubramanian@hotmail.com,1992-06-09,242053397.0
XSUS9ZM39H,Mehul Raval,mehul_raval@yahoo.com,1979-02-16,2060980914.0
3RQD76H01J,Misha Bhatt,misha_bhatt@hotmail.com,1997-01-13,1539230835.0
UCFCBPOEO8,Aarav Shenoy,aarav_shenoy@gmail.com,2004-06-08,2187640168.0
XSLPCIUZ7Y,Madhav Khanna,madhavkhanna@outlook.com,1995-12-10,350383638.0
C2PS515S2A,Mahika Kumer,mahikakumer@hotmail.com,1970-01-30,9526201641.0
HB1A6VLY35,Pari Dutta,pari_dutta@hotmail.com,1966-04-01,1948615442.0
A3N65FBDGF,Anahi Lad,anahilad@gmail.com,1984-05-10,4227496994.0
0A9MSCYM4A,Drishya Kumar,drishya_kumar@yahoo.com,1983-06-17,1053242141.0
5ARPBIWEGL,Kavya Arya,kavya.arya@hotmail.com,1973-10-14,4176878237.0
PLE413CEWJ,Stuvan Vyas,stuvan.vyas@yahoo.com,1985-07-15,8258926564.0
Z9ECG2VHX6,Shlok Chahal,shlok_chahal@outlook.com,1981-12-30,7125367774.0
JDRFIPG8T5,Zain Gaba,zain.gaba@yahoo.com,1976-01-01,2854597672.0
E79SFZSZ6N,Aayush Gour,aayush.gour@yahoo.com,1973-04-27,2030747537.0
TI98K1K4HO,Himmat Dora,himmatdora@yahoo.com,2004-05-08,5104004105.0
QAFN1NLWLB,Ela Roy,elaroy@yahoo.com,1978-11-04,5059196790.0
GT2J0BPSLG,Priyansh Kanda,priyanshkanda@yahoo.com,1978-10-04,1101291778.0
62RCFBSFPK,Manikya Shah,manikya_shah@gmail.com,1979-11-07,5978445113.0
QWGZC9SR87,Alia Walia,alia.walia@hotmail.com,1996-10-10,764204238.0
PVVXK5XKMM,Zaina Manne,zainamanne@gmail.com,1966-03-22,8206161438.0
7HCOHUT3SL,Riaan Shanker,riaan.shanker@yahoo.com,1994-06-30,1482913605.0
ONO1LYO05Z,Manjari Mahajan,manjari.mahajan@gmail.com,1980-11-01,5168768026.0
NYC016YVUJ,Divit Chandran,divitchandran@gmail.com,2000-06-07,9110655759.0
3UY71WEF8U,Ela Srinivasan,elasrinivasan@hotmail.com,1996-01-31,4565997590.0
FUR83ZQ3DB,Abram Dhar,abram_dhar@outlook.com,1969-08-16,535938401.0
MZZU8N9SD2,Zeeshan Varughese,zeeshan.varughese@hotmail.com,1983-04-18,5363023410.0
PFHOL1Y6IH,Aarna Buch,aarna_buch@gmail.com,2002-01-07,4898795439.0
B9Y8VYA9QU,Saksham Bhalla,saksham.bhalla@gmail.com,1997-12-28,4549027810.0
V6YT1XXYVO,Kaira Date,kaira_date@gmail.com,1967-12-02,5364791316.0
6KZJLQAG7E,Shaan Reddy,shaan.reddy@hotmail.com,1972-08-03,2130185351.0
498ZVOAVCT,Neelofar Subramaniam,neelofarsubramaniam@outlook.com,1992-12-12,9778810139.0
B67SC2B6QN,Neysa Sachar,neysa_sachar@yahoo.com,1971-05-24,9204371374.0
HBB5UGQRSH,Shalv Khanna,shalv_khanna@yahoo.com,2000-01-18,1076079734.0
5K1ZO7OJXG,Ryan Randhawa,ryan_randhawa@yahoo.com,1999-08-19,7916114969.0
IT88WXICSA,Armaan Mahajan,armaanmahajan@yahoo.com,1991-06-26,5739729089.0
4TEAMCHSU4,Lavanya Choudhry,lavanyachoudhry@outlook.com,1994-03-10,4217695586.0
E76JP4XQM5,Rhea Shetty,rheashetty@yahoo.com,1979-01-23,5907768534.0
WGFLB2GZVT,Saira Varghese,saira.varghese@hotmail.com,1974-01-15,9242639648.0
XCJTBYOLVC,Hansh Bhalla,hansh.bhalla@outlook.com,2003-11-08,6668046463.0
Q7LFM6BYYD,Aarna Varty,aarna.varty@outlook.com,1990-07-19,3381540881.0
NTS21NH14R,Biju Seshadri,bijuseshadri@outlook.com,1967-11-07,1275887517.0
S0CZDCPZMA,Ehsaan Mannan,ehsaan.mannan@yahoo.com,2003-10-29,2324085363.0
TNBLN9CACG,Dhanuk Dara,dhanuk_dara@outlook.com,2001-09-06,3466653834.0
9PL4W2PRQ7,Raghav Chhabra,raghavchhabra@gmail.com,2000-05-20,296157397.0
8T5IVA6LUS,Raunak Balan,raunak.balan@outlook.com,1989-11-25,5046308184.0
4QYZCPE8UJ,Azad Brar,azad.brar@gmail.com,2001-07-14,6909733763.0
3CUURD5NHP,Kanav Kothari,kanav.kothari@hotmail.com,1999-09-26,9790025456.0
8WYQI26VAT,Renee Ganguly,renee.ganguly@hotmail.com,1987-12-25,5206179091.0
Z3P2BU9Q5T,Jayant Kumar,jayantkumar@gmail.com,1972-05-29,5400523821.0
WIX9KFDN2K,Saira Kumar,saira.kumar@yahoo.com,2000-02-16,2856246729.0
ZFRYZARJQQ,Adira Warrior,adirawarrior@gmail.com,2002-05-07,8451292717.0
O1R4ET4B1Y,Inaaya  Malhotra,inaaya_malhotra@outlook.com,1990-01-26,2504297085.0
VJKA8DXF92,Nishith Aurora,nishithaurora@gmail.com,1997-06-30,2616881797.0
9IB3JWL2Q4,Piya Tiwari,piyatiwari@outlook.com,1976-11-08,4482516211.0
QOM0FMCSVF,Jivika Dua,jivikadua@outlook.com,1972-12-17,4836231708.0
QCU15DMNHL,Saanvi Dugar,saanvi_dugar@yahoo.com,1989-11-24,4765749815.0
GEQ5583DOZ,Yuvraj  Sami,yuvraj.sami@hotmail.com,1991-04-01,5099692044.0
NYMUKJB3MT,Kanav Grewal,kanav_grewal@outlook.com,1986-05-10,508897775.0
XMYED9UDEW,Vivaan Mani,vivaan_mani@outlook.com,1999-08-03,8299940147.0
V20W4W6S4G,Gokul Ganesan,gokul_ganesan@gmail.com,2002-03-09,6092282474.0
2IKWZKNGNM,Adah Bhagat,adah_bhagat@gmail.com,1992-07-04,6921701426.0
2JKK981LQP,Jiya Loyal,jiyaloyal@hotmail.com,1967-06-11,2435918778.0
SFF7ELJAW4,Bhamini Ravel,bhaminiravel@gmail.com,1995-09-08,4985001982.0
P2G8VF49A5,Lagan Dhawan,lagan.dhawan@outlook.com,1969-11-18,775146719.0
KJTB5N2SCF,Hansh Master,hansh.master@yahoo.com,2001-12-19,450453739.0
D2LZZ3SHQK,Biju Anand,biju.anand@hotmail.com,1970-07-02,825703104.0
IIR2SKP2DB,Romil Khosla,romil.khosla@hotmail.com,2000-07-13,8167028929.0
APMHDUXZ5I,Vaibhav Soni,vaibhav_soni@outlook.com,1980-10-11,9300388241.0
D5T5E4NB2O,Madhup Roy,madhup_roy@outlook.com,1992-11-04,2464377928.0
XE2169LCOB,Vaibhav Dua,vaibhavdua@gmail.com,1971-12-29,6374809446.0
1G7PC4MI7V,Azad Malhotra,azad_malhotra@outlook.com,1972-01-26,1771991207.0
D7YFBDJAP2,Vedika Bose,vedika_bose@yahoo.com,2002-06-01,6588043963.0
6MM69INJAP,Kismat Gulati,kismat_gulati@outlook.com,1996-05-13,3184921622.0
X78KZJSIE0,Hansh Kade,hansh.kade@outlook.com,2001-06-29,868062168.0
1E7ZPCUO0G,Aniruddh Sangha,aniruddh_sangha@gmail.com,1996-03-14,5695596249.0
N7TYES9TDC,Kiaan Dash,kiaan.dash@gmail.com,1978-05-24,6808755330.0
Y4FZL8ORUE,Mehul Kibe,mehul_kibe@yahoo.com,1974-02-18,1450718526.0
FUANJKI6RM,Jayesh Kanda,jayesh_kanda@gmail.com,1975-12-10,8144352812.0
5DSCQ8PKMU,Vaibhav Sood,vaibhav_sood@yahoo.com,1987-12-05,7238123011.0
P2VZNNUU8T,Tara Srinivas,tara.srinivas@hotmail.com,1978-11-23,3408562226.0
QBHK81W4NM,Nakul Datta,nakul_datta@outlook.com,1980-11-08,9988572114.0
PPRTUJID5A,Yasmin Gill,yasmin.gill@gmail.com,1975-04-26,3957620254.0
WGVHZ453QL,Nishith Deep,nishithdeep@outlook.com,1977-12-17,7261774791.0
DAR1ODQCP3,Priyansh Shukla,priyansh.shukla@yahoo.com,2001-06-06,7731219722.0
OF63GSQCRO,Anahita Buch,anahita.buch@outlook.com,2004-04-17,667089418.0
5GRR7BR52E,Anay Gour,anay_gour@gmail.com,1977-04-28,7354881509.0
7B1LPVXDVZ,Jhanvi Wadhwa,jhanvi.wadhwa@yahoo.com,1979-11-10,4814129097.0
FUPGLIZQ8D,Amani Dhar,amani.dhar@gmail.com,1981-02-07,8104342809.0
JWBFZRCWQ2,Indrajit Dave,indrajitdave@yahoo.com,1996-07-27,2388805005.0
Q09LE1ST6A,Tarini Jayaraman,tarini_jayaraman@gmail.com,1999-03-16,1654987669.0
PX86425J0O,Hridaan Kapoor,hridaankapoor@outlook.com,1986-08-23,9939086872.0
707KWJ2KXU,Manjari Baral,manjari_baral@yahoo.com,1968-01-04,7731215247.0
12QITNFO3A,Tiya Kunda,tiya.kunda@gmail.com,1996-04-19,9854030359.0
GZRSMFJPKE,Ehsaan Sahni,ehsaan.sahni@gmail.com,1994-03-04,4204197591.0
44K5J1TZBM,Rohan Jani,rohan.jani@hotmail.com,2003-09-26,1738369712.0
D9HGT06QPJ,Sumer Yogi,sumeryogi@outlook.com,2001-11-17,4775004214.0
ZY0T9HXM8U,Nirvi Sharma,nirvi_sharma@hotmail.com,1979-02-01,6048945485.0
YPWBT3IABB,Bhavin Sane,bhavin.sane@yahoo.com,1994-09-29,5170963156.0
KYM2VBHA3Z,Jayant Bahl,jayantbahl@hotmail.com,1993-02-26,6351360733.0
31X06DORJN,Hansh Kannan,hanshkannan@yahoo.com,1975-12-09,8680033957.0
RGFG6JPLWO,Lakshit Kanda,lakshitkanda@outlook.com,1973-01-25,561217709.0
91AUMZ0SCU,Suhana Contractor,suhana_contractor@yahoo.com,2003-05-13,5788436585.0
7S781D8T6Z,Nishith Ramaswamy,nishithramaswamy@hotmail.com,1972-01-02,2196793707.0
FHMP8CJB0T,Baiju Ghosh,baijughosh@outlook.com,1979-03-05,4467136866.0
8LT1E8FCAF,Sumer Bhatti,sumerbhatti@outlook.com,1973-05-26,2838939887.0
9NKWDTGHYL,Hiran Lalla,hiranlalla@gmail.com,1975-04-17,7394823373.0
3Q3NXSSR5E,Romil Chokshi,romil_chokshi@gmail.com,1988-04-20,199127276.0
URRCJN9PRZ,Dharmajan Bath,dharmajan.bath@yahoo.com,1998-06-28,5899630211.0
61HWN5BNHK,Uthkarsh Bal,uthkarshbal@hotmail.com,1967-01-23,568482397.0
1TWZ3AJ1AS,Vardaniya Rana,vardaniya_rana@yahoo.com,2001-02-28,2668878435.0
96QA9XEPXN,Anahita Contractor,anahita_contractor@hotmail.com,1976-10-17,422215138.0
3N492VJ95K,Anahi Sagar,anahisagar@outlook.com,1989-11-11,6602441953.0
CMPN6R0OW5,Dhanuk Sandhu,dhanuk_sandhu@gmail.com,2001-01-28,1636925638.0
3JG8C66SRF,Madhav Biswas,madhav_biswas@outlook.com,1999-02-04,1820955540.0
K2MMD5AXAZ,Taimur Gaba,taimurgaba@outlook.com,1997-09-24,1903607767.0
9UHEHX6UYP,Sumer Wagle,sumer.wagle@outlook.com,2000-03-30,1023801226.0
7W9NTFA26Q,Ryan Raman,ryan_raman@yahoo.com,2004-05-14,3912255182.0
JBAU80MEZM,Kimaya Bail,kimaya.bail@yahoo.com,1995-12-28,2722326265.0
JJFPUHHMPB,Urvi Srivastava,urvi_srivastava@gmail.com,1970-09-13,5148168236.0
PEPCXEPNFH,Dhanush Wali,dhanush_wali@outlook.com,2004-02-17,4076278925.0
Q1UEFXBEPE,Vidur Tiwari,vidurtiwari@gmail.com,1980-01-16,255998923.0
VYF56CAS4F,Jiya Kuruvilla,jiya.kuruvilla@yahoo.com,1982-05-28,3416694770.0
0XNP6YM8LM,Arhaan Mahal,arhaan.mahal@hotmail.com,1995-05-30,7602232268.0
3H9YJPT2UY,Aayush Chanda,aayush_chanda@gmail.com,1973-04-19,6701822806.0
N0ME8922HN,Myra Batra,myra.batra@hotmail.com,1968-02-13,2951114527.0
7S70MT9V2Q,Aniruddh Gill,aniruddh_gill@gmail.com,1981-11-29,7083703374.0
S411QGO5FV,Riaan Wali,riaan_wali@hotmail.com,2004-07-25,5840592279.0
K7VZ0AMCA2,Rhea Cheema,rhea_cheema@hotmail.com,1974-03-17,2097235657.0
OEIH8AF6U4,Badal Devan,badal_devan@hotmail.com,1969-09-25,6184416754.0
BZH0TQS2ON,Ishita Jayaraman,ishitajayaraman@gmail.com,1978-01-20,6364772982.0
FY3C3DC4I8,Reyansh Savant,reyansh.savant@hotmail.com,1986-03-08,1805446191.0
2BHL1TNAU4,Kimaya Tella,kimaya.tella@hotmail.com,1992-12-31,1769780993.0
ORESP426X5,Rohan Joshi,rohan_joshi@yahoo.com,1992-10-25,7584787914.0
V62186S6DJ,Shayak Sibal,shayak.sibal@yahoo.com,2001-02-26,7351416529.0
KII2J5AAN8,Kimaya Baral,kimaya_baral@outlook.com,1979-04-20,6034229775.0
HOE2X8C0RL,Anay Din,anay.din@hotmail.com,1992-10-21,5420956205.0
X8JN620D5N,Uthkarsh Acharya,uthkarsh_acharya@gmail.com,1993-06-25,8529340324.0
BZO2ONGECA,Armaan Rastogi,armaan_rastogi@gmail.com,1984-08-27,4579887178.0
N9A1YQTPFQ,Zoya Devan,zoya.devan@gmail.com,1972-07-29,3244100995.0
8DY72UKUZW,Jayant Som,jayantsom@gmail.com,1970-03-12,5597903161.0
YTP9FSD80A,Elakshi Sarin,elakshisarin@gmail.com,1979-02-22,7382178795.0
HYADN8VMM6,Anya Karan,anya.karan@outlook.com,1974-09-07,5322793062.0
YIM3AY51IL,Urvi Dora,urvidora@yahoo.com,1999-11-13,5405200130.0
OKKS9QMPVE,Ivan Wason,ivanwason@yahoo.com,1992-07-07,3002587107.0
Q7W4NJEG96,Himmat Rattan,himmat_rattan@outlook.com,1967-07-17,3133643618.0
23DY57PSGS,Neysa Balakrishnan,neysabalakrishnan@gmail.com,1989-05-25,7180464446.0
5V09N6UMDG,Tanya Garg,tanyagarg@gmail.com,1987-08-07,6431167299.0
W0LEI6YV5X,Dharmajan Chawla,dharmajan.chawla@hotmail.com,1988-11-08,4440852536.0
V349MOB3NM,Dhanush Bawa,dhanush.bawa@yahoo.com,1978-04-07,8433339883.0
XDZME30I1A,Zain Raju,zain.raju@hotmail.com,1970-07-31,1959684768.0
36TQ4H2FL4,Sumer Bandi,sumerbandi@hotmail.com,1998-04-15,3552862529.0
QEAOAJV8XJ,Nitara Jaggi,nitara_jaggi@yahoo.com,1983-05-23,8346986948.0
121XNXX1F0,Charvi Kumar,charvi_kumar@hotmail.com,1985-12-26,170672147.0
YFZ835VDS1,Reyansh Taneja,reyanshtaneja@hotmail.com,1982-02-19,715432236.0
1YM9RZ17G4,Bhavin Rama,bhavinrama@hotmail.com,1978-11-01,8187229045.0
6VXL29QFCI,Kaira Buch,kaira_buch@yahoo.com,1978-06-15,79275548.0
0U5AJPYF2R,Rohan Dutt,rohandutt@gmail.com,1978-12-03,9662298209.0
VLLUUA8UUT,Vedika Sagar,vedika.sagar@outlook.com,1970-12-26,1954577683.0
3SHK8VZ909,Ahana  Sem,ahana_sem@outlook.com,1966-07-11,3719158745.0
4JPQPEJ026,Vivaan Sridhar,vivaansridhar@gmail.com,1969-02-02,1657038745.0
PXET8V6JDS,Hunar Bora,hunarbora@hotmail.com,1973-09-05,132857606.0
NHR6WNE6B3,Anay Thaman,anaythaman@gmail.com,1968-06-13,6482708015.0
I9QM4D7VER,Vidur Ravi,vidur_ravi@outlook.com,2002-05-08,3381221790.0
RPM9SDQSOU,Nitya Ganguly,nitya_ganguly@gmail.com,1973-03-05,2091428272.0
7H5271L15Q,Miraan Shah,miraan_shah@outlook.com,1971-07-26,1074933931.0
B4K9YPNVW8,Dharmajan Chander,dharmajan.chander@gmail.com,1998-12-25,9126215629.0
WPHF2NH7OW,Dhruv Chokshi,dhruv.chokshi@hotmail.com,1972-12-27,2556238563.0
V87FM3QVEX,Gatik Maharaj,gatik_maharaj@outlook.com,1982-03-13,3082578842.0
5HNIRQR4AO,Shayak Sehgal,shayaksehgal@yahoo.com,1986-01-04,252287659.0
AI0LZ49E29,Saksham Chadha,saksham.chadha@yahoo.com,2001-05-23,6702762074.0
9Y4MHY4WDH,Advika Choudhury,advika.choudhury@yahoo.com,1995-11-24,8846267659.0
E83I7GRH8N,Aarush Dugar,aarush_dugar@outlook.com,1995-09-17,5060508909.0
82C73YQDAO,Keya Chatterjee,keya.chatterjee@outlook.com,1996-04-22,1826318076.0
OWX9UXLD28,Rania Keer,raniakeer@yahoo.com,1973-09-17,5235551627.0
AAEOPI0CJ4,Shanaya Sharaf,shanaya_sharaf@outlook.com,1998-04-12,825826835.0
PWDGW5O52D,Elakshi Baria,elakshi.baria@yahoo.com,1967-01-03,4846318955.0
E6APTAB90C,Lakshit Chaudry,lakshit.chaudry@outlook.com,1974-07-14,4856179748.0
4SQOIAO0KS,Madhup Balay,madhup_balay@outlook.com,1973-11-30,7276047698.0
8UWO3DYWUK,Neelofar Lala,neelofarlala@gmail.com,1989-04-26,3111963913.0
LPKCMF3HBP,Dishani Sura,dishani_sura@hotmail.com,1972-08-24,4885926948.0
PZ244X6WOU,Anay Atwal,anay.atwal@hotmail.com,1993-11-22,1469369022.0
D5YY9GJCSH,Adira Mandal,adira_mandal@gmail.com,1971-08-01,9088141.0
6LJCPZI86N,Kiara Ben,kiaraben@yahoo.com,1999-05-13,5757052357.0
4TM9J0HRCO,Bhavin Bhagat,bhavin_bhagat@outlook.com,1988-08-06,2640683742.0
ETSBC2ID4W,Manikya Gara,manikyagara@outlook.com,1987-11-09,7653285535.0
DUKYHL6WM3,Jayant Choudhury,jayant_choudhury@outlook.com,2003-01-15,7552155115.0
C43C472NNE,Mishti Mandal,mishti.mandal@yahoo.com,1991-10-08,3946685540.0
8DI0VMAYJC,Indranil Bahri,indranilbahri@gmail.com,1997-07-13,4516205822.0
IUBC9AEUPQ,Amani Mani,amanimani@yahoo.com,1984-03-27,557791333.0
4XA3ZKX4H7,Navya Lala,navya.lala@yahoo.com,1998-08-16,6500962415.0
OC58TZW3QN,Reyansh Datta,reyansh_datta@hotmail.com,1993-10-10,495975912.0
K24X1O6AHS,Raghav Rattan,raghav_rattan@outlook.com,1975-01-09,4250941562.0
O9KNNSNKW6,Aaryahi Karpe,aaryahikarpe@yahoo.com,1998-01-29,7208341368.0
OFXGBEN9P6,Manikya Sabharwal,manikya_sabharwal@yahoo.com,1969-12-13,2968791493.0
EARPOONHV8,Vaibhav Brahmbhatt,vaibhav_brahmbhatt@yahoo.com,1977-05-17,9620366223.0
YBL0OBD66X,Mishti Wagle,mishtiwagle@outlook.com,1990-08-14,1040073949.0
H6392UIB3E,Shlok Sabharwal,shlok.sabharwal@hotmail.com,2003-12-15,7819413927.0
2SSS2HO6N5,Dhruv Dayal,dhruv_dayal@yahoo.com,1995-06-06,3617213699.0
14JPS9DF8M,Armaan Goda,armaangoda@outlook.com,1999-01-22,1252675149.0
WYRJ4ZB3TG,Vardaniya Viswanathan,vardaniya.viswanathan@yahoo.com,1988-07-27,6308728354.0
T1ZRRPQ02C,Samiha Sharma,samiha_sharma@hotmail.com,1985-09-09,9949112790.0
6GF1L7P4X1,Zaina Mane,zaina.mane@gmail.com,1987-08-26,2316275037.0
NT3DS7LR7U,Ranbir Saraf,ranbirsaraf@gmail.com,1995-06-07,4004302030.0
4G6XH0ZNCJ,Jayan Walia,jayan_walia@hotmail.com,2000-09-07,7015692015.0
I4PWBMFWEO,Misha Gera,mishagera@outlook.com,1992-12-07,1485461105.0
WAU8LSS2MY,Kashvi Kala,kashvi.kala@hotmail.com,1997-04-09,3112736247.0
MJNFOT2VTL,Nehmat Khosla,nehmat.khosla@yahoo.com,1977-08-08,3900091.0
ELQGPZLIUN,Amani Tata,amani.tata@yahoo.com,1971-11-22,9605677514.0
LZ44KJQDP6,Kimaya Raja,kimayaraja@outlook.com,1985-03-27,6674169541.0
IQ3IX6NX0R,Vardaniya Chatterjee,vardaniya.chatterjee@gmail.com,1968-10-20,7239637235.0
ANUXA9HKB7,Stuvan Sankar,stuvan.sankar@hotmail.com,1966-04-08,9732839481.0
8T6FSD9DVP,Saksham Kata,saksham.kata@gmail.com,1999-06-01,4016261224.0
PYDWKHM250,Devansh Saran,devanshsaran@outlook.com,1987-02-08,3948525670.0
GZG485JZ8I,Kismat Bahl,kismat.bahl@outlook.com,1996-12-01,6033151394.0
OLOVO2E4UY,Saira Sahni,saira.sahni@gmail.com,1976-08-21,1032941101.0
N7IUWFWT6I,Vanya Mahajan,vanyamahajan@hotmail.com,1984-10-08,7263113008.0
5PLXKWXQAK,Taimur Walia,taimurwalia@gmail.com,2001-08-27,234960891.0
9XLGI7XLAS,Elakshi Basu,elakshibasu@hotmail.com,1969-04-02,8203184976.0
CG4DYZ4XW5,Vardaniya Bassi,vardaniya_bassi@yahoo.com,1994-01-22,3654454526.0
X2ONVB7XK7,Umang Majumdar,umangmajumdar@yahoo.com,1981-07-17,136575140.0
YNV1H96U17,Rasha Bhatnagar,rasha_bhatnagar@gmail.com,1980-06-26,1649774194.0
ZJUFPXG1IY,Sumer Dugar,sumerdugar@outlook.com,1978-09-21,9324852699.0
V92QGOCG7W,Hridaan Varughese,hridaan.varughese@gmail.com,1997-07-17,6761229283.0
YJDGXI1K9W,Fateh Madan,fateh.madan@yahoo.com,1969-05-21,6489653959.0
EIMXRTJC4K,Aayush Khalsa,aayush.khalsa@gmail.com,2004-12-20,5755582499.0
BPPOWFK4V5,Diya Shere,diya.shere@hotmail.com,2000-09-24,2729467406.0
32WK8QT2Y1,Jayesh Sharaf,jayesh.sharaf@gmail.com,2004-05-18,9572691558.0
C1F0P4QMT7,Kavya Deo,kavya.deo@outlook.com,1969-03-14,8048670400.0
U3DGR6R7R9,Sumer Comar,sumercomar@hotmail.com,2000-09-19,9028994853.0
PICULRWJ0P,Lakshay Lad,lakshaylad@gmail.com,1968-12-18,8938212654.0
9XXPOTX35C,Shaan Saini,shaan_saini@gmail.com,1975-06-03,7579971576.0
9W74EED5LB,Ayesha Gopal,ayesha_gopal@outlook.com,1971-12-09,7093111198.0
FGLQ2ENE2K,Himmat Garde,himmat_garde@yahoo.com,1978-01-08,7665623589.0
JRW7ZH0V0V,Shayak Sawhney,shayak.sawhney@gmail.com,1972-06-10,1023879017.0
VEJA3XF66E,Vihaan Bose,vihaan.bose@gmail.com,2002-03-01,7786880214.0
RUUF5WQYNS,Amira Suresh,amira.suresh@yahoo.com,2001-01-30,7446470502.0
MGDSBQP0P7,Trisha Shroff,trisha_shroff@gmail.com,1967-09-22,7389097055.0
S9BF30CY5H,Rohan Jaggi,rohan_jaggi@outlook.com,1989-08-28,7325854795.0
MI2CEFQU9J,Siya Ramanathan,siya.ramanathan@outlook.com,2003-12-10,2839462427.0
FY49OTQ4M8,Aarush Manda,aarushmanda@yahoo.com,1991-11-04,6669576839.0
RYGO8KOBIC,Taran Keer,tarankeer@hotmail.com,1980-08-22,307794937.0
UJAF0PRII5,Tushar Din,tushar.din@gmail.com,2001-01-04,6579180993.0
RTUOE8Z12Z,Kiaan Vyas,kiaan.vyas@outlook.com,1994-01-30,5226833369.0
Y2O0POVEHR,Dhruv Shah,dhruv.shah@outlook.com,1971-02-13,4796164754.0
OPONYF9FE5,Anahi Kulkarni,anahi_kulkarni@yahoo.com,1991-01-06,2832562253.0
23PK112VO1,Ahana  Khosla,ahana.khosla@hotmail.com,1975-12-29,7928904419.0
VE674KTE1E,Amani Kulkarni,amani_kulkarni@hotmail.com,1996-08-22,9676096417.0
BY0UZNY7AK,Anahi Rajagopal,anahirajagopal@hotmail.com,1983-09-24,9854753346.0
EAGIPPVLKC,Jayan Jani,jayanjani@gmail.com,1996-08-10,7862933835.0
TZIZXEF1Z9,Mishti Seshadri,mishtiseshadri@yahoo.com,1973-02-25,6403983224.0
RVHPSEWHXE,Nirvaan Iyengar,nirvaan_iyengar@outlook.com,1992-08-02,174633042.0
E9W16U8MU5,Bhavin Raja,bhavin_raja@hotmail.com,1978-11-15,9538863253.0
0IUH3DJONI,Dharmajan Bora,dharmajan_bora@yahoo.com,1968-11-01,6605502500.0
C6YD2VB33R,Ivana Sandal,ivanasandal@outlook.com,1992-10-18,4438375167.0
JCGNY7TLXC,Neysa Datta,neysa.datta@outlook.com,1981-10-23,7076384112.0
YI4PG06EK3,Anahita Ram,anahita.ram@hotmail.com,1979-03-18,5019771052.0
6U6VUP9JUI,Tiya Dutt,tiyadutt@gmail.com,1974-12-31,5670897720.0
TBLX3CFYDX,Jivin Jha,jivinjha@gmail.com,1997-04-18,1959220175.0
K6VSJS26WF,Azad Chana,azad.chana@hotmail.com,1966-10-14,8705873768.0
G7E5MEGHPD,Anaya Dass,anaya.dass@hotmail.com,1983-01-02,8921418994.0
MEXLLQTLQH,Zain Batta,zain_batta@gmail.com,1996-12-12,6068524487.0
VRWR0O400I,Rati Rau,rati.rau@outlook.com,1971-10-01,5570653624.0
2SHICT3U7L,Sahil Gala,sahil_gala@hotmail.com,1988-09-15,781941834.0
0EZRWG2V2R,Dishani Kumar,dishani.kumar@outlook.com,1970-04-17,8590122947.0
IEQTETRWMF,Dhanuk Lal,dhanuk.lal@hotmail.com,1988-05-04,2901159288.0
5QNBN30ZV4,Fateh Saran,fateh_saran@outlook.com,1972-11-09,2348857645.0
ZMORNP1MWC,Madhav Mahajan,madhav_mahajan@yahoo.com,2002-01-04,7230089731.0
VU870C81A3,Kanav Thakkar,kanav.thakkar@gmail.com,1988-03-24,1494513060.0
RPN5JU3U2J,Nishith Gara,nishith_gara@hotmail.com,1999-05-09,9792450884.0
AKN6S9PPLU,Arnav Jaggi,arnav_jaggi@yahoo.com,1996-03-02,9321618079.0
UDW45T6UQZ,Samar Goel,samar.goel@gmail.com,1970-12-03,6502317164.0
94IK69GGKN,Umang Thaman,umangthaman@gmail.com,1970-05-26,6045267751.0
5TOD9ZGD2Z,Ritvik Sarkar,ritvik_sarkar@outlook.com,1972-12-24,596103189.0
I5YUJS1EXK,Sana Deep,sana_deep@outlook.com,1992-01-16,8046865779.0
WUADXBUXK2,Dishani Mallick,dishani_mallick@yahoo.com,1979-05-01,4201630606.0
15Z41IWHZO,Yashvi Dubey,yashvidubey@gmail.com,1987-12-06,9985483536.0
ZA4TIHL9R6,Dishani Borde,dishani.borde@gmail.com,1973-02-13,8311415860.0
QA4HY9CP60,Aarav Suri,aaravsuri@outlook.com,1966-01-10,3950449205.0
TBLLSUHIOQ,Kimaya Chauhan,kimaya.chauhan@outlook.com,1993-01-02,9090164737.0
EWXLTDO14A,Jayesh Ratta,jayesh.ratta@yahoo.com,1972-08-22,9391177365.0
L9IY6VCZSJ,Ahana  Chandran,ahanachandran@hotmail.com,2001-01-06,2198796867.0
G1R00ZBJ53,Madhav Dash,madhavdash@hotmail.com,1994-10-21,5132331187.0
GBJ1C7VOO3,Kismat Dasgupta,kismat_dasgupta@outlook.com,1979-02-04,2065388600.0
8DM4YSH57Y,Aarush Ramachandran,aarush_ramachandran@outlook.com,1977-12-25,7078751461.0
UDWQB1MZ5G,Himmat Bhavsar,himmat.bhavsar@hotmail.com,2002-05-28,7105248781.0
7LBVC9Q2HF,Misha Ramachandran,misha_ramachandran@gmail.com,1989-05-10,4498092619.0
XR9KKDGOY6,Tarini Sarma,tarinisarma@yahoo.com,1986-07-05,5034313537.0
QM4U5W8BAI,Myra Choudhry,myra_choudhry@outlook.com,1969-06-23,3677236212.0
P0PQRAG7H1,Shamik Deol,shamik_deol@outlook.com,1999-01-11,7476135086.0
WQXPWV9M5U,Miraan Aggarwal,miraan.aggarwal@outlook.com,2000-10-30,1218846646.0
NY07R8FOLD,Neysa Khatri,neysa.khatri@gmail.com,1990-04-28,9280699571.0
WOL06B3UHS,Anya Tella,anya.tella@gmail.com,1967-08-22,4953593767.0
XFIZ78GHL0,Hridaan Johal,hridaanjohal@yahoo.com,1990-09-28,914174925.0
UNQ78A365D,Elakshi Loke,elakshiloke@yahoo.com,1992-08-22,4474650583.0
KDBSFS63D5,Ivan Sehgal,ivan.sehgal@hotmail.com,1986-11-28,1746757269.0
YUI012PZMW,Indrans Rattan,indrans_rattan@yahoo.com,1981-01-27,5771309231.0
EA60N7Y5DT,Eshani Sharma,eshani.sharma@yahoo.com,1983-09-23,8950463253.0
TPVEV0QJHY,Jhanvi Chander,jhanvi_chander@outlook.com,1995-06-07,1298192466.0
WCNY1LHMJD,Taran Som,taran.som@outlook.com,1990-10-05,2393617747.0
GLC3B1NI23,Ivan Dash,ivan.dash@hotmail.com,1970-03-19,624750817.0
YA45DLB1N5,Purab Sibal,purabsibal@outlook.com,1985-09-13,5967692008.0
WUKVEMQ3TP,Kanav Dhar,kanav.dhar@yahoo.com,1970-07-07,9304202960.0
402RI5HQJ8,Pihu Singh,pihusingh@gmail.com,1977-07-18,9072172983.0
C07CT9WFOY,Hunar Dani,hunar_dani@yahoo.com,1966-09-09,9768617283.0
EKYS1BTD53,Indrajit Karan,indrajitkaran@gmail.com,1988-02-26,9484262034.0
OFA11ONZKG,Emir Badami,emir.badami@yahoo.com,1976-07-01,9148353442.0
RSCVY3QOAV,Aarav Iyengar,aarav.iyengar@gmail.com,1979-09-25,3145039312.0
XFV2EEDRXC,Misha Dugal,mishadugal@outlook.com,1970-12-22,5509346189.0
O7LC2FMAX7,Navya Lad,navyalad@outlook.com,1982-07-09,3677720633.0
IMX486QX4C,Anahi Sengupta,anahisengupta@outlook.com,1997-06-23,7115582638.0
XLDRXMB4PQ,Saanvi Upadhyay,saanvi.upadhyay@outlook.com,2002-03-22,4455772214.0
Q0NRC57EWO,Amani Bahri,amanibahri@yahoo.com,1991-10-26,9287313917.0
5TEKXA53O6,Lagan Loyal,lagan_loyal@outlook.com,1985-10-17,6407033668.0
VS7U11ZSQQ,Jivika Malhotra,jivikamalhotra@hotmail.com,1969-06-05,9239074713.0
WLUMZ2BC8U,Manjari Ram,manjari.ram@hotmail.com,1966-10-28,6468862945.0
ZE6PRKFFP9,Samaira Raj,samairaraj@gmail.com,2000-10-06,2248200975.0
KXC7WQJN73,Vedika Verma,vedika.verma@hotmail.com,1979-08-11,1210489435.0
51ZBSEWUAG,Stuvan Balay,stuvan.balay@outlook.com,1991-10-31,4080673104.0
HJEII72CY2,Akarsh Devi,akarsh_devi@outlook.com,1966-12-13,9102395587.0
OFTVMQCH7I,Vihaan Mann,vihaan.mann@yahoo.com,2003-07-01,6874327200.0
4CAY9FUIVD,Dharmajan Shroff,dharmajan.shroff@outlook.com,1976-06-28,8592683954.0
MRJ3JTFET2,Mahika Biswas,mahika.biswas@yahoo.com,2001-05-07,9885831519.0
PH3T0DLDYW,Zara Chhabra,zara_chhabra@gmail.com,1982-09-02,1828548280.0
J95YCC5TFK,Baiju Bhasin,baiju.bhasin@gmail.com,1987-11-30,5484022652.0
L2RYJ09XHR,Neelofar Keer,neelofar_keer@gmail.com,1999-02-15,92703622.0
UD9CW30MA5,Siya Roy,siya.roy@yahoo.com,1994-11-01,6254146383.0
C6SHIG4UTW,Ishaan Dubey,ishaan_dubey@gmail.com,1991-01-16,5450798541.0
EYR64FD33J,Abram Singhal,abram_singhal@outlook.com,1976-05-17,324713464.0
J26DQYVBNC,Madhup Sridhar,madhup_sridhar@outlook.com,1990-07-19,4401110089.0
4HNFWKXOXS,Prisha Sandal,prisha_sandal@yahoo.com,1993-08-05,955147354.0
LZLOXPBN37,Rania Rout,rania_rout@outlook.com,1974-05-23,8231531243.0
856VDW74IZ,Lavanya Deshpande,lavanyadeshpande@hotmail.com,1968-11-24,6283922569.0
XC66YXK79W,Saira Sodhi,sairasodhi@gmail.com,1998-01-13,4553597919.0
NX7WV6IFO9,Bhavin Kumer,bhavin.kumer@yahoo.com,1972-02-17,5428250558.0
JZ28PWFA9X,Indrans Raja,indrans_raja@outlook.com,1970-11-01,7976765477.0
1TL5W4CVM4,Bhavin Mani,bhavinmani@gmail.com,2000-09-26,4341367712.0
PRPOZEBPWP,Siya Hayer,siya_hayer@hotmail.com,1982-01-04,2910011081.0
229TP0W9RT,Hunar Solanki,hunarsolanki@yahoo.com,1981-11-12,5270849516.0
TZSD2Q3M2Q,Vidur Balan,vidur.balan@hotmail.com,1968-09-06,6220134569.0
ALFQAOXD2O,Reyansh Walia,reyansh_walia@gmail.com,1993-05-21,5641130515.0
4IK96KIG9W,Hazel Bedi,hazelbedi@outlook.com,2002-06-16,6570988534.0
FT0TMOUB49,Saira Shetty,sairashetty@gmail.com,1995-07-07,5687104868.0
JX3VZ7Z9AL,Divyansh Bahl,divyansh_bahl@yahoo.com,1973-06-17,2904894813.0
V8FQRP9TLB,Mannat Upadhyay,mannatupadhyay@yahoo.com,1968-10-08,9604508899.0
BAMU81YS7Q,Nakul Mammen,nakul.mammen@outlook.com,2004-03-03,8598001606.0
Q9QMK4M0DP,Eva Ganesh,eva.ganesh@gmail.com,1975-11-09,2432263330.0
VLJV6JE0F3,Dishani Bansal,dishani.bansal@outlook.com,2002-08-24,7384321581.0
120R66KJ8O,Umang Rajagopal,umang_rajagopal@gmail.com,1987-07-29,6050630208.0
4IQF8DZ3R4,Vardaniya Gopal,vardaniyagopal@yahoo.com,1978-12-16,8539620718.0
DXNRCNVL3V,Prisha Kaur,prisha_kaur@hotmail.com,1994-01-06,2889362084.0
XBGXAYZWXM,Samiha Seshadri,samiha.seshadri@gmail.com,1984-06-08,2286554884.0
R38M1U1AFT,Fateh Sharma,fatehsharma@outlook.com,2000-12-17,5000026223.0
CXG4E9BL46,Samiha Mand,samihamand@hotmail.com,1978-03-13,2765530011.0
K6NLVT08OG,Pranay Krishnamurthy,pranay_krishnamurthy@gmail.com,1992-03-02,6906068801.0
WQLDIWC6YY,Purab Doshi,purab.doshi@yahoo.com,2002-01-21,323884599.0
EY5DRXGIR8,Shlok Basu,shlokbasu@outlook.com,1971-11-12,7245202491.0
842IOPF78L,Myra Varghese,myra.varghese@yahoo.com,1976-10-29,9607056809.0
8JD78QJ1TB,Jayant Madan,jayant.madan@hotmail.com,1980-08-10,8659460389.0
MVCH174G5W,Kanav Sabharwal,kanav_sabharwal@hotmail.com,1978-01-21,6610662810.0
2FGKX00ZJN,Heer Keer,heer.keer@gmail.com,1994-07-15,6838409379.0
7HNFV6RKZD,Mannat Vasa,mannatvasa@hotmail.com,1995-07-18,1476493782.0
EQPCHXTS14,Onkar Hegde,onkarhegde@hotmail.com,1997-01-16,1693860360.0
8PTGGXMKKM,Alisha Rattan,alisharattan@outlook.com,2004-11-22,8462631401.0
YKNT67B209,Ivana Chahal,ivanachahal@hotmail.com,2001-09-28,5409458157.0
B0IV9NM7V1,Rohan Sani,rohan_sani@hotmail.com,1981-09-24,9964647153.0
75YI3SWWMF,Raghav Contractor,raghav.contractor@hotmail.com,1991-05-16,7923251593.0
6DTAG8UD8Y,Hrishita Swamy,hrishita.swamy@outlook.com,1988-09-15,8754155146.0
8HTRXT4OUF,Taimur Bala,taimurbala@outlook.com,1983-10-15,4202061051.0
49LJDJHZV6,Inaaya  Edwin,inaaya_edwin@hotmail.com,1995-02-10,9092938622.0
JHYRGUS75P,Faiyaz Mand,faiyazmand@gmail.com,1979-05-02,1965946614.0
B3P921GKMK,Rhea Edwin,rhea.edwin@yahoo.com,1993-04-05,6760036677.0
LX5PTYDZAJ,Dishani Thakkar,dishani_thakkar@yahoo.com,1979-04-16,4619305550.0
6XLI1WE2Z4,Khushi Badami,khushi_badami@gmail.com,1997-08-21,2960895789.0
KE1QXSY8NY,Devansh Shere,devansh.shere@hotmail.com,2000-11-08,3841262872.0
TNAJXLLNQ7,Divij Madan,divijmadan@outlook.com,1969-01-22,6333129549.0
LJJOFD2IQH,Anvi Sangha,anvisangha@gmail.com,1986-05-13,2376576091.0
1U2EOGH2Z8,Ivana Saha,ivana_saha@gmail.com,1972-08-17,9469500667.0
B8N46DS1W1,Tanya Deshmukh,tanya_deshmukh@hotmail.com,1983-07-22,8569422526.0
YQCLGY17VK,Jivika Sarraf,jivika_sarraf@outlook.com,2000-06-16,9904013402.0
SHVVDQ1ML8,Damini Sachar,damini.sachar@hotmail.com,1984-01-12,8995715577.0
CMOP7HNEEW,Anahita Kakar,anahita_kakar@hotmail.com,1966-03-09,7650069185.0
3LXVR9B7ID,Inaaya  Thaker,inaaya_thaker@outlook.com,1967-07-25,7733434743.0
H3KMG2MDD7,Aayush Shan,aayush_shan@gmail.com,1977-05-19,4196766531.0
RUNDDTYT51,Shalv Dara,shalv.dara@gmail.com,1993-04-03,3541282111.0
9PIZAH6ZLP,Ishaan Kala,ishaan.kala@gmail.com,1977-07-02,160692925.0
SZ0Z2BBCWD,Mehul Korpal,mehul.korpal@outlook.com,2004-03-06,9281462873.0
CR9HB1Z64X,Ivan Golla,ivan.golla@outlook.com,1988-02-26,6999838004.0
A29Q0BSFLA,Lagan Bains,lagan.bains@gmail.com,1984-06-23,6609727418.0
H8FOBT35JQ,Ivana Upadhyay,ivana_upadhyay@gmail.com,1976-09-27,8791846113.0
FYDF3XUJVW,Ivana Tank,ivanatank@yahoo.com,1997-05-16,5166774499.0
QRDGEXTI8W,Eva Khare,eva.khare@outlook.com,1993-05-14,3254082723.0
PIOC70NJ1K,Raunak Bhalla,raunak_bhalla@gmail.com,1982-07-01,9636986291.0
LUR73IWIJQ,Ira Lalla,iralalla@gmail.com,1995-12-10,9487396229.0
6XGUBB4XHB,Armaan Sunder,armaan.sunder@yahoo.com,1986-11-13,6546101123.0
XLI9URZADU,Prisha Ravi,prisharavi@yahoo.com,2002-11-28,5267488068.0
2KZXZNYAMF,Nakul Sampath,nakul_sampath@yahoo.com,1990-03-28,6171720289.0
SVW00TTKF5,Ehsaan Chander,ehsaanchander@outlook.com,1997-12-04,4292700805.0
1SKARNL1LY,Jhanvi Sandhu,jhanvi_sandhu@hotmail.com,1976-10-26,735139403.0
UGFNDPDC5Q,Drishya Dhaliwal,drishya.dhaliwal@outlook.com,1983-01-15,1235132585.0
C693OJY0JS,Indranil Walia,indranil_walia@hotmail.com,1997-11-18,5756602342.0
B18GW4GONR,Rania Rastogi,rania.rastogi@hotmail.com,1987-12-21,8630684043.0
R5XVMZNRTW,Jayan Keer,jayan_keer@hotmail.com,1985-07-07,8655832833.0
XAGXF7PMUK,Manikya Sani,manikyasani@outlook.com,2004-09-17,8703944344.0
2HKVN4LRFM,Romil Raval,romil_raval@yahoo.com,2004-01-06,8602406845.0
DUZ17NCQ3H,Anya Ganesan,anya_ganesan@gmail.com,1985-11-16,4157124370.0
U7DJ9WHTXX,Pihu Dass,pihudass@gmail.com,1968-04-24,3925649271.0
4OHK0T6TED,Aarna Sant,aarna.sant@hotmail.com,1996-07-15,1658291001.0
XM658UNXEN,Taran Ramanathan,taranramanathan@gmail.com,1977-01-04,4068118216.0
8UD2O2ELVS,Shlok Bhasin,shlokbhasin@yahoo.com,1989-02-24,7373201406.0
ZGE0H8QTH8,Heer Sahota,heer_sahota@yahoo.com,1978-03-01,6509162306.0
CD4ID245P1,Alisha Ravel,alisharavel@hotmail.com,1980-09-05,4636501651.0
4VNTGHNK71,Sara Sathe,sarasathe@yahoo.com,1996-09-16,6596015466.0
Q4VE4T86SX,Baiju Agrawal,baiju.agrawal@outlook.com,1985-01-06,6567615613.0
IA55EA30YA,Shamik Hegde,shamik_hegde@outlook.com,1998-02-12,3703928388.0
D55UJI8WV0,Divyansh De,divyansh_de@outlook.com,1990-07-04,7096258864.0
N2F57QNMTO,Miraya Singh,mirayasingh@outlook.com,2000-06-25,2196641188.0
F2UJAO9E2H,Samarth Bhargava,samarth.bhargava@yahoo.com,1966-03-02,9392479662.0
71E4TM9A7S,Mannat Raju,mannat_raju@yahoo.com,1985-04-08,2718375308.0
GSR2H5849R,Piya Bedi,piyabedi@outlook.com,1996-09-21,7200136627.0
H6HIMPPNQW,Taimur Basak,taimur_basak@yahoo.com,2001-02-03,3326454166.0
FU8IBQ5TLI,Rasha Jani,rasha_jani@yahoo.com,2003-12-13,7095518566.0
8HW7QKKJH9,Azad Sehgal,azadsehgal@gmail.com,2000-12-21,1947661807.0
1GZIRL5OFM,Urvi Mangal,urvi_mangal@hotmail.com,1995-11-04,3638518972.0
3GFT1ZDW4G,Manjari Soman,manjarisoman@hotmail.com,1998-05-14,2364873308.0
HPZWM5ZZ9P,Tara Aggarwal,taraaggarwal@outlook.com,1997-08-01,5450807734.0
7JMRXR4RZF,Hrishita Goswami,hrishita.goswami@hotmail.com,1989-02-14,5741634656.0
BRDPGAELT8,Umang Choudhury,umang.choudhury@gmail.com,1984-12-15,2933369878.0
2A3UFNL4IY,Yuvraj  Chandra,yuvraj_chandra@hotmail.com,1991-06-21,3306318677.0
99LA3UGOFV,Samaira Bhatti,samaira.bhatti@outlook.com,1977-02-04,9399156959.0
5CIONRDSA6,Kiaan Kulkarni,kiaankulkarni@outlook.com,2001-08-25,5101560217.0
8TI7YPE5LS,Kimaya Lala,kimaya.lala@yahoo.com,1969-07-14,4790676505.0
0DXQ15ZRH3,Tarini Shankar,tarini.shankar@yahoo.com,1990-10-24,2591232502.0
UP7EI5SMZR,Pari Jaggi,pari.jaggi@outlook.com,1997-07-15,1508964657.0
NKKT5VF7ZX,Mamooty Sheth,mamooty.sheth@gmail.com,1971-02-23,4732222756.0
YBYMVKU9YL,Shayak Chadha,shayakchadha@gmail.com,1967-09-22,5646927938.0
2GWVMPO39L,Urvi Tara,urvi.tara@yahoo.com,1998-09-16,673731157.0
QBLO8CZPMV,Aarna Dhillon,aarna_dhillon@outlook.com,2001-06-14,1245245820.0
P9K055S5V1,Devansh Raja,devansh_raja@yahoo.com,1975-02-07,1824069589.0
YM0ACJCFFU,Anaya Konda,anaya.konda@outlook.com,2002-07-30,3352836474.0
3RSK9SJJYM,Mahika Halder,mahika_halder@gmail.com,1991-10-17,4539057149.0
YRY7S9XVGS,Navya Shah,navyashah@yahoo.com,1986-04-06,9209693902.0
8EAADQ2T0P,Jiya Barad,jiya.barad@outlook.com,1984-09-29,3094221978.0
O6VJQ49EVC,Lakshay Sidhu,lakshay_sidhu@yahoo.com,1978-06-26,4716307817.0
KW062Q55MV,Piya Dubey,piya_dubey@hotmail.com,1985-12-17,6225233905.0
NM2H1KQEJF,Aayush Wable,aayushwable@outlook.com,1976-12-21,2122294932.0
E4WSS3QCPH,Hrishita Majumdar,hrishita.majumdar@outlook.com,1995-04-16,7002362612.0
H2KORNNZIT,Anay Johal,anay.johal@hotmail.com,1970-02-19,8517228884.0
4KX8TAWDKI,Ranbir Batra,ranbir_batra@gmail.com,1991-12-28,5116805888.0
2M7GOEKIDL,Manikya Kadakia,manikya.kadakia@yahoo.com,1993-06-16,3183944684.0
D280XHLBI8,Diya Thakur,diya_thakur@gmail.com,2004-02-05,9148483615.0
D507PM49Z4,Ranbir Barad,ranbir_barad@hotmail.com,1995-12-10,4074656901.0
D21FVXDLZO,Prisha Jha,prisha.jha@yahoo.com,1986-12-12,6722925204.0
M1170WUXRZ,Manjari Rastogi,manjari_rastogi@hotmail.com,1994-10-04,672434573.0
3VWCRPV0VI,Anvi Sant,anvisant@yahoo.com,1992-05-04,3800253050.0
CYK6VF6Z3G,Manjari Lala,manjari_lala@gmail.com,1974-10-20,408085231.0
NW4YBDI9S1,Taimur Gera,taimur_gera@hotmail.com,1967-11-09,88429913.0
V4AGOEK50O,Himmat Rege,himmatrege@outlook.com,1985-11-12,7783745230.0
O0AZ7ZHKX4,Dishani Kaur,dishani_kaur@gmail.com,1985-04-04,9173570225.0
8F4VK7JP4H,Raunak Kade,raunak_kade@hotmail.com,1966-04-27,6442197161.0
D3TUCZQMGJ,Saanvi Ratti,saanvi_ratti@hotmail.com,2004-01-22,2789420984.0
O0GR964VAX,Nitya Iyer,nitya_iyer@gmail.com,1991-11-04,7984358671.0
AHR0NTFFPU,Charvi Sur,charvi_sur@gmail.com,1989-12-31,6879423109.0
GT7NZQ0KWS,Navya Shankar,navyashankar@outlook.com,1973-04-26,294982345.0
561NO12R85,Vedika Behl,vedika_behl@yahoo.com,1985-08-31,3692376130.0
ZEFGHXS5MO,Devansh Sabharwal,devansh.sabharwal@yahoo.com,1999-05-21,4085884871.0
HX7VFV0E23,Ira Sagar,ira_sagar@gmail.com,1999-01-02,253727178.0
NGRPTM7XVD,Kashvi Tara,kashvi_tara@gmail.com,1998-12-14,3253067216.0
01I0BKS0WT,Adira Sehgal,adirasehgal@yahoo.com,1969-08-11,8022992221.0
L72Q8VI8I7,Saira Barman,saira_barman@outlook.com,1989-06-06,1251238017.0
PC1UYSKMR8,Dhanuk Char,dhanukchar@outlook.com,1998-01-13,3699162104.0
IDN91YZL6V,Zain Uppal,zain.uppal@hotmail.com,1994-11-05,5868141016.0
A02DJZYLR5,Ela Balan,ela.balan@outlook.com,1978-03-13,7433076178.0
XDJ4GTGQLL,Tejas Bahri,tejasbahri@hotmail.com,1982-05-08,9037160905.0
SL68RT7MJF,Mannat Doshi,mannat_doshi@hotmail.com,1993-04-05,348908809.0
0X2QQDNGHX,Mehul Kumer,mehul_kumer@outlook.com,1988-03-23,2765945405.0
41DO2NJBQJ,Advika Agarwal,advika.agarwal@gmail.com,1980-04-19,7885391248.0
OC6FKFP5RB,Arhaan Dhar,arhaan.dhar@hotmail.com,1967-07-21,4783270656.0
NA9WAXGOJA,Sahil Sethi,sahil.sethi@gmail.com,1999-03-20,8556108217.0
CBF2HOCO7O,Divit Ramakrishnan,divit.ramakrishnan@outlook.com,1984-03-05,87588422.0
U1W1YMNRXK,Nitara Kakar,nitara_kakar@hotmail.com,1999-07-23,7227939691.0
YUQBEA83MM,Samar Agrawal,samaragrawal@outlook.com,2003-10-07,2234286885.0
AT30DK00SL,Nayantara Thaman,nayantara_thaman@hotmail.com,1981-12-11,5456955032.0
7BD4RBVR8Q,Hrishita Saini,hrishitasaini@hotmail.com,1978-01-13,5194787920.0
0WIM1C1O8B,Lagan Wagle,laganwagle@hotmail.com,1992-06-05,9668176684.0
YC89ZT339X,Anaya Vala,anayavala@outlook.com,2000-01-03,8814918921.0
U7S6JMQ0KU,Taimur Sheth,taimur_sheth@outlook.com,1996-08-04,2852102959.0
89JC1TKSYD,Anay Kari,anay_kari@yahoo.com,1970-10-19,5954557232.0
7EB3N42CNQ,Sana Ramanathan,sana_ramanathan@hotmail.com,1974-06-12,3113384906.0
8P0N5QKT8L,Hrishita Kala,hrishita_kala@hotmail.com,1985-04-25,7474055337.0
8AIX68E5UN,Saksham Bava,saksham_bava@outlook.com,2000-05-02,904065969.0
LXLPA69B0X,Darshit Bumb,darshit.bumb@hotmail.com,1981-08-22,8831367557.0
KRH5KSFPOK,Madhup Bumb,madhupbumb@yahoo.com,1967-06-09,839530189.0
3C0E34NOYB,Divij Sahni,divij_sahni@gmail.com,1981-05-18,1894135222.0
L2APC0CCDE,Biju Solanki,bijusolanki@outlook.com,1973-10-01,9614401682.0
M9C4LTI7KE,Anahita Luthra,anahita_luthra@gmail.com,1975-05-24,6715300595.0
XXWI8VLNKW,Yashvi Rama,yashvirama@outlook.com,1970-12-26,2473977697.0
2CZJ1UJ2YL,Shaan Chanda,shaan_chanda@outlook.com,2002-09-14,9431101219.0
FT2GOP7M4Y,Damini Chaudhari,daminichaudhari@gmail.com,1987-05-31,455855894.0
8YZ3LAYWEL,Veer Setty,veer_setty@gmail.com,1972-06-27,2348204.0
HWGWRLK38I,Tara Contractor,taracontractor@hotmail.com,1992-09-08,5745197333.0
RD8U3XDJX2,Lavanya Atwal,lavanya.atwal@outlook.com,1998-05-08,9805529864.0
7UW1AX8PNV,Manjari Bhandari,manjaribhandari@gmail.com,2000-01-04,2463812693.0
KE7U397HES,Nakul Bajwa,nakul_bajwa@outlook.com,2003-12-19,3905495698.0
EH4F8XBTNL,Ivan Sagar,ivansagar@yahoo.com,2004-12-05,4506420064.0
C6EA82HLJB,Shaan Khare,shaankhare@yahoo.com,1990-07-20,7820901360.0
0YWPQFO76W,Himmat Bedi,himmatbedi@yahoo.com,1969-09-12,8659279498.0
WB5B4Q0Z7L,Fateh Reddy,fateh_reddy@gmail.com,1999-08-25,5204715465.0
2ZDIV7UE3I,Ritvik Chand,ritvik.chand@hotmail.com,2000-08-05,4244068699.0
TD0T7URG31,Rania Cheema,raniacheema@yahoo.com,1982-05-31,2753423859.0
NUPC7VV0QQ,Reyansh Bhattacharyya,reyansh.bhattacharyya@gmail.com,1971-07-18,1592426309.0
3IQ25ARK8C,Saanvi Dalal,saanvi.dalal@gmail.com,1982-07-04,430728268.0
PC3H5KNM76,Purab Gour,purabgour@outlook.com,1987-03-19,2210334505.0
UM6LRCW7Q8,Shalv Kata,shalv_kata@outlook.com,1977-12-06,7444757852.0
SEGVZ4JWHT,Charvi Chanda,charvi_chanda@gmail.com,2000-05-23,3557109120.0
NWX0U3Q0V5,Misha Balakrishnan,misha.balakrishnan@yahoo.com,1999-03-18,73216386.0
YG4BTGVUAB,Ehsaan Srivastava,ehsaansrivastava@hotmail.com,1986-12-12,6776915251.0
LJZDN7XLTZ,Rania Walla,rania.walla@hotmail.com,1990-07-11,826420800.0
9T3T3VX6I9,Krish Talwar,krishtalwar@yahoo.com,1967-08-29,6319223653.0
32HC7H1Q1N,Abram Lad,abram_lad@outlook.com,1996-01-28,1483216329.0
WXW2MOPGF9,Priyansh Badal,priyansh.badal@hotmail.com,1983-11-26,7542987993.0
TW7JG4EH33,Kaira Gala,kaira_gala@outlook.com,1986-08-01,5549795799.0
UDNKSPME0H,Khushi Borra,khushi_borra@outlook.com,1980-07-11,2068989367.0
8WEYLI98WZ,Adah Biswas,adah_biswas@gmail.com,1977-04-12,3202888559.0
JZRTUB8MJQ,Devansh Dhillon,devansh_dhillon@gmail.com,2004-05-30,9452918227.0
3EDESRC2MB,Veer Rajagopal,veer.rajagopal@hotmail.com,1971-03-28,9310849050.0
ABFMQ1NUTM,Pranay Varughese,pranay_varughese@yahoo.com,1984-02-24,9783141816.0
8T580LXQST,Divit Dhar,divitdhar@hotmail.com,1978-05-17,8086914556.0
XQP7GXJYRE,Kismat Khurana,kismatkhurana@hotmail.com,1969-04-29,1679622505.0
V9NFAEDUPO,Anay Bali,anay_bali@outlook.com,1983-03-08,7647745125.0
VF5YOR82BL,Vivaan Sundaram,vivaansundaram@gmail.com,1978-01-20,3695098806.0
SZ2ZXOBQIR,Adira Butala,adira_butala@yahoo.com,1999-10-30,8379059623.0
NF0XJ0FSF2,Advika Roy,advikaroy@hotmail.com,1984-02-20,7605342359.0
290EWAF051,Ishita Mahajan,ishitamahajan@yahoo.com,1971-05-09,5124819336.0
I74DZUZYBJ,Biju Wali,bijuwali@yahoo.com,1968-12-30,8036349218.0
SP0K6NV4PB,Aarush Choudhary,aarushchoudhary@outlook.com,1970-09-05,1194910844.0
2ZXDJ313X3,Samiha Bawa,samiha.bawa@hotmail.com,1985-08-20,9097889429.0
OX4PERA7EL,Hridaan Gala,hridaan.gala@hotmail.com,2002-04-15,7562364250.0
W3HDT73X38,Ranbir Johal,ranbirjohal@hotmail.com,1976-04-19,2105070858.0
D98G131NVR,Miraan Bhardwaj,miraanbhardwaj@gmail.com,1982-12-17,7693882943.0
CU7TC2NUX6,Lakshit Deshpande,lakshit.deshpande@gmail.com,2003-08-02,8269660290.0
9ZV9NQFHO8,Devansh Gara,devanshgara@outlook.com,1990-04-24,3463876277.0
AGKIYZLT3A,Anvi Sinha,anvisinha@outlook.com,1982-06-16,1707697992.0
D250IFYVOV,Ranbir Doshi,ranbirdoshi@gmail.com,1979-01-25,3200203927.0
0D9RRA7LBZ,Farhan Chacko,farhan_chacko@gmail.com,1967-03-20,1985336899.0
UK3CMZ7X0Z,Zara Mahal,zara_mahal@yahoo.com,2003-02-27,222504816.0
HVGYJNQZHZ,Ela Manda,ela.manda@gmail.com,1985-01-09,1034999502.0
UX1TWKCBD2,Ira Kurian,ira_kurian@yahoo.com,1973-03-15,3887106415.0
CP09FJVBMS,Kaira Dara,kaira_dara@gmail.com,1974-04-04,6668214624.0
DPHPLBQHV7,Manjari Lata,manjari.lata@outlook.com,1982-10-08,9499937376.0
ZK5DWJDUR9,Anahita Atwal,anahita_atwal@yahoo.com,2001-08-18,7440351987.0
OUSJ5BE9FX,Raunak Kapoor,raunak.kapoor@outlook.com,1969-08-15,2020752400.0
2WB9B995B9,Vardaniya Kothari,vardaniyakothari@outlook.com,2003-06-15,7493824868.0
KEXQDJAFDJ,Nitya Hegde,nitya_hegde@gmail.com,1970-08-08,3786964082.0
LYBD9GA15D,Sana Dugar,sana.dugar@hotmail.com,1974-01-11,4106396858.0
GEUPN66FGG,Diya Kothari,diya.kothari@outlook.com,2001-06-27,2649909757.0
LNNZY4O6MG,Renee Cherian,reneecherian@yahoo.com,1986-11-08,9430514539.0
M24RY5LS3E,Jayesh Sangha,jayesh_sangha@outlook.com,1992-02-22,3823614462.0
XTT5SMFF43,Armaan Badal,armaan_badal@gmail.com,2000-09-16,9104405678.0
632AIZ6BOW,Gokul Sen,gokul_sen@outlook.com,1974-09-10,3851634937.0
91RC5G2MHI,Kanav Bose,kanav_bose@yahoo.com,1996-06-14,2308868419.0
VRF2LC8JPQ,Jivika Lall,jivika_lall@gmail.com,1997-08-02,7918721256.0
PDLB7K946Q,Hazel Suri,hazelsuri@hotmail.com,1999-02-20,2281068566.0
G5TSXSYIS3,Ishita Mann,ishitamann@outlook.com,1983-06-06,9216929037.0
0BZ4IJW8PN,Shayak Sule,shayaksule@yahoo.com,1998-07-10,9741073299.0
5C9OVK39LI,Indranil Gupta,indranil_gupta@gmail.com,1975-02-05,8426643860.0
WH0C5QPNSW,Sumer Ahuja,sumerahuja@hotmail.com,1984-05-17,1409749548.0
VEAAHKI6DT,Shray Toor,shray_toor@yahoo.com,1970-10-11,5746101320.0
GCCOSI78KZ,Zoya Dyal,zoya.dyal@outlook.com,1983-06-12,2949777298.0
1A0I0AXMTX,Zain Ramachandran,zainramachandran@hotmail.com,1985-01-18,4024547615.0
0Z9EVA88O1,Nayantara Dixit,nayantara.dixit@gmail.com,1970-12-19,118648236.0
RYHQHPE0VT,Anahita Mane,anahita.mane@gmail.com,1980-03-23,2389631256.0
08OPUVJNN6,Ishita Handa,ishita.handa@yahoo.com,1988-05-20,7876457032.0
XC7Y2HT981,Akarsh Garde,akarshgarde@gmail.com,1973-03-14,4864907678.0
7MY7AVPI7P,Nitya Bath,nityabath@outlook.com,1996-04-02,1595598212.0
JK5UZHFH9K,Nitara Vala,nitara_vala@hotmail.com,1973-11-06,7781422320.0
YYUU22X4Z3,Damini Kulkarni,damini_kulkarni@outlook.com,1980-02-01,492528209.0
TRYTREUEQJ,Madhav Trivedi,madhavtrivedi@outlook.com,1998-08-17,7079111947.0
P7GNRSZXYW,Rhea Vohra,rhea.vohra@yahoo.com,1977-12-24,9612541618.0
3YKV64CJC7,Vedika Magar,vedika_magar@gmail.com,1991-06-20,8496374952.0
1BIZIXJUK5,Hiran Gaba,hirangaba@yahoo.com,1997-05-28,9326162277.0
WK6VRASH9K,Kashvi Chandra,kashvi.chandra@outlook.com,1976-05-17,9289136061.0
R72YJ48OPS,Indranil Chhabra,indranilchhabra@gmail.com,1995-05-15,7841502115.0
8322Y2Q6QO,Nirvi Dubey,nirvi.dubey@outlook.com,1967-05-12,1558981213.0
RQ72BL8ZFO,Lakshit Chaudhary,lakshit_chaudhary@gmail.com,1980-07-21,4435105424.0
ZCV8G7H9GS,Jivin Ahuja,jivin_ahuja@yahoo.com,1986-04-04,7263120611.0
6UPCM4LPQA,Diya Ganesan,diyaganesan@yahoo.com,1968-03-06,2239746721.0
EZ7WTZJ6Y3,Divit Sur,divit.sur@outlook.com,2003-04-14,407476080.0
ZUWMX0L33Z,Ivana Wagle,ivana.wagle@outlook.com,1972-03-09,9987963608.0
EEZOSGWNKW,Ela Badami,elabadami@hotmail.com,1984-02-18,1759739036.0
EYI67DNCEZ,Saira Kari,saira_kari@outlook.com,1967-01-01,4702497387.0
BUIBIWLPEN,Rhea Ravi,rhearavi@hotmail.com,1981-11-23,1031235863.0
HE0M4NCHOP,Zeeshan Din,zeeshan.din@hotmail.com,1968-04-03,8673102072.0
UV8INCLSM3,Prerak Sharaf,prerak.sharaf@yahoo.com,1995-11-16,6526950527.0
XP0BQ1XHO0,Adira Rout,adira.rout@yahoo.com,1985-06-08,5276080627.0
9GRI824SFW,Nishith Dugar,nishith.dugar@yahoo.com,1999-05-18,4212405342.0
WRH4B322O9,Renee Raval,reneeraval@gmail.com,1977-02-28,3022681782.0
K4M31GWPK5,Rasha Uppal,rasha.uppal@outlook.com,1984-04-06,8252891846.0
AC57QC2M8B,Arnav Dara,arnav.dara@yahoo.com,1969-07-30,5136032257.0
SCMSKPR5V5,Lagan Vora,laganvora@gmail.com,1977-07-05,6358850250.0
Q3E0OUZH11,Yashvi Wali,yashvi_wali@gmail.com,1994-10-19,8600880160.0
XC5K61S6NM,Chirag Dixit,chirag.dixit@hotmail.com,1988-01-16,7370723518.0
02SB0VMIZN,Samiha Sathe,samiha_sathe@yahoo.com,1997-02-26,923584137.0
4ZY7KLGVJS,Shray Zacharia,shrayzacharia@outlook.com,1990-01-19,8165699979.0
NZ7Z70HDTW,Pranay Babu,pranay_babu@hotmail.com,1975-12-13,3133281718.0
DKFOCTV3GU,Amira Bhattacharyya,amira.bhattacharyya@yahoo.com,1975-09-25,198569837.0
09VOL7EEK3,Eshani Rout,eshani.rout@hotmail.com,1981-06-11,4377706288.0
VPLBAZDG07,Miraya Gala,mirayagala@hotmail.com,1984-06-17,5751242391.0
F9JZARZGSN,Stuvan Mand,stuvanmand@hotmail.com,1987-12-26,3865141363.0
N1OPJLXKEV,Advik Halder,advik.halder@yahoo.com,1966-07-19,4133969924.0
8PKM5CNMSK,Advik Bedi,advikbedi@hotmail.com,1976-06-10,583041315.0
6OMDM2ZM5Z,Reyansh Din,reyansh_din@gmail.com,1966-09-08,9960984493.0
9V0B6Z9ZBW,Siya Chaudhari,siya_chaudhari@hotmail.com,1997-02-15,2735197916.0
M04WRHVVER,Emir Saha,emirsaha@outlook.com,1995-10-27,2601042204.0
EBEKGMJ1UP,Keya Koshy,keyakoshy@hotmail.com,1989-04-28,5151128869.0
05GUG568DF,Gatik Grover,gatik.grover@hotmail.com,1969-06-12,4986810043.0
T8THJA17IL,Ojas Gupta,ojas_gupta@gmail.com,1971-03-29,8484797625.0
V2J4WP2333,Mahika Bava,mahika.bava@outlook.com,1972-05-23,8531809181.0
JOKQK35YVW,Vaibhav Balakrishnan,vaibhav_balakrishnan@hotmail.com,1968-03-21,6153677364.0
UGITR8Q6ZU,Aarna Batra,aarna.batra@gmail.com,1982-12-28,3143954952.0
2082QT6FD1,Trisha Sarraf,trishasarraf@gmail.com,1978-08-12,2363076164.0
IPLM2A5RPO,Anaya Handa,anaya_handa@hotmail.com,1984-06-05,8810193898.0
PRSFIGTX7J,Veer Sen,veersen@outlook.com,2003-01-14,7328230325.0
NE0BKD6N8T,Zara Behl,zara_behl@gmail.com,1991-10-10,7348219216.0
IHZN8ZF50P,Saanvi Loke,saanvi.loke@yahoo.com,1993-10-20,4050350276.0
ZU62V4TTXB,Aaryahi Kalita,aaryahikalita@gmail.com,1990-01-04,5295528602.0
HIX4Z0ZTH8,Nirvi Chada,nirvi_chada@gmail.com,1997-10-24,2786196191.0
MYIVCD8YAZ,Reyansh Gulati,reyanshgulati@gmail.com,1978-11-06,2319874317.0
IMU062TDZV,Lakshit Saxena,lakshit_saxena@gmail.com,1971-06-24,3182724766.0
BGZ312U49I,Emir Ramanathan,emirramanathan@outlook.com,1987-11-24,9296570973.0
TIQ1YBZQ0Y,Zain Dada,zain_dada@hotmail.com,1969-03-31,7621079690.0
SAW3ODQIWG,Nishith Bobal,nishith_bobal@hotmail.com,1977-12-15,6039000246.0
NZOP34Q8BR,Vedika Jaggi,vedikajaggi@hotmail.com,2001-10-06,5258098228.0
VBJE5IGODT,Dhanush Issac,dhanush.issac@yahoo.com,1987-02-13,9289399533.0
HUF7GEAEEG,Anika Kade,anikakade@gmail.com,2003-12-13,7330195715.0
QNBVR4AIGE,Mahika Tandon,mahika.tandon@gmail.com,1997-11-26,412178491.0
ZTXGD7K6ZB,Yakshit Bahl,yakshit_bahl@hotmail.com,1990-10-24,3297281347.0
7EMTTWIXWB,Yashvi Ratta,yashvi.ratta@outlook.com,1981-06-19,2861178708.0
XZU5R3NU88,Mannat Viswanathan,mannatviswanathan@hotmail.com,1990-11-02,9514692211.0
4C96RNKB9L,Vaibhav Gour,vaibhav.gour@hotmail.com,1984-01-20,4749034070.0
JP642KZ20V,Aarav Chhabra,aarav.chhabra@yahoo.com,1989-09-20,6659969724.0
HRBYB2XSMD,Vidur Devan,vidur_devan@gmail.com,1991-08-22,4647988593.0
YBVC5LEHIQ,Vaibhav Solanki,vaibhav.solanki@yahoo.com,1970-10-02,8291984971.0
6W6J38HW1L,Shayak Dugal,shayakdugal@yahoo.com,1989-12-04,7499976565.0
V0JN1UJ5YP,Vritika Borah,vritika.borah@gmail.com,1976-05-14,6902628474.0
8I0S1LY000,Kiara Deep,kiara_deep@yahoo.com,1990-03-19,337135185.0
XAWMKIBQDK,Tara Chawla,tara.chawla@gmail.com,1991-01-25,589729442.0
FE34HYWMSW,Arnav Chopra,arnavchopra@outlook.com,2003-03-24,1110396685.0
UF1C2J8CKH,Manjari Kunda,manjarikunda@hotmail.com,1982-11-13,9460350875.0
OVZ4XPQQRR,Sahil Hari,sahil_hari@yahoo.com,1972-03-29,4202378226.0
0T99O86JYM,Aaryahi Kumar,aaryahi.kumar@yahoo.com,1966-06-15,8944898253.0
ZRVUHXKT0C,Oorja Srinivas,oorja.srinivas@gmail.com,1987-11-19,2160843570.0
IN1G7LZZ1Z,Priyansh Lad,priyansh_lad@yahoo.com,1987-06-21,1090082300.0
RHI4O48MJL,Shamik Saraf,shamik.saraf@yahoo.com,1987-03-08,5211438919.0
0TTXM7DXRY,Sumer Chada,sumerchada@outlook.com,1966-01-31,1520585068.0
FWV4IYFWCB,Vihaan Kala,vihaan_kala@hotmail.com,1998-05-21,159868587.0
75RUQWAV0G,Vardaniya Brahmbhatt,vardaniyabrahmbhatt@yahoo.com,1999-05-06,8345548207.0
5038980ATZ,Prerak Barad,prerak.barad@yahoo.com,1970-02-26,9899662919.0
D7IT0HOVSD,Vivaan Balan,vivaan_balan@yahoo.com,1988-10-31,1243782465.0
WKC0U3J2YK,Vritika Rout,vritika.rout@hotmail.com,1980-11-13,4041615334.0
ZOZEJETW0F,Urvi Gopal,urvi.gopal@gmail.com,1988-05-08,9468108365.0
SF9FD8THOP,Hridaan Ghose,hridaan.ghose@gmail.com,2001-05-11,6850407033.0
OL6Z947JAA,Pari Chopra,pari.chopra@gmail.com,1981-06-13,7224072033.0
R03C9BWG31,Rhea Hegde,rhea_hegde@yahoo.com,1996-02-29,7926000652.0
Q70TTR008Y,Lagan Kibe,lagan_kibe@yahoo.com,2002-07-06,1902612276.0
RYWN8BMLQQ,Onkar Savant,onkarsavant@gmail.com,1983-11-10,9745664464.0
R8OKOUJ579,Shayak Sharma,shayak_sharma@hotmail.com,1973-05-01,7300100438.0
W82038ZPNB,Divit Yadav,divit_yadav@gmail.com,1982-11-08,8069281392.0
RFYX8JML44,Uthkarsh Bose,uthkarsh.bose@outlook.com,1975-02-16,9090995495.0
EVWU3FNX6F,Samar Rama,samar_rama@outlook.com,2000-10-29,4127292070.0
XIQJC8DXCO,Myra Sangha,myrasangha@outlook.com,1978-11-26,6941062746.0
FN2AHIP7LT,Nayantara Bhakta,nayantarabhakta@gmail.com,1966-12-10,7788334495.0
VQQG2TI8UW,Yasmin Bhat,yasmin.bhat@hotmail.com,1977-06-30,9460804594.0
QEMUYKH7DT,Umang Yohannan,umangyohannan@yahoo.com,1990-04-29,5059736840.0
2D9YHIQLY3,Hansh De,hanshde@yahoo.com,1987-01-16,3000347217.0
NHGSSOFP2Q,Yasmin Ranganathan,yasminranganathan@outlook.com,1986-11-10,2377919696.0
CF4EE9PAKB,Ritvik Rout,ritvikrout@hotmail.com,1999-04-22,2761488514.0
AVYUCVG2NL,Fateh Dey,fatehdey@yahoo.com,1984-03-08,8969004632.0
3X6LJVYNTY,Shray Bali,shraybali@outlook.com,1993-05-12,9932278598.0
MKQOA1XEO5,Tanya Choudhury,tanya.choudhury@outlook.com,2003-11-25,2433536464.0
5HTRJUUHZX,Divij Chad,divij_chad@hotmail.com,1972-06-09,3597372220.0
NQTN0DTTE1,Shamik Sahni,shamik.sahni@hotmail.com,1974-09-17,1577741752.0
BJTBS6OOAR,Uthkarsh Chada,uthkarsh.chada@hotmail.com,1966-02-17,6255294460.0
2JNGA3DSQ3,Biju Ravi,biju.ravi@hotmail.com,2004-11-17,751198868.0
E3RGOGRL3Q,Kismat Raja,kismat.raja@yahoo.com,1994-03-31,4587701603.0
NW1S15VRKC,Khushi Zachariah,khushi_zachariah@hotmail.com,1979-10-06,5905287107.0
JTOSIZ7RAD,Jayesh Dugar,jayeshdugar@yahoo.com,1968-11-14,263278507.0
Q7TE42QLYV,Urvi Som,urvi_som@yahoo.com,1984-03-01,4530298805.0
LI3LIKAILG,Gatik Tata,gatik_tata@yahoo.com,1979-03-14,8773145832.0
JCQ9TBG8I6,Shalv Shenoy,shalv_shenoy@gmail.com,1997-08-27,7116279990.0
RYUIFK5JBQ,Divyansh Chadha,divyansh.chadha@yahoo.com,1988-10-27,9528679099.0
VAV8K9M23V,Divyansh Dhaliwal,divyanshdhaliwal@outlook.com,2001-12-07,386908181.0
M5249S2IPA,Divyansh Bhatti,divyanshbhatti@outlook.com,1993-02-13,5266511663.0
QF2OIC7TJV,Reyansh Lal,reyansh_lal@yahoo.com,1969-12-10,8130505918.0
ZZZR5O02HG,Renee Dua,renee.dua@hotmail.com,1987-05-28,619994287.0
FNOP6I35VX,Kartik Goda,kartik_goda@hotmail.com,1978-06-17,8437831572.0
I5G21K2JZB,Armaan Choudhury,armaanchoudhury@gmail.com,1970-12-29,1776552758.0
CMNMOOHXOQ,Kanav Ganesan,kanav.ganesan@yahoo.com,1969-08-11,3386768716.0
7UZTXJ936S,Kaira Rau,kaira_rau@gmail.com,1997-01-01,7904902144.0
EPPJ8AQRYH,Shray Shah,shrayshah@gmail.com,1989-06-27,9914158222.0
UC5SHXPKDM,Reyansh Chhabra,reyanshchhabra@yahoo.com,1982-11-28,9663908852.0
BLIQXN6BTZ,Gokul Gera,gokulgera@outlook.com,1992-03-02,9529537629.0
B3VP0N4878,Piya Bath,piya.bath@hotmail.com,1985-07-03,3973957305.0
1Z7JPI1KQW,Riya Varughese,riya_varughese@yahoo.com,1974-04-20,4846942304.0
MEA4BI3NHR,Aaryahi Bose,aaryahi_bose@gmail.com,1967-03-06,1284134507.0
WK7RJFZ3WL,Lavanya Apte,lavanya_apte@yahoo.com,1979-10-21,8481840507.0
KOXIHJRAEI,Indrajit Rattan,indrajit.rattan@gmail.com,1980-08-25,9964074553.0
AZQK4AW45S,Trisha Gera,trisha_gera@yahoo.com,1967-01-17,2451132460.0
KHV0WO6LI2,Nitya Sahota,nityasahota@gmail.com,2003-10-28,6687716.0
KMSD8LDUYY,Keya Dube,keyadube@yahoo.com,1993-01-01,9463941288.0
CA5PKG8H01,Jivin Khalsa,jivinkhalsa@hotmail.com,1984-01-31,5599915549.0
RFO4YKAHWK,Anya Bala,anya.bala@gmail.com,1982-11-27,2524353295.0
UOUDZUJZ5S,Mamooty Grewal,mamooty.grewal@outlook.com,1969-05-08,9522488022.0
ZYK4OPP038,Vaibhav Sodhi,vaibhavsodhi@outlook.com,1973-06-10,7077509550.0
AQNN2KLASV,Kanav Bava,kanav.bava@gmail.com,1970-07-08,7939440684.0
HXNHQPDXES,Aarav Khosla,aarav_khosla@hotmail.com,1977-03-04,2569010725.0
S3T790UOK4,Advika Bassi,advika_bassi@yahoo.com,1973-01-29,936977523.0
SBS5Q0TZYR,Saanvi Mahajan,saanvi.mahajan@yahoo.com,1968-11-18,3880751529.0
J6KANHUS39,Kiaan Sawhney,kiaan_sawhney@yahoo.com,1998-09-02,3162618855.0
XTS5EV5XTA,Aarna Bhatnagar,aarna.bhatnagar@outlook.com,1988-09-20,1751622990.0
ULEA1U9MXT,Nitara Rao,nitara.rao@gmail.com,1982-04-17,7606979386.0
CFZEWTVLTX,Jayan Khare,jayan.khare@outlook.com,1992-06-14,2263692820.0
YJFIHQ4D99,Shray Thakur,shray.thakur@hotmail.com,1989-10-03,1406202023.0
KCCKZ9FOOZ,Nakul Sandhu,nakulsandhu@outlook.com,1985-06-18,4711309591.0
KKRS7E7P8B,Ryan Sunder,ryan_sunder@outlook.com,1990-02-13,383434082.0
FPGZS2I771,Madhav Vasa,madhav.vasa@hotmail.com,1968-08-09,7437460169.0
5NHR2A6E7D,Vivaan Deshpande,vivaan.deshpande@yahoo.com,1968-06-18,1644956626.0
FB1DLC730B,Bhavin Sama,bhavin_sama@hotmail.com,1968-04-22,9779567297.0
4EMT9RU2VW,Ranbir Mandal,ranbir.mandal@gmail.com,1980-04-23,3664913040.0
AO4JWV5BN3,Nirvi Gera,nirvi_gera@yahoo.com,1971-08-14,6474581980.0
JO3P36TD7I,Aradhya Banik,aradhya.banik@outlook.com,1974-12-23,8544130195.0
JJRYBEEBCK,Ahana  Rana,ahana_rana@outlook.com,1987-06-19,5246842491.0
X3PEKMNWEM,Hunar Dugar,hunar.dugar@gmail.com,2000-08-26,1516547053.0
TE531HF5P3,Shayak Khatri,shayak.khatri@gmail.com,1985-12-19,4542071440.0
905IHTRIRL,Zara Dhingra,zaradhingra@outlook.com,1975-12-10,8543376262.0
PH2J8XTL5W,Aradhya Dalal,aradhya_dalal@yahoo.com,1966-07-26,6726440905.0
S1OLMRKJWS,Adah Subramaniam,adah_subramaniam@yahoo.com,1982-09-11,6243112138.0
4RSABCUEE5,Trisha Sule,trisha.sule@outlook.com,1976-08-19,3186246702.0
YV2EWUNTPC,Onkar Chhabra,onkar.chhabra@yahoo.com,1978-03-03,4279208065.0
AGY2MJIGDB,Jiya Dar,jiyadar@gmail.com,1984-01-20,4859303859.0
WETM6ZUYEW,Vaibhav Anne,vaibhav.anne@hotmail.com,1982-02-26,3932108997.0
86O08YK561,Lakshit Tak,lakshittak@yahoo.com,1975-01-15,1299851272.0
JRCY9SVVP2,Manikya Jaggi,manikya_jaggi@gmail.com,1995-01-18,5817967523.0
2CX5XWJYFS,Rati Wagle,rati.wagle@yahoo.com,1970-05-13,6524877618.0
ZSOP9CVNGS,Gatik Bala,gatikbala@gmail.com,1993-07-08,9167980802.0
QSK37I34S4,Alia Gandhi,alia.gandhi@yahoo.com,1985-02-15,9885806500.0
7J92UDVRB3,Romil Chandra,romil.chandra@hotmail.com,1985-12-22,5899354055.0
8G2MFJR9HN,Raghav Bala,raghav_bala@yahoo.com,1980-10-14,7131464216.0
475IJCBFSG,Tanya Shah,tanya.shah@outlook.com,1968-11-16,5846898171.0
5488I93Y0U,Kashvi Dey,kashvidey@gmail.com,1998-10-19,7436403604.0
XSMOYOCIL0,Diya Lall,diya.lall@yahoo.com,1987-11-05,6528474915.0
05W56WNWUP,Baiju Mand,baiju.mand@yahoo.com,2001-09-16,1994053976.0
U929ZZRQ2Y,Alisha Dutta,alishadutta@gmail.com,2003-12-21,788361349.0
5YH6HEM38H,Shaan Wadhwa,shaan_wadhwa@gmail.com,1975-04-08,8394373522.0
FP7E610D3Z,Hrishita Anand,hrishitaanand@hotmail.com,1973-01-12,7586758946.0
XFPL7Y6RS1,Advik Salvi,advik_salvi@gmail.com,1976-11-06,3824226226.0
2CLC5LQ4S8,Divit Wason,divitwason@outlook.com,1996-11-23,2406496825.0
ZNN60DYVLM,Rati Yogi,rati_yogi@gmail.com,1969-12-22,6063674077.0
6U4TJJT7NV,Aarush Bava,aarush_bava@outlook.com,1971-11-11,5700067022.0
FHSY71DD9I,Charvi Edwin,charvi_edwin@hotmail.com,1968-12-31,8286648212.0
TSGWN68MJJ,Gatik Jayaraman,gatik.jayaraman@hotmail.com,1969-07-31,7006649220.0
NUXOZZDIBI,Farhan Badami,farhan_badami@gmail.com,1966-01-27,502344931.0
10EXWKWE52,Vaibhav Chacko,vaibhavchacko@gmail.com,1973-10-10,6958824906.0
SCF24MPZHQ,Jayant Mannan,jayantmannan@hotmail.com,2003-09-08,272553512.0
4ULWZ15U6J,Vihaan Dhar,vihaan.dhar@outlook.com,1994-06-02,2984232802.0
GMO9UQ63P0,Manikya Sehgal,manikya.sehgal@gmail.com,1975-09-03,829071856.0
B04KJIYX52,Amani Dutt,amani_dutt@yahoo.com,1989-05-26,2003702871.0
KDD8FEO1X7,Samarth Shukla,samarthshukla@outlook.com,1993-05-22,4035644912.0
2LAE4KOS4E,Shamik Bumb,shamik.bumb@outlook.com,2003-09-13,3756427307.0
A0IZBNY87A,Jivika Chaudhuri,jivikachaudhuri@hotmail.com,1982-06-20,5293451341.0
GHWORRELCZ,Aaryahi Mandal,aaryahi.mandal@hotmail.com,2000-09-30,7812094056.0
YQSHNWOP9T,Riaan Khare,riaan_khare@gmail.com,1990-04-29,137511522.0
ID9FYP7ZY4,Shray Singh,shraysingh@gmail.com,1973-06-16,1651931115.0
WVST2MSFHH,Kaira Golla,kairagolla@hotmail.com,1988-10-28,2679623148.0
23WKHEC3QL,Ojas Kaur,ojas.kaur@outlook.com,1974-02-15,49374384.0
U8W55INFH3,Trisha Mall,trisha_mall@hotmail.com,1983-03-03,5306389974.0
KNGXGX9B94,Armaan Sarin,armaansarin@gmail.com,1975-01-13,6290135390.0
PLZ2EP78P0,Kaira Doctor,kairadoctor@outlook.com,1980-02-23,9992111240.0
P9NGIWUOUQ,Vivaan Sahni,vivaansahni@outlook.com,1982-06-11,4598542924.0
41GP2MECV3,Raunak Date,raunak_date@yahoo.com,1975-12-16,8421561095.0
N7YBSW74IO,Vihaan Kibe,vihaan.kibe@outlook.com,1999-12-02,8181323061.0
BNILNLFSOC,Gatik Johal,gatik_johal@gmail.com,1987-08-06,3858319891.0
WSSEHKL68X,Riaan Chand,riaanchand@hotmail.com,1988-01-28,2610148899.0
N3NPNHNFQC,Raunak Gade,raunak.gade@outlook.com,1978-09-24,6442904152.0
QTRDP9Q4Z1,Aniruddh Balay,aniruddh.balay@hotmail.com,1969-01-05,2977653940.0
3H4YSO13YF,Miraan Ganesh,miraan.ganesh@hotmail.com,1979-07-11,6118393064.0
SA278EIA4F,Jiya Gill,jiya.gill@outlook.com,1982-01-20,659392976.0
UV45XGM5NG,Madhav Gole,madhav_gole@gmail.com,1990-12-13,4208343785.0
GGQEKUVYHU,Neysa Vyas,neysa_vyas@hotmail.com,1987-08-21,3808997054.0
ZN843PNDGP,Aaina Malhotra,aaina_malhotra@yahoo.com,1999-09-16,7714834368.0
FH1S2NJ5YE,Umang Manne,umang.manne@outlook.com,2004-01-12,1230516356.0
WU8D2UOP61,Riaan Anand,riaan_anand@outlook.com,1967-04-19,8244720172.0
W15VKDRJYW,Himmat Apte,himmat.apte@yahoo.com,1975-11-07,3164736381.0
Y95138WTSM,Manjari Kalla,manjarikalla@hotmail.com,1974-04-27,6417853538.0
DX8GHBR8JP,Shaan Bandi,shaan_bandi@hotmail.com,1987-01-11,4384193132.0
ZGR5F7P0IK,Kashvi Khare,kashvi.khare@outlook.com,1984-01-04,2452124931.0
WE89YTNJ7Z,Onkar Bava,onkar.bava@gmail.com,1991-08-13,1583054943.0
ZC595H0NDS,Tarini Kohli,tarini_kohli@yahoo.com,1968-01-07,1066044536.0
JQ8PT7YUB9,Ela Khatri,ela.khatri@hotmail.com,1984-07-06,322638.0
DLDLQWM4LQ,Vidur Bajaj,vidur.bajaj@outlook.com,1976-07-11,1538464598.0
LQFYJR97BI,Yasmin Karpe,yasmin.karpe@hotmail.com,2001-10-01,7130314275.0
LA91MDME2Y,Indranil Seth,indranil.seth@hotmail.com,1982-10-13,2238336952.0
QZZPP38OPK,Dhanush Solanki,dhanush.solanki@yahoo.com,1976-10-26,1615703931.0
KRW8DAMKTM,Diya Joshi,diya.joshi@gmail.com,1995-05-20,3940886666.0
VMQE9M5CAC,Anahita Date,anahitadate@hotmail.com,1999-05-09,7961688545.0
PI0ZAPPZJD,Jayant Srinivasan,jayantsrinivasan@yahoo.com,1996-11-23,1029978169.0
H4KF4C7QV7,Riya Bajwa,riya.bajwa@yahoo.com,1994-11-11,7172010594.0
189HMOTL2R,Raghav Chanda,raghav_chanda@gmail.com,1987-07-10,7862528192.0
3HTQ1P60RY,Mamooty Shetty,mamooty_shetty@hotmail.com,1978-05-18,7584114022.0
0E7LMZ7ECN,Kiaan Koshy,kiaan.koshy@gmail.com,1972-09-01,5926958063.0
BCXNVCWHXN,Himmat Saran,himmat_saran@yahoo.com,1974-06-03,5291977503.0
74BYLQIDXZ,Divyansh Sharaf,divyanshsharaf@hotmail.com,2000-09-27,3347071453.0
6V9FQH7HDX,Tiya Kashyap,tiya_kashyap@yahoo.com,1983-10-13,3394682946.0
FZBS0H01YT,Mannat Ramaswamy,mannat_ramaswamy@outlook.com,1985-06-02,7580515012.0
7ZWX01VYU9,Urvi Sibal,urvi.sibal@gmail.com,1996-07-13,5583425695.0
CI2X0BLZCA,Drishya Khosla,drishya.khosla@hotmail.com,1983-06-04,2278205394.0
BAJV5YTFSJ,Riaan Saini,riaan.saini@hotmail.com,1970-09-22,4503566599.0
EO8D0M9HSE,Vritika Chandran,vritika_chandran@gmail.com,1981-05-04,4114532715.0
BXTDF8TYVT,Reyansh Biswas,reyanshbiswas@outlook.com,1988-12-22,6607272431.0
8BND6Z945B,Kaira Gole,kairagole@gmail.com,1973-09-17,1932301210.0
GWE5ILC0KY,Parinaaz Devan,parinaaz_devan@gmail.com,1973-09-04,9996146139.0
ZQMT4BR3J9,Anahi Vaidya,anahivaidya@hotmail.com,2000-10-24,5633878900.0
FK1O89EB5I,Shalv Sur,shalvsur@hotmail.com,1971-02-08,5658315743.0
AOX3CJI60D,Onkar Barad,onkarbarad@hotmail.com,1978-01-21,4714213488.0
VBD79FHCFA,Kimaya Bera,kimaya.bera@gmail.com,2004-12-06,2597880587.0
NTPQXT4UZ1,Yuvaan Bains,yuvaanbains@hotmail.com,1979-01-25,9806909181.0
DM0XKSEMZW,Amira Raj,amira_raj@hotmail.com,1967-07-18,4379862549.0
MNBSF8XUJG,Eshani Gupta,eshani_gupta@yahoo.com,1993-02-06,541842846.0
FY6R339FU8,Dhanuk Suresh,dhanuk.suresh@yahoo.com,2001-03-02,9209367282.0
H1IGIO2AHF,Manikya Solanki,manikya_solanki@gmail.com,1979-03-22,7445063511.0
42GLVP99NR,Adira Ramakrishnan,adiraramakrishnan@gmail.com,1972-09-29,4446124751.0
3EHJLFL7EZ,Piya Dasgupta,piyadasgupta@yahoo.com,1981-07-08,2767641539.0
MTUU4KINOE,Trisha Bora,trisha_bora@yahoo.com,1971-02-24,996134088.0
V4C5E0SLWG,Hrishita Konda,hrishitakonda@gmail.com,1968-01-03,4694981868.0
T90GDHBDLS,Mannat Gala,mannat.gala@outlook.com,1995-12-25,8777098895.0
S82XFNMDXD,Onkar Ganesh,onkar.ganesh@outlook.com,1995-02-21,3657318603.0
Z9139B86UG,Taimur Sarin,taimursarin@hotmail.com,1984-11-04,3333256710.0
SEOVMJXCLI,Ryan Srinivas,ryansrinivas@outlook.com,1981-05-02,7968652266.0
HJXRVDEEM2,Kimaya Bala,kimaya.bala@hotmail.com,1967-08-27,1255340812.0
1CDSVHX0YZ,Damini Sarin,daminisarin@yahoo.com,1989-02-14,4297076739.0
BSQIFRMYKZ,Ritvik Kanda,ritvik.kanda@hotmail.com,1971-03-05,8135054577.0
C04JH67ZAU,Chirag Dutta,chirag_dutta@yahoo.com,1979-04-22,4397083981.0
KWML51Y8NP,Ayesha Rastogi,ayesha_rastogi@outlook.com,1967-03-29,4096384277.0
6LKPQZPISC,Drishya Bhat,drishya_bhat@yahoo.com,1973-08-29,7686011981.0
BRJ38G459K,Kanav Sinha,kanav_sinha@gmail.com,1998-01-01,2530490374.0
BR3REJ5Y5U,Alisha Kade,alisha_kade@gmail.com,1975-01-11,1553911944.0
UMUJ3QCIIG,Ira Dhar,iradhar@hotmail.com,1967-05-26,3563584608.0
BG5QCH8PBQ,Faiyaz Rau,faiyaz.rau@hotmail.com,1992-05-05,1316918793.0
A5JSS2FOKJ,Divit Ganguly,divit.ganguly@hotmail.com,2001-10-14,7503024707.0
WOQA9QETXA,Uthkarsh Srinivasan,uthkarsh_srinivasan@hotmail.com,1989-05-15,760314451.0
DKV2HQ2FDG,Bhavin Lad,bhavin.lad@hotmail.com,1992-02-02,1361860142.0
72N8H8QPZQ,Dhanush Loyal,dhanushloyal@hotmail.com,1997-12-29,1925168980.0
15TS2FUUWY,Priyansh Kaul,priyansh_kaul@hotmail.com,1982-11-11,7597189889.0
QKSESG5HIK,Hunar Sachdeva,hunar.sachdeva@yahoo.com,1993-12-21,2602949541.0
7R3CDY2TBX,Aradhya Raju,aradhya_raju@gmail.com,2003-03-20,8207967791.0
UC261SVYYU,Aaina Saraf,aaina.saraf@gmail.com,1976-12-15,7735725388.0
OIRE8J7RF2,Faiyaz Andra,faiyaz.andra@hotmail.com,1969-08-16,7367789271.0
HR7LFZJVPX,Vardaniya Lala,vardaniyalala@yahoo.com,1992-02-21,4877602424.0
LP54HM1WS4,Vaibhav Dhingra,vaibhavdhingra@outlook.com,1979-03-22,5845369723.0
KM0HEMORZF,Anahi Sidhu,anahi.sidhu@outlook.com,1977-12-03,9010915652.0
D60VLIESVI,Kaira Deshmukh,kairadeshmukh@yahoo.com,1977-02-23,88645787.0
CHLGWNQYVF,Devansh Ganesh,devansh.ganesh@hotmail.com,1995-07-30,6442921174.0
7IA07R5Q63,Badal Dhar,badal_dhar@yahoo.com,1981-10-20,6776493751.0
EE5XMFZBEV,Tara Gour,tara_gour@gmail.com,1985-09-15,7718092.0
IUDVY1O3FA,Ojas Ahluwalia,ojasahluwalia@outlook.com,2000-01-27,4553337408.0
0X2SYAJVX4,Keya Magar,keya.magar@yahoo.com,1979-01-06,817280059.0
UMMFJO6AVD,Lakshit Vaidya,lakshitvaidya@gmail.com,1979-03-19,5301869394.0
63CUZ15MCR,Vardaniya Dara,vardaniya.dara@outlook.com,1998-09-08,7280164731.0
33IIQ86YK7,Kimaya Sekhon,kimayasekhon@outlook.com,1976-12-08,6669465120.0
4YQ358GOFC,Prerak Uppal,prerakuppal@gmail.com,1975-04-17,9468223240.0
4AWITAHOZV,Yuvaan Kothari,yuvaankothari@gmail.com,1985-11-02,1661798703.0
3R6CCP0X2T,Hrishita Sarin,hrishitasarin@yahoo.com,1991-12-21,9697864677.0
ZX12SYP4Z4,Urvi Bhat,urvibhat@yahoo.com,1999-02-28,236028482.0
K2HZSBACNX,Bhavin Kata,bhavin_kata@yahoo.com,1995-10-06,1295320474.0
LFKV25NYUF,Alia Ratti,aliaratti@outlook.com,1973-07-18,6218628967.0
VIAKGVZ975,Jivin Kakar,jivinkakar@outlook.com,1994-09-15,6364842432.0
EE56NI4PN9,Saksham Dass,sakshamdass@hotmail.com,1969-07-26,4489693533.0
JQ47X9S5XM,Devansh Lad,devanshlad@gmail.com,1967-03-13,1957707436.0
6D4XSJHE7I,Shalv Balan,shalv_balan@hotmail.com,1974-10-03,4147278582.0
PNWUOSZPEH,Ahana  Sachdev,ahanasachdev@outlook.com,2001-07-27,7713103517.0
MTG91JLYPN,Romil Kade,romil.kade@hotmail.com,2001-09-13,5497595704.0
SDBM2HCX5R,Fateh Saini,fateh_saini@hotmail.com,1973-06-20,6891106143.0
FEWMYGX0OH,Saira Dyal,sairadyal@gmail.com,1982-06-22,8427684666.0
9SPLKR5R6N,Jayesh Kibe,jayeshkibe@outlook.com,1968-09-09,2972975540.0
CU2A149B2Y,Kartik Mandal,kartik_mandal@hotmail.com,2002-06-14,3890306421.0
BOU92KQV2A,Alia Mahal,alia.mahal@gmail.com,1993-07-20,7487992811.0
HBPMHQG2UL,Keya Comar,keya_comar@hotmail.com,2001-07-27,5249225324.0
T2R7IR7WIH,Bhavin Wali,bhavin.wali@hotmail.com,1991-10-20,8673792137.0
WSF51XQEHW,Samiha Keer,samihakeer@gmail.com,1981-12-28,1063538279.0
DE1XUWG5GY,Yashvi Issac,yashvi_issac@yahoo.com,2004-08-09,9368658810.0
LT63NMKZU5,Piya Kumer,piya_kumer@gmail.com,1971-07-06,4234910357.0
GEHL3JV21Z,Ritvik Sankar,ritvik_sankar@yahoo.com,2000-11-08,602055152.0
Y4PE7C3YQO,Darshit Aurora,darshit.aurora@yahoo.com,1991-12-30,3096485345.0
GG2X78BWG0,Lakshit Viswanathan,lakshitviswanathan@hotmail.com,2003-08-04,8729179368.0
5AF4MYOIJH,Rasha Kannan,rashakannan@hotmail.com,1969-07-03,210796279.0
EO8WR23FO0,Abram Lall,abramlall@yahoo.com,1974-11-26,4185142891.0
NP58H013BW,Tara Jayaraman,tara_jayaraman@hotmail.com,1989-06-16,713697017.0
0F12R1IB77,Anahi Vora,anahivora@yahoo.com,2003-05-14,9919811703.0
DCJDSYPFX2,Taimur Sahni,taimur_sahni@hotmail.com,2004-04-25,3338386114.0
O0FJ4GV1HS,Rati Chad,ratichad@gmail.com,1974-07-20,5354815031.0
HC8ZXJDDBY,Riya Sandal,riya.sandal@outlook.com,1966-07-05,7403796680.0
R57KLBBGR6,Dishani Devan,dishanidevan@gmail.com,1983-03-30,4647620521.0
VBIIFBVSUO,Nitya Khanna,nitya.khanna@outlook.com,1967-08-15,7212723002.0
K1SUQ39ICS,Saksham Talwar,saksham_talwar@outlook.com,1970-09-28,1235591616.0
J7QM9YENHA,Suhana Gole,suhana.gole@outlook.com,2002-06-17,864005753.0
840DXGGMYC,Hiran Amble,hiran_amble@gmail.com,1984-04-29,2339064958.0
98ANGTHE6R,Myra Singh,myra.singh@hotmail.com,1967-06-16,893102128.0
FYAKBVBYQ9,Veer Kurian,veer_kurian@gmail.com,1988-12-05,9360511237.0
23QZ9NEH85,Bhavin Goel,bhavingoel@yahoo.com,1997-07-17,8770432009.0
I0EMVMNLRI,Biju Choudhry,biju.choudhry@yahoo.com,1991-02-25,4190269608.0
WO53SZM83U,Mahika Brahmbhatt,mahikabrahmbhatt@yahoo.com,1996-02-27,9795345029.0
OAKTKZNP37,Adah Choudhury,adah_choudhury@yahoo.com,1976-12-16,3502107782.0
ITU6PWX9VO,Bhavin Lanka,bhavin_lanka@yahoo.com,1976-02-24,4256947861.0
PQBZSAPZXY,Nirvaan Chaudhari,nirvaan.chaudhari@hotmail.com,1984-08-30,2784207736.0
C6KNLSUR37,Mannat Vaidya,mannatvaidya@hotmail.com,1971-08-02,8650500954.0
GOOH1ARK6F,Khushi Chahal,khushi_chahal@outlook.com,1968-05-05,2693203990.0
FZ4PLLYHQ8,Raghav Wadhwa,raghavwadhwa@yahoo.com,1973-08-13,5566698567.0
PQPU80XR6A,Pari Tandon,pari.tandon@outlook.com,1984-04-24,6815644797.0
KILYNGGJDN,Ira Doshi,ira_doshi@hotmail.com,1982-07-11,3377669544.0
U6Y3151E4D,Aayush Chacko,aayush_chacko@gmail.com,1996-10-06,8833426660.0
RLJMXZX9RL,Chirag Lad,chirag_lad@outlook.com,1976-06-28,3584838672.0
VTZ8IMNDHM,Umang Sha,umangsha@gmail.com,2004-01-16,4721241121.0
ZTT18IRBQ0,Armaan Bora,armaan.bora@yahoo.com,1974-11-24,4347607757.0
TCI9Z5U6JK,Stuvan Raju,stuvan.raju@yahoo.com,1985-12-08,9363403517.0
STQASXF3YU,Uthkarsh Rastogi,uthkarsh.rastogi@outlook.com,2003-09-19,5850516529.0
CLTRIGACOI,Taran Setty,taran.setty@gmail.com,1997-10-21,260401350.0
KUD3IKNAB8,Shaan Hayre,shaan.hayre@hotmail.com,1989-07-28,9702745677.0
63BLMF8ROO,Baiju Gade,baiju_gade@outlook.com,1975-09-15,3037921237.0
XBR3AXCT8B,Damini Sethi,damini.sethi@gmail.com,1974-11-07,5636771525.0
9G1M9S2ZEV,Shalv Bal,shalvbal@yahoo.com,1996-01-26,3672793362.0
EAPHWN7KEZ,Advika Rastogi,advika_rastogi@yahoo.com,2002-01-21,810073792.0
NLQY2IL1HB,Inaaya  Dara,inaaya_dara@yahoo.com,1988-02-01,6175181834.0
04NNLULEBV,Elakshi Sampath,elakshisampath@outlook.com,1996-11-07,5047472326.0
FPVRINCTUA,Yuvaan Contractor,yuvaan.contractor@gmail.com,1977-11-18,2207339407.0
RQ40R0YI89,Kavya Sridhar,kavya.sridhar@yahoo.com,2001-11-02,1537179856.0
NRXR6TFKQR,Jayant Anand,jayantanand@gmail.com,1983-12-12,9143810080.0
6YSGOVQUHU,Madhup Rout,madhuprout@hotmail.com,2000-10-13,5421176649.0
1M2541C3SH,Jayesh Majumdar,jayeshmajumdar@yahoo.com,1975-12-01,3126775361.0
FS1GMFHGVD,Neysa Shanker,neysa_shanker@gmail.com,1995-09-08,6470517358.0
LC6AGO0VKF,Jayan Banerjee,jayan_banerjee@yahoo.com,1997-03-27,1246258662.0
5Z4WT3MGAI,Alisha Thakur,alisha_thakur@hotmail.com,1993-04-24,3571872050.0
MODWM6RQXB,Lakshit Arya,lakshitarya@gmail.com,1994-07-31,786181154.0
45FFEYBMMD,Tejas Singh,tejas_singh@outlook.com,1981-12-19,2818646668.0
JHSM9YY2BE,Anvi Wadhwa,anvi_wadhwa@hotmail.com,2000-05-01,776991560.0
1E254FBVTO,Ivana Ranganathan,ivana_ranganathan@gmail.com,1992-12-17,9630611063.0
TUFN0PLE39,Kabir Singh,kabir.singh@gmail.com,1982-06-08,5408130769.0
5QY2PYZEDB,Jayan Edwin,jayanedwin@hotmail.com,1988-09-01,5906315459.0
MF5G8EY88J,Kavya Kothari,kavyakothari@hotmail.com,2003-09-01,8363640911.0
6WHPSFSBBV,Veer Vig,veer.vig@hotmail.com,1992-08-26,4507686741.0
GW62EXGEM8,Amani Hayer,amani.hayer@gmail.com,1983-02-15,8762068596.0
RPQODMZ5G7,Aradhya Kibe,aradhya.kibe@hotmail.com,1999-07-30,5086185822.0
PEQ43THSCA,Keya Lanka,keya.lanka@hotmail.com,1968-04-20,9139140458.0
IOJY3U0JU8,Yuvaan Tak,yuvaan_tak@gmail.com,1973-04-08,4812050869.0
G9S0IT7H7W,Gatik Bajwa,gatikbajwa@hotmail.com,1978-07-04,6339465084.0
VAST86NUYJ,Devansh Samra,devansh_samra@gmail.com,1966-05-27,2543436400.0
SMS5VKBUI1,Ehsaan Kala,ehsaan.kala@outlook.com,1988-04-04,1461835068.0
S7O5ZGS39G,Divyansh Khatri,divyansh_khatri@outlook.com,1979-05-12,1660441186.0
W4N5VGTV7E,Lavanya Johal,lavanyajohal@yahoo.com,1996-01-10,3330407068.0
ZLFAUHQVKP,Gatik Varma,gatik_varma@outlook.com,1971-04-05,7252659988.0
XS9GDIFA68,Pari Rege,pari_rege@outlook.com,1979-02-12,4153636596.0
N4KFYNEXSJ,Arnav Krishna,arnav_krishna@yahoo.com,2002-10-07,6000500231.0
7J6GYT6VRK,Jivin Ratta,jivinratta@outlook.com,1972-07-15,1947116775.0
GLO9V284OD,Raunak Sur,raunak.sur@gmail.com,1990-04-14,5603016939.0
DDWZB8YW8P,Miraan Wali,miraan.wali@outlook.com,1981-06-30,9179909835.0
RCXY6254QX,Adah Subramanian,adah_subramanian@outlook.com,2000-01-17,3375395994.0
YKKKM4TL03,Nitara Chaudhari,nitara.chaudhari@yahoo.com,2003-10-17,3982047540.0
EIHW8OI8R5,Shray Atwal,shrayatwal@hotmail.com,1976-02-21,91826572.0
6EWYA9HILM,Alia Lal,alia.lal@gmail.com,1974-09-26,7486877310.0
PX11KXQ587,Jhanvi Sandal,jhanvi.sandal@hotmail.com,1988-05-05,7194616567.0
YI5JWAJAHN,Anaya Bhavsar,anayabhavsar@gmail.com,1998-11-23,5395054428.0
NL3VQCME7D,Badal Bassi,badal.bassi@yahoo.com,1969-05-26,3489568748.0
2ULVW61LVK,Rania Agrawal,raniaagrawal@outlook.com,1987-03-08,1530671189.0
9ARHNBQI5D,Chirag Mahal,chiragmahal@gmail.com,1967-08-21,1038180344.0
VWBDIDK89V,Trisha Seshadri,trishaseshadri@gmail.com,2002-07-01,7978938424.0
Y18SZ7PK8Z,Ranbir Lanka,ranbir_lanka@hotmail.com,1995-09-14,1349860205.0
G2PVWLMPBY,Sumer Desai,sumerdesai@outlook.com,1980-06-03,4191996601.0
1YWU3D58E3,Anvi Manne,anvimanne@outlook.com,1975-06-26,6543839621.0
MP4BOKVQNW,Piya Borde,piya_borde@yahoo.com,1999-03-04,8879814237.0
HHQIMAH86B,Renee Wason,reneewason@outlook.com,1985-07-11,736820809.0
9FY86KCJI7,Eva Sarkar,eva_sarkar@outlook.com,1989-08-16,1263755558.0
YO5D4RK1ON,Ira Borra,iraborra@hotmail.com,1983-04-02,5702610559.0
1CYQTVR0VT,Shamik Savant,shamik.savant@gmail.com,1984-10-19,1805198899.0
4HPM5AUTM5,Vihaan Chandra,vihaan_chandra@gmail.com,1987-07-05,8755473238.0
SWC58NNX6L,Pihu Karnik,pihu.karnik@hotmail.com,2003-06-09,3071634805.0
D9ELENBSFF,Drishya Goswami,drishya_goswami@outlook.com,1998-09-02,1671401964.0
K4ZVKX75RO,Mamooty Khurana,mamooty_khurana@outlook.com,1985-12-03,4641752594.0
JB4OEZ9U5L,Navya Rao,navya.rao@yahoo.com,2000-02-19,6948928765.0
0OIPWOWIF4,Anvi Bhatti,anvi.bhatti@yahoo.com,1971-11-07,4276985356.0
T06ULR1R1L,Aarna Das,aarnadas@outlook.com,1974-11-03,569137043.0
BVWEMWDVGJ,Aarav Datta,aaravdatta@outlook.com,2004-11-27,6978784208.0
VPE5WQWIV7,Nitara Dube,nitara_dube@yahoo.com,2003-04-19,9434058129.0
89QGCX0FOU,Ryan Khalsa,ryan_khalsa@hotmail.com,2001-07-12,9256248923.0
WGNYPU3VGY,Alisha Andra,alisha.andra@yahoo.com,1973-06-09,5264855587.0
F1GGN5KWLS,Yakshit Sidhu,yakshit.sidhu@gmail.com,1998-01-02,7806484921.0
CW6VR3EARU,Lakshit Jain,lakshit_jain@outlook.com,1986-07-04,2117495145.0
HFH1BVLVX5,Priyansh Maharaj,priyansh_maharaj@hotmail.com,1967-01-08,3973049626.0
6QIWS84MNH,Prerak Golla,prerak.golla@yahoo.com,1985-03-05,6950155530.0
GQFZ5VLROU,Heer Sengupta,heersengupta@outlook.com,1980-04-07,3353391989.0
4IF7OR68WR,Lakshit Barman,lakshit.barman@outlook.com,1993-09-21,2814845604.0
LO0B3C4WHR,Sumer Virk,sumer.virk@outlook.com,1975-08-17,649659848.0
4GWIR1YR1J,Badal Khanna,badal_khanna@yahoo.com,1992-10-21,4744623403.0
P5FQ3K1LJ8,Taimur Dash,taimurdash@yahoo.com,1980-01-09,7452090541.0
K94KV2DX2X,Aaryahi Sandhu,aaryahi_sandhu@outlook.com,1970-01-01,6402987523.0
NPPD05SM5I,Rati Bhalla,rati_bhalla@outlook.com,1971-11-09,2118504524.0
UN51RTPJI2,Vritika Mane,vritikamane@hotmail.com,1995-10-10,2130102075.0
CJ1UU6CZUK,Chirag Goswami,chirag.goswami@yahoo.com,1982-04-18,7090460187.0
AK3NW8F543,Kismat Ravi,kismat_ravi@yahoo.com,1993-11-03,7254956944.0
FDLB2HBUZJ,Indranil Roy,indranil_roy@yahoo.com,1987-03-08,8901958672.0
K7TQT622HX,Pranay Sathe,pranay_sathe@gmail.com,1980-02-09,8641806189.0
DCECNMRROL,Misha Chhabra,misha.chhabra@hotmail.com,2001-04-03,1722491319.0
LWE2A70XB9,Rohan Khatri,rohan_khatri@hotmail.com,1980-05-27,4297127153.0
UWRU0JQZHY,Mishti Viswanathan,mishti_viswanathan@gmail.com,2000-05-09,260977624.0
4GTWVQI2XL,Pari Khatri,pari.khatri@gmail.com,1979-07-14,8138048465.0
7LB5RITZ6G,Jivika Kurian,jivika.kurian@outlook.com,1969-09-04,6941631550.0
GZ36IHJG1E,Yasmin Seshadri,yasmin_seshadri@yahoo.com,1980-08-16,7297552815.0
I943WCXV1X,Ela Barad,elabarad@yahoo.com,1967-07-10,6213332750.0
KLK3358G9L,Arhaan Sastry,arhaan.sastry@gmail.com,1969-07-23,4917954039.0
VVL4JMKYJ0,Aarav Varkey,aaravvarkey@outlook.com,1990-07-20,2322421347.0
JMCL871PCK,Ryan Balasubramanian,ryan.balasubramanian@outlook.com,1999-03-28,7306455636.0
HYJWU0FOEG,Jayesh Shan,jayeshshan@yahoo.com,2001-10-04,9664097769.0
HBYBE49BJ3,Shalv Chad,shalvchad@hotmail.com,1978-05-06,9246266999.0
2GFEJZ7Q0P,Adira Sharaf,adirasharaf@hotmail.com,1979-04-06,2465022454.0
PAN4AUM5JE,Hunar Lata,hunarlata@gmail.com,1975-10-09,8032106132.0
CGN83KVEPH,Shanaya Sarma,shanaya_sarma@outlook.com,1995-08-01,4307164513.0
EU5F6NHQYZ,Aradhya Vasa,aradhyavasa@outlook.com,1987-05-21,5756838370.0
ABV02FCSSO,Rania Sachdeva,rania.sachdeva@gmail.com,1995-04-11,2783993512.0
BYZZSA5VI8,Rhea Walla,rhea.walla@outlook.com,1997-06-18,9431155572.0
GYYP3DFDLD,Aniruddh Ahluwalia,aniruddh_ahluwalia@outlook.com,1983-07-05,2795194713.0
E5917XUBUC,Vanya Rajagopalan,vanya_rajagopalan@yahoo.com,1989-09-10,9665098640.0
PFREFK7J7S,Ela Lal,ela.lal@yahoo.com,1967-03-15,2268779972.0
8YV2FDPXS0,Prisha Dubey,prisha_dubey@yahoo.com,1990-10-07,5596061149.0
3RLH4FRVDX,Lakshit Sarma,lakshitsarma@gmail.com,2002-12-11,6519468576.0
ULJO672GMD,Nakul Mahajan,nakulmahajan@gmail.com,1991-10-29,7096806315.0
A4R8W0GXCE,Tejas Dass,tejasdass@yahoo.com,1969-01-31,4290568013.0
KHDPDSIBPL,Eshani Sarna,eshani_sarna@gmail.com,1967-12-13,9223948699.0
TVVAB37929,Keya Shenoy,keya.shenoy@gmail.com,2002-12-09,7153106833.0
XN60X6WOCK,Jayesh Halder,jayesh_halder@gmail.com,1981-10-13,3781917283.0
7ZZ1OPO7FZ,Pihu Kohli,pihukohli@hotmail.com,1967-01-28,1149979129.0
NYR44CIGT3,Uthkarsh Wadhwa,uthkarsh_wadhwa@outlook.com,1981-10-29,8836179263.0
OZK9KOMC11,Drishya Shan,drishyashan@hotmail.com,1995-02-09,2693228693.0
NW7QVMYRBD,Azad Goda,azadgoda@hotmail.com,1983-04-29,1273146190.0
Z9MH0BF9G2,Shaan Mahal,shaan_mahal@gmail.com,1993-06-27,6835312840.0
K15ORV1U70,Taimur Balan,taimurbalan@yahoo.com,1985-06-03,6344771329.0
K3NG9JU4YR,Kaira Khosla,kaira_khosla@hotmail.com,1982-06-05,7875988483.0
O80LKV9UM8,Ishita Maharaj,ishitamaharaj@hotmail.com,1983-10-17,6644151477.0
C0L7BS92GT,Yuvraj  Shere,yuvraj_shere@gmail.com,1992-12-04,675093966.0
HCG2FR62MU,Nehmat Hora,nehmat_hora@yahoo.com,1966-03-17,5969920501.0
P8PFJ5IE8R,Eva Kanda,eva.kanda@outlook.com,1985-11-11,907199697.0
IN1FP2RB55,Raunak Sandal,raunak.sandal@outlook.com,1998-08-05,5339068857.0
YQQ5LDDML1,Ivan Rege,ivan_rege@outlook.com,1979-11-19,6578257683.0
DMV4UIUY2P,Rasha Datta,rasha.datta@outlook.com,2001-07-06,1700801520.0
NCC9I5HA08,Samarth Biswas,samarthbiswas@yahoo.com,1981-08-08,6875835688.0
LOZVZE2AA5,Miraan Varma,miraan.varma@gmail.com,1984-01-09,4981896597.0
2NOVXH7BQ9,Krish Dewan,krish.dewan@yahoo.com,1994-04-19,9537571628.0
XAXVDY5JS4,Tarini Khurana,tarinikhurana@outlook.com,2004-08-07,4636564253.0
DUTWZ4T3AX,Advik Edwin,advikedwin@outlook.com,1981-07-24,6257040102.0
E4F03ILERV,Inaaya  Desai,inaaya.desai@hotmail.com,1992-08-08,408075230.0
UO7A7O1SQK,Aarush Bir,aarush.bir@gmail.com,1994-07-13,1497562572.0
SJ1DZASQPY,Aarav Yadav,aarav_yadav@outlook.com,1974-09-30,3557296448.0
685D6WTXMR,Jayan Mani,jayan_mani@outlook.com,1969-06-25,7437252547.0
4WFK5XLI4J,Kashvi Thaman,kashvi.thaman@gmail.com,1972-10-29,5910580193.0
QTFIM9NHQ2,Lakshay Bumb,lakshay.bumb@outlook.com,1999-07-15,4597993476.0
IQLYX2GI0O,Ayesha Uppal,ayeshauppal@yahoo.com,2002-09-01,4772886578.0
OFQK2UETC3,Ahana  Bahl,ahana.bahl@gmail.com,2002-07-09,6964055320.0
5UOBAWLSYX,Rania Sangha,rania.sangha@gmail.com,1988-07-22,2078642651.0
FU8G20FTLP,Yakshit Dar,yakshitdar@hotmail.com,1970-03-06,5842223892.0
P0S12YLXXK,Amira Kalla,amira_kalla@yahoo.com,1968-07-17,6300203.0
POTMNTJYNV,Lakshay Sharaf,lakshay_sharaf@yahoo.com,1977-10-21,5426755809.0
8U6T5D4CYN,Lavanya Batta,lavanyabatta@hotmail.com,1985-12-15,4795982069.0
P9A8SHRE1Q,Ranbir Sant,ranbir.sant@gmail.com,1979-09-01,143318306.0
AH2BXHJXMK,Anvi Kumar,anvi_kumar@gmail.com,1991-10-12,6230209610.0
67H3B9CXLH,Ivan Dhawan,ivan.dhawan@gmail.com,1982-02-13,8545335802.0
TJWBJFM5RZ,Vardaniya Kalita,vardaniyakalita@outlook.com,2003-03-04,7194820434.0
PDG4IFDYKJ,Mohanlal Tella,mohanlal.tella@hotmail.com,1969-01-05,7623909964.0
X03ZSQOK39,Misha Deep,mishadeep@hotmail.com,1985-03-25,1667836637.0
LYY3ETTR13,Nishith Atwal,nishith_atwal@outlook.com,1986-04-14,2701742196.0
93KTHU76TO,Zain Buch,zain_buch@yahoo.com,1991-05-30,3737148405.0
JJQEA3QNB9,Priyansh Chahal,priyansh_chahal@outlook.com,1968-08-12,9964386021.0
1QM7YZMPAO,Kabir Bora,kabir.bora@hotmail.com,2004-10-23,1224403682.0
79Z87ZRXEI,Zoya Karan,zoyakaran@yahoo.com,1994-01-15,5163946204.0
VSAR22BKTG,Romil Date,romil_date@gmail.com,1991-02-13,5820645449.0
SAYK4XHVTL,Rasha Goyal,rasha_goyal@gmail.com,1982-09-07,27016806.0
TJ1C9T05WK,Ahana  Vasa,ahana.vasa@hotmail.com,1984-03-08,6643513252.0
2MIG4N3FMU,Samaira Vyas,samairavyas@hotmail.com,1996-02-14,2871825876.0
EX2TEIH3R3,Samar Bhagat,samar_bhagat@gmail.com,1979-05-28,4570691205.0
CS8FNWAEFC,Aarush Sampath,aarush_sampath@hotmail.com,1995-09-28,2027554055.0
K633PHIT5Q,Taimur Sarna,taimursarna@gmail.com,1972-08-08,3680554889.0
RVA7OFN3P2,Ehsaan Hari,ehsaan_hari@yahoo.com,2001-01-29,3920998021.0
4EMIYH3GJV,Sahil Choudhary,sahilchoudhary@outlook.com,2001-07-03,1365025868.0
N5F6P740Z7,Ryan Devi,ryan.devi@yahoo.com,1977-01-11,7902620764.0
W8688U3U09,Aradhya Bail,aradhyabail@yahoo.com,1979-02-23,1381706811.0
Q5WVP41PJS,Dhanuk Sarma,dhanuk_sarma@yahoo.com,1984-11-14,2154474279.0
ZXVLFMO68S,Nishith Dasgupta,nishith.dasgupta@outlook.com,2004-12-25,6120060103.0
1TKRE8JNWV,Lavanya Bora,lavanya.bora@hotmail.com,1986-06-25,9620777878.0
8MLVCJEUYA,Ishita Banerjee,ishita.banerjee@gmail.com,1987-07-30,4784340028.0
QDKIWST4EZ,Lagan Bhatia,laganbhatia@hotmail.com,1968-12-06,6410775038.0
GJQDWYUKUU,Sana Baral,sana_baral@outlook.com,2002-06-21,5746194595.0
J1PVTDNAE4,Rania Bail,rania.bail@hotmail.com,1966-11-08,1340512777.0
JYLELO8J6I,Mamooty Bumb,mamooty_bumb@hotmail.com,1967-02-08,378423273.0
45XAAK6PJP,Yasmin Bhalla,yasmin.bhalla@hotmail.com,1982-05-23,7375111667.0
SHRYFDDDSS,Rania Kurian,raniakurian@yahoo.com,1975-11-17,7949445214.0
DV8K0ESMA6,Heer Sama,heer.sama@yahoo.com,2004-08-14,2199711966.0
B8KBBM67CQ,Myra Jani,myrajani@hotmail.com,1991-04-12,1012258279.0
55UF3RKQGM,Priyansh Dyal,priyansh_dyal@outlook.com,2003-06-06,404109892.0
7VB8W1USH3,Indrajit Barad,indrajit.barad@outlook.com,1966-07-04,2582516842.0
SCUXEWBBE7,Tarini Choudhry,tarini_choudhry@yahoo.com,1966-05-10,8478063046.0
CV75JIFEZT,Faiyaz Dutta,faiyazdutta@gmail.com,2004-11-03,878860354.0
C8D9I802V9,Nirvaan Borra,nirvaanborra@hotmail.com,1991-10-14,3751920016.0
BFM2RVHEDX,Piya Din,piya_din@hotmail.com,1991-05-08,1275790310.0
I2CR57SPGA,Devansh Chandran,devanshchandran@outlook.com,1972-06-14,8025348704.0
TAH4A5K6HM,Eva Sur,eva_sur@outlook.com,1996-09-09,3596370048.0
LU9LCI565T,Dhanush Bhat,dhanush_bhat@hotmail.com,1990-05-11,4067624110.0
TIOKXD9066,Indrajit Gokhale,indrajit_gokhale@yahoo.com,1986-08-03,648560947.0
HJUVD73OJ2,Samarth Bhavsar,samarth_bhavsar@gmail.com,1974-04-14,4621168217.0
DOIKZCKWER,Manikya Hegde,manikyahegde@outlook.com,1969-01-31,875302813.0
BKBJ6RQP2T,Biju Warrior,biju.warrior@yahoo.com,1979-01-12,2932674642.0
4748UDUSIQ,Azad Sandhu,azadsandhu@gmail.com,1971-04-18,188541570.0
91J2EZ8YUY,Aarush Jha,aarush.jha@yahoo.com,2004-02-29,5357901339.0
WZ1TUY8LAT,Umang Buch,umang.buch@outlook.com,1966-11-16,1317340327.0
85FOIAQJM0,Neelofar Bhavsar,neelofar_bhavsar@hotmail.com,1983-11-15,4639247372.0
FPRGA9GA7O,Miraya Basu,miraya_basu@gmail.com,1999-06-11,602477082.0
G4WZ788TQE,Biju Borra,biju_borra@hotmail.com,1990-10-22,9264788904.0
N9B92YI8DU,Dharmajan Taneja,dharmajan.taneja@outlook.com,2000-02-29,2804001094.0
77DP3YLMJW,Vihaan Gulati,vihaangulati@hotmail.com,1994-08-18,9299070196.0
NVN19OKN2Q,Ira Bahri,ira.bahri@hotmail.com,1974-07-01,127710016.0
YQEJ89Z89E,Vritika Chawla,vritika_chawla@hotmail.com,1973-02-27,7074579263.0
HSCL3T7NJN,Pihu Das,pihudas@gmail.com,1992-02-07,5203626671.0
BDK80IW4TT,Stuvan Saha,stuvan_saha@outlook.com,1987-09-12,880630456.0
KCSQUE2SSJ,Ayesha Soman,ayeshasoman@gmail.com,1998-10-30,1367796260.0
7J4Q8AWRBU,Purab Bera,purab.bera@hotmail.com,1967-07-26,4648727486.0
PYCQHHTACS,Dhruv Chander,dhruv_chander@outlook.com,1968-06-17,8463666920.0
H4IHJDXGYC,Shalv Vohra,shalv.vohra@yahoo.com,1973-01-10,7765671587.0
4GTBGWVZGS,Aradhya Kota,aradhyakota@gmail.com,1986-12-08,6761682329.0
2R3M4966VA,Shalv Mani,shalvmani@hotmail.com,2001-05-27,6925318353.0
PK3IB0GSIP,Baiju Sahota,baijusahota@hotmail.com,1991-08-16,6468939875.0
RD5JHI1HO1,Keya Kata,keya_kata@outlook.com,1979-02-06,1083773592.0
2TFO8W0YH7,Khushi Gera,khushi.gera@gmail.com,1993-05-25,3936086856.0
AXTANA7SW1,Dharmajan Ravi,dharmajan_ravi@yahoo.com,1986-09-29,4932383763.0
1S5R6APUJA,Ishaan Sankar,ishaansankar@yahoo.com,1970-03-17,1260957904.0
IDDTVNWCZH,Ira Garg,ira_garg@yahoo.com,2001-03-23,379941746.0
3FM82HRFNY,Krish Sarna,krish.sarna@hotmail.com,1996-11-11,4665982024.0
82VKP6EWCP,Raunak Chhabra,raunak_chhabra@gmail.com,1974-05-29,3129708034.0
N3K4RA99DV,Yashvi Basak,yashvi_basak@hotmail.com,1992-02-05,4423283127.0
GAZP5N7HC7,Kabir Bera,kabirbera@yahoo.com,1967-05-07,7670094020.0
7DX66CT0XB,Aradhya Keer,aradhya_keer@gmail.com,1978-07-14,3706411826.0
VN1IK46RS1,Reyansh Buch,reyansh.buch@gmail.com,1993-03-02,9974367265.0
G1J78UVFP7,Ivan Tank,ivan_tank@outlook.com,1970-02-06,4333438531.0
8CJ97YQJ5C,Pranay Mahajan,pranay_mahajan@gmail.com,1973-11-05,6586417464.0
ZH8AJRDDYF,Krish Dar,krish_dar@outlook.com,1970-01-13,7026264772.0
DBECF1Q016,Pranay Choudhry,pranaychoudhry@gmail.com,1980-06-28,5513000569.0
8U08PY2QA1,Hiran Borde,hiran_borde@outlook.com,1975-03-12,5308018429.0
2ZAUUWF6V0,Divit Srinivasan,divit.srinivasan@yahoo.com,1994-03-22,6391972556.0
M4DED3GG0G,Kiara Suri,kiara_suri@outlook.com,1973-04-17,948224109.0
QQRGVMH3OX,Vihaan Lata,vihaan_lata@outlook.com,1987-04-03,5706788692.0
DVPXLYXKD5,Pihu Ganguly,pihu_ganguly@gmail.com,1991-12-07,1698293102.0
8GNW89FED4,Trisha Hegde,trishahegde@hotmail.com,1966-07-31,2906622605.0
UMH06ICMAN,Stuvan Basu,stuvan_basu@gmail.com,1969-11-06,5261134441.0
9SI14U6J7P,Alia Kara,alia_kara@outlook.com,1990-02-17,4806876311.0
N85UJ0Z1VB,Shaan Varkey,shaanvarkey@yahoo.com,1985-05-29,5723185041.0
CVW6YP4O4X,Arhaan Sunder,arhaansunder@yahoo.com,2004-08-30,6493699330.0
FXRTS7CWP7,Siya Chopra,siyachopra@outlook.com,1998-12-02,945172707.0
XGI6A189YM,Anvi Jani,anvijani@yahoo.com,1980-12-27,9327313288.0
VMSPJL1FD6,Jivin Bora,jivin.bora@outlook.com,1984-05-24,214765762.0
HM024RRMIZ,Anya Sane,anyasane@outlook.com,1974-06-14,7959315246.0
PQFQPYNACO,Vanya Mallick,vanyamallick@outlook.com,1979-07-28,3762677550.0
TVOBJ8DG7O,Mannat Jain,mannat_jain@yahoo.com,1995-12-01,2048921565.0
H8D0OANQVW,Mohanlal Dani,mohanlal.dani@gmail.com,1993-01-12,8480068111.0
FJ63QTH6WG,Pranay Saran,pranay_saran@hotmail.com,2004-12-16,1926773550.0
SSM4YQX8WN,Saanvi Brahmbhatt,saanvibrahmbhatt@yahoo.com,2004-11-16,2079325139.0
L34HL45ZRK,Anvi Mani,anvimani@gmail.com,1981-09-28,8076969346.0
JJXUECFL0L,Arhaan Subramanian,arhaan.subramanian@outlook.com,1973-06-22,8204908756.0
TJBXIO2J1Q,Rhea Saha,rhea.saha@gmail.com,1969-03-11,3168002206.0
3N3MTEGS4L,Krish Sharma,krish_sharma@outlook.com,1976-06-26,6392815792.0
UCKNSP5X5E,Yashvi Banerjee,yashvi.banerjee@outlook.com,2000-11-15,8708332920.0
PC993FZ998,Aayush Suresh,aayushsuresh@hotmail.com,1995-02-01,9102512768.0
WAWKXMLXJ2,Jayan Sha,jayansha@hotmail.com,1994-06-15,6601512185.0
G96OQSESTJ,Ayesha Manda,ayesha_manda@gmail.com,1969-04-13,2172604438.0
TRR05OYL5C,Oorja Bansal,oorjabansal@gmail.com,1976-04-06,5598641186.0
PN0XELTSXP,Tiya Sarna,tiyasarna@gmail.com,1973-08-17,8955189915.0
2KLEHPBQL3,Dhanush Kibe,dhanush.kibe@gmail.com,1992-09-27,8001317064.0
VR9JZ3ONP4,Baiju Joshi,baiju_joshi@yahoo.com,1975-03-16,5073451112.0
37CN32L4ND,Saksham Suresh,saksham.suresh@yahoo.com,2001-03-05,8544016174.0
0EEHXL4Z5S,Arnav Desai,arnav.desai@outlook.com,2001-11-06,4712115973.0
7O5XNHQLYM,Kanav Karpe,kanavkarpe@gmail.com,2001-11-26,2717252487.0
9JUIY5HIT1,Vivaan Jani,vivaan_jani@gmail.com,2001-08-12,3396161666.0
Q5V276CGMV,Madhup Karpe,madhup_karpe@gmail.com,1994-08-19,5218553203.0
7Z1F3UXHMP,Sumer Kale,sumer.kale@outlook.com,1984-04-11,9588375554.0
BAONNRNE2Q,Khushi Sunder,khushisunder@gmail.com,1978-02-09,5785802281.0
QH4JHLBW46,Aniruddh Baria,aniruddh_baria@outlook.com,1992-07-15,2736098821.0
WLKNF4UA9M,Vihaan Sarraf,vihaansarraf@yahoo.com,1996-06-04,8981400028.0
XY45WQETCZ,Nitara Chakraborty,nitara.chakraborty@hotmail.com,1984-06-11,1107544947.0
P9J3ZRG9GV,Pari Chanda,parichanda@outlook.com,1988-04-06,9278826211.0
30MO5SZOFO,Reyansh Kibe,reyanshkibe@hotmail.com,1996-07-28,7363922530.0
JPYHJMM5CT,Uthkarsh Gade,uthkarsh_gade@hotmail.com,1980-01-24,9688185280.0
PVBQNFIAO3,Miraya D’Alia,miraya.d’alia@outlook.com,1974-07-09,9863471262.0
2WQRUEW5HT,Ira Ghose,iraghose@gmail.com,1996-07-07,8614500020.0
9DAVLEMC6Q,Rania Bhargava,raniabhargava@hotmail.com,1987-09-05,8391952398.0
YMEDDUD5LO,Vidur Chaudhry,vidur_chaudhry@outlook.com,1997-09-07,9146870368.0
JYB32XIEPK,Parinaaz Guha,parinaaz_guha@outlook.com,1999-12-24,8450578903.0
BATDS9UPUM,Amira Ahluwalia,amiraahluwalia@yahoo.com,1984-12-26,5986791440.0
22IPURO2FQ,Kismat Singh,kismatsingh@gmail.com,1967-01-21,8439952289.0
Y6LS1CSK8M,Kimaya Sahni,kimaya_sahni@gmail.com,1966-06-15,6683199413.0
QPB5J0RDF5,Dhanuk Gill,dhanukgill@yahoo.com,1966-02-09,9277628560.0
YTRFZJYMEE,Renee Saha,renee_saha@yahoo.com,1967-03-24,4002794545.0
VD743N5AWX,Shalv Dube,shalvdube@outlook.com,1988-05-17,7518139533.0
A8EQB1XN9K,Lakshay Bath,lakshay_bath@hotmail.com,1992-01-05,3742539589.0
2CG6HLHF53,Ojas Chana,ojas.chana@hotmail.com,1969-03-09,2992715178.0
YR54IA9BS9,Mohanlal Venkataraman,mohanlalvenkataraman@hotmail.com,1972-08-15,4740593272.0
WMW1Q4LC41,Saksham Wali,saksham_wali@gmail.com,1969-03-24,4141774469.0
NYRWGZTKO8,Aniruddh Srinivas,aniruddhsrinivas@gmail.com,1985-09-03,4259100098.0
FX997691RS,Pari Sood,pari.sood@outlook.com,1970-06-25,5435614773.0
16MYP4HGW0,Pihu Sahni,pihu_sahni@yahoo.com,1977-10-17,8325610094.0
21Z596MDXA,Dhanush Randhawa,dhanush.randhawa@outlook.com,1997-12-20,5895633416.0
QRNOC59P3W,Aniruddh Singhal,aniruddh.singhal@outlook.com,1994-06-02,5134595796.0
R5U06O0EDG,Aarav Dhawan,aarav.dhawan@gmail.com,1977-07-08,9928654752.0
T7MCK1CBOQ,Sumer Verma,sumer.verma@gmail.com,2004-07-04,7490967471.0
UO4N80TQ2L,Vivaan Kant,vivaan_kant@gmail.com,1969-02-07,4677369672.0
1YOIEX0YCN,Samiha Vaidya,samiha.vaidya@gmail.com,1980-04-06,9605314920.0
2SCZVZ47ZT,Aarav Goel,aarav_goel@yahoo.com,1995-11-16,9762455996.0
PIPWYTVC4N,Indrans Deol,indrans_deol@yahoo.com,1985-09-24,5944063445.0
2AB8UXMQY8,Shamik Rama,shamik.rama@yahoo.com,1967-02-03,4692326219.0
0WG5X8R18O,Lavanya Ravel,lavanya_ravel@hotmail.com,1988-05-10,5917326447.0
2T0CXK0VWE,Indrans Deep,indrans_deep@yahoo.com,1981-11-17,3779128921.0
DYW516LHGT,Yasmin Kanda,yasmin_kanda@outlook.com,2001-12-19,3509149434.0
7HR1SB8P9X,Yuvaan Choudhary,yuvaan.choudhary@outlook.com,1990-01-27,7581514413.0
XOCXPB434T,Jivika Issac,jivikaissac@hotmail.com,1966-12-21,3798427827.0
R27K7SW7GF,Umang Saraf,umang_saraf@yahoo.com,1966-12-13,4258038071.0
L8HBWMXM23,Trisha Bala,trisha_bala@gmail.com,1975-01-26,6682523312.0
CCV9UDMK21,Miraan Saran,miraan_saran@hotmail.com,1967-11-19,5488622250.0
RX10G9Q895,Romil Batra,romil.batra@yahoo.com,2000-06-04,4286861587.0
W7XPYGYGXR,Dishani Sehgal,dishani.sehgal@gmail.com,1973-03-11,7520885383.0
95TZHE0TG7,Neelofar Barad,neelofar.barad@gmail.com,1979-06-07,9208029430.0
BDKP2AL8L0,Dhanush Ravi,dhanushravi@hotmail.com,1979-03-07,1693551240.0
IPBA3KY0VD,Ehsaan Batta,ehsaan.batta@hotmail.com,1997-11-09,2778725081.0
SOORTVAKB3,Aayush Yohannan,aayushyohannan@yahoo.com,1982-12-06,6498139029.0
C8ZC1ICU64,Priyansh Kuruvilla,priyansh_kuruvilla@gmail.com,1994-07-18,3893120834.0
FMK6HN3WFZ,Lagan Bhalla,lagan.bhalla@outlook.com,1982-04-24,858711072.0
Q63EM7F7C4,Tanya Thaker,tanya.thaker@gmail.com,1989-06-07,4453349820.0
1F4VELVR1C,Aarna Vyas,aarna.vyas@yahoo.com,1987-01-02,6812526348.0
46WU1059FR,Vanya Madan,vanya_madan@gmail.com,1983-08-12,6463937996.0
2XG605ZJQC,Ela Sinha,elasinha@yahoo.com,2000-09-07,4255072163.0
ML8EHT0CUJ,Oorja Buch,oorja.buch@yahoo.com,1967-02-14,7497479275.0
3MVHNH401G,Lakshit Chatterjee,lakshit.chatterjee@hotmail.com,1968-04-06,7009646673.0
6Q15I7NT2B,Keya Halder,keyahalder@hotmail.com,1980-06-15,2112991495.0
TH3739NPDB,Aarush Mammen,aarush.mammen@hotmail.com,1998-11-08,6713352971.0
1CJY5K1M7M,Heer Buch,heer.buch@yahoo.com,1975-05-22,3641842404.0
KQSEZ2DZ32,Faiyaz Comar,faiyaz_comar@hotmail.com,1983-06-21,7141911715.0
7ECIF510TF,Abram Andra,abram_andra@hotmail.com,1995-01-26,9896789520.0
7VP28U6CLY,Alia Rama,aliarama@yahoo.com,2001-10-14,9061600135.0
AW75ZUKKY2,Anahita Sule,anahita_sule@outlook.com,1971-08-07,1969587030.0
EMWLCNCMXV,Raunak Goyal,raunak.goyal@gmail.com,1994-10-19,9615809149.0
2VW16G1MYG,Inaaya  Srinivas,inaayasrinivas@yahoo.com,1967-04-12,8313197884.0
ZMHXYV15Q9,Shamik Shah,shamik.shah@outlook.com,1990-10-07,645118408.0
YRYSTHRACS,Damini Chakrabarti,daminichakrabarti@hotmail.com,1997-10-18,6260630523.0
7WKUCE5AUU,Arhaan Krishnamurthy,arhaankrishnamurthy@gmail.com,1999-07-29,7278611902.0
I4P7SGCFNF,Kaira Karnik,kaira_karnik@outlook.com,1980-12-02,4257163547.0
O0INAO03J1,Sara Rege,sara_rege@gmail.com,2000-06-24,4175786129.0
MILLG04IPV,Sumer Barad,sumer_barad@yahoo.com,1984-01-19,4766797495.0
BNSRAKRT3P,Inaaya  Bath,inaaya.bath@hotmail.com,1980-01-04,5040636052.0
RKYN8OA86X,Yashvi Chanda,yashvi_chanda@outlook.com,1967-05-04,6899468632.0
E4N3P1B4IO,Abram Choudhary,abram_choudhary@hotmail.com,1978-02-25,6265320968.0
OKNJP8AXDQ,Vanya Gera,vanya_gera@yahoo.com,1985-01-02,1541471984.0
F2HNEWHIVX,Tiya Sen,tiya_sen@gmail.com,1985-06-11,5078520895.0
U5ZULSFJBA,Yuvraj  Kala,yuvraj.kala@gmail.com,1987-09-17,8644258478.0
4HMBEXUN31,Divij Srinivasan,divij_srinivasan@outlook.com,1987-09-22,1309297402.0
V6956AD16N,Kimaya Warrior,kimaya_warrior@outlook.com,2002-11-30,9223173525.0
W7OWUM6QI9,Ishaan Lata,ishaan_lata@outlook.com,1970-08-06,3420438151.0
CZN2JIE3Q7,Amani Kota,amani_kota@outlook.com,1998-08-15,1885912337.0
N5OJ7SYFGJ,Shamik Sarraf,shamik.sarraf@outlook.com,1981-09-27,7394852932.0
TUF2QOO3IY,Indrans Luthra,indransluthra@outlook.com,1972-04-25,1180917480.0
RYP9BOCRD7,Vihaan Sridhar,vihaan.sridhar@yahoo.com,1994-07-08,4570880680.0
VGG0DJTY45,Aradhya Sharma,aradhyasharma@gmail.com,1971-12-17,6850443515.0
PYMYNXW62A,Badal Solanki,badal_solanki@outlook.com,1998-11-07,1283750615.0
UCELJL0A9Q,Saanvi Banerjee,saanvi.banerjee@hotmail.com,1997-03-20,6196189314.0
MO0DS8HJHM,Riaan Venkataraman,riaanvenkataraman@hotmail.com,2001-01-14,5913484926.0
717SPK3FR2,Madhav Barad,madhav_barad@gmail.com,1987-08-04,894624904.0
5YMWDEX63H,Anika Balan,anikabalan@gmail.com,1985-06-14,4543566077.0
U6S8Z1YEIR,Saanvi Sachdeva,saanvi_sachdeva@outlook.com,1994-03-17,4490428650.0
JOCQ7IO9GP,Kiaan Zacharia,kiaan.zacharia@yahoo.com,2003-08-12,3686003948.0
OC603I3PWT,Indranil Deshpande,indranildeshpande@outlook.com,1972-02-23,7592077814.0
UWEM9NNSYV,Lakshit Bassi,lakshitbassi@outlook.com,1986-10-11,5926431204.0
QW2LV36VHJ,Badal Sawhney,badalsawhney@outlook.com,1976-03-01,143454626.0
ZF1VAIRODS,Indranil Kumer,indranilkumer@outlook.com,2001-06-14,6103742231.0
8CEWGD52MQ,Zaina Vasa,zaina.vasa@hotmail.com,2004-03-09,7586461441.0
DMLR8SCT7R,Chirag Deep,chirag_deep@hotmail.com,2004-04-24,2860755819.0
ZOHNMEI29V,Vaibhav Kamdar,vaibhav.kamdar@outlook.com,1988-05-04,4213474827.0
ID8NBZK7W9,Raunak Kurian,raunak.kurian@yahoo.com,1980-01-02,505339195.0
40RWBHW8X4,Priyansh Chowdhury,priyanshchowdhury@outlook.com,1984-05-02,3656211671.0
PG73S2BOYU,Nayantara Bhagat,nayantara_bhagat@outlook.com,1972-11-10,6538581168.0
OD4ZM93D54,Neysa Kuruvilla,neysakuruvilla@outlook.com,1969-06-23,5316648027.0
VW9L15SWLX,Kiaan Kunda,kiaan.kunda@outlook.com,1992-03-15,8845789883.0
ZLTO4ESQ6T,Oorja Bhatnagar,oorja_bhatnagar@outlook.com,1997-12-03,8332948120.0
IKJPZQ0OTX,Dhruv Uppal,dhruv.uppal@outlook.com,1997-02-11,7342754661.0
X9FE1TWK1Z,Kartik Sule,kartiksule@outlook.com,1985-05-07,2895658871.0
4E6HNCC7NK,Kartik Saini,kartik.saini@yahoo.com,1979-06-19,2756604770.0
0Q2B9MMGK1,Dhanush Gole,dhanush.gole@gmail.com,1978-01-23,1304565005.0
6CUNXV2SAB,Kimaya Balasubramanian,kimayabalasubramanian@gmail.com,1993-12-12,6501911923.0
XGQC7A545I,Tanya Chander,tanyachander@outlook.com,1992-08-07,5379251961.0
WLVQMD4TTF,Ryan Ghosh,ryan_ghosh@hotmail.com,1969-07-04,8644013226.0
0JN3MSD2G2,Eva Anne,eva.anne@gmail.com,2001-12-24,183343499.0
KUS9KGWYK2,Himmat Ram,himmat_ram@hotmail.com,1980-01-22,5832990182.0
89YTNVL974,Miraya Deep,miraya_deep@outlook.com,1970-02-20,8550678198.0
FAPNOHZSS4,Miraya Sachdeva,miraya_sachdeva@gmail.com,1980-03-14,824859889.0
OTF2F15GDV,Madhup Chakrabarti,madhup_chakrabarti@yahoo.com,1977-11-01,3776547998.0
HK8Z8WZMJM,Indrajit Hans,indrajit_hans@yahoo.com,1995-01-21,493887881.0
WGLSVKZRN1,Neelofar Bali,neelofarbali@yahoo.com,2003-03-20,6327114143.0
TVE7MLKF6M,Umang Andra,umangandra@yahoo.com,2000-05-15,2418940864.0
0GLR47ZF4X,Saksham Bawa,sakshambawa@outlook.com,1981-07-02,1124486479.0
CC7ESZ2GAX,Emir Sampath,emir.sampath@hotmail.com,1996-09-05,9401122368.0
RGAWI09U48,Nakul Seth,nakul.seth@outlook.com,1997-02-04,1156819373.0
7AP275VBOH,Anahita Vohra,anahita.vohra@hotmail.com,1970-12-02,3581254379.0
DYH1I1H29I,Anvi Chanda,anvi_chanda@yahoo.com,1972-04-19,6837747384.0
Y2MHAUTK2R,Lavanya Sarma,lavanya.sarma@gmail.com,1971-06-06,5298991075.0
1RSHBYXUK0,Aarush Chandra,aarush.chandra@gmail.com,2002-05-19,89512007.0
00RTE5WMAY,Zaina Ramesh,zainaramesh@yahoo.com,1973-12-25,1000589291.0
VS4CEKMG3V,Rati Bedi,rati_bedi@outlook.com,1991-04-30,6663070001.0
4GXPSDN9DM,Shanaya Sangha,shanayasangha@outlook.com,1972-05-23,2894034203.0
1XH9QSO6LK,Dharmajan Edwin,dharmajanedwin@hotmail.com,1999-11-17,3127830740.0
YVAA9DD7OU,Rati Rout,ratirout@gmail.com,1985-05-05,1502878595.0
CZDNZ0JMHV,Shamik Thaman,shamikthaman@outlook.com,1994-07-15,250579405.0
33TOUU9NAF,Trisha Jha,trishajha@yahoo.com,1987-07-26,5020797579.0
OU9F6PZ9S8,Aarna Kaur,aarna_kaur@hotmail.com,1973-09-27,2579022907.0
NOV09TY4AN,Zoya Bala,zoya.bala@outlook.com,1986-09-07,6138302663.0
5WMYEQIB4N,Aayush Manda,aayushmanda@yahoo.com,2000-01-20,5877503445.0
1NAT4N6A2Q,Neysa Yadav,neysa.yadav@outlook.com,1968-03-08,5067365994.0
0T6YI6CWWL,Hridaan Goswami,hridaan_goswami@outlook.com,1972-03-24,2379024837.0
GDX3E04540,Tanya Varughese,tanyavarughese@hotmail.com,1967-07-09,2017537968.0
MNSWVWXH1K,Anaya Raj,anaya.raj@outlook.com,1973-12-02,5695371106.0
7VQ8E88G8C,Kashvi Barman,kashvibarman@outlook.com,1997-01-04,9904970343.0
Z2U6SFB69A,Nitara Bhatt,nitarabhatt@gmail.com,2004-05-30,6905892399.0
1NIYAVL65Q,Ivan Srinivas,ivan.srinivas@gmail.com,1983-12-23,4588769792.0
GXFBT4Z6QF,Bhavin Bora,bhavin_bora@yahoo.com,1977-09-13,4246687982.0
NJIPYT39I3,Jayan Loyal,jayan.loyal@outlook.com,1970-01-13,8890599685.0
Z61VO4K4RK,Mahika Randhawa,mahika.randhawa@hotmail.com,1997-10-26,8799392106.0
QBCE6BFRL1,Keya Ravel,keyaravel@gmail.com,1979-01-28,8698664674.0
0H8RKWTN8T,Tiya Saha,tiya_saha@gmail.com,1987-05-18,343122372.0
LFLIQO2VV5,Raunak Ahuja,raunak_ahuja@gmail.com,1988-12-20,5244476949.0
62OJVWFK5N,Bhavin Jain,bhavin_jain@gmail.com,1980-10-24,5601697993.0
4N65FPE1AF,Rhea Sarin,rhea_sarin@outlook.com,1976-01-20,4966568819.0
LOS974I34G,Yakshit Sarkar,yakshit.sarkar@gmail.com,2001-06-18,4108558689.0
MU7MD6K98X,Oorja Dani,oorja_dani@gmail.com,1966-01-23,5801134343.0
9KSYRGAN9Z,Pari Sehgal,pari.sehgal@gmail.com,1969-04-27,3939854937.0
Q5KB45PXOL,Reyansh Divan,reyansh.divan@hotmail.com,1978-04-11,4800774101.0
F3A2LC6CD1,Divij Sathe,divijsathe@yahoo.com,1987-09-04,7123424917.0
52ZX4NFXYW,Zara Krish,zarakrish@gmail.com,1969-05-22,885384749.0
DZDEDB2GZ0,Indrajit Brar,indrajit_brar@yahoo.com,1978-01-29,675116928.0
2BI2KGRAEV,Renee Kale,renee_kale@outlook.com,1978-11-17,3120564227.0
JC608THPFF,Anya Saran,anya_saran@yahoo.com,2004-12-22,8326779794.0
GQQC284GAD,Himmat Dyal,himmat_dyal@outlook.com,1994-12-03,6908975413.0
YFFMEBEDMD,Arhaan Babu,arhaan.babu@gmail.com,1978-09-24,4549035963.0
S9EARMREK2,Jayesh Jain,jayesh_jain@outlook.com,1971-03-04,5154430222.0
T0IYYS8BVW,Madhav Chaudhari,madhav_chaudhari@gmail.com,1973-10-15,7743885900.0
PGGG7C5P90,Indrajit Srinivasan,indrajit_srinivasan@hotmail.com,1998-05-04,8849664186.0
LL8332A1NI,Aarush Suri,aarushsuri@hotmail.com,1998-09-20,2439959355.0
JHCU1MZ5Z0,Tara Sheth,tara_sheth@yahoo.com,1973-06-06,6348709549.0
DV1IQD8G4U,Romil Gara,romil.gara@gmail.com,1994-10-16,1297682950.0
310UR7L5FG,Shayak Sura,shayaksura@outlook.com,1979-11-09,1921871054.0
UUB28MVD6M,Reyansh Maharaj,reyanshmaharaj@yahoo.com,1974-02-12,4306973764.0
BO2NT2P0XV,Sana Bobal,sana_bobal@outlook.com,1985-10-21,6062330408.0
EM06HKZMYT,Kashvi Manda,kashvimanda@gmail.com,1992-05-22,6161487413.0
QKWI8PF3XY,Alisha Chaudhary,alisha.chaudhary@yahoo.com,1972-03-05,9779492561.0
8JZANFGIJR,Vritika Chand,vritika_chand@outlook.com,1969-09-05,272931669.0
5JXWMN5USK,Nirvi Dugal,nirvidugal@gmail.com,1985-02-14,633110926.0
WBM493QB6C,Miraya Suresh,mirayasuresh@yahoo.com,1984-09-28,1446346404.0
JD00VA48ZJ,Drishya Lala,drishya_lala@outlook.com,1997-02-16,5621215661.0
BRXPY4FY8W,Yashvi Sawhney,yashvi.sawhney@gmail.com,1974-08-22,3624392097.0
05BIBEZHUR,Rhea Walia,rhea.walia@gmail.com,1967-09-04,7775859679.0
FOR3AUEHCI,Mishti Dhingra,mishti.dhingra@outlook.com,2001-10-07,5563749952.0
9NAJVQBF3L,Nirvaan Toor,nirvaan_toor@hotmail.com,1989-03-12,6186968950.0
12TI9DXDR4,Samar Kohli,samar.kohli@gmail.com,1966-11-07,9880174961.0
J1P9YR7MUX,Neysa Barad,neysa.barad@gmail.com,1973-04-18,399156479.0
I4GKGR1ZDQ,Jayan Deshpande,jayan.deshpande@yahoo.com,1982-11-29,6318316818.0
9RDQN8ND5C,Divyansh Walia,divyansh_walia@gmail.com,1987-04-19,3450134858.0
MHE2NN3Q0O,Eshani Behl,eshanibehl@gmail.com,1982-09-20,7166566935.0
D25FFX3RFB,Samaira Toor,samaira_toor@hotmail.com,1979-06-03,9770133272.0
DXVQQXBIKD,Azad Borah,azad.borah@outlook.com,1986-10-31,2896575566.0
VFY5043UMT,Arnav Cheema,arnav_cheema@gmail.com,1973-06-27,3740743945.0
0M5QREE8JN,Ojas Suresh,ojas.suresh@outlook.com,1994-02-26,103750937.0
2S7RFNDZJ5,Sumer Shetty,sumer_shetty@gmail.com,1985-06-28,6377451776.0
MJ54L74UYE,Uthkarsh Raj,uthkarsh.raj@gmail.com,1971-09-12,8049238731.0
R8VOYOZV52,Kartik Jha,kartikjha@hotmail.com,1989-06-17,7536959808.0
LIRA5DZZU1,Bhamini Singhal,bhaminisinghal@outlook.com,2003-07-04,5020993962.0
1HV8A2RFV8,Zaina Deshmukh,zaina.deshmukh@gmail.com,1990-10-17,4992801751.0
ML5KC68IC2,Anaya Sarraf,anayasarraf@gmail.com,1968-01-07,5525529705.0
4WQTG67SOU,Aniruddh Luthra,aniruddhluthra@yahoo.com,1976-12-01,719729310.0
PQ8FL9H0RT,Kiara Guha,kiaraguha@hotmail.com,1986-05-01,8520209348.0
QAPZYE6O3Y,Yuvraj  Shukla,yuvrajshukla@yahoo.com,1966-01-16,1424304240.0
OF97V7SDTR,Gatik Babu,gatik.babu@yahoo.com,1992-04-20,2635809699.0
F2T33GWHC9,Yuvaan Dube,yuvaan.dube@hotmail.com,1971-11-24,7491180592.0
56WPH9ZUXD,Dhanush Dey,dhanush_dey@outlook.com,1998-10-19,691568632.0
JB3JS95638,Nakul Mallick,nakulmallick@hotmail.com,1989-12-18,6245687179.0
P7VSMZ1NB7,Neelofar Sura,neelofar.sura@gmail.com,1969-05-14,8640742009.0
FPBGSNFLFJ,Krish Chandra,krish_chandra@outlook.com,1967-04-06,4445969634.0
X2T20KHOCO,Shray Saraf,shray_saraf@yahoo.com,2004-08-25,3969120015.0
OMQ6S47B5R,Yashvi Banik,yashvi_banik@yahoo.com,1978-08-26,1619249002.0
M8EP65LI7B,Ira Varma,ira_varma@hotmail.com,1995-05-14,3079471428.0
21IXOKYLE1,Lakshay Bora,lakshay.bora@outlook.com,1967-02-08,8838891297.0
N0PXU48EJO,Priyansh Bhargava,priyansh.bhargava@yahoo.com,1999-11-22,3186573129.0
3CBQC3H9IM,Ivan Hayre,ivan_hayre@gmail.com,1968-04-12,3107627161.0
BSOSX7ZAAH,Zoya Jani,zoya.jani@yahoo.com,1970-11-02,4717310138.0
TEH5JAXU7P,Ayesha Dara,ayesha.dara@outlook.com,1986-07-30,21948783.0
1X6DEN7C3E,Inaaya  Kalla,inaayakalla@gmail.com,1987-03-25,8494735773.0
ZQUKMUBMCR,Lagan Mander,laganmander@outlook.com,1999-06-10,3867163268.0
Y0ESE7QP0Z,Kiaan Dhingra,kiaan_dhingra@gmail.com,1974-09-26,4113449928.0
K8NJS42W4X,Hansh Rao,hanshrao@hotmail.com,1992-10-11,7172724038.0
K68PICWHMI,Elakshi Sem,elakshi_sem@outlook.com,1966-12-08,8513371367.0
DNBG660JLA,Yakshit Ranganathan,yakshit_ranganathan@gmail.com,1980-09-28,9736435466.0
T1X6YNT4B4,Aaina Guha,aainaguha@hotmail.com,1970-05-06,2906631865.0
45DDMY89WP,Aaryahi Dua,aaryahi_dua@hotmail.com,1985-10-16,2799231352.0
TQ9UYBWQGQ,Alia Sachdeva,alia.sachdeva@hotmail.com,1970-10-16,4170805908.0
9CPCP8DTKU,Fateh Sahni,fatehsahni@yahoo.com,2003-07-18,7967916421.0
N36E8A6XYK,Miraan Choudhury,miraanchoudhury@yahoo.com,1967-07-31,4681904372.0
PWO8OCN1FJ,Vidur Sanghvi,vidur.sanghvi@yahoo.com,1967-10-10,8911014435.0
A5DLZGT0KQ,Vihaan Varughese,vihaan.varughese@outlook.com,1974-05-26,2234446965.0
VU3FFA1RUI,Miraan Kamdar,miraankamdar@yahoo.com,1967-10-18,444124612.0
FFZ6L399W9,Lagan Dave,lagandave@gmail.com,1967-05-16,24873531.0
MHQAKCVFLU,Yakshit Bose,yakshit.bose@gmail.com,1966-06-30,4480820838.0
PHH6BGCQVH,Faiyaz Sharaf,faiyaz_sharaf@outlook.com,1988-12-12,6752167114.0
J9M2662890,Fateh Wadhwa,fateh_wadhwa@outlook.com,1966-10-19,540084776.0
8LDYF0N94F,Emir Choudhury,emirchoudhury@yahoo.com,1991-08-28,1851947729.0
HBJFYF13I5,Myra Suresh,myrasuresh@gmail.com,1988-10-26,5613384079.0
NYREFDM4LY,Elakshi Balan,elakshi.balan@gmail.com,1999-02-10,5288166112.0
C4MKXAW9VO,Renee Mand,reneemand@outlook.com,1995-08-15,2107824024.0
QYPQWOAEW9,Kanav Sunder,kanavsunder@hotmail.com,2004-02-03,6680950418.0
1OZU36I49N,Nishith Chahal,nishithchahal@hotmail.com,1987-05-15,8934307496.0
J0UPGENQFA,Ayesha Srivastava,ayeshasrivastava@hotmail.com,1998-04-01,6486476032.0
IIODXKT504,Shaan Ravel,shaan_ravel@gmail.com,2004-11-20,404520632.0
L04B7ZO3SW,Elakshi Jain,elakshi_jain@gmail.com,1976-04-22,1587412766.0
3BBEFW6VJZ,Oorja Dutt,oorja.dutt@outlook.com,1980-06-24,7199258494.0
EURURTLXM5,Elakshi Chakrabarti,elakshi.chakrabarti@yahoo.com,1980-02-13,8290254478.0
JBAKAQPMX5,Damini Bhavsar,damini_bhavsar@hotmail.com,1985-01-15,848473192.0
ZJFVUHNMOB,Kiara Jha,kiarajha@outlook.com,1980-03-13,4736435632.0
WPZZPNQR8S,Jayant Keer,jayantkeer@yahoo.com,1993-04-15,899666754.0
VDW90OISGJ,Keya Tandon,keya.tandon@yahoo.com,1992-01-08,6878663047.0
PX9S2LP4GR,Pari Virk,parivirk@outlook.com,1998-04-02,1669720048.0
68H8D9AKPK,Damini Dayal,damini.dayal@hotmail.com,1967-12-07,179963087.0
ETPGQPR7KC,Navya Gandhi,navya_gandhi@outlook.com,2003-02-09,2275530420.0
K8OURN3L2F,Vivaan Bansal,vivaan_bansal@gmail.com,2001-10-25,3489251717.0
A3A5JZS29W,Armaan Balan,armaan.balan@gmail.com,1982-09-29,1437523425.0
1TZ59LABKX,Anika Tandon,anika_tandon@yahoo.com,1998-07-19,7140988215.0
6BZ2O7XIRA,Umang Atwal,umangatwal@hotmail.com,1974-11-20,8649223386.0
M13263CLMB,Ishita Raja,ishita.raja@hotmail.com,2004-09-11,3055752797.0
OE3N8D39IV,Badal Chander,badal_chander@hotmail.com,1971-03-31,5043219737.0
W3VB98N169,Divyansh Bhatt,divyansh_bhatt@outlook.com,1966-09-24,8412581042.0
PXINC007WN,Samaira Bains,samaira.bains@outlook.com,1991-01-30,5041260240.0
OPHO9NCFNE,Hiran Sarna,hiransarna@gmail.com,1992-09-20,3032652955.0
5RUPNFI04S,Lagan Mangal,lagan_mangal@gmail.com,1969-05-19,9072495714.0
LR9V0CPMWJ,Gokul Butala,gokul.butala@gmail.com,1992-08-18,5578417359.0
NBXZW8NDNZ,Farhan Joshi,farhanjoshi@hotmail.com,1981-02-12,528763051.0
LNPE3V1RUK,Miraan Mangat,miraanmangat@hotmail.com,1986-04-08,8505784630.0
MHVN0IIXQX,Vidur Kar,vidur.kar@gmail.com,1977-07-16,2489310206.0
PFF8TIQ5OH,Jivika Bala,jivika.bala@outlook.com,1988-06-28,6645852176.0
QEE6PW6KSR,Nirvaan Gade,nirvaan_gade@yahoo.com,1997-06-08,3383396678.0
698UAJRQ7F,Nitya Jhaveri,nityajhaveri@yahoo.com,1981-04-20,9485899174.0
HV1YSHIC4I,Nirvaan Johal,nirvaan_johal@hotmail.com,1985-05-31,2662433488.0
OHB86PCH4G,Eshani Dara,eshani_dara@outlook.com,1996-02-27,1436255516.0
HGZLQ62J3A,Shlok Chopra,shlokchopra@outlook.com,2002-05-05,5443052105.0
CSJM2HT3PX,Urvi Arya,urvi_arya@hotmail.com,1975-01-12,9136600766.0
UR9M3UDUJL,Taimur Sagar,taimursagar@yahoo.com,1975-12-20,3412488948.0
GEGBFV55MR,Renee Shenoy,renee.shenoy@hotmail.com,1998-04-28,7503354083.0
3SQPEGZAKZ,Madhav Mahal,madhav.mahal@gmail.com,1991-07-15,4551019296.0
A9YH3ARSIT,Aaina Ravi,aaina.ravi@yahoo.com,1973-09-10,5763870356.0
12QCM7EZCB,Damini Grewal,daminigrewal@gmail.com,1973-03-30,4402624561.0
SN9IILMMRN,Shayak Gulati,shayakgulati@hotmail.com,1996-02-14,174839609.0
79F1WAQZX5,Abram Loke,abram.loke@yahoo.com,1994-07-15,4017647196.0
J3GU0Z3SZL,Anahita Kulkarni,anahita.kulkarni@hotmail.com,1968-03-24,5846936116.0
WXY7UZES7G,Ranbir Sengupta,ranbir.sengupta@outlook.com,1981-02-20,7598839508.0
NKWYA2O35K,Pari Walia,pari.walia@gmail.com,1989-08-16,2613843767.0
3UYPIBAMUR,Pari Grewal,pari.grewal@gmail.com,1970-02-15,6692964626.0
A8ZLX80LWE,Oorja Arya,oorjaarya@hotmail.com,1996-11-14,5196659057.0
EXXYLNFDFJ,Ishita Sama,ishitasama@gmail.com,1980-06-23,3687300891.0
6PGYUXPT3J,Tejas Sharaf,tejas_sharaf@outlook.com,1980-12-31,2047868480.0
WT11IO7BRK,Arnav Chacko,arnavchacko@gmail.com,1975-11-21,1603830891.0
EB4LH0UV8F,Mahika Rao,mahika.rao@hotmail.com,1988-06-14,1257638410.0
W61CFPWUWL,Aniruddh Viswanathan,aniruddh_viswanathan@outlook.com,1967-11-30,8745447632.0
4MEEVAS5ON,Advik Batta,advikbatta@yahoo.com,1981-01-16,5883437163.0
EV22001CVK,Damini Rao,damini.rao@gmail.com,1993-06-25,607726334.0
7GXGWY953H,Chirag Sodhi,chiragsodhi@gmail.com,1993-10-06,4883037469.0
XSZYCNONFN,Seher Verma,seher.verma@yahoo.com,1971-03-01,4054638543.0
RFJBJWW0HJ,Jayan Dua,jayan.dua@yahoo.com,1995-05-06,9774087149.0
DZ4ZT3OFX8,Arnav Varkey,arnavvarkey@yahoo.com,1988-03-30,8976042182.0
T1QRDF7OY9,Kaira Halder,kaira_halder@hotmail.com,1966-06-15,4226125346.0
AV8HQLSAG9,Lagan Sengupta,lagan_sengupta@yahoo.com,1972-02-22,4223111791.0
LHR7N35208,Ayesha Madan,ayeshamadan@yahoo.com,1996-10-26,7043753318.0
3KVOYAEDFH,Nitara Sawhney,nitara_sawhney@yahoo.com,1988-01-18,7813778890.0
0H49Z6GJ3R,Yuvaan Chanda,yuvaan.chanda@yahoo.com,1988-02-24,8968809706.0
7UEMFMSXE9,Neysa Kapadia,neysa_kapadia@yahoo.com,1980-06-12,8443104934.0
3RNEJN6SF0,Shanaya Varughese,shanaya.varughese@hotmail.com,1999-12-18,7128154801.0
1XL5IQHH2V,Taran Butala,taranbutala@gmail.com,1987-06-11,3410777489.0
AAMA7V1CG2,Shayak Chakraborty,shayak_chakraborty@outlook.com,1993-07-18,2882720878.0
A6DYOHNF1Y,Nakul Sankaran,nakulsankaran@outlook.com,1980-01-13,1625040786.0
OKE48A2F94,Anahita Saini,anahitasaini@outlook.com,2004-12-26,9589423526.0
U6UHGW0LZM,Badal Konda,badal_konda@hotmail.com,1974-05-16,4718562459.0
WN4I1P8ZX8,Akarsh Singhal,akarshsinghal@hotmail.com,1993-05-23,479014168.0
W3JV1SK2HS,Lagan Vig,lagan.vig@yahoo.com,1989-07-19,2417409370.0
737AMWVTPV,Ojas Aurora,ojas_aurora@hotmail.com,2003-04-02,2459821779.0
9NJ3YNO63X,Navya Jani,navyajani@outlook.com,1986-02-07,9318367327.0
858E7Q15MI,Hansh Mani,hanshmani@yahoo.com,1981-08-30,7980838595.0
UNUGUGB1H0,Darshit Chaudry,darshit_chaudry@hotmail.com,1994-11-13,2214867138.0
UXAVTK2Y7R,Anvi Kunda,anvikunda@outlook.com,1979-03-13,8255271936.0
1MY8PVSGTK,Sahil Biswas,sahil_biswas@yahoo.com,1979-01-11,849792984.0
UEJM7QITKD,Uthkarsh Sane,uthkarsh_sane@hotmail.com,1976-11-21,6491774060.0
OZUGHZ9YIV,Emir Kashyap,emir.kashyap@outlook.com,1970-06-24,2493837995.0
27JB51VKYW,Samar Randhawa,samar.randhawa@yahoo.com,2002-08-26,7703759155.0
UGEXSRJTMU,Ranbir Dayal,ranbir.dayal@hotmail.com,1998-11-05,1808811789.0
QZ9IERXP7K,Rohan Swaminathan,rohanswaminathan@hotmail.com,1993-04-08,9849627992.0
79S65YG1YW,Miraya Dyal,miraya.dyal@outlook.com,1971-12-22,1884332019.0
BPRN3U954J,Anahita Agrawal,anahita_agrawal@outlook.com,1981-05-23,164049297.0
WM8S9077H1,Gatik Mann,gatik.mann@hotmail.com,1998-01-20,5357574449.0
UQA8IDCX8X,Bhamini Borra,bhaminiborra@yahoo.com,1976-08-23,6296370598.0
XVKQU0NH0W,Seher Shankar,sehershankar@yahoo.com,1983-09-28,6353832216.0
KEFV3069SM,Saksham Bobal,sakshambobal@outlook.com,1978-05-12,6584013221.0
PFP1162H7Y,Urvi Sarma,urvi.sarma@hotmail.com,1969-06-05,7152275791.0
AVPHX61H8I,Kanav Chandran,kanav_chandran@outlook.com,1971-04-29,8557174757.0
4F5FJSBSZN,Romil Sheth,romil_sheth@outlook.com,1967-07-03,2903001336.0
RKRBYY4RQG,Hridaan Dave,hridaan_dave@gmail.com,1985-04-24,7201945701.0
7WVKLU2F59,Riaan Rajagopalan,riaanrajagopalan@yahoo.com,2000-09-17,9653846227.0
YJT38O9QU9,Vidur Rajagopal,vidurrajagopal@yahoo.com,1984-07-15,1611094204.0
M3R1KG1MLQ,Alia Ray,aliaray@hotmail.com,1987-04-08,9682956295.0
RDJ8Z858P0,Dharmajan Krishnan,dharmajankrishnan@yahoo.com,1981-09-27,2879453616.0
CAEZVQ4R5E,Nishith Garg,nishithgarg@hotmail.com,1972-08-10,4354880310.0
MXBTGB408E,Indranil Sunder,indranil.sunder@outlook.com,1972-09-04,6269610166.0
GKL6ICM0HP,Pranay Sheth,pranaysheth@outlook.com,1972-11-14,6456108407.0
OTF06CUKNB,Kashvi Kadakia,kashvikadakia@gmail.com,2002-03-03,1169798042.0
YBR19ERGP6,Anya Srinivas,anyasrinivas@hotmail.com,1994-03-19,7028624919.0
BXZE9J8IFU,Shaan Savant,shaan.savant@yahoo.com,1995-09-30,5128544082.0
6RD26UJFP9,Hunar Buch,hunar.buch@outlook.com,1966-10-13,8849305517.0
HR3JYV37KU,Pihu Varma,pihuvarma@yahoo.com,1972-03-03,1512609120.0
0M9G7R8UPV,Pari Thaman,pari_thaman@yahoo.com,1994-07-24,9687292075.0
KICY43H0Q4,Divyansh Roy,divyansh_roy@gmail.com,1993-07-23,6828433915.0
G0GCGT4GIW,Nirvi Malhotra,nirvi.malhotra@outlook.com,1993-08-31,4959177232.0
J698AOYUMR,Eshani Andra,eshani_andra@yahoo.com,1983-07-10,102976990.0
SJRHPP7GMN,Kanav Divan,kanav_divan@yahoo.com,2001-03-28,9175048776.0
26KABZ9IO5,Raunak Rau,raunak.rau@gmail.com,2004-11-02,4990670935.0
SA2O2EUP9P,Yasmin Vig,yasmin_vig@gmail.com,1992-04-04,4304494365.0
I1GJISCSK3,Rania Mani,raniamani@outlook.com,1981-09-19,8596867543.0
5AH3HKWABO,Ojas Hayer,ojas.hayer@outlook.com,1985-02-23,6009007510.0
QSH3JG5O1O,Madhav Hayer,madhavhayer@yahoo.com,1990-09-11,5482827575.0
BT5L7P31DN,Prisha Lanka,prisha.lanka@yahoo.com,1987-04-01,8933625517.0
Z9GTGY8H0F,Sumer Kala,sumer_kala@gmail.com,1999-02-12,5854431282.0
C70GSWO143,Vanya Dutta,vanya_dutta@hotmail.com,1988-10-28,5083739495.0
FZTYIBYPLW,Samiha Raman,samiharaman@hotmail.com,1988-02-22,6153931441.0
IGXEBWBBTN,Armaan Raju,armaanraju@hotmail.com,1989-09-14,7888739686.0
41RT20CYEY,Saanvi Soni,saanvi_soni@hotmail.com,1995-12-06,1704385136.0
BTJMT8K2ZF,Kiaan Devan,kiaan_devan@yahoo.com,1992-02-07,987335778.0
6KEDPRODBB,Aaina Tandon,aainatandon@hotmail.com,1967-09-08,6374627566.0
EDUSYLI6GU,Ivana Mander,ivana_mander@hotmail.com,1996-12-23,2698448392.0
SYIS1WL1CR,Manikya Samra,manikya_samra@outlook.com,1998-11-13,2648228005.0
1YHY4XY1UG,Tiya Ratti,tiya.ratti@outlook.com,2004-08-11,7784666516.0
ESEO5CVQ4Z,Aayush Shukla,aayush_shukla@outlook.com,2000-12-17,2332772281.0
DMZEV66S9N,Hazel Singhal,hazel_singhal@yahoo.com,1975-11-02,7819634712.0
HY4Y0LFH3L,Darshit Wadhwa,darshitwadhwa@yahoo.com,1972-02-18,7867977042.0
OJ8FT3MGJK,Ranbir Toor,ranbirtoor@gmail.com,1975-03-22,4622775442.0
QC6K7MCR6N,Tejas Swamy,tejasswamy@yahoo.com,1988-02-24,5337042346.0
UBWWLJKPLA,Kashvi Mandal,kashvi_mandal@gmail.com,1996-03-01,8734184305.0
4OEQLLUKZN,Mannat Ratta,mannat_ratta@yahoo.com,1987-12-29,7488127055.0
1TP6IQMQVU,Zoya Grewal,zoyagrewal@gmail.com,1971-05-26,67853666.0
JPQERYB15S,Khushi Goswami,khushi_goswami@outlook.com,1995-10-20,7628733906.0
XMPOZYFPJD,Sumer Sheth,sumersheth@yahoo.com,1966-08-25,3392279424.0
QM1JC7ZFE0,Aniruddh Swaminathan,aniruddh_swaminathan@gmail.com,1979-11-19,5154248245.0
K7XVIM9RY4,Mishti Korpal,mishti_korpal@outlook.com,2003-08-30,475624629.0
HVI0L0KFNY,Ela Gera,elagera@yahoo.com,1998-06-25,6296708028.0
P2S0EIMSSU,Lakshay Chaudhary,lakshay_chaudhary@hotmail.com,2002-10-06,6640274993.0
U5XZSJ03QP,Shanaya Dugar,shanaya_dugar@outlook.com,1966-03-09,9206062365.0
3OIJPKWX1Z,Kaira Bhavsar,kaira.bhavsar@gmail.com,1978-01-23,4022764288.0
0IPPGUEKP7,Samaira Rama,samaira.rama@yahoo.com,1971-11-26,8041224283.0
GHI1M078G9,Armaan Kakar,armaankakar@outlook.com,1995-08-29,180033052.0
G9T6OAUJ85,Darshit Loke,darshit.loke@yahoo.com,1996-03-01,6145665445.0
VPYBMT2RQV,Rati Sunder,rati_sunder@yahoo.com,2002-07-04,4656039023.0
TVDCGTVC3G,Jayesh Sarna,jayeshsarna@gmail.com,1998-10-24,4818555219.0
OEIW6975FO,Mahika Solanki,mahikasolanki@gmail.com,1978-09-23,8849601483.0
IMD9DSVKBZ,Faiyaz Shere,faiyaz_shere@hotmail.com,1987-11-26,9148887151.0
I65LDA4NVJ,Hrishita Hayer,hrishitahayer@outlook.com,1999-01-22,4802061929.0
QCOU1OHCAE,Darshit Rattan,darshit_rattan@hotmail.com,1995-05-30,4348190673.0
EJ9PVLPXMN,Hansh Dutta,hansh_dutta@gmail.com,2003-02-04,27298261.0
WY8PV5WWB1,Jiya Zacharia,jiya.zacharia@yahoo.com,1969-08-08,3175518048.0
POO7PIHDZL,Purab Butala,purab_butala@yahoo.com,1975-11-29,3483158146.0
VPHOXSKL2W,Ira Som,irasom@yahoo.com,1998-10-20,9532958327.0
HOOZ2IUY2J,Nakul Vaidya,nakul.vaidya@outlook.com,1968-09-15,4050270636.0
TQKW5AJGRV,Dhruv Das,dhruv.das@hotmail.com,1980-12-11,2266408028.0
BOS0IHNDT8,Trisha Sawhney,trisha.sawhney@hotmail.com,2003-11-15,8597261984.0
OFU5L8S4HG,Vidur Tailor,vidur_tailor@gmail.com,1988-02-28,9695136112.0
HGX6UDFV1L,Veer Goda,veergoda@gmail.com,1997-06-19,8405163026.0
LLPJL0K6HA,Kismat Kadakia,kismatkadakia@outlook.com,1974-05-05,1259328046.0
UZH4RATW5X,Aarush Samra,aarush_samra@hotmail.com,1976-02-17,7720453718.0
F5AEEVF21K,Krish Ramesh,krishramesh@yahoo.com,1980-07-24,6112599145.0
0Y4OHWP762,Vaibhav Raja,vaibhav_raja@yahoo.com,1995-02-10,5774558598.0
GBQCB4F7PO,Damini Bhagat,daminibhagat@hotmail.com,1968-11-19,8352428673.0
LIQ19F8CIN,Shayak Sharaf,shayak_sharaf@yahoo.com,1999-10-17,9024032745.0
GH1S7R2AAA,Raghav Shankar,raghavshankar@yahoo.com,1990-08-22,946222324.0
5J8V94MDYG,Shlok Tata,shlok.tata@hotmail.com,1989-05-25,5642438157.0
E010OEY4MQ,Dishani Lad,dishani_lad@yahoo.com,1988-07-02,6145563245.0
ZOVKXLTTRG,Rania Walia,raniawalia@hotmail.com,2004-10-16,208716598.0
01VOR5CWL9,Madhav Ram,madhav.ram@yahoo.com,1972-05-28,8193844647.0
BYERZRYT8R,Nirvi Kibe,nirvi_kibe@outlook.com,1982-02-13,8198892911.0
X8O3CZI8UW,Tejas Som,tejas_som@hotmail.com,2002-12-03,9571312549.0
SI7BSZTUL9,Baiju Doshi,baijudoshi@yahoo.com,1983-08-16,2006674888.0
GSLV52A4NB,Anvi Dasgupta,anvi.dasgupta@yahoo.com,1972-11-20,4097687073.0
UONPLSBXIW,Gokul Sidhu,gokul_sidhu@yahoo.com,1993-08-08,7057945501.0
ULMOTMVISO,Gokul Majumdar,gokul.majumdar@yahoo.com,1972-11-29,5489074368.0
REJVEMRZX8,Keya Jhaveri,keyajhaveri@outlook.com,1988-11-26,7609584100.0
YE2IGTNXE4,Riya Rege,riya.rege@yahoo.com,1967-12-20,4613955972.0
3STJY0B9XK,Shanaya Basak,shanaya_basak@outlook.com,1993-02-28,2143125890.0
PKR8BOPGCX,Madhup Gill,madhupgill@gmail.com,1983-10-22,5745929767.0
YY4KQ7WKJ6,Shlok Kalita,shlok_kalita@outlook.com,1986-05-08,9994558519.0
PHFNNXK0X5,Nishith Kohli,nishith.kohli@gmail.com,2003-04-13,1220340243.0
L31JJI45WS,Nirvi Chokshi,nirvi_chokshi@outlook.com,1997-07-14,9656345840.0
95DZS4Z7WP,Navya Ramanathan,navya.ramanathan@yahoo.com,1996-07-01,9844241503.0
XGK0KP0D9B,Jayant Konda,jayant_konda@hotmail.com,1981-02-21,1791892565.0
7IVSCYY9Q7,Anika Dyal,anikadyal@yahoo.com,1996-10-01,7491282329.0
JS34ZMDEIY,Kavya Goyal,kavya_goyal@yahoo.com,1992-03-29,5203129683.0
BFAF2NRP5S,Suhana Chandran,suhana_chandran@hotmail.com,2004-12-11,2007319708.0
0TOSVIB2L8,Neelofar Khanna,neelofar.khanna@outlook.com,1990-04-17,2729577039.0
GVQ7HSJUIR,Pari Sagar,parisagar@hotmail.com,1985-08-19,7942457204.0
1O2DVU63Z0,Biju Doshi,biju_doshi@outlook.com,1966-01-09,7854063483.0
RILAQHADPW,Bhamini Bhakta,bhaminibhakta@hotmail.com,2001-09-29,7052027506.0
10CI1XMFDD,Hiran Dutta,hiran_dutta@outlook.com,1980-11-10,4678202778.0
FP4I4PQI7C,Purab Walia,purab_walia@yahoo.com,1978-08-15,5495155560.0
F30HN55KIM,Divyansh Sundaram,divyansh.sundaram@gmail.com,1986-12-21,4740593989.0
T7XRVEMG4H,Sahil Mani,sahil.mani@gmail.com,1981-06-24,11937250.0
YRWFLL1FEB,Aaryahi Walla,aaryahi.walla@hotmail.com,1981-05-08,851432238.0
CC4ALDKO9W,Ryan Vaidya,ryan_vaidya@outlook.com,1994-04-26,8536814628.0
PFNRH2528L,Ira Bhardwaj,ira_bhardwaj@outlook.com,1992-02-04,7776274349.0
BHLQRUPTCQ,Adira Arya,adira_arya@yahoo.com,1982-01-10,132124793.0
HF6DE4TUL1,Ela Jani,elajani@gmail.com,1972-01-19,1361466445.0
L64JDV2CJ1,Amira Kade,amira.kade@yahoo.com,1980-04-05,8887087908.0
GXGOLJQZY0,Kismat Chacko,kismat_chacko@outlook.com,1976-07-23,8806750009.0
D1MAIEB54O,Devansh Lanka,devanshlanka@outlook.com,1994-05-20,6630827612.0
2T8QQFM5W3,Emir Balay,emir_balay@hotmail.com,1991-02-02,1677076842.0
YMFHXB7K55,Tejas Sani,tejas_sani@hotmail.com,1969-12-15,2506870505.0
Z7CA4Z10AM,Parinaaz Kota,parinaazkota@yahoo.com,1978-05-29,8419240798.0
BLKOA10TIS,Prerak Sachdev,prerak_sachdev@outlook.com,1973-04-03,3730409886.0
R9FETT1NWU,Riya Sachdev,riya_sachdev@outlook.com,1976-01-27,3498867918.0
G4UHNF7TAQ,Anay Bhatti,anay_bhatti@yahoo.com,1984-07-01,871697179.0
BJRC263UOU,Drishya Brahmbhatt,drishyabrahmbhatt@yahoo.com,1976-12-02,5038046146.0
QPB28163W6,Heer Agate,heeragate@hotmail.com,1988-08-11,8598176212.0
HMDNZPXVCY,Hiran Krishnamurthy,hirankrishnamurthy@hotmail.com,1978-12-22,2287872124.0
MALMC9WDNL,Aarush Kala,aarushkala@gmail.com,1990-06-01,4979961875.0
8Z48P6I6B1,Shayak Bhagat,shayak.bhagat@outlook.com,1992-04-03,8314044275.0
QSAB6ZA33G,Inaaya  Sinha,inaayasinha@outlook.com,2004-12-10,1946495751.0
2D2VP09QL2,Anvi Golla,anvi.golla@yahoo.com,1982-08-31,6875790326.0
PDR7ZZLKMF,Miraan Sankar,miraansankar@gmail.com,1993-12-18,2045781732.0
76QFIIH3UR,Shalv Ganesan,shalvganesan@outlook.com,1969-06-01,3868179947.0
DUGGTTBD46,Badal Chakraborty,badal_chakraborty@gmail.com,2002-03-29,4736943232.0
JTC5MB8CRU,Armaan Borra,armaanborra@hotmail.com,1995-01-27,5935929777.0
W2GAUDI70P,Ivan Iyengar,ivaniyengar@yahoo.com,1983-11-26,9003678503.0
AQU8PDLVEH,Ishaan Mallick,ishaanmallick@yahoo.com,1998-04-08,6384168481.0
BQ2I5NUNGM,Gatik Dada,gatik.dada@hotmail.com,1970-12-11,454844517.0
5YH1XODLOQ,Aradhya Raval,aradhya_raval@hotmail.com,1985-06-30,1692408932.0
S7AHZKSCHZ,Manikya Mangat,manikyamangat@yahoo.com,1996-11-23,8883196361.0
IYT6W5G5WH,Samaira Bhatia,samaira.bhatia@yahoo.com,1999-06-04,8805208179.0
XS6IAFS0LB,Renee Rana,reneerana@outlook.com,1996-10-10,666844119.0
W87ODB0HC3,Mishti Sampath,mishtisampath@gmail.com,2002-08-02,9318335607.0
IKOI2TMYE1,Ahana  Barman,ahana.barman@hotmail.com,2000-10-06,260716188.0
SNW3Z3N6X1,Umang Kulkarni,umangkulkarni@outlook.com,1969-05-18,1066432261.0
BUXBKJI00A,Ehsaan Kara,ehsaan.kara@gmail.com,1987-05-24,3894098077.0
BDVKOKEQ25,Mamooty Sha,mamooty.sha@hotmail.com,1979-03-23,4841051191.0
KEEWJRQ7ZO,Hridaan Subramanian,hridaan.subramanian@hotmail.com,2001-06-27,8133390111.0
8FDAQNH912,Faiyaz Verma,faiyaz.verma@outlook.com,2002-01-15,3000158313.0
AB1C7EN2RR,Anay Khosla,anay.khosla@outlook.com,1991-02-01,4096170002.0
3D2XT30FTB,Nehmat Balan,nehmat_balan@hotmail.com,1969-01-14,2414994641.0
EWH0NGDJ9Z,Kartik Gola,kartikgola@yahoo.com,2004-08-05,7205877004.0
0YO7OOTU2N,Kiaan Dua,kiaan_dua@yahoo.com,1977-01-17,5926550114.0
2VE5QU4JGX,Aradhya Chada,aradhya.chada@yahoo.com,2003-02-24,4429190941.0
17IMBUSUM7,Shaan Loke,shaan_loke@yahoo.com,1978-04-21,8134915700.0
T9TF4A65YJ,Himmat Kala,himmatkala@outlook.com,1990-09-05,3473583251.0
673JGUZMWF,Ahana  Devan,ahana.devan@gmail.com,1978-02-27,1108587366.0
3QA9MXRVNE,Misha Sathe,misha_sathe@outlook.com,2002-11-05,8450106472.0
B1ZSVU9P62,Devansh Sankar,devanshsankar@hotmail.com,1981-08-21,6646495987.0
CGVE613V0G,Urvi Chakraborty,urvi_chakraborty@gmail.com,1981-10-22,4125841349.0
LMS9YU6GX5,Vaibhav Krishnan,vaibhav_krishnan@yahoo.com,2001-01-14,9219350358.0
P614R92LN8,Shalv Lad,shalvlad@yahoo.com,1970-10-03,9429791090.0
UJ81BY3WVH,Seher Wali,seher.wali@gmail.com,2002-04-09,1674593624.0
ME3TWW6P7P,Emir Hora,emir_hora@yahoo.com,1971-10-13,6184942260.0
8OKBD8EQOU,Kanav Hegde,kanav_hegde@gmail.com,1996-07-25,8636389896.0
R3ZXXUHNMS,Advik Dasgupta,advik_dasgupta@yahoo.com,1972-05-17,6006369072.0
0U185VS7C8,Zain Bandi,zain.bandi@yahoo.com,1992-09-12,1564329468.0
90ZQT1OIC1,Samarth Savant,samarthsavant@outlook.com,1971-01-25,2189309069.0
C8QF5RZ1GZ,Mehul Bhatia,mehul_bhatia@yahoo.com,1967-06-27,9224476166.0
EU0QG32HRX,Ivana Sharaf,ivana_sharaf@gmail.com,1996-03-03,4898758062.0
RW1BTWQFQQ,Samaira Kadakia,samaira_kadakia@outlook.com,1970-03-03,3305421466.0
N4E2A6U37C,Jhanvi Varghese,jhanvi_varghese@yahoo.com,1966-06-26,8993607305.0
ZGLVEN9948,Dhanuk Randhawa,dhanuk.randhawa@gmail.com,1989-01-15,6465305867.0
GSGXLS26G8,Ehsaan Borah,ehsaanborah@outlook.com,1987-12-21,4971427336.0
EBPDJA42PE,Kaira Sibal,kairasibal@outlook.com,1998-02-04,2524113861.0
DNL7XD2BL2,Jayesh Seshadri,jayeshseshadri@hotmail.com,1999-04-20,7198299574.0
9AA26WJU8J,Shayak Solanki,shayak.solanki@hotmail.com,1968-04-14,9172106263.0
342AZODJV5,Jiya Deshmukh,jiya.deshmukh@hotmail.com,1993-05-07,6941165577.0
JSA1CY11MG,Zoya Ramesh,zoya_ramesh@outlook.com,1988-09-10,387827998.0
CBOPBJJ7KE,Arnav Sharaf,arnavsharaf@outlook.com,1988-04-24,2959674645.0
FKMMNK035T,Aniruddh Jani,aniruddhjani@outlook.com,1989-11-29,8302041698.0
6L2LJF4ALV,Rania Choudhry,raniachoudhry@yahoo.com,1978-02-18,6588540342.0
UIZWXS7GKN,Manjari Suri,manjarisuri@outlook.com,1970-07-05,81608962.0
BFST809Z43,Tejas Brar,tejas.brar@yahoo.com,1996-08-12,7930653878.0
JH3DC880T0,Abram Kapoor,abramkapoor@gmail.com,1980-06-17,7876915630.0
0AF20QWEF3,Inaaya  Aggarwal,inaayaaggarwal@hotmail.com,2002-01-10,8213894917.0
RDF933ABLF,Biju Sinha,biju.sinha@gmail.com,1980-07-05,189815913.0
CXTC6VEGAQ,Nirvaan Goel,nirvaan_goel@outlook.com,1985-01-09,6482294978.0
P160K1RG27,Ryan De,ryande@hotmail.com,2000-03-14,1110476740.0
AFVPBHPL0U,Darshit Bose,darshit.bose@yahoo.com,1982-06-14,9411189219.0
U89TDTHMU8,Arhaan Aggarwal,arhaan_aggarwal@outlook.com,1974-04-10,9950080662.0
D9TEGY8W8M,Kimaya Bobal,kimaya.bobal@outlook.com,1974-07-05,8989350344.0
ILUCJR7X3N,Rhea Yohannan,rheayohannan@hotmail.com,1973-11-21,8636041132.0
MBQAVM5U95,Ivan Chander,ivan_chander@gmail.com,1974-03-06,6689454599.0
894LE2U8CY,Shanaya Chokshi,shanaya_chokshi@gmail.com,2002-08-26,6308737445.0
2ZLEUSHJ33,Kiara Date,kiara.date@hotmail.com,1971-09-10,549956707.0
UBL7OBIPNR,Gatik Singh,gatiksingh@yahoo.com,1994-03-18,7467458291.0
OIH5MOC083,Badal Srinivas,badal.srinivas@hotmail.com,1969-08-12,2956641601.0
WSZBTGUL8D,Pranay Bhasin,pranaybhasin@hotmail.com,1986-11-29,9924023746.0
QTDAPUYKO0,Jiya Dara,jiya_dara@hotmail.com,1984-11-15,7181614374.0
X90C2H8C5L,Aarav Ratta,aarav.ratta@yahoo.com,1995-01-14,4927812498.0
YKU52DS4HO,Kashvi Batta,kashvibatta@gmail.com,1986-02-03,4837302400.0
LZJZV1NE0M,Drishya Kadakia,drishya.kadakia@hotmail.com,1981-02-12,2127600771.0
Z1K6PLLXB4,Aniruddh Sagar,aniruddh_sagar@yahoo.com,1966-12-22,4653521954.0
SB0JS3DTM9,Jivika Das,jivika.das@yahoo.com,1983-10-10,4236762285.0
8K4RRM06EG,Rati Vaidya,rati_vaidya@outlook.com,1982-04-10,2845810874.0
5PRKH0QI86,Mahika Kakar,mahika.kakar@outlook.com,2004-07-20,8533565915.0
SDFRPKJ9LD,Aaryahi Goswami,aaryahigoswami@yahoo.com,1969-09-22,8663973197.0
GBEYDZIZFV,Adah Gaba,adahgaba@hotmail.com,1975-03-07,5263217832.0
KMNRVN25HR,Umang Bawa,umang_bawa@outlook.com,2003-03-09,3170700262.0
BCQKS3PXV1,Bhavin Babu,bhavinbabu@gmail.com,2004-01-22,2429606780.0
4YPQ7IJ5HT,Eva Gola,eva_gola@hotmail.com,1968-12-26,3157885318.0
HPEBLI3QFY,Taimur Chana,taimur_chana@hotmail.com,1978-01-17,3467915211.0
ZN1SGP5IE6,Saanvi Warrior,saanviwarrior@outlook.com,1970-12-23,1433574151.0
932TN1ORSE,Anaya Saxena,anaya_saxena@gmail.com,1982-12-03,6759993267.0
1RXIPZMXZ7,Biju Dara,biju.dara@outlook.com,1995-01-17,7323411909.0
F42LZQ95IJ,Indranil Dave,indranildave@outlook.com,1984-03-05,6203897361.0
GOJI5MYP2B,Mishti Keer,mishtikeer@outlook.com,1966-01-08,1849493515.0
TNM665639Q,Umang Rao,umang.rao@gmail.com,1975-02-25,787082895.0
GBH5G7Y4JC,Shanaya Sastry,shanayasastry@outlook.com,1971-06-08,7270384440.0
EZZFNADA7A,Krish Doshi,krish_doshi@gmail.com,1972-07-23,6459563554.0
3KYEE1O480,Myra Gara,myra_gara@yahoo.com,1979-01-11,9510313146.0
P9S5E0IG95,Anaya Chawla,anaya_chawla@yahoo.com,1998-07-10,9052862515.0
4FOJWYFWGI,Lakshay Bassi,lakshay_bassi@gmail.com,1983-02-22,6262749834.0
IAEJFJFTUW,Lagan Sarma,lagan_sarma@hotmail.com,1995-02-06,6582986636.0
QX5LF9IM0N,Faiyaz Bala,faiyaz.bala@hotmail.com,1984-12-15,2227346446.0
BS473OXKXN,Nitara Saraf,nitarasaraf@gmail.com,1974-04-27,5079394598.0
DB2BWB5TJ8,Urvi Tandon,urvi.tandon@yahoo.com,1986-10-09,2250877430.0
K23G9QPMGO,Mohanlal Kara,mohanlal_kara@gmail.com,1996-06-01,2468125351.0
VH6MUBEJZL,Dhanush Baral,dhanush.baral@outlook.com,1985-08-28,9684402515.0
Z372K4CF8B,Advika Bal,advika_bal@outlook.com,2003-04-03,8033678089.0
JA216RKZJJ,Pihu Sarma,pihusarma@gmail.com,1987-01-09,8540047354.0
X9AHVU46I2,Kaira Mane,kairamane@gmail.com,1974-03-21,4493237104.0
U5KEI6TO97,Madhup Borah,madhupborah@gmail.com,1976-08-30,5300917299.0
0MFVDXQCM0,Umang Borah,umang.borah@outlook.com,1978-09-02,7615776152.0
T9J30VWJOV,Arhaan Kari,arhaan_kari@yahoo.com,2002-12-09,7480849922.0
AXRXDLEJGX,Charvi Verma,charviverma@yahoo.com,1979-12-02,8174534025.0
8583F7070D,Kimaya Agrawal,kimayaagrawal@gmail.com,1968-08-07,2369629023.0
DO0PB20GL3,Kiara Chaudhary,kiara.chaudhary@hotmail.com,1968-06-17,7999606408.0
7GDVQELUXG,Adira Ganguly,adiraganguly@gmail.com,1976-12-28,7777613416.0
0I1PXAXC4X,Divit Suri,divit_suri@hotmail.com,1999-12-25,9355724080.0
AT6PBWZKP1,Raghav Krish,raghav_krish@gmail.com,1971-06-13,5483635188.0
27DHLNNCYZ,Anahi Doshi,anahi.doshi@hotmail.com,1969-10-11,7878666694.0
RXGZ3J6KK2,Nirvi Issac,nirviissac@yahoo.com,1977-07-03,7456469509.0
02NJDUQQAL,Navya Seshadri,navya.seshadri@hotmail.com,1983-08-29,9529638099.0
II2X9FJ60E,Tejas Keer,tejas.keer@outlook.com,1998-08-31,8122750578.0
6D7L5PCDBT,Nehmat Lalla,nehmat_lalla@outlook.com,2002-08-29,1916244051.0
5WJS5V96FQ,Chirag Jha,chiragjha@hotmail.com,1983-02-14,7742654447.0
FRHCQOCQPK,Onkar Bhatia,onkarbhatia@hotmail.com,1971-09-22,3443092764.0
172342CE5P,Piya Toor,piya.toor@hotmail.com,1981-12-15,3177044233.0
FB119P6JKP,Aarav Dubey,aarav_dubey@yahoo.com,1999-09-21,5236869637.0
2Q2HJPZ79T,Advika Wali,advikawali@yahoo.com,1988-08-21,3441127594.0
MED7H7762K,Tiya Bora,tiyabora@gmail.com,1976-05-04,7069357495.0
LRTT3G09OS,Krish Sarraf,krish_sarraf@yahoo.com,1991-10-17,5438999961.0
5R5RU7XEZ8,Hridaan Dua,hridaan_dua@yahoo.com,1976-02-06,1470177374.0
NZ9GFVHYFC,Baiju Thaman,baiju_thaman@gmail.com,1968-01-27,961275984.0
G7XYSS3H6F,Ehsaan Ramachandran,ehsaan_ramachandran@gmail.com,1974-12-08,90484693.0
8F4P8V67IG,Zara Bhardwaj,zara.bhardwaj@hotmail.com,2004-12-03,471829161.0
1TLVQRPDPY,Hansh Mammen,hanshmammen@gmail.com,1977-03-20,6986912767.0
AVS5HWQ1F6,Taimur Kanda,taimur.kanda@hotmail.com,1984-09-13,8801894129.0
FPXM5TC28J,Nishith Bandi,nishith.bandi@outlook.com,2001-10-31,7704284056.0
PGJ0SFGCMD,Lakshay Jhaveri,lakshayjhaveri@hotmail.com,1992-02-25,6186300963.0
QHX7IZZ2QA,Parinaaz Ravel,parinaazravel@hotmail.com,1984-10-30,4669632143.0
B4LY8R8OYS,Kimaya Chana,kimaya.chana@hotmail.com,1974-07-15,7691004556.0
WUVKP30MI3,Riya Krishnamurthy,riya_krishnamurthy@outlook.com,1983-02-27,946385797.0
KX5UXFY0O0,Aniruddh Rastogi,aniruddh_rastogi@hotmail.com,1999-03-07,3493667039.0
PH4LV5C6H8,Akarsh Khatri,akarshkhatri@yahoo.com,1967-07-12,2467520822.0
GIMIYXW91N,Ishaan Bhagat,ishaan_bhagat@yahoo.com,2004-05-03,9428513316.0
6FE4F4Z41O,Madhup Vohra,madhupvohra@outlook.com,1993-09-29,5499952189.0
3C24R4YBK1,Amira Warrior,amira.warrior@hotmail.com,1985-01-26,3904466111.0
FU7OYTDVIJ,Aarush Kara,aarush_kara@gmail.com,1994-09-03,9405638101.0
A3COVT1V9X,Taran Deo,tarandeo@gmail.com,1977-07-16,534757156.0
73CRVEJVLW,Rati Keer,ratikeer@gmail.com,1987-02-24,5498330288.0
D8W1OSNG6U,Mamooty Kale,mamooty.kale@hotmail.com,1984-04-05,8782860816.0
DPTQSRGT8R,Anya Brar,anyabrar@outlook.com,1986-09-05,3771646429.0
3BZACQVP2G,Nakul Rau,nakulrau@yahoo.com,1993-03-18,6582468410.0
JBN7W9W215,Mishti Baria,mishti.baria@gmail.com,1983-11-04,2738253023.0
P9QMLDBRR3,Hridaan Raman,hridaan_raman@gmail.com,1978-11-10,8327391812.0
IO92QWL7C0,Hunar Wali,hunarwali@hotmail.com,1974-08-17,471134868.0
PGJT1WN4K3,Trisha Varkey,trishavarkey@gmail.com,2002-04-21,3713218878.0
PNITEML1ZY,Kanav Samra,kanav_samra@yahoo.com,2002-10-28,7433214820.0
CLCTWB3DWG,Siya Chakrabarti,siya_chakrabarti@gmail.com,1974-07-01,4433390791.0
8BTHCRNU6R,Oorja Sampath,oorjasampath@yahoo.com,1984-03-05,8985219267.0
NNJF5K5723,Rania Shanker,raniashanker@hotmail.com,1990-03-15,596151830.0
N56UWJMXAV,Saksham Kuruvilla,saksham.kuruvilla@outlook.com,1979-11-02,7915591758.0
EVTULOLJEK,Bhavin Sankar,bhavin_sankar@gmail.com,1980-09-24,3558557903.0
17O8SXB95R,Urvi Kapur,urvi_kapur@hotmail.com,1975-10-05,5370762791.0
QAJ40M1YMB,Ojas Comar,ojas_comar@yahoo.com,1993-09-21,7937253817.0
IT724WLGU7,Shray Hegde,shray_hegde@yahoo.com,1983-06-04,6975470361.0
2YBJ6QOBLJ,Nirvaan Ravel,nirvaan_ravel@gmail.com,1980-04-14,7264888356.0
L4O7QDACA8,Shanaya Sura,shanaya_sura@gmail.com,1996-04-19,8126170613.0
2SK0N4LGVB,Badal Gola,badal_gola@outlook.com,2001-12-01,2938184358.0
PXR8MH00DC,Tanya Dalal,tanya_dalal@hotmail.com,2000-03-06,9934498920.0
MAFRDXC76C,Armaan Raval,armaan_raval@hotmail.com,1974-04-02,6361150313.0
8XEH55Z3OR,Samaira Mangat,samaira.mangat@gmail.com,1981-08-14,4695493662.0
IYD5067M3G,Kavya Sibal,kavyasibal@hotmail.com,1984-05-15,4163483497.0
44COGAA5I9,Kavya Chawla,kavya.chawla@hotmail.com,1966-05-23,8904269015.0
3TCPMJTZZ3,Ahana  Bali,ahanabali@gmail.com,1966-02-23,9038816393.0
GIY5E8PQX3,Navya Dar,navya_dar@yahoo.com,1985-03-27,3729299936.0
7LUI7PYUZ1,Anahita Desai,anahita_desai@gmail.com,1994-07-27,1259155306.0
IJJ75MQZ2Y,Uthkarsh Dhar,uthkarsh.dhar@gmail.com,2000-12-09,1930964866.0
VROGJ6AGBO,Vardaniya Anne,vardaniya_anne@yahoo.com,2001-10-14,7925778652.0
IPQACGUJ9A,Jiya Sarraf,jiya_sarraf@gmail.com,1971-03-25,9749672213.0
WQFIC8RJG5,Mohanlal Dutt,mohanlal_dutt@outlook.com,1971-12-30,8326093000.0
MDE0C4K91J,Vaibhav Kashyap,vaibhavkashyap@outlook.com,1996-03-25,729348780.0
65O5S443CC,Hunar Khurana,hunar_khurana@yahoo.com,1978-02-05,4769873114.0
ACKYG8YN2F,Jiya Bala,jiya.bala@yahoo.com,1981-01-15,6877947464.0
Z3QSM38V29,Nehmat Rajagopal,nehmat_rajagopal@yahoo.com,1971-04-05,7733913481.0
VODUNDAPUQ,Ranbir Bumb,ranbirbumb@outlook.com,1990-07-11,4944628539.0
JBPCEWVK9C,Rhea Dugar,rhea_dugar@yahoo.com,2004-02-14,7932582834.0
9OD2VUGE10,Nirvi Behl,nirvi.behl@yahoo.com,1996-07-31,4957665972.0
ZTN0DUG1H6,Miraan Gole,miraangole@gmail.com,2002-06-06,9161624393.0
DFUI85TG4C,Sumer Golla,sumergolla@gmail.com,2003-12-12,8794961481.0
J05KT8FVD2,Mehul Iyer,mehuliyer@hotmail.com,1969-06-19,3296023765.0
7UTHUD2UIH,Shlok Srinivasan,shloksrinivasan@yahoo.com,2002-08-13,3397051987.0
8NTQ2DMC3D,Keya Ramachandran,keya_ramachandran@yahoo.com,1995-03-03,2790699840.0
RBI1O9PLE1,Anahi Rout,anahi_rout@outlook.com,1997-11-14,3646062973.0
5Q01MPKBHQ,Nakul Taneja,nakultaneja@yahoo.com,1984-03-08,5334982830.0
Z8Y5T5K998,Jivika Devi,jivikadevi@gmail.com,2004-10-10,2936252645.0
9A1VS9F2PC,Shamik Golla,shamikgolla@hotmail.com,1985-08-05,1845945772.0
15HO47QAZ3,Amira Chanda,amira_chanda@yahoo.com,1997-02-09,2969976232.0
SA67MAD6ZC,Piya Wali,piyawali@gmail.com,1982-08-04,4326982204.0
LX84W4JDA3,Vedika Vasa,vedika_vasa@outlook.com,1967-01-23,6907696081.0
PBBXFS52CD,Aradhya Gaba,aradhya_gaba@yahoo.com,1982-10-23,9009311934.0
LVB7J3QBB4,Nirvi Chandra,nirvi_chandra@yahoo.com,1986-02-12,3503314125.0
3E1J2HO509,Farhan Thakkar,farhan_thakkar@yahoo.com,1980-02-23,3641857691.0
BP0G66K6F6,Purab Kar,purab_kar@outlook.com,2000-01-08,1040572894.0
1QH7DHKW1Y,Oorja Subramaniam,oorjasubramaniam@outlook.com,1979-03-19,1212536111.0
Y0UFG0GIAB,Samar Sama,samarsama@yahoo.com,1977-09-28,6685215737.0
IDI8CASYQU,Yuvraj  Bala,yuvraj.bala@outlook.com,2002-09-29,2197978576.0
JZHZ14JKFC,Yuvraj  Borah,yuvraj_borah@gmail.com,1976-10-27,744178459.0
S9DTSRBKAS,Anahi Ramaswamy,anahiramaswamy@outlook.com,1994-08-22,797286112.0
SRHM4O0BO1,Rohan Raja,rohan_raja@yahoo.com,1970-05-20,2758486894.0
32QSZOKS80,Biju Cherian,biju_cherian@gmail.com,1991-05-17,2131227746.0
UL0DSLJEV5,Hazel Halder,hazelhalder@outlook.com,1979-01-07,950714304.0
85FOR6XZ9S,Nishith Mallick,nishith_mallick@hotmail.com,1981-03-20,5059945723.0
UBZZV4WAXP,Ivan Dar,ivandar@gmail.com,1983-06-26,8622541541.0
ZJ5G7YFVAI,Ritvik Rao,ritvik.rao@yahoo.com,1992-04-16,6063894125.0
QCO45BSA2S,Badal Johal,badaljohal@hotmail.com,1981-11-10,7728574767.0
QWKNWH3MD4,Saksham Shah,saksham.shah@yahoo.com,1984-12-13,6816290944.0
EEM1TASLN0,Kismat Ghose,kismat_ghose@hotmail.com,1979-04-19,2708136996.0
FNCO7N4KRT,Ishita Khosla,ishita.khosla@hotmail.com,1967-04-19,2531939016.0
6OWFZC2E6T,Nirvaan Varma,nirvaanvarma@yahoo.com,1973-10-19,6945092046.0
YLQD606HYJ,Vihaan Sane,vihaansane@hotmail.com,1992-09-14,500516090.0
TLTG3CIF8J,Advika Guha,advikaguha@hotmail.com,1992-03-23,7197264357.0
Y045JHJGS9,Vidur Kunda,vidur_kunda@outlook.com,1989-05-17,4587803877.0
J4J3TW5TPF,Inaaya  Deep,inaaya_deep@outlook.com,1985-05-31,1264812531.0
0GUZ5ZDZK1,Akarsh Sahni,akarshsahni@outlook.com,2003-12-24,7303595287.0
2OIO3EBN1T,Mahika Salvi,mahika.salvi@outlook.com,1986-01-07,6363629452.0
MW5SPUJAK8,Tanya Tank,tanyatank@yahoo.com,2003-10-25,5644251084.0
2UFVQIVCAM,Riaan Bora,riaan.bora@yahoo.com,1969-01-05,1445352352.0
3FPMN4P2A9,Advik Sastry,advik_sastry@yahoo.com,1970-04-21,878833754.0
YQVHN1XGGW,Jivika Kara,jivika.kara@yahoo.com,1990-07-15,5529923706.0
9G5C7492AF,Elakshi Yadav,elakshi.yadav@gmail.com,1976-04-28,9137960370.0
8Q7AM145K8,Mannat Chaudhuri,mannat.chaudhuri@gmail.com,1970-03-22,4366218806.0
5YK6GE44YM,Trisha Madan,trisha_madan@hotmail.com,1966-08-04,9206793417.0
0NP4VAKI5M,Uthkarsh Bahri,uthkarshbahri@gmail.com,1971-09-17,4651364590.0
WQCOJ6AVIZ,Samarth Ben,samarth.ben@gmail.com,2000-11-02,8505941360.0
PWTJQVGWQF,Vritika Kashyap,vritikakashyap@outlook.com,1973-01-29,3253375804.0
S3L68W9UDA,Tiya Dugal,tiya.dugal@hotmail.com,1980-03-22,6427426206.0
MLAE0S7L7Q,Kartik Sami,kartik_sami@yahoo.com,1994-12-05,7251391808.0
814ZIL2ZTW,Anay Kaur,anay_kaur@hotmail.com,1967-10-30,5041346792.0
O9FVIIYB0N,Charvi D’Alia,charvi_d’alia@outlook.com,1994-09-19,286633606.0
BIPJQR3DRY,Tejas Bhasin,tejas_bhasin@hotmail.com,2004-09-24,8317449507.0
VDUVHUIRTI,Krish Manda,krishmanda@hotmail.com,1976-05-18,4471092004.0
N5GBSYDW5G,Anahita Sha,anahitasha@outlook.com,1982-11-16,9664526491.0
E4CGVDRVX0,Tarini Arya,tariniarya@outlook.com,1981-04-03,484869917.0
B98DSAJ2D7,Umang Khatri,umangkhatri@yahoo.com,1967-12-01,7168258840.0
S5N4WJLSSY,Kabir Gokhale,kabir_gokhale@outlook.com,1967-10-11,9270152502.0
7PSTH1ROET,Kartik Raju,kartik_raju@gmail.com,1995-10-11,2574016496.0
8P9XS02NHR,Ishita Taneja,ishita_taneja@hotmail.com,1978-09-01,2458950808.0
1QQAD5W7YH,Nirvi Badal,nirvibadal@outlook.com,1994-12-17,7971044460.0
GMZCY2KEXI,Kanav Dash,kanav_dash@hotmail.com,1987-09-30,9465118141.0
Z5NTECTYHA,Raghav Sandhu,raghav.sandhu@gmail.com,1994-01-30,3313544314.0
92X8V3GP5B,Ahana  Rattan,ahanarattan@hotmail.com,1975-01-19,4196488961.0
KE1XHVM1E8,Anya Sankar,anyasankar@outlook.com,1969-12-27,7839101333.0
H8IWF8EZY0,Mannat Hans,mannathans@gmail.com,1983-02-05,2593434796.0
74MXAPL5DE,Kavya Roy,kavya.roy@hotmail.com,1989-01-03,438163945.0
T45MVGL9RL,Ritvik Ray,ritvik.ray@gmail.com,1998-09-23,560239162.0
LZROERIWDI,Sara Kibe,sarakibe@yahoo.com,1994-01-05,4642038758.0
U87TL2RAU1,Amira Banik,amira.banik@hotmail.com,1989-09-06,2557589353.0
I3LND82AOB,Lakshay Ahluwalia,lakshay.ahluwalia@yahoo.com,1986-05-10,9270697151.0
Q0QTWQOZIH,Anvi Sundaram,anvi.sundaram@yahoo.com,1974-01-13,7581076912.0
Y1I5DBMEC8,Aarna Lalla,aarna.lalla@yahoo.com,1975-02-23,9521478643.0
LWS6M539D4,Tara Mammen,tara_mammen@outlook.com,1998-09-28,1683486521.0
HG4PSBJCP9,Hansh Badami,hansh_badami@hotmail.com,1976-06-21,4375996957.0
QFPCOCNJ7L,Akarsh Biswas,akarshbiswas@hotmail.com,1985-11-05,9136241845.0
W1LCHQLABW,Sana Gulati,sana_gulati@outlook.com,1971-01-02,2451356696.0
EJBKKK8MUD,Ritvik Rama,ritvik_rama@gmail.com,1971-03-18,6756194215.0
ELPHBYTQJT,Amani Koshy,amanikoshy@outlook.com,1997-06-25,5334443544.0
O0JTJF8RJ4,Adira Sandhu,adira_sandhu@outlook.com,1969-04-08,9181720256.0
FVRFDG69HN,Manikya Ramakrishnan,manikya_ramakrishnan@yahoo.com,1983-08-09,8506856888.0
DS7LN34UQP,Aradhya Dube,aradhya_dube@hotmail.com,1996-06-18,2188881120.0
41E03QRKM2,Mohanlal Kale,mohanlalkale@gmail.com,1990-05-30,8293709871.0
POX3RDTCG2,Aayush Bera,aayush_bera@outlook.com,1972-02-27,6278789445.0
BC5NSCXY3P,Umang Halder,umanghalder@outlook.com,1993-02-23,1086564541.0
ECPE0U1K87,Zeeshan Deshpande,zeeshandeshpande@yahoo.com,1998-03-01,34496330.0
57E7VZ3O0W,Krish Issac,krish_issac@yahoo.com,1968-05-11,569660565.0
9YTWW92WRR,Kiaan Ramanathan,kiaan_ramanathan@outlook.com,1979-05-22,6419557234.0
4KHT2JQ55Q,Sana Edwin,sana_edwin@yahoo.com,1984-03-24,6161500793.0
SS6FMTT3UM,Tiya Keer,tiya.keer@hotmail.com,1997-07-04,3265920761.0
ATZY58HKRY,Yuvaan Venkatesh,yuvaan.venkatesh@outlook.com,1978-07-19,3534962068.0
BOYQUFE976,Zoya Bhatia,zoya_bhatia@gmail.com,1979-04-30,7281397137.0
OKBI4TTKO5,Anahi Dugal,anahi.dugal@hotmail.com,1987-06-28,82555113.0
SFA0IBJ2WS,Devansh Mahajan,devansh_mahajan@outlook.com,1990-10-26,2498310509.0
GSWPJSTJEF,Jayant Dewan,jayantdewan@gmail.com,1988-01-15,6180833639.0
GMADAMMF3W,Samiha Butala,samiha.butala@outlook.com,2001-03-25,1052988141.0
34LU8V6L9I,Divit Vaidya,divit.vaidya@yahoo.com,1967-01-13,2580636465.0
GZ4UH1W57G,Anahi Ramachandran,anahi_ramachandran@gmail.com,1996-10-23,3023031938.0
D50MN7GU6W,Madhup Salvi,madhup_salvi@yahoo.com,2000-08-24,9573710914.0
FLB81JEHGN,Kismat Rana,kismat.rana@yahoo.com,1984-05-31,2165495536.0
NTC3JP5AR8,Hunar Chaudhari,hunar_chaudhari@yahoo.com,1999-10-05,4330480771.0
4C7R8TDMYL,Akarsh Ramachandran,akarshramachandran@hotmail.com,1976-09-16,7328074661.0
YBKB7IBL0W,Sumer Tara,sumer_tara@gmail.com,1978-05-10,8079982067.0
7XHCWS8TL0,Ivana Bala,ivanabala@gmail.com,1970-09-15,5363391418.0
EZQCI4VAY8,Ahana  Din,ahanadin@hotmail.com,1967-02-03,2331031474.0
V6CBI0FCFW,Azad Solanki,azadsolanki@yahoo.com,1967-08-06,977249451.0
FJSY14V4C7,Amira Sundaram,amira_sundaram@hotmail.com,1990-06-07,7955813624.0
I2U40C52B6,Charvi Jha,charvi.jha@gmail.com,1984-12-07,857859619.0
7ZQHB0AZ81,Divit Sachar,divit_sachar@gmail.com,1973-12-03,5029278814.0
FLZCSCRPZW,Jiya Gaba,jiya.gaba@hotmail.com,1971-03-21,7314424819.0
KPX63IJFLI,Faiyaz Chahal,faiyaz_chahal@outlook.com,1983-07-15,4282145254.0
7GO1NWYZU9,Eva Ramesh,eva_ramesh@yahoo.com,1974-09-25,7568860058.0
71JXPYVNP6,Yasmin Ahuja,yasminahuja@yahoo.com,2002-10-29,1598356350.0
IA7G4DFZZR,Taimur Grover,taimur_grover@hotmail.com,1970-01-21,9575487404.0
Q32IVO2ACY,Samarth Sule,samarthsule@gmail.com,1998-07-24,8717861549.0
U9VXB6R2RL,Divij Sidhu,divijsidhu@hotmail.com,2003-01-21,6766658416.0
KVB4UL3HIL,Jhanvi Ray,jhanviray@gmail.com,1975-07-16,388633730.0
H29A0EJ556,Dhanush Handa,dhanushhanda@hotmail.com,2004-06-05,2201595280.0
TQ9LTYUEI5,Anahi Chawla,anahi_chawla@outlook.com,1983-04-02,3426337530.0
ERJYGJUTZ0,Advik Bajaj,advik.bajaj@outlook.com,1981-09-19,3432929170.0
1PX4A3OV7E,Advika Yohannan,advika.yohannan@gmail.com,1973-05-20,3553586619.0
QKXPQ12AJF,Vedika Rau,vedika.rau@hotmail.com,1997-05-21,8511243153.0
0LE6BQW659,Hansh Borde,hansh_borde@gmail.com,1970-01-27,5403916303.0
EIPXT1I42Q,Drishya Buch,drishya.buch@gmail.com,2000-06-19,875650805.0
8GOVIPQFDP,Renee Gaba,renee.gaba@yahoo.com,1993-03-15,4978600226.0
7MEKG4L3VL,Myra Sabharwal,myra.sabharwal@gmail.com,1985-09-14,3531287316.0
CTXC0YHUZB,Dishani Krish,dishani.krish@hotmail.com,2004-06-06,881481944.0
EQDRSQOSBC,Madhav Mangat,madhavmangat@yahoo.com,1973-10-26,4570357550.0
UUAE9QX5WX,Alia Sem,alia.sem@yahoo.com,1996-08-23,953191747.0
7MXTHBZQTN,Aradhya Sethi,aradhya_sethi@outlook.com,2000-08-27,4789782996.0
V8652NJJ2X,Lagan Talwar,lagan.talwar@outlook.com,1970-06-25,606678599.0
2WHUTLHDLN,Yashvi Varty,yashvi_varty@hotmail.com,1988-09-18,3410440381.0
04DG16GIM7,Devansh Dixit,devanshdixit@gmail.com,1982-04-23,5158655085.0
MRGIPNOKYN,Kartik Lad,kartik_lad@hotmail.com,1969-12-01,9276501110.0
92OE0HC8TU,Mishti Brahmbhatt,mishti.brahmbhatt@gmail.com,1986-05-10,2360143956.0
4J31SSQ3F8,Aarna Sridhar,aarnasridhar@yahoo.com,1971-09-23,9839743420.0
4TRUEXG4ME,Mishti Srinivasan,mishti_srinivasan@gmail.com,1975-07-03,8060071280.0
EUMSFCEG9D,Zoya Vohra,zoya_vohra@hotmail.com,1977-08-14,5766222420.0
4QC742QU78,Yashvi Golla,yashvi_golla@gmail.com,1996-10-17,2255280618.0
UYBQ5Y3R0T,Shayak Rau,shayakrau@yahoo.com,1977-08-01,1272477695.0
LKUBJ4IHRZ,Yashvi Samra,yashvisamra@outlook.com,1972-01-26,1206368872.0
QQLJHKDTX6,Advik Gara,advik_gara@yahoo.com,1987-10-20,5775694026.0
0IKWXJ6M8V,Stuvan Zachariah,stuvan.zachariah@yahoo.com,1976-01-12,6945787590.0
HYKVKOCWOI,Alisha Khalsa,alisha_khalsa@gmail.com,2002-04-28,8956428358.0
CEXZ4MRPVF,Tara Balay,tara.balay@outlook.com,1992-07-11,2180371048.0
IYFZQKJ8SA,Ela Lalla,ela_lalla@outlook.com,2000-03-28,8428884128.0
ZZX3USG92W,Riaan Bhatnagar,riaan.bhatnagar@yahoo.com,2000-01-13,1186194477.0
3I0L1OOUJA,Lakshit Kalla,lakshit_kalla@outlook.com,1975-07-07,9732177959.0
KKROHS1GVJ,Eshani Raja,eshani.raja@yahoo.com,1981-03-20,4662775308.0
H0JVX91RA7,Saanvi Khare,saanvi_khare@gmail.com,1990-09-20,1102420956.0
UFETH02L23,Shalv Dyal,shalvdyal@outlook.com,1971-03-31,3746720832.0
0IHB4VAE85,Zara Chana,zara.chana@gmail.com,1971-11-02,6043600533.0
UBRKOJ8Y3B,Jiya Comar,jiya_comar@outlook.com,2000-01-12,1430787611.0
WZU40EJ6KW,Anahi Karpe,anahi_karpe@hotmail.com,1989-05-07,7831970938.0
I2CHYYTFRD,Vivaan Thaman,vivaanthaman@outlook.com,1997-03-05,3780892530.0
UWQCS8UU8R,Sana Chahal,sana.chahal@yahoo.com,1998-08-04,9103864745.0
AU6RTBWHEI,Kartik Sunder,kartik.sunder@yahoo.com,1980-10-29,95867280.0
K2C1AMJB32,Parinaaz Mand,parinaaz_mand@yahoo.com,1969-01-15,5434592214.0
JMWC2U1I75,Elakshi Bawa,elakshi.bawa@outlook.com,1970-12-21,9866743337.0
B78OHOB7DH,Uthkarsh Khalsa,uthkarsh_khalsa@yahoo.com,2000-12-18,3379774333.0
Y4OP0LL2SG,Hridaan Khalsa,hridaan_khalsa@gmail.com,1976-03-07,7568113322.0
V14AX9A8G7,Advik Singh,advik_singh@hotmail.com,1972-05-13,1694482785.0
0MHKQ3VD59,Aarav Bali,aaravbali@gmail.com,2004-12-31,3303425996.0
YZZE8ZGK38,Veer Rau,veer.rau@gmail.com,1987-03-23,8314306296.0
27RVFAW1OH,Hunar Varughese,hunar.varughese@hotmail.com,1996-08-29,2759844469.0
ANBDCR5XQM,Drishya Johal,drishyajohal@yahoo.com,1991-02-10,7996340769.0
W6CF50A5YB,Kavya Andra,kavyaandra@gmail.com,1978-02-20,4913666305.0
3NDFNCB70D,Indranil Bansal,indranil_bansal@hotmail.com,1982-02-09,4271050356.0
NWDJ5ZKY1V,Samarth Chaudhari,samarth.chaudhari@yahoo.com,1982-05-20,5998274676.0
F4TS4DD5DB,Divyansh Buch,divyansh_buch@hotmail.com,1977-12-24,4324679441.0
58XG77GQTT,Chirag Kothari,chirag_kothari@hotmail.com,1991-12-30,3825093831.0
7OTDB7YUOR,Stuvan Krishnan,stuvankrishnan@yahoo.com,1981-02-11,8319910708.0
RAP7IY952P,Vivaan Kothari,vivaan_kothari@gmail.com,1998-07-24,2586907072.0
C7MZ75MRG0,Ivan Bhavsar,ivanbhavsar@outlook.com,1974-03-01,5039559086.0
9H105H18K0,Kismat Mahal,kismatmahal@hotmail.com,1974-08-11,3625028258.0
4M5LN22JYL,Raghav Ramachandran,raghav.ramachandran@hotmail.com,1983-07-01,1027275724.0
JNWOL2Z3J3,Manjari Bali,manjaribali@gmail.com,1997-01-31,5287302168.0
L3RWYGVTBR,Navya Bhatti,navya_bhatti@hotmail.com,1967-02-22,3907089297.0
CMTJTF10R8,Ishaan Butala,ishaanbutala@hotmail.com,1992-04-23,2594401585.0
VY37E9UTQ0,Azad Das,azad_das@hotmail.com,2003-02-07,3472118326.0
92NC8BC65S,Raunak Jaggi,raunak.jaggi@yahoo.com,1997-05-05,8076289053.0
9491U9AT8N,Zaina Vora,zainavora@gmail.com,1966-11-30,7296572256.0
TMJ1K1G54V,Ira Sachar,ira.sachar@outlook.com,1989-01-13,1209362421.0
CLTTUGMN90,Bhavin Konda,bhavin_konda@gmail.com,1985-05-11,5284536422.0
FU3HND66QC,Divit Ram,divit_ram@outlook.com,1986-02-27,9928092048.0
RIR97HVDSX,Yakshit Kothari,yakshit.kothari@outlook.com,1980-10-17,9154030528.0
565C7QCUN6,Hrishita Mall,hrishita.mall@yahoo.com,1995-05-09,3638390984.0
1PPR8GOQSM,Navya Grover,navya_grover@outlook.com,1974-11-19,1936507459.0
EKMMAQXOFD,Riaan Sahni,riaan.sahni@yahoo.com,1989-07-18,2346627840.0
5CBKSEBM0Q,Oorja Soman,oorjasoman@hotmail.com,1970-09-28,7129384662.0
48U1FDSOJY,Ira Bhandari,ira_bhandari@gmail.com,1968-06-10,5158037602.0
AYMRB0TD2N,Purab Saini,purabsaini@yahoo.com,1976-07-10,3539137722.0
GW454XP70O,Tarini Chokshi,tarini_chokshi@outlook.com,2001-12-22,358229997.0
V9KV8YDZV7,Azad Gala,azadgala@gmail.com,1978-12-20,2907512836.0
DVN3HDCEHN,Dhruv Mand,dhruvmand@outlook.com,1992-01-16,309844350.0
D9MAIX1IR1,Aarav Sinha,aaravsinha@gmail.com,1990-01-11,9204837580.0
K95K4PUDYI,Divij Agate,divijagate@gmail.com,1999-05-28,4836862591.0
SJTGJ7RWE0,Anahita Yadav,anahitayadav@outlook.com,1977-09-09,7303812567.0
5VXSBOFQ2U,Indrans Kunda,indrans_kunda@outlook.com,1971-09-10,41556906.0
QE97DHJWFG,Zoya Dubey,zoya.dubey@outlook.com,1975-01-02,9346871609.0
TR94VWQTN6,Elakshi Chowdhury,elakshi_chowdhury@outlook.com,1966-06-11,9466790061.0
OK2EZGPWGS,Navya Sampath,navya_sampath@hotmail.com,1999-11-15,3336483280.0
8GDL5XWWDY,Dishani Vaidya,dishani.vaidya@outlook.com,1966-11-16,1347233516.0
N5IJV5PXGF,Priyansh Trivedi,priyansh_trivedi@hotmail.com,1974-10-17,6037464027.0
AYHTATEJGG,Shamik Walla,shamikwalla@gmail.com,1979-04-19,5683324896.0
LSOYDNC1A8,Shray Hora,shrayhora@gmail.com,1978-12-28,174372019.0
SDMNVHVEKQ,Baiju Sabharwal,baiju.sabharwal@gmail.com,1973-12-08,7281835770.0
KLPUST5SYF,Kavya Ahuja,kavya_ahuja@hotmail.com,1996-06-12,7422915128.0
DTLL7MTH7F,Zeeshan Badal,zeeshanbadal@yahoo.com,1973-02-02,3522999707.0
DVTNMHBM3J,Chirag Mannan,chirag_mannan@hotmail.com,1981-02-20,293550347.0
CXM0UIOZWT,Priyansh Divan,priyansh.divan@yahoo.com,1981-01-16,4779108321.0
0QI6PTKLOS,Ira Kapur,irakapur@hotmail.com,1997-02-17,2071585623.0
UIONSVUV8I,Hiran Sarraf,hiran_sarraf@gmail.com,1969-03-14,7768323970.0
36ADL2FO5N,Akarsh Rajagopal,akarshrajagopal@outlook.com,2000-02-20,3668213200.0
BT347KCDEA,Ehsaan Raval,ehsaan.raval@yahoo.com,1977-07-26,4708350640.0
9ESMRU9K6M,Alisha Kapadia,alisha_kapadia@hotmail.com,1996-04-17,9926890360.0
DZVEJEUAH3,Jhanvi Rao,jhanvi.rao@hotmail.com,1976-01-19,8089989405.0
MJW4ZLPSB6,Charvi Anand,charvi_anand@hotmail.com,2003-01-17,5409388099.0
ZFYX9MJLV7,Vivaan Grover,vivaangrover@outlook.com,1984-02-27,5571093468.0
6NU5CMAJLF,Pari Sarkar,parisarkar@gmail.com,1979-05-01,3028822347.0
6EEC8LPWJQ,Sahil Savant,sahil_savant@outlook.com,2004-09-14,7710910236.0
NZNBZFO2PO,Anya Joshi,anya_joshi@gmail.com,1972-09-10,1903226627.0
0TUGW5FB7A,Mohanlal Butala,mohanlal.butala@gmail.com,1996-03-29,321853730.0
NRREG983S5,Riya Date,riya_date@outlook.com,1998-09-20,854511905.0
Q0OHWZ03FL,Riaan Karnik,riaan.karnik@yahoo.com,1972-12-21,6468685856.0
H5ZQGNM6KD,Himmat Bava,himmat.bava@yahoo.com,1975-11-01,1071928264.0
WSO8EUGSUL,Kiaan Ahluwalia,kiaan.ahluwalia@gmail.com,1979-09-02,5063751989.0
XFULP394VM,Dhanuk Saraf,dhanuksaraf@outlook.com,2002-12-10,3807737987.0
89H0ILFBFG,Navya Magar,navya.magar@gmail.com,1989-02-25,1148642956.0
VYMIWBQNK6,Anay Bedi,anay_bedi@gmail.com,1988-04-20,1844812557.0
VUXWDTZG9K,Alisha Warrior,alishawarrior@outlook.com,1995-03-05,8276734865.0
6GFAQ2ZYGF,Vritika Kohli,vritika.kohli@hotmail.com,1985-10-01,8910777567.0
0HNH7C8GF5,Kavya Ganesh,kavya_ganesh@outlook.com,2002-02-06,3160055309.0
UD8TR8EVB9,Shalv Reddy,shalvreddy@hotmail.com,1967-05-15,8973569849.0
7WD4MMH52N,Neysa Sarna,neysa_sarna@yahoo.com,1974-06-23,7875499513.0
MQBYDA28RK,Vivaan Sen,vivaan.sen@outlook.com,1978-04-24,2999781363.0
TFXD8385QX,Darshit Virk,darshitvirk@gmail.com,2002-10-26,2007303190.0
CPSW5NE2IR,Ehsaan Gole,ehsaangole@hotmail.com,1973-10-16,1573738548.0
IRH3IVVPHF,Sana Upadhyay,sana_upadhyay@hotmail.com,1969-05-21,1099476924.0
IIJKIH4BOK,Ojas Boase,ojasboase@yahoo.com,1976-06-21,4122565790.0
UCQ9Z5OL3D,Yashvi Brahmbhatt,yashvi.brahmbhatt@hotmail.com,1969-07-01,2507980176.0
0SG0WD7O7Y,Miraan Konda,miraankonda@outlook.com,1978-08-23,2331115441.0
HWD0Y9JRMP,Eva Chand,evachand@gmail.com,1980-08-22,1190160172.0
OZDWO8HHQ3,Pihu Trivedi,pihu_trivedi@outlook.com,1973-04-13,847148518.0
QC1TYFPI50,Jayan Bhatnagar,jayan.bhatnagar@hotmail.com,1973-05-23,3775833347.0
VXAX3L0W5R,Farhan Deshpande,farhan.deshpande@hotmail.com,2002-11-15,6495486529.0
UG1TH0JVNT,Saira Gade,saira_gade@gmail.com,1987-01-03,4130979892.0
I59FKNQZZQ,Krish Tata,krish.tata@yahoo.com,1976-11-18,1271068027.0
J0100IWMZN,Urvi Salvi,urvisalvi@hotmail.com,2000-12-08,4329668897.0
DCOHY4SKSW,Kabir Ganesan,kabir.ganesan@outlook.com,2002-12-15,9523112160.0
7BPW7KHOZJ,Jiya Swamy,jiya_swamy@yahoo.com,1968-05-04,3080051049.0
723W48BBNJ,Kabir Sahni,kabirsahni@yahoo.com,1979-01-27,7820110412.0
ISVOWMSCBY,Prerak Kunda,prerak_kunda@hotmail.com,1968-11-26,2137548059.0
VN1A1530XS,Bhavin Varughese,bhavinvarughese@yahoo.com,2000-03-01,5121999677.0
WB0U8A6J75,Vanya Deol,vanya.deol@yahoo.com,1991-01-01,1999162106.0
05JH8JG12X,Heer Dara,heer.dara@hotmail.com,1990-04-12,4864006494.0
SZCE6TTTFJ,Jhanvi Sarkar,jhanvi_sarkar@hotmail.com,1970-05-16,4795455374.0
VCBY1GOUJ7,Aniruddh Ramesh,aniruddh.ramesh@outlook.com,1990-05-07,9674833475.0
BPQCBRFQ6U,Emir Sharma,emir_sharma@hotmail.com,1970-03-01,8122210106.0
J553MXBVWK,Anay Soni,anaysoni@gmail.com,1973-01-18,498084770.0
0V6N1D0BVD,Hridaan Ram,hridaan.ram@hotmail.com,1978-12-13,1547726872.0
P60ZOCVYB4,Divit Date,divit.date@gmail.com,1996-03-08,2070789893.0
F18ONYEHXJ,Advik Som,adviksom@hotmail.com,1973-03-17,6447412652.0
3WAD532S16,Raunak Madan,raunak.madan@yahoo.com,1975-07-04,8465551971.0
BWHQ935O0Q,Samar Chaudry,samarchaudry@yahoo.com,1984-04-26,9354970071.0
F7JAK435YF,Lakshit Gill,lakshit.gill@yahoo.com,1970-03-29,6906349304.0
8SA77CJ4W6,Rania Sabharwal,raniasabharwal@gmail.com,1980-07-01,9331349504.0
KG7W1B0WYL,Nehmat Gole,nehmat.gole@outlook.com,1981-05-30,5953644536.0
W39KFA8HMD,Gatik Mand,gatik.mand@outlook.com,1977-01-22,1249989807.0
IR75WKYPPC,Kiara Chhabra,kiara.chhabra@outlook.com,2003-06-13,550772640.0
WCHYBP13TS,Vedika Dugar,vedikadugar@hotmail.com,1998-12-19,6750845003.0
B66QAO2KEW,Divyansh Goel,divyansh_goel@hotmail.com,1978-02-23,5254844526.0
O7X9UR53RW,Prerak Garde,prerak_garde@yahoo.com,1980-10-09,9542074566.0
O5UG27JQM2,Aarav Comar,aarav.comar@gmail.com,2001-04-02,3797025343.0
MYCHZJ59UZ,Taran Majumdar,taranmajumdar@yahoo.com,1986-08-16,230922518.0
JMCDX57BR4,Jayan Sura,jayansura@gmail.com,1974-08-09,3873676556.0
KI2GEO2XDT,Yashvi Varughese,yashvi.varughese@yahoo.com,1973-07-07,7516645327.0
1EEYACX05R,Arnav Mani,arnavmani@yahoo.com,1989-05-31,8191058856.0
JXZSSEBU9S,Jayan Lad,jayanlad@hotmail.com,1999-11-07,5741119300.0
4P1KXNECZY,Akarsh Gulati,akarsh_gulati@yahoo.com,1988-02-25,376973265.0
V5VHAIR3V2,Arnav Bawa,arnavbawa@gmail.com,1986-05-25,7204985332.0
76AYNFX9N6,Nehmat Gara,nehmat_gara@hotmail.com,1982-06-21,6623472976.0
8K4Y587KFD,Ela Jhaveri,ela_jhaveri@yahoo.com,1979-02-13,630570685.0
R40I9IINEL,Jayant Sem,jayant.sem@outlook.com,2004-10-03,7942274997.0
6U6H0M0KA2,Eshani Lata,eshanilata@outlook.com,1970-11-20,1961171843.0
O89CCCS2J5,Stuvan Lall,stuvan.lall@gmail.com,1984-11-14,8993146220.0
JS3WBRHD57,Darshit Johal,darshit_johal@gmail.com,2000-11-25,5427755188.0
BSVMAOH8N9,Rasha Saxena,rasha_saxena@yahoo.com,1990-01-13,2509071954.0
JQELHRRW1W,Ayesha Sahota,ayesha_sahota@yahoo.com,1981-09-11,4314926781.0
AR40JKR97S,Riaan Ramakrishnan,riaan.ramakrishnan@hotmail.com,1990-02-14,7687845842.0
UKFMOYZTQ2,Anaya Sundaram,anayasundaram@yahoo.com,1991-06-24,8254086751.0
S0G56RF1DY,Alisha Boase,alisha.boase@gmail.com,1986-08-12,7432656541.0
J6Z1QSY1EN,Charvi Reddy,charvi_reddy@gmail.com,1988-02-10,1401693941.0
YOA1DLOW1V,Shamik Vig,shamikvig@hotmail.com,1998-09-28,7422820321.0
AJOWLP29GY,Vardaniya Balasubramanian,vardaniya_balasubramanian@gmail.com,2000-11-24,2576784264.0
O36W1ER8GQ,Tarini Som,tarini_som@hotmail.com,2000-05-14,1982667879.0
619NT77ZZW,Shayak Dara,shayakdara@yahoo.com,1977-09-08,582897182.0
4K6PGDE2HG,Diya Vohra,diyavohra@gmail.com,1967-07-21,3160400305.0
OWGW68OUKM,Shanaya Deol,shanaya.deol@gmail.com,1969-09-25,5905559975.0
NS9J8GANE7,Tara Korpal,tarakorpal@gmail.com,1998-08-23,879584985.0
GMKJZA3I6H,Yuvraj  Thakur,yuvraj.thakur@yahoo.com,1981-01-06,7053327891.0
85LW1SMH7N,Nirvaan Jayaraman,nirvaan_jayaraman@hotmail.com,2001-08-27,9310363921.0
4WO98UIC96,Eva Dugar,eva_dugar@hotmail.com,1984-01-13,7582161098.0
GXFEHCQZUN,Manikya Jayaraman,manikya_jayaraman@hotmail.com,1968-08-08,6544492552.0
VZ4R1B7UT4,Eshani Vyas,eshani.vyas@yahoo.com,1983-11-11,1730256226.0
5QOF5LMSSU,Aayush Majumdar,aayushmajumdar@outlook.com,2003-03-07,5014189284.0
KT7XSAFUAG,Indranil Sood,indranilsood@gmail.com,2002-03-11,9268321626.0
AZYVBQW60S,Romil Rattan,romil.rattan@hotmail.com,1968-12-06,6622838882.0
RAWHW9SUY4,Kanav Hayre,kanav_hayre@gmail.com,1996-09-22,6590536811.0
BBTQJATNPK,Anika Gade,anika_gade@gmail.com,1986-10-21,3556803795.0
5MG6JO0TEV,Kimaya Bava,kimaya_bava@hotmail.com,1993-08-06,3419392212.0
BS6SWJJ50L,Faiyaz Batta,faiyaz_batta@yahoo.com,1987-02-28,4901044991.0
GGM8TVEVPH,Khushi Mahajan,khushi_mahajan@gmail.com,1984-06-02,9895000703.0
CQSKZYJBGB,Gokul Chakrabarti,gokul_chakrabarti@yahoo.com,1968-07-15,1959259250.0
RFWSSOGZPO,Lakshay Borra,lakshay.borra@yahoo.com,2001-03-29,3539030561.0
ALPAPX8JFK,Ryan Krish,ryan.krish@hotmail.com,1993-01-31,2701593964.0
T8AN803V0B,Rati Biswas,rati_biswas@yahoo.com,1999-04-12,413537551.0
K7QSXCZG22,Eva Chada,evachada@hotmail.com,1966-11-27,755159842.0
8QKIH95E4D,Sahil Mand,sahilmand@outlook.com,1997-07-11,7931278734.0
QPMOQ2IL56,Tanya Goswami,tanyagoswami@hotmail.com,1977-07-26,7904357164.0
27K1B8P74E,Samiha Apte,samihaapte@gmail.com,1968-01-11,2714100996.0
I5LDKH9529,Kiaan Dass,kiaan.dass@outlook.com,1990-03-27,9706270897.0
IRKL4AN157,Hrishita Basu,hrishita_basu@outlook.com,1991-03-10,5664315330.0
A2688VCSA5,Kashvi Ghose,kashvi.ghose@yahoo.com,1987-08-19,1216815819.0
JI1UGOGD9N,Myra Bora,myra_bora@gmail.com,1982-11-01,9652039315.0
UCBUK0A5AL,Miraan Jayaraman,miraanjayaraman@outlook.com,1989-03-22,2632487055.0
PSYWIM6FJD,Rati Bala,ratibala@yahoo.com,1989-07-18,6330743904.0
PE0V0BL8XI,Aarush Bahri,aarushbahri@hotmail.com,1984-09-08,4937915195.0
MSC9BCSBH1,Riaan Ramanathan,riaanramanathan@outlook.com,1972-04-11,1479168332.0
3XVCUIXSD1,Adah Luthra,adah_luthra@yahoo.com,1972-10-01,5879652579.0
X1YQW70IGG,Rania Verma,raniaverma@yahoo.com,2000-07-01,8809287523.0
DGE3Z9940B,Neysa Yohannan,neysa.yohannan@yahoo.com,1993-05-25,2578650752.0
KFYXOHC67F,Shlok Guha,shlok_guha@hotmail.com,1980-12-17,7523545112.0
50LA4GZ7RX,Shray Srinivas,shraysrinivas@yahoo.com,1982-10-26,4401548174.0
WUWPU87P9C,Hunar Reddy,hunar.reddy@outlook.com,1980-10-29,3615031209.0
AFL1ZFRSEV,Tarini Jhaveri,tarini_jhaveri@gmail.com,1978-07-18,2754896212.0
X4F90BYNCI,Akarsh Reddy,akarsh_reddy@hotmail.com,1997-04-21,7489821068.0
AW1WCBYPQ4,Shlok Sandhu,shlok_sandhu@outlook.com,1975-11-08,8313623199.0
1E7WE3NTII,Saksham Bansal,saksham.bansal@gmail.com,2000-12-13,4063320437.0
G5X4U5GTKS,Vanya Edwin,vanyaedwin@yahoo.com,1971-04-27,6174328808.0
0YMHT5GNYP,Samarth Sani,samarthsani@outlook.com,1983-05-01,5687335545.0
3XB99L5UMN,Mannat Kaur,mannatkaur@gmail.com,1974-02-17,784204249.0
XO6OV7BY2P,Aarush Kuruvilla,aarush.kuruvilla@outlook.com,1979-08-18,2091504218.0
DNUNPFDNZG,Zara Sinha,zara_sinha@gmail.com,1981-12-15,1133009291.0
SDIF9HTCS4,Stuvan Batra,stuvan.batra@hotmail.com,1974-06-21,2398889275.0
KTI2YC6B8H,Krish Sane,krish_sane@hotmail.com,1996-11-19,2000962136.0
IT4K3WP1S7,Seher Chandran,seherchandran@hotmail.com,1976-09-16,5289320487.0
JTFEPN4V8U,Rhea Rout,rhea_rout@yahoo.com,1999-03-08,7212266638.0
EU31HQQNI3,Divyansh Kannan,divyanshkannan@outlook.com,1982-12-29,7371404761.0
46HF83S6D2,Advik Saraf,advik_saraf@outlook.com,1968-11-04,1703154862.0
8DM46X2MGK,Zara Yadav,zara_yadav@yahoo.com,1987-10-28,3170757339.0
2MET04JTEC,Adah Char,adah.char@gmail.com,1994-11-16,6666253915.0
3H9AGW204O,Tiya Master,tiya_master@outlook.com,1984-04-23,4094576833.0
J4DUUPXHH7,Nakul Saini,nakulsaini@yahoo.com,1984-08-03,46161359.0
6KC95UTAP8,Advik Ganesan,advik_ganesan@gmail.com,1990-06-21,2860873359.0
NA6CJQI8I1,Shalv Dugal,shalv.dugal@outlook.com,1995-01-12,698345641.0
CWQHZEW7X9,Kartik Mann,kartikmann@gmail.com,1976-09-05,1642325203.0
NA327DDKGH,Gatik Raju,gatik.raju@outlook.com,1982-05-08,1878144567.0
KL3P8L12BP,Amira Setty,amira.setty@gmail.com,1984-10-17,6909108333.0
GW3B5L98LO,Heer Majumdar,heer.majumdar@outlook.com,1976-06-26,3983817928.0
6YT94HFNU7,Gatik Atwal,gatik.atwal@gmail.com,1992-09-20,7536020283.0
8VMQJLYYDG,Bhamini Bajaj,bhamini_bajaj@gmail.com,1974-12-01,4680197809.0
JD70TXWSWH,Mishti Mammen,mishti_mammen@gmail.com,1984-03-16,2549404640.0
99MGA4QKEQ,Raghav Rastogi,raghav_rastogi@outlook.com,1984-06-10,4560099841.0
N898QMW9DD,Mannat Barman,mannat_barman@hotmail.com,1988-01-31,5049515527.0
YFVHOOAOEL,Vidur Khanna,vidur.khanna@hotmail.com,1967-06-11,4348149146.0
NPQ5EJCNZ5,Urvi Bhattacharyya,urvi.bhattacharyya@yahoo.com,2003-08-25,8034737945.0
HWPNT117OG,Saira Manne,saira.manne@gmail.com,1970-11-30,159928715.0
QATV01MONZ,Prisha Raman,prisharaman@gmail.com,1978-06-07,255299099.0
LRBMWF3PNG,Shanaya Rattan,shanaya.rattan@yahoo.com,1977-11-02,6261773569.0
CCVQLU2SEJ,Tushar Apte,tushar_apte@yahoo.com,1988-05-20,5502805270.0
9E2KK7QLS5,Miraan Mandal,miraan.mandal@yahoo.com,1979-01-16,38893128.0
UHALMLJQTA,Misha Kamdar,mishakamdar@outlook.com,1980-07-19,9248873225.0
UK5REUBEV4,Dhanush Sarkar,dhanush.sarkar@hotmail.com,1983-10-07,8135349743.0
LWD8MDPQAI,Zoya Chauhan,zoya.chauhan@hotmail.com,1970-09-26,663332388.0
2NAYQN01SY,Jayan Grewal,jayan.grewal@outlook.com,1984-12-07,6739090725.0
SOSLUEZBZ7,Ela Issac,ela.issac@outlook.com,1985-01-28,3137578435.0
FRB7C7QQK1,Urvi Viswanathan,urvi_viswanathan@hotmail.com,1967-06-26,6602634564.0
9U6WDWVDBD,Jivin Rege,jivinrege@hotmail.com,1992-10-09,2494002247.0
7GMBB78K9J,Yasmin Konda,yasmin.konda@yahoo.com,1998-01-08,1818556081.0
Z4KBUGBI4X,Shray Dixit,shraydixit@gmail.com,1972-08-18,8384423645.0
QY4A1CGHXI,Adira Ramanathan,adira_ramanathan@gmail.com,2000-10-04,1670532125.0
I08W1432BZ,Nitya Sarin,nitya_sarin@gmail.com,1983-08-06,6312264450.0
M9HN3JZ10W,Mahika Dash,mahikadash@gmail.com,1986-06-19,8382732005.0
CS76JPPAJM,Hiran Dixit,hiran.dixit@hotmail.com,1978-10-15,3137162585.0
VIOUZ0NOCT,Eva Chacko,eva_chacko@hotmail.com,1998-01-25,9546611259.0
LRMBLTQNP8,Damini Zacharia,daminizacharia@gmail.com,1981-06-02,6099316852.0
1LRD43FNM3,Vritika Bhatia,vritika.bhatia@gmail.com,1967-11-02,7644714419.0
0I622N92HA,Arnav Ganesan,arnavganesan@gmail.com,1977-06-06,827140896.0
HF210IIR88,Vritika Tank,vritika_tank@yahoo.com,1987-08-08,6517120603.0
B85CORKLW3,Shaan Gour,shaangour@yahoo.com,1997-08-29,5287143819.0
MED8RMZBOB,Romil Dara,romil.dara@yahoo.com,1982-07-09,9932964028.0
NZRZUWT2JD,Drishya Deshpande,drishyadeshpande@hotmail.com,1967-11-19,2891225373.0
VPC1TFXV0V,Riaan Bajwa,riaanbajwa@outlook.com,1991-02-02,335924538.0
VP6E4Y0V7A,Zoya Bath,zoyabath@yahoo.com,1971-02-06,3821832736.0
SDPWTA6QJS,Neelofar De,neelofarde@hotmail.com,1986-09-29,5585855386.0
V430W7CWXO,Riaan Barad,riaan_barad@gmail.com,1977-10-12,8506393407.0
69KWQSW770,Arnav Arya,arnavarya@hotmail.com,1976-09-24,1304605186.0
A9XCKND4M3,Advik Kakar,advik_kakar@outlook.com,2000-02-06,1661360100.0
KELKXNAP7X,Shalv Divan,shalvdivan@yahoo.com,1986-09-08,8844164420.0
RMM84HYMC1,Samar Bobal,samar.bobal@gmail.com,1968-10-01,9749799203.0
WA50A7LB5M,Navya Wason,navyawason@outlook.com,1993-12-05,4478050072.0
4CP0CP298J,Samar Raval,samar_raval@gmail.com,2004-04-02,5610903642.0
3LQENGYT6M,Gokul Ram,gokulram@yahoo.com,1995-05-04,9410565230.0
XSHWB2CARU,Rati Bansal,ratibansal@gmail.com,1971-07-25,2096271185.0
QNHTORDASA,Lakshay Goyal,lakshay.goyal@outlook.com,2001-02-26,2816522362.0
1S5VL5DUQ5,Hunar Mani,hunarmani@yahoo.com,1996-09-27,6116074129.0
930KY7L4KD,Shalv Rajagopal,shalv_rajagopal@yahoo.com,2003-02-26,3014884212.0
04V43NMGXU,Gokul Walla,gokul.walla@outlook.com,1979-01-17,8172674864.0
EGDY8NX8M5,Dhanush Ganesh,dhanushganesh@hotmail.com,1999-11-20,2170769794.0
98FFE4TT07,Divit Guha,divit_guha@gmail.com,1996-07-04,1415151280.0
MSHPJOZVGV,Ishaan Bedi,ishaanbedi@hotmail.com,1968-02-29,6803640397.0
NVYUQSEQEW,Divyansh Shanker,divyansh.shanker@hotmail.com,1990-10-14,1100510131.0
RVDK4LLI8P,Pihu Chacko,pihuchacko@yahoo.com,1977-04-28,4706566543.0
8QI53UAIB3,Manjari Kapur,manjari_kapur@gmail.com,1968-12-01,1977971466.0
BZMOCQ24WA,Heer Bora,heerbora@outlook.com,1991-08-18,6230444536.0
FZ9KJTALNN,Rania Sampath,raniasampath@outlook.com,1976-02-01,4898737628.0
L2U8EJ41BJ,Veer Taneja,veertaneja@gmail.com,1978-09-15,6189325523.0
MPY75AWDAJ,Vardaniya Varghese,vardaniyavarghese@outlook.com,1969-04-25,2047790757.0
ZVK4NLNRR8,Kismat Talwar,kismat.talwar@hotmail.com,1999-07-16,6587989404.0
MERRSOO437,Oorja Sahota,oorja.sahota@gmail.com,1999-02-23,293412765.0
HWIR9ZKCLN,Inaaya  Sarma,inaaya.sarma@yahoo.com,1999-06-03,2535701407.0
8W0XZAZSKA,Tara Biswas,tarabiswas@outlook.com,1979-01-19,7988159794.0
RYJFAPJXKZ,Jayan Subramaniam,jayansubramaniam@yahoo.com,1976-09-21,9377293847.0
YMJZKXFY08,Zoya Sathe,zoya_sathe@outlook.com,1972-03-07,1893483397.0
ZMX777MY1B,Kashvi Acharya,kashviacharya@outlook.com,1987-03-12,7319528287.0
UJ7QT40RK7,Rati Kata,ratikata@hotmail.com,1984-01-17,9291611357.0
JA5ZLP0Y6I,Dhruv Bora,dhruv_bora@yahoo.com,1999-07-02,2394148004.0
VH3QAXFJBT,Umang Solanki,umang_solanki@yahoo.com,1996-10-20,409189968.0
VX3K3D53OA,Rhea Virk,rhea_virk@hotmail.com,1968-03-06,353299732.0
B0G9GQ08DG,Raunak Rajagopalan,raunak_rajagopalan@yahoo.com,1973-03-03,4756618928.0
RYZWBLQ0IA,Sumer Chawla,sumerchawla@gmail.com,1988-10-08,1375787224.0
DCE4JKT4CL,Baiju Vasa,baiju_vasa@gmail.com,1984-01-11,603250603.0
CKX4C9D0AY,Uthkarsh Ahuja,uthkarsh_ahuja@yahoo.com,2003-01-08,2545166121.0
YRM9LAR6PI,Kaira Raj,kaira.raj@yahoo.com,1966-05-02,3967461852.0
ZCJKUZW0RJ,Kiaan Shankar,kiaan_shankar@outlook.com,1973-05-02,6002900804.0
8JM2NA01Y4,Anay Bhandari,anaybhandari@yahoo.com,1996-11-30,5801430775.0
VRRF3JIVTL,Kartik Doshi,kartik.doshi@yahoo.com,1976-05-23,4163082884.0
KKT0KL2FUG,Saksham Bhatti,sakshambhatti@outlook.com,2001-07-17,3418525648.0
BLVQTS5JQP,Kaira Wagle,kaira_wagle@yahoo.com,2001-02-11,9334463317.0
9AG00ZKZL7,Mamooty Walla,mamooty.walla@yahoo.com,2004-04-13,8945307941.0
K4GXVHVAK7,Kashvi Gokhale,kashvigokhale@yahoo.com,2004-06-20,5743524355.0
7M89K8E3TS,Shray Dewan,shray.dewan@hotmail.com,1987-11-19,2582941470.0
Y0NVD1F7OM,Ryan Keer,ryankeer@outlook.com,1997-03-26,1052542901.0
HHS40IWWGW,Fateh Kohli,fatehkohli@hotmail.com,1972-12-21,7792799911.0
GMYV2QLIVF,Kismat Kari,kismat.kari@gmail.com,1983-03-19,5999053540.0
XOB5VO87TJ,Jivin Chander,jivin.chander@hotmail.com,1999-06-14,9003984983.0
2CYJ4BZZN8,Kiara Bala,kiarabala@yahoo.com,1994-07-18,9346708147.0
CYP2OTWGJZ,Pranay Bhardwaj,pranay.bhardwaj@yahoo.com,1987-02-27,3129114593.0
64NSFLBQ91,Riya Sachar,riya_sachar@outlook.com,1966-04-11,2893234207.0
B5GNLI6YK7,Kiaan Vasa,kiaan.vasa@outlook.com,1995-08-12,9994359883.0
H1XH9ZHRBZ,Vanya Doshi,vanyadoshi@gmail.com,1986-07-29,5059350444.0
KAGR3XC9I5,Vidur Batta,vidur.batta@yahoo.com,1966-10-31,5349860561.0
2CNGUXOI7O,Shalv Ghose,shalv_ghose@outlook.com,1981-07-13,6608817641.0
I8I758HZDC,Saanvi Ratta,saanviratta@hotmail.com,2002-05-05,5346687238.0
P39EAV7HBY,Riaan Contractor,riaan.contractor@hotmail.com,1971-10-31,628016106.0
H15CM8OFV3,Sana Vasa,sana_vasa@outlook.com,1969-02-09,5360955137.0
1AYDVR1SQK,Ranbir Venkataraman,ranbir.venkataraman@outlook.com,1996-06-18,4195901210.0
V2VQC3019Q,Rania Gaba,rania_gaba@gmail.com,1996-09-11,4483200945.0
HKWZJM1W4I,Prerak Bhardwaj,prerak.bhardwaj@outlook.com,2003-10-18,7695591404.0
D8YBM6HBSB,Kartik Chawla,kartik_chawla@gmail.com,1978-10-11,1190773321.0
6TRZO5OD5G,Jivika Sahota,jivikasahota@yahoo.com,1985-07-08,1747641448.0
UY389GNUAR,Vardaniya Dani,vardaniya_dani@gmail.com,1993-03-08,5951857022.0
65YH4SRFHV,Shamik Borah,shamik.borah@hotmail.com,2003-04-02,6000272194.0
5ZIFLAP3W5,Yasmin Mallick,yasminmallick@hotmail.com,1989-05-09,7610784060.0
71GAYFEP7L,Aaryahi Konda,aaryahi_konda@hotmail.com,1975-02-17,9539928289.0
9TC2IQT0Y1,Trisha Choudhary,trisha.choudhary@outlook.com,1985-05-24,6244745258.0
FETZ4NM5VQ,Shanaya Mand,shanaya_mand@yahoo.com,1993-05-03,3949771826.0
Y3CELVOZBH,Fateh Sangha,fateh_sangha@yahoo.com,1989-02-26,1740131882.0
30A8RW9GJ4,Kabir Krishna,kabirkrishna@yahoo.com,1981-07-21,4468067350.0
UW5PHQ63TE,Indrajit Ravi,indrajit.ravi@hotmail.com,1970-02-01,7732332115.0
DUMN0V8DMD,Renee Shukla,renee.shukla@gmail.com,1988-01-18,4764971971.0
5URMDZSZKN,Yuvraj  Sankar,yuvraj_sankar@gmail.com,1979-01-20,5176247657.0
3Q9G62NZ1P,Oorja Gala,oorja_gala@outlook.com,2000-07-03,3917426486.0
W8DK3G1BFD,Pranay Iyer,pranay.iyer@hotmail.com,1986-03-21,1667390222.0
627Q32NALM,Pari Hora,pari.hora@yahoo.com,1999-12-21,8663049238.0
G81UQF365S,Ehsaan Bora,ehsaan.bora@yahoo.com,1972-08-03,829805239.0
TKW5ESSXT9,Aarav Kata,aaravkata@yahoo.com,1991-09-06,709286166.0
HXY0E1QXDI,Taimur Sankaran,taimursankaran@hotmail.com,1974-04-04,4722620952.0
FMK77366N6,Adira Thaman,adira_thaman@gmail.com,1975-08-30,7260469913.0
YIK8NJFY4M,Adah Bhatt,adah.bhatt@outlook.com,1966-10-26,2709518045.0
6LUQ2ENVTD,Hrishita Khalsa,hrishita.khalsa@gmail.com,1983-04-30,8121654482.0
NJVKON00XB,Kiaan Jayaraman,kiaan.jayaraman@outlook.com,1981-06-06,7564248053.0
RDBFOG8JXU,Hrishita Aurora,hrishitaaurora@hotmail.com,1991-09-10,8151720786.0
RPF9U05B0U,Bhavin Gupta,bhavingupta@yahoo.com,1975-06-04,5235968414.0
W8UXMZMN9H,Adira Sarkar,adira_sarkar@outlook.com,1980-07-19,3042848274.0
ODVQDD0CKM,Ayesha Kuruvilla,ayesha_kuruvilla@hotmail.com,1993-01-11,2356587016.0
1F1SPAST2I,Anvi Chana,anvi.chana@gmail.com,1996-01-06,205588888.0
ZG4DNT4SI4,Baiju Saha,baiju.saha@outlook.com,1985-05-03,4408239987.0
I3ASPEHPQ6,Elakshi Uppal,elakshi_uppal@gmail.com,1999-02-10,3524544768.0
6YGAAAFU08,Oorja Dyal,oorja.dyal@outlook.com,1976-06-25,7861123444.0
VSLBDK8IH5,Misha Das,mishadas@outlook.com,1971-04-19,5417485843.0
X5L9TJKBJL,Elakshi Bakshi,elakshi.bakshi@gmail.com,1967-05-03,1391039410.0
7X6YVA2GBO,Vaibhav Gole,vaibhav_gole@gmail.com,1998-09-16,2146223717.0
14TW90C4TW,Tara Iyengar,tara_iyengar@outlook.com,1998-01-31,995629877.0
MZ9H8BZSAF,Zara Handa,zarahanda@yahoo.com,1982-11-22,262897717.0
ZG3XFBO7JY,Mishti Chokshi,mishtichokshi@gmail.com,1969-12-06,9013823911.0
ZKVLOFCDB1,Divij Tank,divijtank@outlook.com,1975-11-20,531313120.0
8C7ZVFICDP,Elakshi Ganguly,elakshi.ganguly@hotmail.com,1975-10-25,3301384700.0
N5LXGEIE4Q,Tiya Vohra,tiya_vohra@hotmail.com,1972-01-04,5413237101.0
08QCMP8EG4,Jayant Lall,jayant.lall@hotmail.com,1983-11-28,8010876994.0
B7UR0RTK7A,Hiran Balan,hiranbalan@yahoo.com,1982-07-22,3142006033.0
5MUGTDTVY3,Zeeshan Ganesan,zeeshan_ganesan@gmail.com,1984-01-19,4172637741.0
F3AX46VV6I,Dhanuk Samra,dhanuk_samra@outlook.com,1976-06-13,6190913278.0
IJG08C4GKO,Miraya Randhawa,mirayarandhawa@hotmail.com,2002-01-02,1390936613.0
PA5HFLMINP,Emir Gopal,emir.gopal@hotmail.com,1982-08-05,7857291833.0
PN81O6U6P2,Siya Gopal,siyagopal@outlook.com,1969-12-11,8130385245.0
J8D56Z7U7C,Yuvaan Chhabra,yuvaan_chhabra@outlook.com,1976-10-04,632209088.0
696YCOV9K0,Vedika Iyer,vedika.iyer@yahoo.com,1977-04-03,3208084545.0
9G073HI8XF,Urvi Lal,urvi.lal@yahoo.com,1987-09-06,2277212030.0
YN3MNZ23Y0,Kashvi Doshi,kashvi.doshi@outlook.com,1997-06-19,6486965718.0
U3PPJHM03Z,Darshit Kamdar,darshitkamdar@outlook.com,1998-09-03,9446695422.0
DV09J0AVPS,Nitara Sarin,nitara.sarin@gmail.com,1990-05-08,3522625384.0
70XUSEGD98,Trisha Tank,trishatank@hotmail.com,1980-05-31,4365826693.0
TH6IZTYCW2,Tiya Mahajan,tiyamahajan@gmail.com,1994-11-17,928961049.0
YE7KQ1P222,Indranil Warrior,indranilwarrior@yahoo.com,1979-09-13,2386563264.0
4Q8ICBU491,Divit Sarraf,divitsarraf@yahoo.com,1971-07-21,4389188750.0
V69TMEZ3H1,Kabir Behl,kabir_behl@gmail.com,2000-08-03,8280252756.0
LI0WRRY6NO,Urvi Subramaniam,urvi.subramaniam@outlook.com,1991-10-24,7595589114.0
PPH9PI4VQO,Rasha Shenoy,rasha.shenoy@yahoo.com,1966-02-24,8057771639.0
VJTU78FI0C,Shanaya Trivedi,shanaya_trivedi@gmail.com,1974-10-02,9146187506.0
KK3MDMBVGN,Anika Lala,anikalala@outlook.com,2004-05-30,8364760531.0
48GIQSORTD,Nehmat Kaur,nehmat_kaur@outlook.com,1996-12-10,4364085625.0
QAMU8C6OWV,Umang Dayal,umang_dayal@hotmail.com,2000-08-18,9753345589.0
9Q1WSYOJ9D,Indranil Sengupta,indranilsengupta@hotmail.com,1990-12-31,8813732640.0
Q6CIEWF6RG,Kaira Gera,kaira_gera@hotmail.com,1987-12-21,2530319358.0
EMORGQHXCC,Anvi Kaur,anvikaur@gmail.com,1967-03-08,7717919292.0
WQY6IZEIYF,Keya Grover,keya.grover@hotmail.com,2004-09-10,2903305591.0
JS62YR3ZOJ,Samarth Chadha,samarth_chadha@yahoo.com,1991-10-29,8415656488.0
MBSWHHK7HS,Riya Warrior,riya_warrior@yahoo.com,1967-04-08,9959239.0
9525GAMYRG,Aarav Issac,aaravissac@hotmail.com,1976-08-07,2953949516.0
CNC0FJ7KVQ,Misha Saini,misha.saini@yahoo.com,1970-08-11,5102034249.0
LE5DVRZQGT,Kanav Jani,kanav_jani@outlook.com,1973-02-07,1687751838.0
0OMOI65UEE,Hazel Kohli,hazelkohli@outlook.com,1988-09-02,9350327879.0
YE3DK9HJZO,Raunak Tailor,raunak.tailor@yahoo.com,1967-06-23,1347791829.0
ODPGUTPNLJ,Hridaan Bala,hridaanbala@hotmail.com,1991-08-25,8473788603.0
J160TEP1PH,Khushi Shah,khushishah@outlook.com,1978-03-21,4451217664.0
24Y77ZTTZJ,Seher Gola,seher_gola@outlook.com,2001-04-04,4882522907.0
XOLJBLDUQM,Tara Golla,taragolla@yahoo.com,1969-08-02,2099425538.0
3ZNC7OO303,Aaina Joshi,aainajoshi@yahoo.com,1985-11-24,3122229780.0
G5N09I3DH7,Hridaan Dey,hridaan.dey@gmail.com,1985-08-09,2927226837.0
B3B9FWC32Q,Ishita Viswanathan,ishita.viswanathan@yahoo.com,1972-12-22,2310741174.0
ENA6EJHXMY,Rania Dugar,raniadugar@yahoo.com,2003-07-16,9033340771.0
9RKR80MS2U,Yuvraj  Buch,yuvrajbuch@gmail.com,1987-04-19,458510523.0
PEQTQACAMW,Aradhya Maharaj,aradhyamaharaj@hotmail.com,1975-04-14,3865285249.0
OWA9VFT5YC,Shayak Savant,shayaksavant@outlook.com,2000-02-17,7932182117.0
82T72K4HY0,Nitara Kurian,nitara_kurian@outlook.com,1988-09-07,7896518219.0
68DIXPDUEJ,Shray Gara,shraygara@outlook.com,1998-03-25,5876381819.0
LHKPT5A72X,Aarav Basak,aaravbasak@outlook.com,1976-08-24,163938560.0
GNGOEC6B2U,Fateh Randhawa,fateh_randhawa@yahoo.com,1973-02-28,8315108475.0
GULQ8DYQCY,Raghav Thaker,raghavthaker@hotmail.com,2002-05-02,4336932850.0
NNI5ATD2H7,Shlok Yadav,shlokyadav@hotmail.com,1989-03-19,9737958854.0
P2AA1ULC17,Sara Sandhu,sara.sandhu@gmail.com,1991-04-16,6415145338.0
XHXVEM67D7,Vidur Bhatnagar,vidurbhatnagar@outlook.com,1985-12-08,6634959291.0
4HUFUNZAXI,Ishita Edwin,ishita.edwin@yahoo.com,1999-02-13,5543286812.0
QK06UHUJGH,Saira Kuruvilla,sairakuruvilla@outlook.com,2003-11-24,6304071858.0
LBH2VNFG3B,Miraya Sani,miraya_sani@gmail.com,1966-06-26,8001001455.0
5L9LYETC9B,Anvi Garde,anvigarde@yahoo.com,1984-02-25,7301501294.0
951S8JYKBW,Zain Bal,zain_bal@hotmail.com,1997-02-14,4170209787.0
RBLMF4ACS7,Purab Soman,purab_soman@hotmail.com,1994-04-08,8514296102.0
CKPGPN8DZZ,Nakul Dhar,nakul_dhar@hotmail.com,1967-08-09,7489464631.0
T0O382A7WS,Ahana  Kumer,ahanakumer@gmail.com,1988-10-30,6326449095.0
M9VLDB6NS5,Drishya Dugar,drishya.dugar@hotmail.com,1976-06-08,6994494395.0
RQAX8ELNEX,Vedika Ramesh,vedika.ramesh@outlook.com,1981-03-03,7876618121.0
MRJ3UIO2SD,Yuvraj  Raju,yuvrajraju@outlook.com,1987-11-10,9041285575.0
4YS69WQ50I,Ojas Dixit,ojasdixit@gmail.com,1995-10-24,3985318157.0
YRYV6E0H7G,Zaina Dugar,zainadugar@outlook.com,1986-04-08,6021820051.0
8MQO1J9UP4,Siya Salvi,siya.salvi@gmail.com,1988-12-30,2503146472.0
IPSZ1Y9IP5,Abram Ratti,abram_ratti@hotmail.com,1983-10-18,2096024702.0
ABXRAKPSW7,Divij Wali,divij.wali@hotmail.com,2001-08-11,2641440166.0
AKYLHG8FBG,Ishita Gade,ishita.gade@gmail.com,1968-09-24,8422213187.0
8KJ9Z97YDS,Mohanlal Dara,mohanlal.dara@outlook.com,1988-04-24,966582825.0
WP5A8DTM23,Saanvi Mall,saanvi.mall@outlook.com,1979-04-20,493277167.0
GPFLP17JPA,Umang Thaker,umang.thaker@gmail.com,1985-05-06,9084507889.0
4XFTE0N9C4,Samiha Sehgal,samiha_sehgal@yahoo.com,1973-07-08,7148325566.0
7CMK5QAJDP,Suhana Guha,suhana.guha@hotmail.com,1983-04-25,730115989.0
L9NMX7NNPI,Tiya Dass,tiyadass@outlook.com,1991-05-15,6044947026.0
U3KPEA0F7I,Adira Magar,adira_magar@outlook.com,2001-11-12,8070486637.0
NGUYD3AFQH,Pihu Rajagopal,pihurajagopal@gmail.com,1977-05-21,1038764896.0
7IVOFVU8G1,Mohanlal Anand,mohanlal_anand@outlook.com,1975-01-02,6643453928.0
670051M8AE,Badal Gade,badalgade@gmail.com,1986-11-26,2022559572.0
2L78X8YUYT,Drishya Malhotra,drishya_malhotra@hotmail.com,1971-02-10,6936264986.0
GDN4XH6XPA,Arhaan Ganguly,arhaan_ganguly@yahoo.com,1990-01-05,5817373404.0
LB7QYE6PJ6,Ishaan Kota,ishaan_kota@outlook.com,1993-03-26,4251878187.0
56GOX0EAVK,Yuvraj  Ganesh,yuvraj.ganesh@yahoo.com,1990-07-26,2354535328.0
YKX2LPI19E,Aaina Dugar,aaina_dugar@hotmail.com,1979-12-29,4218687443.0
0LM1MC4KOD,Shayak Hayre,shayak.hayre@outlook.com,1999-07-30,2579306548.0
7I70Z3OLOW,Miraan Chandran,miraan.chandran@gmail.com,1983-07-27,1321073109.0
K3E0AP9E6Z,Abram Wable,abramwable@hotmail.com,1982-10-28,3092906826.0
45B8V42M22,Ritvik Ranganathan,ritvikranganathan@gmail.com,2004-05-17,8821099047.0
0MEQNQF2LC,Romil Kalita,romil_kalita@outlook.com,1990-07-01,5742805288.0
82PYGT7I5V,Kiaan Sidhu,kiaan_sidhu@hotmail.com,1985-04-16,9621660922.0
RO3H5N0KTC,Kismat Sane,kismat.sane@yahoo.com,1973-04-29,8879386308.0
2QAT13Q1A5,Renee Hayer,renee_hayer@outlook.com,1990-07-07,4958471803.0
8Q7Z3SAAV6,Ira Keer,irakeer@hotmail.com,1970-03-13,710565270.0
JEBT6LXKTV,Krish Kar,krish.kar@yahoo.com,1967-06-04,7728653793.0
O3VSJYD9QO,Lavanya Dyal,lavanya.dyal@hotmail.com,1977-01-01,7689608795.0
4JB1FYHALS,Zoya Shanker,zoyashanker@outlook.com,1997-04-10,1137180543.0
NB8MT1CZRA,Nitya Choudhary,nityachoudhary@yahoo.com,2004-01-10,4544832676.0
I56HQFX4V2,Azad Sarkar,azadsarkar@gmail.com,1984-02-22,773384573.0
LRR3OBFYSC,Nakul Joshi,nakuljoshi@hotmail.com,1999-08-02,4997643934.0
6X5ON5OTDV,Charvi Das,charvi_das@yahoo.com,1975-01-15,2621301765.0
X2QSAXG3OC,Eshani Brar,eshanibrar@yahoo.com,1999-09-05,3077281552.0
6W6WF3T35P,Alia Thakur,alia.thakur@hotmail.com,1969-05-27,4404664878.0
ADNKZP21GK,Riaan Loke,riaan_loke@yahoo.com,1978-03-28,7099145476.0
4EZMIWHF9Y,Shayak Bumb,shayak.bumb@hotmail.com,1980-02-19,6459153808.0
1L8K1LJ1D6,Ryan Acharya,ryan.acharya@gmail.com,1974-06-18,8460577429.0
J5D9Q75FWV,Aaina Chada,aainachada@hotmail.com,1983-08-29,9377751242.0
0E1GYRNK87,Reyansh Rastogi,reyansh.rastogi@outlook.com,1983-05-13,5101973435.0
1QQBHVD193,Zeeshan Mane,zeeshan.mane@hotmail.com,1998-01-09,1370900943.0
AUD4C2TDJO,Madhup Chandran,madhup_chandran@outlook.com,1975-04-26,9713404235.0
Q4FY8T48QL,Vidur Sani,vidur_sani@outlook.com,1969-05-28,2436454736.0
DUFT2Y36IC,Keya Kashyap,keyakashyap@yahoo.com,1973-06-21,2746418483.0
S1IR0DEOK6,Nakul Borde,nakulborde@gmail.com,1986-11-29,6071091271.0
9IJWNBDSMP,Indrans Zachariah,indrans_zachariah@gmail.com,1987-03-31,4793966014.0
3G5XAMRAZL,Hrishita Tiwari,hrishita.tiwari@yahoo.com,1985-04-06,371842398.0
XTC9FLZO5R,Misha Sachar,mishasachar@yahoo.com,1986-08-13,8310554617.0
4T5SBSP1HQ,Romil Keer,romil_keer@outlook.com,2000-05-25,4771831493.0
Y4ECJWZR6Q,Farhan Swamy,farhanswamy@hotmail.com,1983-11-04,8269675265.0
LNVPKCCYK3,Anya Dua,anya.dua@yahoo.com,1975-01-29,7155285415.0
06D48OPWLT,Seher Barad,seher.barad@yahoo.com,1985-10-05,2890232529.0
8BIULNGNAG,Ojas Madan,ojasmadan@outlook.com,1999-09-26,4104293562.0
GOVGURIDVG,Lakshit Guha,lakshit.guha@hotmail.com,1970-02-01,8007070936.0
V9N41AOOXO,Darshit Sengupta,darshitsengupta@yahoo.com,1976-01-21,6706372325.0
RE1E97UDCC,Chirag Luthra,chirag_luthra@outlook.com,1998-09-12,1880625482.0
8MP76IPJO8,Keya Banik,keya.banik@outlook.com,1991-11-21,7802967051.0
6J8UQ3FRZD,Gatik Srinivasan,gatik_srinivasan@hotmail.com,1969-04-17,8267800993.0
QUC41N1DI9,Indrans Sathe,indrans.sathe@hotmail.com,1975-04-26,3650080473.0
C9F3F6YNW6,Jhanvi Shah,jhanvi.shah@hotmail.com,1980-08-10,9898258260.0
YCTSLMKEJB,Nitya Majumdar,nitya.majumdar@hotmail.com,1990-05-07,3056381689.0
LDE1CP0P8K,Shaan Sachdev,shaan.sachdev@yahoo.com,1975-08-05,917029993.0
H4I1ZZ4LFS,Siya Chana,siya.chana@yahoo.com,1997-04-25,4817874062.0
7B1TQDB2PT,Hansh Soman,hansh.soman@hotmail.com,1969-11-02,2860715995.0
FUOMU4GYSP,Hansh Sundaram,hansh_sundaram@outlook.com,1989-02-15,9751186150.0
08K6S4C4M4,Alia Singh,alia_singh@outlook.com,1996-08-07,3152097530.0
OCFDEW4IT8,Aniruddh Comar,aniruddh_comar@yahoo.com,1976-11-05,600440307.0
S0XVLLV0VX,Amani Kar,amani_kar@hotmail.com,1978-12-11,8848524235.0
OOFY8J29KQ,Taran Bora,taranbora@gmail.com,1997-03-27,5264624360.0
OVWZ2GWHOD,Lavanya Wable,lavanya.wable@gmail.com,1976-04-05,8629116704.0
GE4WFF8AIS,Aarna Lal,aarna_lal@gmail.com,2000-02-07,8828846835.0
MRMMDWIT76,Kiara Basak,kiarabasak@gmail.com,1988-04-22,3448662122.0
I224JQXU3C,Renee Krishna,reneekrishna@yahoo.com,1994-01-27,102786277.0
IV2C7FRKJZ,Dishani Seshadri,dishaniseshadri@gmail.com,1997-03-31,6042268815.0
UJFFF1E613,Tejas Baria,tejasbaria@outlook.com,2003-12-28,4881848037.0
DZNNHDEV1B,Trisha Lal,trishalal@hotmail.com,1977-07-01,6311617110.0
9WBVB0L516,Romil Kulkarni,romil_kulkarni@outlook.com,1970-12-10,3919848629.0
0780ZLPILL,Khushi Dyal,khushidyal@hotmail.com,1987-08-09,8535544207.0
VW260K44A7,Navya Bhattacharyya,navya.bhattacharyya@outlook.com,1996-05-23,8061244130.0
SS80LR61HB,Ishaan Garde,ishaangarde@yahoo.com,2003-08-02,2779239947.0
5GNLDQZPPW,Aniruddh Sanghvi,aniruddhsanghvi@hotmail.com,1987-05-28,1611066360.0
HQP2PNPCU0,Raghav Butala,raghavbutala@hotmail.com,1996-03-18,2822261082.0
UH50TWI15B,Jiya Garg,jiya_garg@hotmail.com,1970-10-10,2765297949.0
GEX0RRL0PF,Urvi Reddy,urvi_reddy@gmail.com,1971-09-11,1978641472.0
T4783RR2ZU,Ojas Varghese,ojas_varghese@outlook.com,1978-04-14,3851593531.0
8KKXX9R23I,Lakshit Hegde,lakshit_hegde@hotmail.com,1984-11-15,2429574361.0
2S9P6N0DH5,Mamooty Master,mamootymaster@yahoo.com,1988-01-28,1307660955.0
LQ3CXZD27E,Vedika Lall,vedikalall@hotmail.com,1977-11-02,6436966179.0
N0E4R5BJRY,Tara Bhargava,tara.bhargava@outlook.com,2000-08-06,5937189189.0
ENW7SEIMKW,Rania Subramanian,raniasubramanian@hotmail.com,1999-05-02,9136877824.0
S6MXYSDTOI,Pari Brar,pari.brar@outlook.com,1966-02-13,5042918943.0
0JTP9CFLZG,Hiran Warrior,hiranwarrior@hotmail.com,1971-05-30,3915946239.0
UKUC5Z6UER,Anahita Dara,anahitadara@gmail.com,1991-11-28,7895944572.0
ARN1HXUKO7,Ahana  Mani,ahana_mani@gmail.com,2000-09-01,5800442912.0
G1YMPC6ZX4,Ojas Dutt,ojasdutt@outlook.com,1971-06-28,950795053.0
FJE5PK8APF,Neysa Kota,neysakota@outlook.com,2003-08-08,3618479824.0
KEBW6RBNYH,Saanvi Raval,saanviraval@outlook.com,1994-11-15,1768563114.0
8JY7GPI9UM,Anaya Bera,anayabera@yahoo.com,1992-01-31,4104818873.0
RW1Q8G7YHH,Siya Johal,siyajohal@yahoo.com,1967-05-26,6862463581.0
8AGJK4HYOT,Ehsaan Bhattacharyya,ehsaanbhattacharyya@yahoo.com,1968-11-20,4000487202.0
KD5SY7G0Y9,Reyansh Bahri,reyansh_bahri@yahoo.com,1988-10-06,3615552907.0
VBXSAIAGCR,Akarsh Magar,akarshmagar@yahoo.com,1972-02-11,5718152477.0
9S55F959S7,Samiha Mandal,samihamandal@outlook.com,2001-10-02,2415998680.0
ZKZ7QYMGE8,Zain Mahal,zain.mahal@hotmail.com,1998-06-07,8551094643.0
I73SKZDIP8,Kismat Shah,kismat_shah@yahoo.com,1969-02-19,6540222726.0
NQ2L7YHTTU,Aarush Walla,aarush.walla@gmail.com,1989-05-02,2936986189.0
9NWZIWBV2A,Raghav Kade,raghav_kade@gmail.com,2003-10-12,9022498552.0
OVIKS8XY5S,Yashvi Dhawan,yashvi.dhawan@hotmail.com,1970-06-19,3986202211.0
EI62KC2D1D,Kavya Tata,kavya_tata@gmail.com,1998-06-09,3301736927.0
LD8N1Z0LIG,Kismat Biswas,kismat.biswas@hotmail.com,1986-09-16,4483957263.0
0ZKO2EEAV0,Lakshit Kibe,lakshit_kibe@hotmail.com,1975-10-15,2888049825.0
T0Z0QURYG2,Manjari Chaudhary,manjarichaudhary@yahoo.com,1999-11-14,9521830097.0
FGH6BP6DYP,Samar Sem,samar_sem@yahoo.com,1975-04-10,2286586701.0
XLFG53586U,Sana Chaudhari,sana.chaudhari@yahoo.com,1981-10-31,7058077037.0
8N1VK1WXBM,Saanvi Bhat,saanvi.bhat@gmail.com,1991-06-09,2556880570.0
IJ16AHPTW1,Miraan Mahajan,miraan.mahajan@gmail.com,1967-12-23,7330732935.0
2PQ0QA6EIK,Veer Aurora,veeraurora@outlook.com,1968-04-08,6208462994.0
XZTSZOVF35,Lakshay Balan,lakshay_balan@outlook.com,1980-01-27,2895607464.0
W81AJXJGKD,Myra Zacharia,myra.zacharia@gmail.com,2001-01-27,6418563493.0
8ZNCUR953X,Nitara Bhattacharyya,nitara.bhattacharyya@outlook.com,1996-01-07,5881322990.0
SX64AIGZDB,Navya Choudhary,navya_choudhary@outlook.com,1968-07-27,3393079784.0
LMA86P3VS8,Aradhya Lad,aradhya.lad@outlook.com,1992-07-07,4753136166.0
JSWR1DO0EJ,Anaya Lala,anaya_lala@gmail.com,1971-12-18,7552674726.0
501YCUNPUI,Ayesha Tripathi,ayeshatripathi@outlook.com,1972-10-22,4965380247.0
OZQ531MHYG,Vanya Bhavsar,vanya.bhavsar@yahoo.com,1978-07-29,4728956858.0
XE4CVYDLUW,Vedika Devi,vedika_devi@yahoo.com,1985-05-24,1313799428.0
3TN0DXF40W,Saanvi Salvi,saanvi.salvi@yahoo.com,2001-08-20,7459598657.0
U6OMEC2F5M,Nitya Chakraborty,nitya_chakraborty@gmail.com,2002-03-16,7607659680.0
MNXSLZUIA4,Neelofar Anne,neelofaranne@hotmail.com,1979-06-26,1286042268.0
IN8AC39S0W,Lavanya Das,lavanyadas@hotmail.com,1990-09-10,1266337165.0
5B0G9CQJEY,Aaina Varkey,aaina.varkey@outlook.com,1990-11-27,178677192.0
IE7TZ0J1Y5,Riya Gill,riya_gill@outlook.com,1974-03-05,6397280227.0
PRWMLQE55A,Abram Savant,abram_savant@yahoo.com,1995-02-08,2413049183.0
48SWZH5TQ6,Elakshi Suresh,elakshi_suresh@hotmail.com,1985-11-16,7291284868.0
GDGTICY6E5,Biju Dave,biju.dave@outlook.com,1979-03-10,8354717259.0
NSKRZTRWTG,Tanya Sane,tanya.sane@hotmail.com,1996-07-08,896748003.0
1ZMVN7P5U3,Madhav Bera,madhavbera@outlook.com,1988-05-17,171516169.0
CBU7ZD996O,Ahana  Mander,ahanamander@yahoo.com,1969-07-05,4054933240.0
KPOM4GE44U,Zaina Kannan,zaina.kannan@gmail.com,1971-01-11,3676097395.0
IJB7G5MQ0W,Gokul Srivastava,gokul.srivastava@outlook.com,1994-11-22,3919435296.0
127JG2P3UP,Trisha Ganesan,trishaganesan@yahoo.com,1987-09-24,999386886.0
I2IZ288P7K,Mohanlal Zacharia,mohanlal_zacharia@hotmail.com,1995-03-14,7516815616.0
7THFJ6S4RB,Miraya Lala,miraya_lala@gmail.com,1987-05-16,1770353523.0
1V4NZ9F7O0,Nitya Behl,nitya.behl@hotmail.com,1996-01-17,1004441234.0
380GX1ZTNU,Miraya Chana,miraya_chana@hotmail.com,2001-06-04,8741912086.0
6U49N0337H,Mehul Kumar,mehulkumar@hotmail.com,1967-08-03,444292664.0
GQ90012O2S,Trisha Gour,trishagour@outlook.com,1976-02-27,3204266853.0
JTIRUPOFI6,Zaina Bedi,zainabedi@yahoo.com,1989-04-27,403312599.0
EQWA80HOZP,Aarav Chander,aaravchander@yahoo.com,1988-10-05,2991960480.0
HRAD5C40NP,Azad Kumar,azad_kumar@yahoo.com,1967-10-17,6070006003.0
PCF2Q2LREB,Shaan Soni,shaansoni@hotmail.com,1997-12-12,8485973291.0
DVIOHY3AGZ,Krish Wagle,krish.wagle@gmail.com,1994-05-06,497378273.0
G3EZ4USD3A,Oorja Kurian,oorja.kurian@outlook.com,1999-01-24,9489954067.0
H91XKPYTD9,Jiya Tripathi,jiya.tripathi@gmail.com,1980-01-30,5904625562.0
CPAQE0VVQE,Inaaya  Sule,inaayasule@outlook.com,1972-03-04,7819128694.0
0W30BK3P32,Ehsaan Kunda,ehsaan_kunda@outlook.com,1981-03-20,8032389756.0
KHMWQBGYRU,Akarsh Bedi,akarsh_bedi@yahoo.com,1992-09-28,7673153854.0
S9LD2GY33C,Inaaya  Gade,inaayagade@gmail.com,1983-02-02,8495842243.0
M0RY9NZPSL,Diya Sami,diya.sami@hotmail.com,2004-02-25,740953252.0
90LY7RKDAF,Pari Brahmbhatt,pari_brahmbhatt@hotmail.com,1975-01-16,2640498147.0
B2JT9W1JYT,Azad Krishnamurthy,azad_krishnamurthy@hotmail.com,2001-12-14,8541285219.0
8XP9IZHE1M,Samarth Kalla,samarth_kalla@yahoo.com,1984-09-03,1137226702.0
IUX19QS130,Hazel Dayal,hazel.dayal@hotmail.com,1971-03-25,8880986358.0
2DYMDPEB17,Anya Chaudhary,anyachaudhary@yahoo.com,1992-12-27,7466142954.0
ESKENU8K0B,Miraan Sibal,miraansibal@hotmail.com,1992-01-06,6479018078.0
T253LO0845,Advika Bhatia,advikabhatia@outlook.com,1983-06-11,1802520174.0
PFPF42MQHK,Divij D’Alia,divij_d’alia@outlook.com,1992-12-17,9064737088.0
1X2AO1OCVF,Hridaan Dyal,hridaandyal@yahoo.com,1998-10-31,8964794362.0
CP0SDONOIS,Dhruv Kaur,dhruvkaur@outlook.com,1972-02-04,5997877163.0
4ELWDXENCX,Amira Lall,amira_lall@yahoo.com,2004-07-13,9828182548.0
MNGVY4BJZH,Aradhya Dixit,aradhyadixit@gmail.com,1967-12-30,209222559.0
5B4YSTJYKZ,Biju Mallick,biju_mallick@gmail.com,1978-10-02,9506286646.0
2YV6TOJCFE,Nehmat Bath,nehmat_bath@hotmail.com,1980-06-23,4143042897.0
3P1Q9M7KC0,Hunar Rastogi,hunar.rastogi@gmail.com,1991-12-31,8430556847.0
WIM6R7SCK6,Arnav Grewal,arnav.grewal@hotmail.com,1967-10-06,9380870332.0
LCUID8USK4,Chirag Gill,chiraggill@hotmail.com,1989-04-26,766134505.0
KZRYJZLPWJ,Faiyaz Loyal,faiyazloyal@gmail.com,1971-10-22,6365721354.0
0E1UXJDRJX,Miraan Tandon,miraan.tandon@outlook.com,2003-10-05,4042047010.0
2ZDPJ9XNRT,Aarna Kothari,aarnakothari@yahoo.com,1967-07-10,8928236015.0
CQJ9WBPPMH,Himmat Kade,himmat_kade@outlook.com,1995-05-22,6970394833.0
D4KM94Y9FM,Jiya Soni,jiyasoni@gmail.com,1977-01-24,2001269356.0
FR1KSH3ZUS,Pranay Yohannan,pranay_yohannan@gmail.com,1993-09-25,9351886110.0
TN4K1IM8LU,Nirvaan Bora,nirvaanbora@gmail.com,1998-05-05,2672478879.0
MFPDWDBLD8,Zoya Dash,zoyadash@yahoo.com,1990-05-24,3386597930.0
R78G47IS5K,Shray Singhal,shraysinghal@hotmail.com,1988-07-15,8602499040.0
K1K9KK07GE,Renee Verma,renee_verma@outlook.com,1982-10-16,5601738481.0
LZD5GIGZ8H,Hiran Gokhale,hiran.gokhale@outlook.com,1984-03-09,7014502268.0
8AV4AXVY3Y,Saksham Sridhar,sakshamsridhar@outlook.com,1991-01-25,3692090223.0
ZUFPDXMBD9,Rati Bawa,rati_bawa@yahoo.com,1995-07-16,4306707150.0
SS6HF87QCL,Pranay Kannan,pranaykannan@gmail.com,1971-08-22,6825621028.0
KLSRH63TZW,Misha Gandhi,misha.gandhi@outlook.com,1989-11-16,7547795179.0
1M9LQKBO2E,Aradhya Bath,aradhya.bath@outlook.com,1987-01-13,4276665892.0
7KV5J8M3PW,Raunak Sabharwal,raunak_sabharwal@gmail.com,1970-12-03,7926441379.0
D93ETCKAZ2,Ritvik Singhal,ritvik_singhal@gmail.com,2003-05-21,6601792650.0
FZI2JWRKTX,Myra Krishnamurthy,myra.krishnamurthy@gmail.com,1981-10-04,3890158295.0
RXEP1F75CL,Suhana Kala,suhana.kala@yahoo.com,1994-05-16,9623023828.0
84FYUOU3BZ,Saira Rege,saira_rege@yahoo.com,1977-01-11,9609662856.0
UMGG1K69WY,Renee Iyer,reneeiyer@hotmail.com,1985-06-18,9640123054.0
KBHKQ5RTSF,Tarini Agate,tariniagate@yahoo.com,2004-07-15,1049916591.0
OTZF23A49Z,Jivin Bhavsar,jivin.bhavsar@hotmail.com,1973-11-30,6329589003.0
84EFYP1GL9,Shalv Bahl,shalvbahl@hotmail.com,1993-11-13,892003763.0
9J4LONI4IG,Raghav Rajan,raghavrajan@outlook.com,1992-12-06,8495029877.0
2NRR5CHZEF,Aarush Biswas,aarush.biswas@hotmail.com,1979-02-09,6723319237.0
YMQ4QXH6GT,Hrishita Tailor,hrishitatailor@outlook.com,1971-08-19,4435039900.0
86DYA7ZRRC,Azad Dewan,azad.dewan@hotmail.com,1967-01-19,440697994.0
26ESKWY4LO,Hazel Tata,hazeltata@hotmail.com,1995-04-09,8921384004.0
UTTZF63RH1,Prisha Venkataraman,prisha.venkataraman@outlook.com,1978-06-22,7993461528.0
5MTPBQ4QFO,Advik Dewan,advik.dewan@yahoo.com,1995-10-27,2323044892.0
80NQTD8ZN2,Romil Sahni,romil.sahni@yahoo.com,1971-08-20,1764639965.0
WIEQC1COMO,Zaina Som,zaina_som@outlook.com,2004-03-22,197500446.0
Q6G7T0U51G,Vardaniya Bhargava,vardaniya.bhargava@hotmail.com,1992-01-21,2677983599.0
FXXZF3SRCX,Jivika Khurana,jivikakhurana@gmail.com,2000-02-22,310360983.0
IHXX7TM7GG,Mishti Rao,mishti_rao@yahoo.com,2000-01-31,7708317622.0
EBB4CA8ZW3,Ivan Devi,ivandevi@outlook.com,1974-07-31,6340821085.0
5TCG5PN2EE,Raghav Babu,raghav.babu@outlook.com,1985-02-04,7842447086.0
O2U0XL0DJ9,Farhan Bassi,farhan.bassi@yahoo.com,1972-04-14,3275549014.0
RJAKA92PK0,Manikya Vasa,manikya.vasa@hotmail.com,1972-01-20,69428630.0
F9ZTSZPQ6T,Sahil Date,sahil.date@hotmail.com,1973-11-18,1433594111.0
DH1HACHRH6,Azad Garg,azadgarg@yahoo.com,1987-12-28,2567002661.0
W22IT56W0W,Aarav Bahl,aarav_bahl@gmail.com,1995-01-08,2972198182.0
8CJWI4AZCF,Zoya Khosla,zoya.khosla@gmail.com,1997-02-17,5701783012.0
0RPMCK8MBT,Prerak Sawhney,prerak.sawhney@gmail.com,1981-01-07,611475198.0
8JWRPBU4TZ,Vihaan Karpe,vihaan_karpe@gmail.com,1976-02-12,668951753.0
5E7HMJ6PH9,Jivin Srinivasan,jivin.srinivasan@hotmail.com,1988-07-22,3855945320.0
9GMPY4UBUR,Prisha Grewal,prisha.grewal@hotmail.com,1992-10-27,1967193950.0
YT8EWTOJJ5,Samiha Mani,samiha.mani@outlook.com,1974-02-27,8898627187.0
SDF7888YC7,Badal Chaudhuri,badal_chaudhuri@outlook.com,1987-08-25,7223681976.0
HMPHAT7WAH,Kimaya Rana,kimaya.rana@yahoo.com,1991-10-05,2986329424.0
UXL4BB6TGA,Manjari Vyas,manjari.vyas@hotmail.com,1994-10-27,3867100249.0
HXWC8E654L,Eshani Savant,eshani.savant@hotmail.com,1974-11-08,50192153.0
LLYY9L8TAY,Parinaaz Lall,parinaaz_lall@outlook.com,1981-05-15,2241072593.0
NREOWGQHDS,Tiya Raval,tiyaraval@outlook.com,1967-10-21,2358530037.0
BTT9NCYMK2,Advik Bakshi,advikbakshi@outlook.com,1966-11-06,6063052940.0
PWACHY08B2,Piya Dua,piya.dua@yahoo.com,1986-06-12,2737154786.0
14VT70IS6V,Tushar Bhargava,tushar.bhargava@yahoo.com,2004-07-23,5455120619.0
KB41EZV27W,Zain Mani,zain.mani@hotmail.com,2004-10-09,547266563.0
LNQLQ52FPL,Prerak Bajaj,prerakbajaj@hotmail.com,1998-11-22,7695003614.0
9V7KP3LA4J,Adah Yogi,adah_yogi@hotmail.com,1982-02-22,5747291406.0
DX0R2906Z6,Divyansh Kibe,divyansh_kibe@gmail.com,1990-04-26,4765942858.0
GS8P7NUIQ2,Nirvi Tripathi,nirvi.tripathi@gmail.com,1968-05-25,1137436758.0
J9CX1LBOX2,Gatik Krish,gatikkrish@hotmail.com,1994-09-07,3534668466.0
74F14DM1BE,Gokul Virk,gokul.virk@gmail.com,1975-08-22,7276194708.0
LT9O6DLIWB,Prerak Bhat,prerakbhat@hotmail.com,1980-06-18,8652426391.0
7H93JJASZ8,Zaina Dutt,zaina_dutt@gmail.com,1989-12-02,6933504575.0
G07VK6WM5C,Vardaniya Lad,vardaniya.lad@outlook.com,1986-02-15,703999820.0
F04K0Q99TC,Charvi Dixit,charvi.dixit@gmail.com,1981-08-20,2278385280.0
4YWR68JUTU,Jhanvi Kapadia,jhanvikapadia@hotmail.com,1970-07-12,7698808562.0
VWOY0N0XUX,Mannat Kadakia,mannat.kadakia@gmail.com,1978-10-27,6349098288.0
NU16GB1C4I,Farhan Koshy,farhan.koshy@gmail.com,1979-10-01,2893271173.0
BO8J8PE67H,Bhavin Chaudhry,bhavinchaudhry@outlook.com,1968-08-10,2355572789.0
ET5I6F215C,Kaira Shan,kaira.shan@hotmail.com,1977-10-23,6343490296.0
NX4USL3LM8,Divyansh Chakraborty,divyansh_chakraborty@gmail.com,1980-12-09,4677089430.0
TZXRGFR8KB,Aradhya Sagar,aradhya_sagar@outlook.com,1992-03-15,1555907251.0
IB2JJLGX75,Nitara Bir,nitara_bir@yahoo.com,1970-01-02,1799223345.0
Q4AERDZBUY,Darshit Wali,darshit_wali@hotmail.com,1973-03-12,2775103736.0
EXA1N11NU7,Eshani Yadav,eshaniyadav@yahoo.com,1999-06-07,6167428532.0
SVCTFXIH84,Adira Ghosh,adira.ghosh@outlook.com,1970-01-18,8117336423.0
14A46U55WU,Baiju Issac,baiju_issac@gmail.com,1988-10-23,5637119557.0
A8G2R8RCG0,Dishani Hayer,dishani.hayer@outlook.com,2004-05-02,7151822317.0
OZFVCS4TNO,Hridaan Sankar,hridaan_sankar@yahoo.com,1972-03-06,6173408365.0
NTZAD3ELW7,Indrans Sachar,indranssachar@yahoo.com,2003-07-07,8132743607.0
CFWPW24V97,Nitara Rout,nitara_rout@yahoo.com,1973-08-03,8932739938.0
VOCIA2D3ZE,Indranil Mangat,indranil_mangat@outlook.com,2001-07-17,8479311472.0
4WXB1UT4H3,Miraan Thaker,miraanthaker@yahoo.com,1973-01-26,4311405884.0
3WLYLOZHLV,Shanaya Seshadri,shanaya.seshadri@hotmail.com,2000-10-02,7093799426.0
SBC4DY2B0F,Shamik Sant,shamiksant@gmail.com,1995-09-15,6202648799.0
1NRGB7GC57,Anvi Dada,anvi_dada@gmail.com,1968-11-05,3290422249.0
U4Z2GS8ZIQ,Nitara Sinha,nitara.sinha@hotmail.com,1976-01-25,4574200489.0
BECSYU5FXC,Myra Manne,myramanne@gmail.com,1983-02-18,2909594248.0
95YI2EJ05A,Anay Bakshi,anaybakshi@hotmail.com,1976-09-08,3684985222.0
UXYHWEFUYS,Ahana  Bala,ahana_bala@yahoo.com,1972-02-06,4999342581.0
JCWQSDMILI,Lakshay Lall,lakshay_lall@hotmail.com,1971-04-09,2920302545.0
GO97905K92,Zain Rana,zainrana@yahoo.com,1999-08-01,8402173512.0
MV56E1J9QR,Hrishita Dewan,hrishita_dewan@hotmail.com,1981-05-02,6154081142.0
RTSAFU4M9L,Shayak Wagle,shayak.wagle@yahoo.com,1977-01-16,2849697765.0
F83S5PUL3I,Akarsh Soni,akarsh.soni@outlook.com,1992-08-29,9972152.0
LOHE868BQT,Chirag Bedi,chiragbedi@hotmail.com,1987-08-06,9166029274.0
MT314QOUMP,Eshani Sastry,eshani.sastry@outlook.com,1980-10-23,2918634764.0
F77W6W7HM6,Hazel Ratti,hazelratti@outlook.com,1994-09-01,5906712608.0
FVHUU2TG46,Taran Gala,taran.gala@outlook.com,1970-11-25,7612620579.0
7DHFJF1A84,Bhamini Sule,bhamini_sule@gmail.com,1980-03-07,5628413693.0
CBCTNAGAXT,Anahita Sharaf,anahita.sharaf@yahoo.com,1991-05-24,1678349229.0
WRHI4RB2MP,Adah Salvi,adah.salvi@gmail.com,2001-02-18,5127721792.0
F2QVEW8E5O,Jiya Chadha,jiya.chadha@yahoo.com,1971-10-19,275458829.0
WDP1EDKCI6,Aradhya Bakshi,aradhyabakshi@hotmail.com,1977-03-13,3104008214.0
2F0B6K8TZD,Ritvik Thaman,ritvik_thaman@outlook.com,1993-02-03,6179043165.0
VQE6BNI33P,Rati Banik,rati_banik@yahoo.com,2003-11-17,7531375339.0
692KNF1J3K,Lavanya Sharaf,lavanya_sharaf@hotmail.com,1970-04-05,2388869494.0
5RQGKW320Z,Damini Walia,damini_walia@outlook.com,1995-01-28,2433431030.0
V76YKGYLHT,Neelofar Doshi,neelofardoshi@outlook.com,1976-02-14,1944650210.0
9KT92ZBQPC,Nishith Apte,nishith_apte@yahoo.com,1975-05-26,6986254878.0
PF5WHLPD6J,Vidur Walia,vidur.walia@hotmail.com,1970-09-22,3486271626.0
5HGTZL37RL,Elakshi Subramaniam,elakshi_subramaniam@yahoo.com,1974-08-21,8467386721.0
FAIQZ6KBEL,Shaan Singhal,shaan.singhal@gmail.com,1982-11-01,8047299100.0
CQSH74AS5B,Romil Bains,romilbains@outlook.com,1966-05-07,6066394084.0
51WGIZNB5C,Hansh Sheth,hansh.sheth@hotmail.com,1977-02-03,3877760193.0
7LWNMLED88,Biju Doctor,bijudoctor@gmail.com,1988-08-30,5384347778.0
AC4N68YFYB,Prerak Barman,prerak_barman@yahoo.com,1987-10-29,8054899591.0
37A6SLQ9RE,Nitara Mangal,nitara.mangal@outlook.com,1998-12-06,9390925902.0
A32FDKEW85,Kabir Tailor,kabir_tailor@yahoo.com,1968-03-07,2489735563.0
NEBSQLZMU6,Kaira Saran,kaira_saran@outlook.com,1976-12-01,9840965096.0
EVGDLFYB5F,Divyansh Lalla,divyansh.lalla@gmail.com,1975-12-12,7340756146.0
ODGOJ3X51A,Nakul Dass,nakuldass@yahoo.com,1976-04-05,9198591636.0
M6BZAH4CXK,Parinaaz Sem,parinaaz_sem@hotmail.com,2000-04-17,4952963439.0
F3KIKQB2BO,Aradhya Jani,aradhya.jani@yahoo.com,1968-07-08,7802751827.0
3I0JDO0E0R,Rhea Tata,rhea_tata@hotmail.com,1980-03-08,6097084837.0
JWEQNXCYXP,Tejas Sankar,tejas_sankar@yahoo.com,1982-12-02,1109017663.0
ZAXH658F57,Anya Goel,anya.goel@outlook.com,1976-02-04,8717954576.0
Y1R3Q7B3UO,Devansh Ramesh,devansh_ramesh@gmail.com,1975-08-15,8280931207.0
B8BZAK1832,Zara Aurora,zara.aurora@outlook.com,2003-05-03,2772108324.0
0RB3RTA4H0,Vanya Sem,vanya.sem@outlook.com,1992-02-13,5153664833.0
O2NAVHVKBC,Krish Sahota,krish_sahota@hotmail.com,1994-01-23,6015590475.0
XZ68PNL4LG,Eva Sen,eva_sen@hotmail.com,1977-12-06,6260003135.0
FIF41U16FE,Heer Sura,heer.sura@yahoo.com,1985-12-17,9006029120.0
GA2U0OMU0B,Miraan Sahni,miraan_sahni@hotmail.com,1969-07-11,8425849596.0
R775XZX8XP,Sumer Mannan,sumermannan@outlook.com,1984-03-30,9851777750.0
F1K7XYTJ88,Miraan Shanker,miraan_shanker@yahoo.com,1988-03-28,7685550212.0
57OKEH481L,Dishani Khurana,dishanikhurana@yahoo.com,2000-11-28,1554042229.0
J48DQD9GUH,Amani Barman,amani_barman@hotmail.com,1980-03-09,2573399562.0
M5FJECJU5N,Aaina Sagar,aaina.sagar@outlook.com,1975-06-23,8707708310.0
SIECV9KZTV,Misha Buch,misha_buch@outlook.com,1970-09-23,4872787907.0
J6LMRCKGHX,Zain Handa,zainhanda@hotmail.com,1970-01-26,4534039311.0
1YLWE9G2ME,Hrishita Biswas,hrishitabiswas@gmail.com,1969-06-25,6722516659.0
07MUB1U4IE,Aaryahi Grover,aaryahigrover@yahoo.com,1993-04-09,8585093984.0
6S5W6A1EYJ,Pari Ahluwalia,pari.ahluwalia@gmail.com,1989-10-17,2551063880.0
7O518TO4QH,Lakshay Mane,lakshay.mane@hotmail.com,1971-05-15,5594420632.0
80LQA345UX,Rania Apte,rania_apte@hotmail.com,1998-01-19,3265118413.0
YAVMYUW8KH,Kabir Saraf,kabir_saraf@yahoo.com,1998-08-28,2591476362.0
GRAA3WUIAQ,Anay Ganguly,anay.ganguly@yahoo.com,1981-11-11,3845261240.0
Y5S75A73F2,Anya Singhal,anyasinghal@yahoo.com,1968-04-10,8363604191.0
QPWJM69D4E,Arnav Chakrabarti,arnavchakrabarti@yahoo.com,1995-12-12,5690448684.0
06HWBI4NIA,Dhanuk Chauhan,dhanukchauhan@yahoo.com,1994-02-13,6673397780.0
YADM51BT83,Sumer Chana,sumerchana@gmail.com,2004-04-29,2497562551.0
QO19US26CP,Vaibhav Sahni,vaibhav.sahni@gmail.com,1968-10-02,8618080212.0
OUSDMPOT3C,Hridaan Balakrishnan,hridaanbalakrishnan@outlook.com,1987-06-21,4819489832.0
7TM4VHGCMR,Ryan Arora,ryanarora@yahoo.com,1996-09-18,2245327914.0
FY7ILFAAZ3,Lavanya Bhattacharyya,lavanyabhattacharyya@yahoo.com,1992-06-15,8860643992.0
SECW3QJ9DE,Badal Verma,badal.verma@outlook.com,1973-06-02,8247255157.0
SJSKXBX23D,Prerak Bakshi,prerakbakshi@hotmail.com,1975-02-02,4818920093.0
I91Y4O3D64,Neelofar Ramesh,neelofarramesh@outlook.com,1980-07-08,9949055027.0
URWFMEF74X,Manikya Raman,manikyaraman@outlook.com,1991-03-16,4483891070.0
4FROXJWT0O,Arhaan Gokhale,arhaan_gokhale@hotmail.com,1967-03-19,892007012.0
OYQKDZRV26,Onkar Bahri,onkar_bahri@hotmail.com,1969-09-03,9073285206.0
QVDI0L2EDG,Mohanlal Bhat,mohanlalbhat@outlook.com,1987-01-02,111782022.0
RVIKX9YIP5,Shayak Kapoor,shayak.kapoor@gmail.com,1990-12-21,6937107993.0
8OMR2AQ2P4,Ivana Kaul,ivanakaul@outlook.com,1994-10-06,1399147143.0
PWEIN6D5L6,Ayesha Chopra,ayesha.chopra@hotmail.com,1986-12-04,3581617638.0
K01ICGVYLR,Riaan Golla,riaan.golla@yahoo.com,2004-08-27,65334252.0
9TLMBIDHVD,Kaira Apte,kaira.apte@hotmail.com,1975-05-06,8331500304.0
Y4E27473PV,Anya Lalla,anya.lalla@gmail.com,1990-06-08,360867125.0
47LR2R79DI,Advika Batta,advika.batta@hotmail.com,1978-08-17,6464948516.0
STXEN1QX5Z,Kaira Chaudhary,kairachaudhary@outlook.com,1968-11-04,6894314692.0
O8R19QASOB,Hazel Khurana,hazel_khurana@yahoo.com,1996-09-07,2522343197.0
VQKFBJRJR2,Shanaya Rao,shanayarao@hotmail.com,1975-08-19,3589198615.0
USI76WGQYY,Riaan Chandran,riaanchandran@hotmail.com,1976-02-01,9904035859.0
HMCGHUE76R,Navya Anand,navya_anand@hotmail.com,1999-11-13,6709221586.0
LU32Q1VFS4,Nitya Saran,nityasaran@yahoo.com,1992-05-09,8735186792.0
2N5LDIUB95,Divyansh Zachariah,divyansh.zachariah@outlook.com,1976-04-26,5961907212.0
9COULBISLI,Fateh Tripathi,fateh.tripathi@yahoo.com,1969-06-13,134494349.0
4SDLU9BYW1,Alisha Krish,alishakrish@yahoo.com,1979-12-31,2252431176.0
UNONP0X5AW,Taran Kulkarni,tarankulkarni@yahoo.com,1974-06-01,9451627734.0
F8ZF1QDAUO,Jayan Khanna,jayankhanna@hotmail.com,2001-09-30,2801416223.0
J7WC66ON5H,Aarna Kala,aarna.kala@hotmail.com,1977-11-14,1287665030.0
XDEZ22I81U,Kashvi Bhatnagar,kashvi.bhatnagar@yahoo.com,1973-09-25,4059499354.0
TRYJRIPJ0B,Vardaniya Balakrishnan,vardaniya_balakrishnan@yahoo.com,1998-09-12,1485676444.0
CKXMNDKTT7,Tushar Mann,tushar.mann@hotmail.com,1977-11-07,1774522946.0
OM1HSDBNKQ,Yashvi Ganesan,yashviganesan@hotmail.com,1977-04-03,1643987504.0
3VMR2A7I1G,Sana Dey,sana_dey@yahoo.com,1986-08-06,8395221117.0
H7YF0DDO8U,Heer Kari,heer.kari@yahoo.com,1988-07-17,4362233523.0
AVPHXJUZQ0,Zoya Basu,zoya.basu@outlook.com,1986-08-14,3036688529.0
FWHJ5NRLVZ,Hridaan Bhatnagar,hridaan_bhatnagar@outlook.com,1983-08-07,7446354646.0
QG3BTTP27Q,Anya Bose,anya_bose@gmail.com,1994-04-17,5663011453.0
8R582CC5T0,Vaibhav Butala,vaibhav.butala@hotmail.com,1994-09-10,8713250484.0
OD03XEER7K,Alisha Badal,alisha.badal@outlook.com,1982-12-16,5517658091.0
FTCK25IEZG,Dishani Tella,dishani_tella@hotmail.com,1983-01-11,5645041828.0
9IOKXL3T8V,Jayant Khanna,jayant_khanna@gmail.com,1997-06-04,2834843577.0
2UHOO2AE8K,Hazel Chana,hazelchana@hotmail.com,1985-03-17,7900448115.0
W7I60LZQ1D,Ivana Srivastava,ivana_srivastava@gmail.com,2002-05-11,8082040038.0
WY77XEBDGC,Kashvi Varkey,kashvi.varkey@gmail.com,1972-08-24,8959901522.0
Z24U9EEUGF,Gokul Krishnamurthy,gokul.krishnamurthy@gmail.com,2002-03-13,4855654522.0
KWNU2X3JH0,Eva Thaman,eva.thaman@outlook.com,1983-09-13,480049356.0
9LL7OGWYGT,Prerak Ganesh,prerakganesh@outlook.com,1975-04-30,2971518785.0
J6W7FDYBV2,Darshit Bala,darshitbala@yahoo.com,1972-03-04,4379595605.0
T7SG2O1WQW,Ela Iyengar,ela_iyengar@yahoo.com,1986-06-24,9823129116.0
7YLQT4EZKE,Zain Devi,zaindevi@hotmail.com,1972-07-26,3875167163.0
0JLPWR0B73,Kavya Kalita,kavya_kalita@gmail.com,2000-07-22,5016643212.0
THMKXPZ638,Samarth Doctor,samarthdoctor@yahoo.com,1998-05-23,7516080570.0
3VGUIJTBAS,Rati Sahni,rati.sahni@outlook.com,1979-04-15,2452099765.0
RVVRXLHGVO,Aaina Savant,aaina.savant@outlook.com,1993-06-07,5484203760.0
VG5BCHTBTM,Tara Koshy,tarakoshy@outlook.com,1973-06-25,4353715072.0
RUW97856GL,Dhruv Kala,dhruvkala@outlook.com,1971-08-06,1051299490.0
4T5HQGREAP,Zoya Sanghvi,zoya_sanghvi@gmail.com,1999-08-12,8260739832.0
0DHLHQIDJG,Mamooty Rout,mamootyrout@yahoo.com,1966-12-17,9810463597.0
OFGFBAU39V,Priyansh Sandal,priyansh.sandal@yahoo.com,1983-10-19,4497171601.0
YN1OFXCMUJ,Nakul Sastry,nakul_sastry@yahoo.com,1982-03-13,667881254.0
NT1U6LDGFZ,Shanaya Sha,shanaya.sha@outlook.com,1994-12-30,325246952.0
ID5Q44DY85,Purab Mandal,purab_mandal@gmail.com,1990-02-19,6110541990.0
PJDAMRX5IR,Mahika Andra,mahika_andra@hotmail.com,1968-10-13,4173813617.0
PH7GUIAJ35,Jayant Malhotra,jayant_malhotra@hotmail.com,1977-09-11,4214993507.0
AT5HUESAC9,Nakul Kuruvilla,nakulkuruvilla@yahoo.com,1982-01-31,8630783307.0
5NX137G2NY,Zara Jain,zara_jain@gmail.com,1985-08-12,4932468168.0
AZR0D0SUER,Nakul Shukla,nakul.shukla@yahoo.com,1991-01-07,3052416373.0
1T399MI7QS,Divij Brar,divijbrar@hotmail.com,1993-04-12,5074815670.0
WM3A7VOC1Z,Saira Seth,saira_seth@yahoo.com,1996-08-05,2578206515.0
ZRGZJC26LD,Ivan Sandhu,ivan_sandhu@outlook.com,1980-04-28,7110535806.0
X4SCA9SD16,Himmat Goswami,himmat_goswami@gmail.com,1969-07-01,4283196996.0
XFXA0QJEMZ,Ivana Dixit,ivana_dixit@outlook.com,1993-09-14,9840203920.0
6N48J6C1FY,Reyansh Dani,reyansh.dani@yahoo.com,1974-02-16,8095967356.0
479EDEDTLL,Advika Jain,advikajain@hotmail.com,1970-05-03,4803342057.0
IHW86TCEL2,Renee Doshi,reneedoshi@hotmail.com,1980-12-28,6105967029.0
9RCQUQBUJR,Drishya Shenoy,drishya.shenoy@hotmail.com,1997-07-23,1085491069.0
LDL3VZ3QBW,Ranbir Din,ranbir.din@yahoo.com,1994-10-06,6635660530.0
TKL5605REQ,Shlok Solanki,shlok.solanki@hotmail.com,1981-05-08,3398252868.0
61NWVBU7CA,Nirvi Vora,nirvivora@outlook.com,1998-04-15,8795795407.0
543RDNON6F,Zain Contractor,zain.contractor@hotmail.com,1989-05-05,2436603227.0
A7YTJ21EHV,Armaan Lad,armaanlad@yahoo.com,1977-05-08,6647994584.0
9B892N7Y99,Ela Devan,ela_devan@outlook.com,1999-11-04,2067225470.0
764QBB7L43,Gokul Sahni,gokul_sahni@gmail.com,1982-09-03,2060356209.0
DSG3W571QE,Nayantara Ramaswamy,nayantararamaswamy@gmail.com,2004-09-29,1067327152.0
6KJDTOZ4SO,Dhanush Ganguly,dhanush_ganguly@yahoo.com,1971-07-30,4613568713.0
QGVVOW7NRI,Vihaan Reddy,vihaanreddy@gmail.com,2003-10-31,2747056794.0
XHXD31ASXG,Renee Ramachandran,renee.ramachandran@yahoo.com,2003-05-28,5522284679.0
PH82I0AX64,Shaan Tandon,shaan_tandon@outlook.com,2003-08-06,261323470.0
TL2MFCWNAD,Aayush Bath,aayush.bath@gmail.com,2001-10-05,1310627160.0
D0VUZ21QW5,Gatik Tiwari,gatiktiwari@gmail.com,1971-01-05,6134551131.0
MBFTNAFWD9,Aniruddh Sandhu,aniruddhsandhu@yahoo.com,2001-01-18,3877096623.0
DM6QNIJ6N8,Azad Bhat,azadbhat@hotmail.com,1978-12-22,6938664234.0
OTWR7SW017,Zaina Uppal,zaina.uppal@yahoo.com,1998-06-23,387964219.0
TCI2UTZ0XK,Kaira Goswami,kaira_goswami@gmail.com,1997-06-09,2844242952.0
XZFI2VDPI6,Miraan Khurana,miraankhurana@gmail.com,1978-05-06,1064178215.0
N5ILZ6GHUD,Ela Dube,ela_dube@hotmail.com,1988-05-31,8453057624.0
2GLF6RBO99,Piya Sem,piyasem@yahoo.com,1995-12-08,7752826623.0
YDL89LKKZZ,Anaya Buch,anayabuch@hotmail.com,1997-03-23,5158127129.0
LJMMOMTYLQ,Shayak Varty,shayak.varty@gmail.com,1977-03-20,4814067930.0
XXOISYA434,Yuvaan Vig,yuvaanvig@gmail.com,1995-01-12,1886825316.0
0HX94SRW1R,Jayant Kashyap,jayantkashyap@hotmail.com,1985-11-04,5179489283.0
G9DGOBWQR6,Kavya Doshi,kavya.doshi@yahoo.com,1974-08-23,1788893117.0
WC8UGE6GKA,Zeeshan Uppal,zeeshanuppal@yahoo.com,1985-10-14,9309013314.0
5ZGO87MRH0,Zeeshan Mander,zeeshanmander@gmail.com,1997-08-19,2820949622.0
5Z2T4CPRJY,Rhea Swaminathan,rhea_swaminathan@outlook.com,1994-03-21,7141134366.0
6TBPXWOWIM,Shanaya Raj,shanayaraj@hotmail.com,2003-01-21,6817243638.0
0IHW38NISB,Pari Bajaj,pari_bajaj@gmail.com,1979-03-28,4003057932.0
T2G42OT8T1,Shalv Chaudry,shalv.chaudry@outlook.com,1980-04-05,972792839.0
MYTO4SOJR0,Ritvik Saraf,ritvik_saraf@outlook.com,1967-12-21,3444768532.0
NCJYMLCE1M,Advik Lata,adviklata@gmail.com,2003-06-02,5896522850.0
2OK4JD60XX,Devansh Saxena,devansh_saxena@yahoo.com,2003-09-24,994409773.0
5BZV0Y2YN1,Lakshit Din,lakshit_din@outlook.com,1977-06-04,4009048956.0
X95GL1GXZ8,Ira Dass,ira_dass@outlook.com,1993-04-29,6126887969.0
GRL0JQOT3A,Urvi Dhawan,urvi.dhawan@hotmail.com,1968-11-10,3696955227.0
S9UCQV7Y42,Saksham Dua,sakshamdua@gmail.com,2004-02-28,6264042079.0
Q38K18DT21,Saanvi Chaudhry,saanvi_chaudhry@yahoo.com,1982-12-25,1578809114.0
RIY2D7OBKS,Samar Sampath,samar_sampath@gmail.com,1980-03-29,1148566173.0
ZJDQ5NK7NC,Misha Datta,misha_datta@outlook.com,1970-09-12,7254740162.0
5KLELU0Q2G,Rania Raju,rania_raju@outlook.com,1987-06-10,6642758868.0
MNKRNHARHD,Alia Sarkar,aliasarkar@hotmail.com,1991-06-09,4898154262.0
A2P8REXWQT,Charvi Sanghvi,charvisanghvi@hotmail.com,1998-05-21,5919347371.0
5CJ9QECDMJ,Rohan Sehgal,rohan.sehgal@outlook.com,2000-07-30,578604046.0
DMCK8OC2NT,Romil Kapadia,romilkapadia@yahoo.com,1999-03-20,6409936950.0
6K7RB3RUEA,Inaaya  Tailor,inaayatailor@hotmail.com,1979-08-21,2533638010.0
CO2G84MMVK,Aarna Tripathi,aarnatripathi@outlook.com,1979-06-30,622588576.0
KB0SJ326UO,Anay Ranganathan,anay_ranganathan@yahoo.com,1993-11-03,4843208726.0
7TOMATCDI9,Yuvaan Bala,yuvaan_bala@yahoo.com,1972-07-23,9597325495.0
FXPWCNWNIQ,Aarush Sanghvi,aarush.sanghvi@hotmail.com,1975-07-18,4975257788.0
OQSKIR4NXR,Umang Datta,umang_datta@hotmail.com,2001-05-29,5148616362.0
DHUYG0AXNS,Mohanlal Vohra,mohanlalvohra@outlook.com,1991-08-04,4928293442.0
1AFB7KR1ER,Vidur Borah,vidur_borah@outlook.com,1982-04-08,8163751386.0
PUNCCM3CLT,Eva Butala,eva.butala@yahoo.com,1973-11-04,9301802391.0
86OOI4NW8B,Purab Bala,purab.bala@yahoo.com,1968-06-23,1538424680.0
27YTERMRX5,Shlok Sem,shloksem@hotmail.com,1974-02-19,4917076796.0
5V3064RFEU,Shaan Goda,shaangoda@outlook.com,2000-08-03,2666559116.0
1KOREKLFKA,Farhan Chowdhury,farhanchowdhury@hotmail.com,2003-10-30,9925593461.0
G7QCB29A3N,Kashvi Savant,kashvi_savant@yahoo.com,1990-10-01,3777619589.0
JCQ2YQ20T8,Indranil Baral,indranil_baral@gmail.com,1967-08-01,661259500.0
VSJIIXA4V6,Faiyaz Kulkarni,faiyaz.kulkarni@hotmail.com,1997-12-23,1818522388.0
J1CVHW8UOX,Biju Bali,biju.bali@outlook.com,2002-11-01,7551219521.0
JK2HRWQNOZ,Ranbir Sethi,ranbir_sethi@gmail.com,2003-12-30,7572318267.0
A2G314ILMP,Kaira Khatri,kairakhatri@yahoo.com,1999-08-19,9344271034.0
UQXHU99RCU,Riya Zachariah,riya.zachariah@outlook.com,1972-05-17,4168739487.0
7DD4F8JZL1,Bhavin Wadhwa,bhavin_wadhwa@outlook.com,2002-05-18,3296668851.0
5T255TBIVI,Diya Mander,diya_mander@gmail.com,1969-09-03,9333752889.0
CMAT4J5855,Rasha Basu,rasha_basu@gmail.com,1972-05-26,4393320701.0
4PWQPCVTQY,Pari Dhar,pari_dhar@gmail.com,1998-04-24,8380358734.0
JOWSMXSW8H,Indranil Mane,indranil_mane@yahoo.com,1975-08-06,2319157012.0
Q2G7G1IBFB,Yasmin Andra,yasmin_andra@hotmail.com,1993-12-07,8653155727.0
WUADTG4QDH,Chirag Raja,chirag_raja@gmail.com,1967-07-28,4766580920.0
XB0TAB41UG,Suhana Dara,suhana.dara@gmail.com,1973-09-17,335515724.0
PX9L5T4P3G,Nitya Ahluwalia,nityaahluwalia@gmail.com,2000-11-09,5454906440.0
X9IGE81SJH,Aniruddh Chanda,aniruddhchanda@gmail.com,1982-03-20,3263386407.0
F96RQWK6JQ,Arhaan Agate,arhaanagate@hotmail.com,1990-06-25,3976330434.0
9770W6J07H,Ivan Sura,ivansura@outlook.com,1993-11-25,9000101061.0
XXBQC5P3XV,Divit Wagle,divit_wagle@yahoo.com,1991-04-28,1647582494.0
KFT3GXHFFU,Akarsh Shanker,akarsh_shanker@gmail.com,1993-09-06,1123216930.0
VOE229ZRE1,Krish Bedi,krish.bedi@outlook.com,1984-08-21,5710890106.0
8NU84X1E1R,Mehul Savant,mehul.savant@outlook.com,1987-09-28,3512236238.0
QQF5APIZ60,Suhana Wali,suhana.wali@yahoo.com,1982-04-25,4012394415.0
I4KQGMQBAI,Divyansh Sen,divyansh.sen@gmail.com,2000-09-05,9248416660.0
DFSSCZUXVZ,Sana Yadav,sana_yadav@gmail.com,1987-07-22,3112020725.0
2D74MR0AR8,Saira Sinha,sairasinha@yahoo.com,2002-05-18,4385070451.0
SCSCKMTEOQ,Hansh Ratta,hanshratta@gmail.com,1979-08-19,4913477598.0
X42XLIYRV4,Ela Bail,elabail@outlook.com,1983-07-13,4937048424.0
U88PUZ6XE9,Vardaniya Mander,vardaniya.mander@yahoo.com,1970-01-17,8214974046.0
I53NQ4HRGA,Ivana Doctor,ivanadoctor@hotmail.com,1994-10-06,8767194662.0
KQGVR7Y82C,Sumer Shah,sumer_shah@yahoo.com,1999-08-30,4067270912.0
Z0LN0D46U4,Badal Dugar,badal_dugar@hotmail.com,1969-09-16,3684410281.0
TC9NBQE2RR,Zara Kamdar,zara.kamdar@yahoo.com,1991-02-21,3504489126.0
ECZ1Q7KMIE,Miraya Barad,miraya_barad@yahoo.com,1982-09-23,1520740858.0
KTGV6PB51P,Raunak Roy,raunak_roy@yahoo.com,1974-05-27,7802197026.0
3YA77UB32L,Mannat Choudhury,mannatchoudhury@yahoo.com,1988-11-02,2395220365.0
ZAQGQV750Y,Nirvaan Gupta,nirvaangupta@gmail.com,1969-12-01,2082611991.0
GTD0XLEYPB,Divij Sengupta,divij.sengupta@outlook.com,1970-02-19,6034165396.0
TYBZO7ASXK,Kimaya Biswas,kimaya_biswas@hotmail.com,1993-11-18,9068374218.0
O1UHIM5A66,Renee Lall,renee.lall@gmail.com,1973-12-16,9457696145.0
A776Q0NH9K,Ahana  Contractor,ahana_contractor@outlook.com,1978-04-17,7820972612.0
OE2KZWKZK2,Azad Raju,azad_raju@outlook.com,1967-11-13,6174520741.0
68IN77NHWK,Shlok Khalsa,shlokkhalsa@hotmail.com,2001-09-18,28826324.0
KZWCCIV09Y,Purab Chandra,purab.chandra@hotmail.com,1993-08-31,4195047528.0
TMPZ8F81WD,Aarav De,aarav_de@gmail.com,1979-12-18,3059051018.0
SO7O519G0I,Abram Sur,abram.sur@yahoo.com,1978-03-31,1428978266.0
2DMJSSDE0Z,Mamooty Sarma,mamooty_sarma@outlook.com,1967-11-04,6525525698.0
AVIVZAMGRY,Misha Sharma,misha_sharma@hotmail.com,1968-02-08,1768188620.0
DE8565V1ZV,Trisha Bhardwaj,trisha_bhardwaj@outlook.com,1980-01-12,9730127451.0
PEOUFG81VZ,Hansh Koshy,hansh.koshy@yahoo.com,1979-11-26,1806223269.0
O972Z4CBLB,Neelofar Dayal,neelofardayal@gmail.com,1987-01-19,1225879829.0
UAYVSDUO60,Farhan Shah,farhan.shah@gmail.com,2002-07-12,6426924107.0
VRBGSRNNJ5,Mehul Som,mehul_som@outlook.com,1987-06-13,7794329791.0
DBIE7SGH7C,Pari Gour,pari_gour@outlook.com,1992-09-20,472501256.0
EEI3MA3XWS,Sahil Bajwa,sahilbajwa@yahoo.com,2003-10-26,4496367954.0
LA5OZTX9N0,Kaira Hari,kaira.hari@yahoo.com,1983-08-17,2264699357.0
L9VXBYCEEP,Ishita Mall,ishita_mall@gmail.com,2002-02-08,6504393692.0
TM0JOJDYG2,Fateh Jha,fateh.jha@yahoo.com,1970-07-09,1394398154.0
1SW8UPUWBV,Ehsaan Ganesan,ehsaan_ganesan@hotmail.com,1975-06-25,5365633926.0
RJT7R7AA75,Yashvi Hayre,yashvi.hayre@gmail.com,1975-11-10,515517108.0
92E3UYDGOI,Raunak Sandhu,raunak.sandhu@hotmail.com,1974-03-31,9220046999.0
L2LRS91QAJ,Yashvi Khurana,yashvikhurana@hotmail.com,1986-07-18,7274867973.0
FMZFGU2FKV,Saira Salvi,saira.salvi@yahoo.com,1983-12-26,9582958007.0
9TUR8ZO3FQ,Riya Loyal,riyaloyal@yahoo.com,1975-04-24,36611723.0
BVY7XC9CKI,Navya Chowdhury,navya_chowdhury@gmail.com,1966-11-01,8296371736.0
84VTDWPAQ2,Divij Sarma,divijsarma@gmail.com,1993-01-29,4252048554.0
7Z0I5PSEF0,Adira Hari,adira_hari@outlook.com,1994-01-10,1829917451.0
1TNQ49O8AI,Sahil Apte,sahil.apte@outlook.com,1966-02-06,5361565426.0
GIXJOWG0IF,Hridaan Sankaran,hridaan_sankaran@yahoo.com,2001-01-29,1676183925.0
VL5EKFTS21,Neelofar Rajagopal,neelofarrajagopal@hotmail.com,1991-10-20,587696898.0
TYKOJNLQK8,Uthkarsh Bandi,uthkarsh.bandi@gmail.com,2000-11-20,1312146614.0
70Z1PV4VQW,Jiya Hora,jiyahora@outlook.com,1970-07-25,4042349742.0
M0O1BTI0CE,Dhanush Rajagopal,dhanush_rajagopal@yahoo.com,1970-09-11,2025205160.0
477G6SF1WG,Hridaan Devi,hridaandevi@hotmail.com,1997-01-17,7702182475.0
ZZYUWMQX06,Rasha Tailor,rasha_tailor@outlook.com,1995-09-05,6029736982.0
YCXPNA6G8E,Suhana Tara,suhana_tara@hotmail.com,1988-04-18,1328751575.0
YIDAIP1CBV,Mohanlal Rastogi,mohanlal_rastogi@gmail.com,1981-04-14,2367509688.0
FT09D9G5W7,Tushar Bansal,tushar_bansal@yahoo.com,1996-10-14,333925193.0
OH5NKXZ1A3,Dhanuk Gupta,dhanuk_gupta@hotmail.com,1986-01-20,5626433353.0
52ZL2M8W52,Samarth Ramesh,samarth_ramesh@yahoo.com,1970-01-05,3357360645.0
AZRSQV638A,Rasha Kakar,rasha.kakar@outlook.com,1991-09-08,4581046886.0
G3V4QWBJYV,Romil Dube,romil.dube@gmail.com,1988-10-18,7500910821.0
37K1ISEDFS,Advik Ranganathan,advik.ranganathan@yahoo.com,1968-06-29,323787383.0
2FY8B944Q7,Biju Dewan,biju.dewan@gmail.com,1969-10-12,6411205759.0
P1DV6F8KB0,Pihu Tata,pihutata@yahoo.com,1995-09-03,4106463484.0
3DVD28IKFG,Gokul Dua,gokul_dua@outlook.com,1994-11-07,4395263997.0
T5YQBAJW7A,Tiya Grover,tiyagrover@outlook.com,1974-01-27,2564822520.0
FOSTN8WMN8,Sara Kala,sara.kala@hotmail.com,1990-04-18,6894011899.0
2PKUKE7U2J,Sahil Andra,sahil_andra@gmail.com,1995-10-17,8075074596.0
C463DBTLVR,Divyansh Gokhale,divyansh.gokhale@outlook.com,1984-02-14,4422121756.0
4OOYNHEL0J,Samiha Randhawa,samiha_randhawa@hotmail.com,1991-06-24,968939561.0
9OQ7G8L8ZD,Sara Sachdev,sarasachdev@hotmail.com,1981-09-20,4783641408.0
3UAHVEL72R,Adira Jha,adira_jha@hotmail.com,2003-03-17,9866761663.0
0S8S3J6RZL,Aaryahi Iyengar,aaryahi.iyengar@gmail.com,1987-04-18,9011796981.0
5CX7BOAP0X,Lavanya Kaur,lavanya_kaur@gmail.com,1972-01-15,9094339574.0
1KMBFVNBRT,Divit Dar,divitdar@yahoo.com,1984-08-03,9159078134.0
0TXQBDNLVV,Jivin Tandon,jivin_tandon@outlook.com,2001-09-11,984123520.0
53CR23T46S,Vedika Dube,vedika.dube@gmail.com,1989-07-18,9721794230.0
IZQKUPBLC2,Reyansh Shere,reyanshshere@hotmail.com,1989-10-06,3228754165.0
T8S2731HW9,Anaya Borra,anayaborra@hotmail.com,1980-05-10,4306427812.0
YUIHW25ET7,Vanya Ratti,vanya_ratti@outlook.com,1980-12-02,5609159028.0
83S3YEDJN6,Mehul Tak,mehul.tak@gmail.com,2000-04-21,9777404280.0
APAFBIEV1R,Romil Dar,romildar@hotmail.com,1993-05-19,3532336865.0
43F1J0ZM0K,Baiju Shetty,baiju.shetty@gmail.com,1973-11-13,5060850040.0
54XFEZH0RK,Nitara Iyer,nitara.iyer@hotmail.com,1968-08-04,9376420504.0
XKKGTGEA36,Ivana Lad,ivana_lad@hotmail.com,1985-04-03,6476185800.0
I0OOY8PHK3,Renee Desai,renee_desai@hotmail.com,1968-05-12,3398960019.0
4Y7PM8V50Q,Yuvaan Sarkar,yuvaansarkar@gmail.com,1996-11-06,5050653591.0
243XTEPMEW,Mamooty Bera,mamooty.bera@hotmail.com,1982-09-06,3286489806.0
D2SU9MNL69,Rania Bhalla,rania_bhalla@yahoo.com,1969-05-25,1939678368.0
WT2ZTF92VT,Eshani Roy,eshani_roy@yahoo.com,2000-03-20,3725358549.0
W1BXECGF6N,Jayesh Grover,jayesh.grover@yahoo.com,1991-08-09,9618704195.0
UQ7FRRQZJ2,Urvi Garg,urvi.garg@hotmail.com,1967-03-29,8671685706.0
T5A0IOQ2IA,Mehul Yohannan,mehul_yohannan@outlook.com,1975-10-07,1644784396.0
XLEXIFZG6Q,Sana Kohli,sana_kohli@outlook.com,1981-10-17,3852001818.0
WUTX5N32W5,Yashvi Majumdar,yashvimajumdar@yahoo.com,1968-11-20,5952849924.0
2F33F5U3QZ,Zoya Cherian,zoya_cherian@outlook.com,1984-06-04,6100197775.0
2I8TYD7R0I,Samaira Konda,samaira.konda@gmail.com,1969-10-16,1296009136.0
OF8I3GNM9I,Madhup Tara,madhup.tara@outlook.com,1976-10-20,6912843439.0
AO18VHBHR1,Vanya Lala,vanyalala@outlook.com,1980-11-10,1344655209.0
QQ3DMF7ZIM,Kanav Ramesh,kanavramesh@gmail.com,1989-01-12,5547495472.0
FZCYYOS3L7,Rasha Chacko,rashachacko@hotmail.com,1986-10-30,5312172118.0
XYGX2DEUTW,Anahi Bumb,anahibumb@gmail.com,1996-07-07,3813115114.0
W2CJ26JTND,Aarna Chandra,aarna.chandra@yahoo.com,1990-08-21,4728877141.0
WRHVH9HSXE,Elakshi Warrior,elakshiwarrior@hotmail.com,2003-11-23,1021042790.0
6PL1JJZNFS,Dhruv Suresh,dhruvsuresh@hotmail.com,1982-03-14,5615686977.0
FY21VSOGGY,Zeeshan Sagar,zeeshan.sagar@gmail.com,1999-08-16,5299120899.0
3FUMEY28Q6,Navya Ben,navyaben@gmail.com,1993-03-22,6407674326.0
2WKDD62OHB,Tanya Salvi,tanya.salvi@yahoo.com,1982-03-18,9520162991.0
JJDJKTPFHF,Tanya Chada,tanya_chada@outlook.com,1999-02-24,560278141.0
KATLEVBGDO,Suhana Bajwa,suhanabajwa@outlook.com,1987-09-06,5820673304.0
4NPBDTPHE2,Vihaan Borah,vihaan.borah@gmail.com,1995-05-22,3922803277.0
DXB559LRXX,Chirag Dalal,chirag_dalal@yahoo.com,1998-02-23,6166214223.0
RW6AVS6KXT,Gokul Ravi,gokulravi@outlook.com,1986-12-08,9267178704.0
BRXOI35EAE,Saksham Kulkarni,saksham_kulkarni@outlook.com,1979-01-29,7516816199.0
9F13IK8WT1,Elakshi Garde,elakshi_garde@outlook.com,1992-04-03,483848574.0
SWP7E4L7MX,Pihu Sandhu,pihusandhu@outlook.com,2004-05-03,3029222329.0
D893L0IM26,Bhavin Mann,bhavin_mann@yahoo.com,1967-08-24,4356583812.0
85L3QO8S4J,Jivika Warrior,jivika_warrior@outlook.com,1987-12-02,2564146016.0
SH5I0PPPC4,Yasmin Hari,yasmin_hari@gmail.com,2001-08-02,2241019128.0
D9QG2LYO52,Prerak Saran,prerak_saran@yahoo.com,1980-08-13,8747804721.0
1XDZBM60DK,Ivan Balan,ivan_balan@yahoo.com,1968-12-12,8708045744.0
MFH7AZNLUL,Vanya Jha,vanya_jha@gmail.com,2001-02-27,2594292920.0
SPZC8DXPXS,Eva Bobal,eva_bobal@gmail.com,1986-12-24,9351956587.0
YY4QPU6DA1,Raunak Borah,raunak_borah@gmail.com,1969-09-22,3873527669.0
VVPZGFGPR7,Lakshay Loyal,lakshayloyal@outlook.com,1999-11-16,7225785117.0
9T2LYH46IE,Arhaan Virk,arhaan.virk@yahoo.com,1979-02-03,3834799751.0
58WCLV2VFY,Samar Goda,samar.goda@yahoo.com,1991-01-27,3223611915.0
7X9IZG1Z1B,Kartik Manda,kartikmanda@yahoo.com,1968-04-17,5125095256.0
WRHGYZ3JCM,Vidur Talwar,vidurtalwar@outlook.com,1970-07-29,3590853200.0
LVLQ4VROC0,Hunar Taneja,hunar_taneja@yahoo.com,1991-11-17,7329655829.0
4BSAXDXX8U,Gatik Biswas,gatik_biswas@hotmail.com,1998-07-10,5831050383.0
1GMJMK0LJF,Tanya Hayer,tanya_hayer@gmail.com,1971-07-22,777043267.0
JPBENF2TIP,Heer Tailor,heertailor@gmail.com,2004-11-20,4639811356.0
IOTEKC6CX2,Baiju Majumdar,baiju.majumdar@outlook.com,1981-04-01,5067092786.0
DE3ES1II0O,Ela Date,ela_date@outlook.com,1982-10-09,9379697622.0
ENKYUT4OKE,Prisha Anne,prisha.anne@gmail.com,1979-09-26,2188293688.0
ZTDCAMP9SD,Umang Sekhon,umangsekhon@yahoo.com,1999-07-05,8412404537.0
1ZUDW23KXR,Yashvi Kara,yashvi_kara@outlook.com,1983-04-11,7563706446.0
FF1IQQTV7I,Madhup Uppal,madhup.uppal@gmail.com,1994-06-09,1588691639.0
4R8KE4BVAE,Hiran Shah,hiranshah@outlook.com,1981-02-28,8680414318.0
TIO6BF30Z1,Mannat Tripathi,mannat.tripathi@gmail.com,1980-04-15,212850691.0
XU8LGMG7K1,Farhan Rout,farhan_rout@hotmail.com,1978-06-02,4833736431.0
NAFYWSL4BP,Bhamini Butala,bhaminibutala@hotmail.com,1999-08-18,9081183505.0
XK2MCV8XY4,Farhan Shukla,farhan.shukla@outlook.com,1990-02-12,4773364928.0
O0PAGPMKUW,Mehul Sagar,mehulsagar@outlook.com,1990-05-13,8474110144.0
6YK7CDLWUJ,Lagan Sekhon,lagan.sekhon@outlook.com,1994-06-21,2123032444.0
L7TY540BIJ,Shaan Gokhale,shaan.gokhale@yahoo.com,2001-02-13,8229859703.0
777S0VX26J,Manjari Sarma,manjari.sarma@outlook.com,1986-01-16,6350163847.0
GO0YLXZXMU,Ira Kakar,irakakar@yahoo.com,1975-04-10,5969288272.0
IHIWHHOSB0,Onkar Kala,onkarkala@outlook.com,1970-12-23,1586750152.0
OMCLUF4NSC,Kiara Zachariah,kiara.zachariah@gmail.com,1985-07-18,8897312743.0
TQM2TRYPDA,Trisha Sastry,trisha.sastry@outlook.com,1966-09-20,4582992724.0
CP2MAEZVBI,Alia Kota,aliakota@outlook.com,1985-07-13,2113838974.0
IT0LWAII4U,Rania Bhatt,rania.bhatt@outlook.com,2000-05-17,1353232215.0
IU9OOWI1A2,Manjari Ahuja,manjari_ahuja@hotmail.com,1984-02-04,6777400883.0
NQSO0TIU42,Mohanlal Sane,mohanlalsane@gmail.com,1973-07-16,3839397835.0
TFI2R2QHLS,Aarav Dada,aarav.dada@outlook.com,1977-01-30,5607177012.0
P9V3YAWF6P,Vritika Sethi,vritikasethi@hotmail.com,1978-04-27,7740123912.0
G0I3KUWQ59,Gokul Varkey,gokul_varkey@gmail.com,2002-05-26,1054128838.0
LCVTD9VH7N,Divyansh Sarin,divyansh.sarin@hotmail.com,1983-11-30,3723880150.0
GR0ZQNP3WW,Lavanya Dasgupta,lavanya.dasgupta@gmail.com,1980-05-24,5599802839.0
PFKI5AEZ1W,Raunak Char,raunak_char@gmail.com,1998-08-26,153482395.0
K03HJK584D,Hiran Bhatia,hiran_bhatia@yahoo.com,2001-02-23,9554249010.0
3V098UQYIE,Purab Swaminathan,purabswaminathan@gmail.com,1996-02-06,1154175721.0
G1GUJHJ53B,Samaira Trivedi,samaira_trivedi@yahoo.com,2000-01-27,3647517970.0
R7V2SJEM3H,Kanav Sen,kanavsen@outlook.com,1985-09-28,3913219136.0
RZEHA8EJQO,Yasmin Butala,yasmin_butala@outlook.com,1988-04-22,4637044076.0
SQ0T3JBGZ7,Raghav Sen,raghav.sen@gmail.com,1986-08-18,3052793604.0
TVRDOEX24K,Vardaniya Hayre,vardaniyahayre@outlook.com,1997-03-03,9467640713.0
0DJQWXBDZA,Kabir Vyas,kabir.vyas@yahoo.com,2003-07-09,2574188824.0
ZSGATAGPPG,Dharmajan Bhakta,dharmajan.bhakta@yahoo.com,2003-12-01,6456384273.0
FKDJIJLKLE,Myra Goda,myragoda@hotmail.com,1966-06-15,8397848825.0
CZNC38CBG4,Madhav Chandra,madhav.chandra@outlook.com,1969-09-11,8191612498.0
EQW9OM668A,Aniruddh Kunda,aniruddhkunda@yahoo.com,1979-06-16,462411413.0
8DG57ZR31F,Advik Vala,advik.vala@hotmail.com,1975-02-21,3156281838.0
HB185O86YQ,Nitara Ramachandran,nitara_ramachandran@outlook.com,1995-02-22,6548451088.0
FOF7C5YYAZ,Hazel D’Alia,hazel.d’alia@hotmail.com,1989-12-08,5381226306.0
3Q5GQEJ7BW,Mehul Shetty,mehul_shetty@outlook.com,2002-11-27,7192134232.0
ELY3KLM1GH,Samaira Verma,samaira_verma@gmail.com,2002-02-22,3604890685.0
AW8KXJNGRE,Himmat Brar,himmat_brar@outlook.com,1971-01-20,6832920313.0
MC3T40VCU6,Shayak Wadhwa,shayak_wadhwa@gmail.com,1970-11-08,4984396491.0
8C11OOEXY0,Ryan Shanker,ryanshanker@gmail.com,1994-10-31,4253066047.0
67WRTXQT7C,Diya Kapadia,diya_kapadia@yahoo.com,1982-05-13,850178142.0
N0ZTE3O1ZY,Ira D’Alia,ira.d’alia@outlook.com,1997-09-02,5158781595.0
94HA8FAO31,Seher Venkatesh,seher_venkatesh@gmail.com,1993-02-27,8078127000.0
SN4M55HTJJ,Stuvan Bassi,stuvanbassi@gmail.com,1978-03-26,8203876413.0
JMW6PHHRZE,Kiara Kashyap,kiarakashyap@gmail.com,1993-12-05,6733915860.0
G0BZ3Y8HGN,Neelofar Talwar,neelofartalwar@outlook.com,1973-07-10,6329468493.0
R3UDCNC0H0,Tara Mahal,tara_mahal@gmail.com,1969-09-05,5244622074.0
MY8OQO9F54,Suhana Dey,suhanadey@yahoo.com,1999-10-17,8512501815.0
6FV0L2TD3B,Badal Rattan,badal.rattan@hotmail.com,1973-06-08,9941485494.0
56WERVP92M,Lagan Raman,lagan.raman@gmail.com,1975-10-13,6394768183.0
P8RDKY8M47,Mehul Varma,mehul_varma@hotmail.com,1978-07-16,7939704874.0
1T0T7IL26V,Mehul Dalal,mehul.dalal@gmail.com,1980-08-13,9348565121.0
NVRS2LZB29,Eshani Batta,eshani.batta@hotmail.com,1990-07-23,1957289527.0
MBF8EDBBRC,Hansh Bhagat,hansh_bhagat@outlook.com,1994-11-01,5925627023.0
W7C132JNTM,Amira Baral,amira.baral@gmail.com,1991-06-01,5030200467.0
2VYPFK5RIB,Gatik Mani,gatik_mani@gmail.com,1991-05-29,9674076590.0
S5MUP4FFSG,Divij Lata,divij_lata@yahoo.com,1969-05-08,1846436526.0
1EBHDSTNYD,Aaryahi Setty,aaryahi.setty@yahoo.com,1980-10-24,5363428947.0
RMFCIJHTN7,Lakshit Rao,lakshit.rao@hotmail.com,1967-03-10,8436459960.0
WYCH4DWYWM,Manikya Kalita,manikyakalita@yahoo.com,2003-07-24,5698499667.0
MSE0IEM0HP,Aaina Gill,aaina.gill@yahoo.com,1972-12-17,4559978932.0
7M91Y7ZK61,Ahana  Halder,ahanahalder@outlook.com,1973-01-15,9765018319.0
I1KWYE72C3,Anaya Jha,anaya.jha@hotmail.com,1992-02-16,5949488758.0
8WYH3RUUCC,Yuvaan Sridhar,yuvaan_sridhar@yahoo.com,1971-03-05,936519096.0
C5DPES0C5C,Shray Bhasin,shray.bhasin@outlook.com,1983-11-01,3088181541.0
CYL3P9R57C,Piya Keer,piya.keer@yahoo.com,1972-03-21,6158743747.0
R9829QA32K,Pari Wable,pari_wable@yahoo.com,1972-11-14,9318646467.0
6EEQ71GS0G,Shayak Keer,shayak.keer@yahoo.com,1974-11-13,1274614356.0
C20IBHWZ46,Nitya Grover,nityagrover@outlook.com,1976-03-29,5892366132.0
NFW48OIKQQ,Indrans Sachdeva,indranssachdeva@yahoo.com,1997-08-29,196075543.0
HYOYDBPH9T,Sara Divan,sara.divan@outlook.com,1994-11-27,2138624215.0
QYN4LN4GVP,Neelofar Sawhney,neelofar.sawhney@outlook.com,1972-11-09,571768688.0
RQ2I2HOOUT,Veer Kunda,veerkunda@gmail.com,1990-10-24,6115960198.0
SQWMKT4SIL,Rohan Shanker,rohanshanker@hotmail.com,1968-08-01,9635179273.0
E4855JWO2S,Yasmin Mahajan,yasminmahajan@yahoo.com,1976-02-28,7790273409.0
XTTBJA2GQI,Farhan Dewan,farhan_dewan@hotmail.com,1990-08-04,2425250056.0
52FUKFV2OR,Pranay Khare,pranaykhare@yahoo.com,1994-04-07,8717597440.0
C5W8JNO7P4,Ishita Johal,ishita.johal@gmail.com,1996-07-15,5305560863.0
0C23OTUTGG,Raunak Varughese,raunak_varughese@yahoo.com,1989-11-23,7034024906.0
QMWOZ8UOE0,Amani Chanda,amanichanda@hotmail.com,2002-09-18,8548052744.0
57A6QIFSR9,Aaryahi Devan,aaryahi_devan@yahoo.com,1987-09-13,2608452296.0
99X3L79VWH,Prisha Mann,prisha.mann@gmail.com,1979-09-09,6801973695.0
N8TLCA6JJI,Myra Viswanathan,myra_viswanathan@hotmail.com,2000-11-21,9582104596.0
DBWTI3IK2K,Anaya Sibal,anaya_sibal@gmail.com,1967-12-22,3502293466.0
KJRNUDRYSV,Faiyaz Wable,faiyazwable@yahoo.com,2003-07-30,7857917081.0
IKHV75H66L,Ranbir Walla,ranbirwalla@hotmail.com,1971-07-16,9110833063.0
ADRG6QFWJ1,Nakul Vig,nakul.vig@outlook.com,1968-11-21,5234111030.0
XVGIQTF9PA,Hiran Subramaniam,hiransubramaniam@gmail.com,1989-10-17,6442964836.0
3BF9B31H7G,Kartik Randhawa,kartik.randhawa@yahoo.com,1972-11-13,9920021857.0
W3JDTBUEIS,Divij Sharaf,divij.sharaf@outlook.com,1966-06-03,6172943836.0
ETPDX1BPZQ,Samarth Banerjee,samarthbanerjee@yahoo.com,1984-08-21,1309595386.0
3HIJ76TRX0,Shalv Mangat,shalv_mangat@yahoo.com,1978-11-06,5089622701.0
Q5CPRS9EF1,Suhana Bakshi,suhana.bakshi@hotmail.com,1976-05-05,6923417592.0
14UJBRPOXK,Vidur Sule,vidur.sule@hotmail.com,1971-02-17,5709031859.0
9SNNFT7LMP,Saira Chandra,saira.chandra@hotmail.com,1973-01-12,4295947990.0
7HN12NBCQG,Yasmin Sethi,yasminsethi@outlook.com,1995-08-01,4986655643.0
TNK4Z9N23C,Drishya Kala,drishya.kala@yahoo.com,1987-01-02,8588347780.0
DKWR6L67DW,Vidur Agarwal,vidur_agarwal@gmail.com,1970-10-01,5902950439.0
4JAX9F2PX5,Vihaan Rajan,vihaan_rajan@yahoo.com,1966-06-16,7545749451.0
0N3KSFAE41,Myra Gokhale,myragokhale@outlook.com,1966-01-25,5279780228.0
T4KJH56AWB,Zara Bal,zara_bal@yahoo.com,1979-11-01,953351777.0
9RDZ05DBH5,Faiyaz Chander,faiyazchander@gmail.com,1969-04-19,2523245194.0
ZMVGF9ET6J,Taimur Karan,taimurkaran@outlook.com,1983-12-13,8185701440.0
TZ4SGKO09Q,Aaryahi Dugal,aaryahi_dugal@yahoo.com,1971-08-24,7724297127.0
RSPM9KD534,Jiya Rau,jiyarau@yahoo.com,1984-08-26,924728181.0
RKTS5U4HO4,Mamooty Chauhan,mamootychauhan@hotmail.com,2003-01-20,6857647589.0
Y6TFS6GFB9,Eshani Tara,eshani_tara@hotmail.com,2004-04-20,3824633846.0
ASK294CKV8,Zaina Sankaran,zainasankaran@gmail.com,1996-07-01,2865737761.0
XNS8EXNY0M,Anvi Lad,anvilad@outlook.com,2004-10-19,8983028639.0
RRDPZAHB04,Drishya Mannan,drishya_mannan@hotmail.com,1978-11-05,9498398632.0
N9IV558UM5,Vanya Acharya,vanya_acharya@yahoo.com,1976-05-31,5235720078.0
T68LG0CC67,Shray Kamdar,shray.kamdar@outlook.com,1976-08-17,4925206032.0
QXPZPO8SFL,Kaira Bains,kaira_bains@outlook.com,1994-08-30,3411875438.0
TPEOQEGCTJ,Eva Kari,eva_kari@hotmail.com,1991-02-18,9207595668.0
2EXU3CJYRZ,Divyansh Vora,divyansh_vora@hotmail.com,1994-09-15,5664339998.0
XCZRQF1L4I,Indranil Rajan,indranil_rajan@hotmail.com,1975-07-10,8569256790.0
X4AYY48FOQ,Elakshi Gopal,elakshi.gopal@hotmail.com,2001-06-06,8280936404.0
QO35YRNADK,Amani Goyal,amani.goyal@gmail.com,1988-10-29,3374286126.0
OBPX8C99RK,Divit Ranganathan,divit_ranganathan@outlook.com,1974-03-21,2710368897.0
D20K6V61DO,Yashvi Bakshi,yashvi_bakshi@hotmail.com,1999-06-10,6298571841.0
ZRMR9EU7NO,Badal Uppal,badal_uppal@gmail.com,1980-03-08,8352759313.0
P8UFREOSHQ,Rohan Ramaswamy,rohan.ramaswamy@outlook.com,1983-11-02,4244359471.0
JPH55ZHUDJ,Tiya Thaman,tiyathaman@outlook.com,1993-12-23,8429480599.0
AZ1VGKAHD3,Siya Yohannan,siyayohannan@outlook.com,1998-05-01,4553855431.0
5KQC4SW75L,Lavanya Sharma,lavanya.sharma@gmail.com,1968-08-28,4753490973.0
YOZYBXMFS6,Sara Khare,sara.khare@hotmail.com,1990-01-26,5437278803.0
4NJCRFXHE9,Mamooty Bava,mamootybava@yahoo.com,2000-11-26,3725646942.0
ZD99NZ8Y6V,Samaira Agrawal,samaira.agrawal@gmail.com,1990-07-30,8966622252.0
JRAUPFU0JS,Akarsh Deshmukh,akarshdeshmukh@gmail.com,1994-01-30,3433226794.0
WD6H6BK7KL,Urvi Gole,urvigole@hotmail.com,1977-12-20,9821028557.0
Z0I2J4EZBS,Yuvaan Swaminathan,yuvaan.swaminathan@yahoo.com,1974-03-28,4281402516.0
1MU0PWDWE0,Tara Tara,taratara@gmail.com,1992-05-22,953862586.0
G1PHL3M6M9,Shalv Balakrishnan,shalv_balakrishnan@outlook.com,1990-08-23,8893526026.0
1OKG9AZNME,Tejas Sathe,tejas.sathe@gmail.com,1978-06-28,4630574880.0
WGZBRB3061,Divyansh Ratta,divyanshratta@outlook.com,2002-12-09,1553194441.0
KTFTSFG246,Tushar Chad,tusharchad@outlook.com,1985-01-19,7187926671.0
O2O49ZHEXK,Jivika Chadha,jivikachadha@hotmail.com,1997-01-12,1816596843.0
P8GRR5HPKZ,Kashvi Raja,kashviraja@gmail.com,1966-06-04,6672025586.0
JM3TUQYLI7,Jhanvi Som,jhanvisom@outlook.com,1987-07-11,2725587406.0
KBDQJCWUQ7,Urvi Sheth,urvisheth@gmail.com,1987-01-02,9740606275.0
Q63B0XMSNE,Shray Raj,shray.raj@outlook.com,1996-04-20,7506243494.0
A9KKIEQ6NU,Pari Apte,pari.apte@hotmail.com,1998-05-30,8010337806.0
SFC0GN8VXE,Yuvaan Kale,yuvaan_kale@outlook.com,1985-08-07,699021271.0
DIXINNJ8LQ,Stuvan Jayaraman,stuvan_jayaraman@gmail.com,1992-09-24,1663912969.0
8ENFU26CZ6,Aaryahi Saraf,aaryahisaraf@hotmail.com,1990-07-30,2154823494.0
53XD2L3Q9B,Anahi Chaudhary,anahi.chaudhary@gmail.com,1990-04-07,8512657624.0
JNH2WGO3V3,Manjari Bhavsar,manjaribhavsar@gmail.com,1994-10-17,7380122645.0
NCD53GXQBW,Piya Batta,piyabatta@hotmail.com,1974-07-01,6586539100.0
ZJJN9QK1RL,Drishya Bajwa,drishya.bajwa@yahoo.com,1991-04-10,3360988311.0
IABAPRAJXO,Hansh Vala,hansh.vala@outlook.com,1996-08-04,72593136.0
2ZNCC8FBRP,Rati Walla,rati_walla@yahoo.com,1987-02-16,426406082.0
5NGS4LDOIN,Uthkarsh Bath,uthkarsh_bath@gmail.com,1971-06-19,2108751224.0
361YDZYLEI,Amira Koshy,amirakoshy@yahoo.com,2004-08-15,9122252412.0
LOMG04LU0I,Aradhya D’Alia,aradhya.d’alia@gmail.com,1971-11-15,3035765381.0
7JCWRXNI7M,Armaan Rajan,armaanrajan@yahoo.com,1995-03-27,9305904732.0
5HO37BEO6V,Chirag Divan,chiragdivan@hotmail.com,1968-07-26,7610711038.0
CUKSJB58I3,Rania Kakar,rania.kakar@hotmail.com,2000-02-21,8110368986.0
4RLEPACVR6,Mehul Devan,mehul_devan@outlook.com,1987-09-27,6833919217.0
TA7I2VK368,Riaan Ahluwalia,riaan_ahluwalia@outlook.com,2003-06-21,944432213.0
A9ML9F9FZZ,Tejas Jha,tejas_jha@hotmail.com,1986-02-04,234153862.0
8O6MNB9GY7,Inaaya  Seth,inaayaseth@outlook.com,1971-05-08,9152748909.0
RFE2DP7FIV,Heer Hayre,heer_hayre@gmail.com,1968-12-22,1783418479.0
JUWO875HBP,Saanvi Agrawal,saanviagrawal@hotmail.com,1989-01-01,2983602412.0
HMET2EY5UF,Misha Vyas,mishavyas@yahoo.com,2004-02-25,4454918733.0
VI9HCH5PTG,Parinaaz Gade,parinaaz.gade@yahoo.com,1993-09-29,864598340.0
70ID1VTH7D,Riya Bhardwaj,riya_bhardwaj@hotmail.com,1991-05-07,2815519233.0
7X0L961RCU,Taran Dhingra,taran.dhingra@yahoo.com,1969-01-25,6474418767.0
LMNBMMZE66,Ojas Chawla,ojas_chawla@gmail.com,1967-01-23,1844622979.0
38L9MNAWV7,Purab Koshy,purab.koshy@gmail.com,1970-03-29,2533063447.0
P3CSMHSZTP,Suhana Agarwal,suhana.agarwal@hotmail.com,1996-12-25,7098858132.0
IS60AYEOR3,Anvi Bhalla,anvi.bhalla@hotmail.com,1969-12-07,1148477104.0
O9E7DF7KAP,Vanya Tiwari,vanyatiwari@hotmail.com,1975-09-03,6021553990.0
WV0T18TV6C,Ela Aggarwal,ela.aggarwal@gmail.com,1980-04-11,7427445202.0
XNWLDA5Q85,Parinaaz Bahl,parinaaz.bahl@hotmail.com,2004-09-16,4562860607.0
LMUCWB7PL7,Akarsh Kant,akarsh_kant@outlook.com,2004-08-21,9954052720.0
FLOGM6LW2N,Anya Ray,anya.ray@outlook.com,1968-05-04,7643367848.0
ASGYFGA8KV,Armaan Balakrishnan,armaanbalakrishnan@gmail.com,1968-06-08,2011884844.0
6NF2783BAH,Aaina Walla,aainawalla@yahoo.com,1986-11-23,2516058847.0
4TEWNKHDGK,Tarini Sengupta,tarini_sengupta@yahoo.com,1988-11-12,6375599805.0
5FFM6S4GZL,Vaibhav Lala,vaibhav_lala@outlook.com,2000-08-06,1247556819.0
61WDQLOSER,Hiran Sunder,hiran.sunder@yahoo.com,2000-03-07,2568771671.0
LU3TG4INOK,Vidur Varty,vidur_varty@yahoo.com,1991-08-09,9453207718.0
R5WIY3Q9HO,Neelofar Chaudhari,neelofar_chaudhari@hotmail.com,1989-12-29,6076657105.0
7VVWQ214A1,Mannat Jayaraman,mannat_jayaraman@outlook.com,1995-04-01,1801982132.0
MX4UEF6ZAQ,Mamooty Subramanian,mamooty_subramanian@outlook.com,1995-12-21,4588827777.0
GAOTY9C0TT,Farhan Sandhu,farhansandhu@outlook.com,1985-02-01,724261138.0
G3T75C46R7,Sana Reddy,sanareddy@outlook.com,2001-04-11,3564096509.0
B7IMW22BXJ,Adira Venkataraman,adira.venkataraman@gmail.com,1994-12-19,5065493912.0
53ZPVS5WLX,Faiyaz Brar,faiyazbrar@yahoo.com,1985-02-15,4525578589.0
GODIDU60G2,Trisha Shukla,trisha_shukla@outlook.com,1980-09-22,54755649.0
IP3RHG4T7V,Shalv Thaman,shalvthaman@outlook.com,2001-05-15,7690218334.0
VJNG75VX0N,Zain Talwar,zain.talwar@outlook.com,1968-03-15,5635061012.0
Z4J39LW3B0,Dharmajan Ramesh,dharmajan.ramesh@outlook.com,1999-12-08,9303894676.0
FMRYZKCD0Q,Kashvi Kashyap,kashvi_kashyap@gmail.com,1973-09-16,8045893117.0
VVVQ6AMGVZ,Zeeshan Kapoor,zeeshan_kapoor@gmail.com,1990-07-28,2578197549.0
8XGMBO407P,Jivika Wason,jivika_wason@outlook.com,1995-06-07,5875233353.0
6X95ZCRBMI,Nirvi Dasgupta,nirvidasgupta@outlook.com,1983-04-10,919263084.0
OH812J8V2J,Nakul Luthra,nakul.luthra@outlook.com,1996-02-01,4453996879.0
HGKMUAXBN5,Biju Sathe,bijusathe@outlook.com,1974-05-13,6918866274.0
IEOZOK721K,Samarth Chaudhary,samarth.chaudhary@gmail.com,1972-08-12,6910810120.0
SBGINCPFRX,Anay Sule,anay.sule@yahoo.com,1972-06-12,3009035165.0
FIDZDATH7P,Kashvi Suri,kashvi_suri@outlook.com,1991-09-15,1452116338.0
K3VDWTTWTJ,Diya Borra,diyaborra@hotmail.com,1998-05-12,6496111162.0
BPBJON1HH6,Akarsh Vala,akarsh_vala@gmail.com,1979-12-13,806646791.0
KTMJFLDXJF,Aniruddh Chatterjee,aniruddh_chatterjee@yahoo.com,1970-07-02,6106933790.0
IRUOJ4T50A,Aaina Dubey,aaina_dubey@yahoo.com,1994-10-29,6657712339.0
FQ49U1G4HK,Anvi Iyengar,anvi.iyengar@gmail.com,1972-05-04,3629363937.0
VDETUKQNX6,Ahana  Uppal,ahana_uppal@hotmail.com,1974-09-08,6035390883.0
4HLGAG3XWZ,Arhaan Iyengar,arhaan_iyengar@hotmail.com,1987-10-22,3968873022.0
U0H0ZX23DZ,Ahana  Raju,ahana.raju@outlook.com,1967-03-15,2801461722.0
HHEUSZ2BGV,Miraan Bahri,miraan_bahri@hotmail.com,1973-05-21,8969663938.0
BRFZD2A10Y,Sana Sridhar,sanasridhar@outlook.com,1987-07-30,2495926587.0
NA4578HCDF,Nakul Sidhu,nakul.sidhu@hotmail.com,1995-03-03,4569073657.0
9QZD5XA4NX,Riya Chowdhury,riya.chowdhury@yahoo.com,1998-04-22,5662576544.0
I11HA5HQY3,Rati Ghosh,rati.ghosh@outlook.com,1982-04-17,7009668704.0
9T4JGX8V4W,Ayesha Jani,ayeshajani@gmail.com,2002-10-02,6340565879.0
3E5N9DC3N1,Alisha Bhattacharyya,alishabhattacharyya@yahoo.com,2002-06-02,5554712534.0
2U2T2LSQQ5,Pari Kadakia,pari.kadakia@outlook.com,1984-08-25,6104317521.0
T17QXD0CWL,Hridaan Gade,hridaan.gade@hotmail.com,1969-07-17,9139097563.0
DS6WUFDQDL,Shlok Kanda,shlokkanda@outlook.com,1968-11-16,6837133347.0
B9DGQYALJK,Indranil Tailor,indranil_tailor@hotmail.com,1992-11-06,6793498804.0
RBS8X3SZJ9,Krish Balakrishnan,krish_balakrishnan@outlook.com,1991-02-01,4431463916.0
5TJLF27695,Hiran Gade,hiran_gade@gmail.com,1978-01-23,4341619398.0
DTLFYY4MCQ,Kaira Seth,kaira_seth@hotmail.com,1983-08-31,3892904908.0
UN3IJ0RSIR,Jayant Kala,jayant_kala@hotmail.com,1988-01-20,7830205009.0
F1QIFX40Z2,Prisha Bakshi,prisha.bakshi@gmail.com,2002-06-06,2932015102.0
E51D0ZEH9E,Pari Bath,pari_bath@gmail.com,1966-12-22,6951113351.0
FH14HQILM2,Gokul Shere,gokul_shere@gmail.com,1980-01-29,2814461297.0
HCCFTWA4NQ,Inaaya  Chaudhuri,inaaya.chaudhuri@hotmail.com,1999-08-23,8194688227.0
Y4LPIPQ0X7,Diya Swaminathan,diyaswaminathan@yahoo.com,1973-03-03,9185660669.0
CLH0N4J0YI,Divij Bera,divij.bera@outlook.com,1985-03-24,6159647062.0
B7WP7OYUFD,Raghav Keer,raghav_keer@hotmail.com,1992-08-12,4713005109.0
CT3SV69H7P,Kavya Khanna,kavya.khanna@yahoo.com,1989-07-10,4095088931.0
XBGDETVBMK,Saksham Sundaram,saksham.sundaram@outlook.com,2001-10-03,2944496868.0
ESD7FCRVWO,Sahil Dasgupta,sahildasgupta@hotmail.com,1966-03-05,1118877297.0
RED2ZSM174,Alisha Hegde,alisha.hegde@hotmail.com,1971-06-21,4344230722.0
GKAXD4XNW3,Tejas Bains,tejas_bains@hotmail.com,1989-09-16,3062470911.0
LF3FW6HAUS,Armaan Kale,armaan.kale@outlook.com,1978-03-16,6119001706.0
Q3CBZ6ZUJU,Vidur Ravel,vidur_ravel@hotmail.com,1990-09-07,1321916301.0
2D8OE6B9IV,Miraan Savant,miraansavant@gmail.com,1977-01-08,7627747617.0
ETHQ9CFLSU,Aayush Bhattacharyya,aayush_bhattacharyya@outlook.com,1999-12-19,213278957.0
FYC99MOKX7,Jivin Divan,jivindivan@hotmail.com,1989-06-28,4826992658.0
AQLTX73MJR,Anay Hari,anay.hari@hotmail.com,1994-05-20,1198187042.0
CC83Y3Q2LZ,Aarav Dara,aarav_dara@hotmail.com,1971-06-29,4541409449.0
GKUVLNGESB,Nishith Sathe,nishith.sathe@gmail.com,1992-11-18,7358051583.0
ZDCT75H09S,Adah Sahni,adah.sahni@outlook.com,1987-09-25,6873959303.0
NAW25VLRJA,Yuvraj  Chaudhry,yuvraj_chaudhry@gmail.com,1984-10-04,8329329906.0
WZ292FOU9O,Divij Garg,divijgarg@outlook.com,2002-06-14,9375766288.0
EWJ75N13FA,Reyansh Saini,reyansh.saini@gmail.com,1987-07-22,4380509961.0
DPU9ONZT5N,Nirvaan Sekhon,nirvaan.sekhon@outlook.com,1969-05-05,7728165014.0
CC39QY961L,Indrans Dalal,indrans.dalal@hotmail.com,1972-04-26,4158599551.0
DYHP6LKNF6,Kanav Shanker,kanavshanker@outlook.com,1974-02-07,5655084313.0
A23WXI26TR,Ahana  Sagar,ahana_sagar@hotmail.com,1973-07-17,1723989687.0
EYKW1EOW7E,Adah Date,adah_date@yahoo.com,1971-03-06,9286248139.0
07VMGZKE5T,Shalv Mahal,shalvmahal@gmail.com,1978-07-21,3656536056.0
VEIGGTEYWY,Emir Buch,emirbuch@outlook.com,1996-09-25,7934900669.0
2AV9G4PPMX,Ela Chaudhuri,elachaudhuri@outlook.com,1984-02-19,4887418789.0
2BJX8EHKL3,Ahana  Aurora,ahana.aurora@yahoo.com,1983-05-24,5152170045.0
4B1QPV2ILS,Aayush Sharma,aayush_sharma@hotmail.com,1984-09-07,2656065638.0
UHS2MJY0TK,Yuvaan Walia,yuvaanwalia@outlook.com,1968-05-10,3880828546.0
0VDOES9F68,Vaibhav Ravi,vaibhavravi@hotmail.com,1997-11-06,1577763240.0
4ES2UWLTQ9,Jayesh Shere,jayesh_shere@outlook.com,1995-01-21,2852335048.0
O7H5QR2SWG,Riaan Mammen,riaanmammen@hotmail.com,1971-10-18,6456289702.0
NI253M4HN8,Mehul Edwin,mehul.edwin@outlook.com,1993-04-05,3797081421.0
C157C3IPZI,Nitara Chand,nitara_chand@hotmail.com,1966-06-26,3933705841.0
OINAIBY4UO,Urvi Ram,urvi.ram@gmail.com,2001-09-23,7786039246.0
TOUZRZRYTL,Pari Dewan,pari_dewan@yahoo.com,1968-09-21,2477950452.0
SP65OOXD73,Raunak Deol,raunak.deol@hotmail.com,2002-04-08,5174035491.0
T8TLOO1NER,Shlok Sawhney,shlok.sawhney@hotmail.com,1972-12-02,3572014904.0
CW67P02FD6,Amani Chada,amanichada@yahoo.com,1975-11-09,9971839341.0
A7Y2DI9T41,Nehmat Dayal,nehmat_dayal@outlook.com,1994-05-15,641448496.0
14TR9GE75W,Vivaan Gokhale,vivaan.gokhale@outlook.com,1982-07-25,6541782162.0
4SHHMCL6SR,Hiran Choudhary,hiran_choudhary@outlook.com,1980-10-31,8149453789.0
U716Q0GMYT,Shaan Som,shaansom@hotmail.com,2000-03-31,5027735659.0
H2SIRK6GY4,Himmat Borra,himmat.borra@yahoo.com,1976-03-19,9217209460.0
ZRJ1PDWXA5,Nishith Koshy,nishith_koshy@gmail.com,1983-04-02,260802364.0
5QA6OUGCC5,Jhanvi Bhat,jhanvi_bhat@hotmail.com,1970-10-25,5331497377.0
WY0EKN41AT,Anay Vala,anay_vala@yahoo.com,1966-03-06,4808133478.0
FWKMRWYOAZ,Lakshay Rastogi,lakshay.rastogi@gmail.com,1985-01-05,1394094245.0
GTIA8QBP0G,Diya Kapoor,diya_kapoor@hotmail.com,1971-08-09,2433837750.0
H9J790B20U,Piya Kata,piya_kata@hotmail.com,1969-06-14,149181344.0
F3HJDIR7IC,Miraya Iyengar,mirayaiyengar@yahoo.com,1970-03-09,7273596388.0
EI8Z5K65HB,Madhup Bhandari,madhupbhandari@yahoo.com,2003-07-12,5203437162.0
AG6K2PBRV0,Eva Lanka,evalanka@outlook.com,1985-11-07,9034830006.0
N6KG8X05HM,Myra Jaggi,myra_jaggi@outlook.com,1996-08-23,6594049075.0
YFH5159RYA,Tanya Tailor,tanya.tailor@hotmail.com,1993-10-27,6189880491.0
JDMCFINNLZ,Inaaya  Bawa,inaayabawa@yahoo.com,2002-12-20,4046246736.0
Y2HFSO50ZJ,Parinaaz Kala,parinaaz_kala@hotmail.com,1991-02-22,809091836.0
0LV8Q1YZUW,Kiara Mallick,kiaramallick@yahoo.com,1993-08-26,9235868694.0
1ZRNTICJVU,Charvi Rattan,charvi.rattan@gmail.com,1966-04-29,3873762421.0
11N5O5TKAC,Drishya Ratti,drishya_ratti@hotmail.com,2000-02-27,7598420412.0
2JLMWYQOFA,Umang Bhardwaj,umang_bhardwaj@hotmail.com,1997-06-22,5144794713.0
G5XONNDQ0F,Eva Desai,eva.desai@gmail.com,1988-06-12,714558273.0
111JI1HNRI,Taran Shan,taran_shan@yahoo.com,1970-10-06,2515564805.0
2JAYLIT56C,Heer Toor,heer_toor@gmail.com,1966-01-04,803625.0
XEE4LR9X0U,Vedika Bala,vedika.bala@hotmail.com,1993-01-02,4967896293.0
01601INKUS,Gokul Khare,gokul.khare@gmail.com,1998-08-24,3060294256.0
5JYRHBCUG7,Zoya Sastry,zoya.sastry@outlook.com,1994-07-15,7514847954.0
X8BTGIUXRT,Fateh Dixit,fateh_dixit@gmail.com,1973-01-21,639724426.0
ES5RR882FU,Biju Divan,bijudivan@gmail.com,1994-08-15,6625328149.0
X2JB2WQT99,Dhanuk Bhakta,dhanuk_bhakta@gmail.com,1981-03-22,627961551.0
UXL9G563H3,Nitara Chacko,nitarachacko@hotmail.com,1992-05-26,332309402.0
HG63C38MAF,Manjari Mane,manjarimane@yahoo.com,1994-09-21,7367500644.0
727RLHZE4J,Tarini Wali,tarini.wali@gmail.com,1996-05-17,9439178967.0
RIHDP1WPNV,Shanaya Vohra,shanayavohra@hotmail.com,1971-02-04,3305557642.0
SI5RY3OE02,Dhanush Boase,dhanush.boase@gmail.com,1992-09-27,9799550104.0
OFQAS8MQY1,Heer D’Alia,heer_d’alia@yahoo.com,1986-04-01,4274663760.0
VMS1SIGLHN,Anahita Tak,anahita.tak@hotmail.com,1967-01-07,6170640141.0
QICSO0HC6J,Ahana  Bhalla,ahanabhalla@outlook.com,2000-01-30,3403959515.0
OSV5PMFRA9,Ritvik Chaudhari,ritvikchaudhari@gmail.com,1969-09-14,3704744847.0
46NT2A053L,Khushi Solanki,khushi_solanki@outlook.com,1987-02-11,3459517107.0
NLWPNQG0P1,Tara Kara,tarakara@outlook.com,1987-08-18,1190375977.0
L0IZNMNULQ,Vivaan Karpe,vivaan_karpe@outlook.com,2000-08-31,699105281.0
PGNN9DPAR2,Aniruddh Deep,aniruddh_deep@gmail.com,2001-11-12,2294003307.0
LGHWG7N2WK,Vivaan Yadav,vivaan_yadav@hotmail.com,1975-03-04,9196776623.0
HQDFMZ4X0C,Vritika Sibal,vritika_sibal@hotmail.com,1971-09-24,9836108197.0
M7ZG4L9H0J,Sahil Kothari,sahil_kothari@gmail.com,1992-01-18,8669956283.0
7AI7BIIYKS,Anahi Shukla,anahi.shukla@hotmail.com,1975-07-21,5634617484.0
HPXX7VQQUX,Adira Dugal,adiradugal@hotmail.com,1999-02-23,9046410597.0
XW1YHS306D,Divyansh Sabharwal,divyanshsabharwal@yahoo.com,1980-03-14,6124915591.0
UH3QTOI8DS,Dishani Bora,dishani_bora@outlook.com,2002-01-31,4227045849.0
ZXUOQQ321L,Yasmin Chand,yasmin.chand@outlook.com,1985-06-26,9157146880.0
7RM8JVKQ60,Diya Mangat,diyamangat@outlook.com,1970-06-14,9600294925.0
O9UGPQVGM1,Oorja Badal,oorja_badal@yahoo.com,1995-11-08,7459809845.0
AEF9PT35QT,Zeeshan Gupta,zeeshan.gupta@hotmail.com,1983-12-25,8123807316.0
C23P9D8IIY,Aniruddh Krishnamurthy,aniruddh.krishnamurthy@yahoo.com,1974-08-27,7191841271.0
RZCM6K3NZL,Tiya Rout,tiyarout@hotmail.com,2001-07-17,3534933213.0
O0C7ZHJZMN,Ela Lad,elalad@yahoo.com,1999-05-01,7038511236.0
6W2PGZOBQ7,Samar Mandal,samar_mandal@outlook.com,1973-11-13,945319460.0
XUT7CJFN85,Hridaan Sha,hridaan_sha@gmail.com,2002-12-25,794935730.0
75YYWDGLH1,Mamooty Hegde,mamootyhegde@yahoo.com,1992-09-15,1121791805.0
5QCVD3QWKP,Eva Dash,eva_dash@outlook.com,1993-01-10,1881087087.0
HB9P5DS2U3,Gokul Bajwa,gokul.bajwa@yahoo.com,1978-02-12,6930364238.0
I6BO6Y6XWA,Navya Rama,navya.rama@gmail.com,1982-11-20,9690974097.0
80ICQ8JEB5,Siya Sant,siyasant@gmail.com,1981-08-30,3049673165.0
I4FD43WPM5,Mamooty Keer,mamootykeer@gmail.com,1986-05-26,8352213566.0
T68WSF17FA,Prisha Kalita,prishakalita@outlook.com,1994-03-26,3228295019.0
FEWX5MY1DP,Anvi Lala,anvi_lala@outlook.com,1984-03-04,9492614756.0
RF5KSEXDZV,Faiyaz Ram,faiyaz_ram@hotmail.com,1987-10-22,3222646546.0
J4SIQQH74C,Mishti Dube,mishtidube@gmail.com,1977-05-12,6471999308.0
5RKF77657J,Ishaan Sethi,ishaan.sethi@gmail.com,1984-01-07,3749927918.0
J051CAR3T5,Ehsaan Kannan,ehsaan.kannan@gmail.com,1989-04-27,536474267.0
WOIU5TGTDD,Keya Som,keya_som@outlook.com,1995-08-13,341059562.0
UX9DQ3AIHO,Zaina Jhaveri,zaina.jhaveri@hotmail.com,1991-12-04,9689725669.0
LQSEA9J2HL,Umang Bose,umang_bose@gmail.com,1972-04-05,1317095565.0
MPGAB5ZM0C,Kartik Tandon,kartiktandon@gmail.com,1986-10-26,8117964714.0
J1AKI7IUQ0,Aniruddh Acharya,aniruddh.acharya@outlook.com,2002-09-26,128667003.0
8EHQNW7F5Z,Zain Ravi,zain.ravi@yahoo.com,2004-06-13,278826592.0
HJGC0TF9IV,Inaaya  Kuruvilla,inaayakuruvilla@outlook.com,1967-07-19,9059388936.0
ECL5B2H8OZ,Hrishita Chaudhari,hrishitachaudhari@hotmail.com,1972-10-10,6617759616.0
NG04KPKQNK,Dhruv Verma,dhruvverma@yahoo.com,1975-03-28,8875032469.0
OE4CHLSNRJ,Hiran Jain,hiran_jain@hotmail.com,1980-10-25,2005722773.0
16WA01WBB7,Sara Saxena,sara.saxena@hotmail.com,1974-07-11,7929425707.0
YJ1B46VSTW,Reyansh Bedi,reyansh_bedi@yahoo.com,1989-01-03,6131709449.0
6CJW3P85CA,Mannat Bhakta,mannat.bhakta@yahoo.com,2002-02-13,5572123208.0
USYZNJKMVW,Priyansh Gole,priyanshgole@hotmail.com,1968-01-12,4766570188.0
8DAFYO8IM4,Alisha Magar,alisha_magar@outlook.com,2002-08-16,5359556481.0
0ZU2FQW8LB,Seher Bala,seher_bala@outlook.com,1996-09-06,5306866330.0
9ZM4JVCLUQ,Divit Rattan,divitrattan@hotmail.com,1975-07-02,9301629725.0
F0LQSY797V,Tushar Bava,tushar.bava@hotmail.com,1976-07-03,7819355394.0
66R3ZPLTMM,Inaaya  Bobal,inaayabobal@gmail.com,1975-10-11,584770412.0
1ZEBAPFQIM,Romil Shan,romil.shan@hotmail.com,1968-10-28,3472438702.0
7I5ZAQ46WY,Damini Dhillon,daminidhillon@yahoo.com,2002-09-18,1137807169.0
20V4369UKO,Dharmajan Chand,dharmajan_chand@yahoo.com,1967-10-20,7205578831.0
BB45UU8O8B,Kabir Gulati,kabir.gulati@gmail.com,1982-11-19,1259041922.0
KQD58Y511F,Faiyaz Bhatia,faiyazbhatia@outlook.com,1967-04-21,9434049279.0
LDUPW9H4O3,Nirvaan Manda,nirvaan.manda@gmail.com,1995-01-17,1709138332.0
8OT5IXO1LD,Saanvi Gara,saanvi.gara@gmail.com,1993-09-14,2967986508.0
TGR1MD2OPH,Kiara Vaidya,kiaravaidya@hotmail.com,1982-03-27,4743906197.0
V3GL4MOD5W,Piya Suresh,piyasuresh@hotmail.com,1997-01-05,1450745981.0
TTEIUEULOE,Sahil Verma,sahil.verma@hotmail.com,2002-06-11,7495809609.0
XMX1H7DLL4,Mishti Toor,mishtitoor@outlook.com,1987-09-28,3119423247.0
9D3N8GKGNI,Darshit Dyal,darshitdyal@outlook.com,1970-05-02,9103312408.0
X03KD6UYOP,Umang Suri,umang.suri@outlook.com,1974-11-30,1851304367.0
RH3NG44XSC,Mohanlal Bose,mohanlal_bose@hotmail.com,1968-02-12,5708123237.0
F1OCNJQ47U,Divit Vora,divit_vora@gmail.com,2000-10-03,7175439068.0
PLE5UP3BKN,Ivan Behl,ivan_behl@outlook.com,1991-08-06,1899493461.0
YCWVDMIBV9,Zara Deshpande,zaradeshpande@yahoo.com,1980-02-25,5300883970.0
MHSDG7QCVK,Suhana Setty,suhana_setty@hotmail.com,1993-06-12,1738910169.0
K6NPX694UM,Uthkarsh Borah,uthkarsh_borah@hotmail.com,2002-07-08,8099660820.0
KJKIP8XUN0,Ela Sura,ela.sura@hotmail.com,1990-10-17,4470208175.0
PKBKGQCV0Y,Manjari Garde,manjari_garde@yahoo.com,2004-11-19,5217894278.0
AC0I46ATM1,Vihaan Choudhury,vihaan_choudhury@outlook.com,1974-11-20,8609872359.0
L9UV74QEU5,Tarini Singh,tarini.singh@gmail.com,1977-10-30,7730215616.0
SAEPP2YFC5,Pihu Balan,pihu_balan@outlook.com,1999-07-21,1053962636.0
56K691KEIS,Raunak Kala,raunak_kala@outlook.com,1997-07-24,7232108027.0
4O83GYLST3,Myra Lad,myra.lad@gmail.com,1982-12-01,5635621146.0
4VTTPGC0Z6,Divit Dalal,divit_dalal@outlook.com,1970-05-31,7104570165.0
0K36NZ5C5N,Vritika Khurana,vritika_khurana@gmail.com,1973-10-17,5137866758.0
MDCJMXM0NN,Hiran Bawa,hiran.bawa@outlook.com,1973-03-26,85145251.0
0ORDQ5RMM0,Vardaniya Agate,vardaniyaagate@hotmail.com,2004-01-22,4720910151.0
LG94ANHVUM,Saanvi Badami,saanvi_badami@yahoo.com,1981-02-08,6253557429.0
VR7T5BXUWX,Nirvaan Solanki,nirvaan.solanki@outlook.com,1995-07-26,5018300198.0
JJAX1F0JIK,Rati Chahal,ratichahal@hotmail.com,1972-09-27,4936045432.0
9Q1XRQRKS1,Rhea Dar,rhea.dar@yahoo.com,1976-07-18,3827659734.0
67OMJRTVZO,Elakshi Sharaf,elakshi.sharaf@hotmail.com,1978-09-08,471962974.0
L4M93V5XKO,Yashvi Swamy,yashviswamy@yahoo.com,1991-06-20,1857424480.0
FQJ1YHXMQH,Elakshi Keer,elakshi_keer@hotmail.com,1985-11-01,3774456053.0
JEROP7UWUD,Myra Kanda,myrakanda@yahoo.com,1986-08-20,2502663223.0
AVG4MRSVLL,Rasha Dugar,rasha.dugar@hotmail.com,1969-05-16,3714404393.0
W1HCT102CB,Renee Chana,reneechana@gmail.com,1972-08-05,6231127491.0
Z5SKZRR1RD,Anahita Shankar,anahita_shankar@hotmail.com,1998-03-31,5118923131.0
UWRF64M2CB,Biju Mahajan,biju.mahajan@outlook.com,1987-12-24,9729833281.0
MVCANKCQH6,Taimur Hegde,taimur.hegde@hotmail.com,2002-05-20,4222777023.0
H84OYZ2YFW,Elakshi Aurora,elakshi_aurora@gmail.com,1991-11-20,3142180197.0
D2RDVM1IJU,Zeeshan Sastry,zeeshansastry@hotmail.com,2003-08-13,9866763857.0
P1LAWOF75L,Indranil Bobal,indranil.bobal@gmail.com,1995-02-18,9785600137.0
SWDQ5KDDVC,Raghav Gandhi,raghav_gandhi@yahoo.com,1998-11-17,309043012.0
5ON8R6KFJP,Urvi Dave,urvi.dave@yahoo.com,2002-07-06,7765254458.0
ZL8Q8WM2DW,Suhana Kuruvilla,suhana_kuruvilla@hotmail.com,1994-10-18,1129872391.0
M3IZL7DK09,Alia Krishna,aliakrishna@gmail.com,1993-07-22,5131603249.0
0XU64Z6D8W,Priyansh Walia,priyansh_walia@yahoo.com,1997-03-20,1625008322.0
TB0SID0WBN,Trisha Thakur,trishathakur@hotmail.com,2003-06-11,512361827.0
IPHKM9WJMO,Parinaaz Bath,parinaaz.bath@hotmail.com,1994-05-23,288000976.0
3VAEXCRSIH,Samarth Gera,samarthgera@hotmail.com,2002-03-19,6093846365.0
FWCJEWUZRH,Zeeshan Bhatti,zeeshanbhatti@yahoo.com,1992-03-02,2496997298.0
7K1XHNHK2A,Hridaan Krishna,hridaan_krishna@outlook.com,1993-04-02,4842320700.0
4LDX3VE9MF,Renee Bhatia,reneebhatia@yahoo.com,1992-01-31,7945541331.0
7XESL6TT70,Kiara Rajagopal,kiara_rajagopal@outlook.com,2001-02-05,6188259688.0
039GKF111V,Neelofar Sehgal,neelofarsehgal@yahoo.com,1969-05-20,3393601886.0
LWCIR2HDIJ,Aaina Reddy,aaina_reddy@yahoo.com,1988-10-02,4746966364.0
Z3XR1885DQ,Pranay Rattan,pranayrattan@gmail.com,1982-07-16,716494295.0
2G6ZLMG4NM,Jhanvi Aggarwal,jhanviaggarwal@outlook.com,1967-06-29,4946856111.0
EOQ1HD3D9Q,Darshit Banik,darshit.banik@outlook.com,1979-12-15,2155488862.0
9K4CJZZJV5,Lavanya Ramanathan,lavanyaramanathan@gmail.com,1994-01-18,2623837405.0
0NOUP34TR1,Renee Kumer,renee.kumer@gmail.com,1969-07-28,5240292782.0
WW7VSZC9DI,Nirvaan Mangal,nirvaan.mangal@outlook.com,1990-08-03,2498380557.0
3LHYE207QX,Yasmin Ghose,yasminghose@gmail.com,1973-07-10,9906818538.0
92MKNFWCG8,Samaira Soni,samairasoni@gmail.com,1969-10-12,7851860642.0
01S02ED7QX,Mehul Badal,mehul_badal@yahoo.com,1985-03-02,7858551034.0
EUMQ81MUYN,Samiha Bava,samiha_bava@gmail.com,1975-10-10,9739815703.0
XLR7FQQOHK,Riaan Kurian,riaan_kurian@yahoo.com,1976-07-30,653083306.0
YHZ0F3E815,Nirvaan Varkey,nirvaan_varkey@hotmail.com,1966-02-23,1031279068.0
2Y62JFJL5O,Ishita Bhargava,ishitabhargava@hotmail.com,1999-05-09,8382861360.0
LQ218HTJHP,Ojas Sagar,ojassagar@yahoo.com,1981-01-22,8924315583.0
R514LXFGHB,Dhruv Suri,dhruv_suri@outlook.com,1993-07-16,5999795491.0
GLCYWRIEB7,Manikya Sarma,manikya.sarma@yahoo.com,1981-10-19,1548721673.0
KZIKKFUXYB,Trisha Loke,trishaloke@hotmail.com,1968-04-16,1675790855.0
6R5Q9IM9PM,Emir Rajagopalan,emir_rajagopalan@gmail.com,1991-01-08,2617345153.0
GL66ZDTMTK,Divit Wali,divitwali@hotmail.com,1970-05-25,2969755521.0
YWO3YMYNQG,Nakul Ratti,nakul.ratti@gmail.com,1999-07-17,2011836242.0
FWX32DQI73,Samar Chanda,samarchanda@gmail.com,1986-06-18,5961142062.0
9G11RNDKVV,Amira Tank,amira_tank@yahoo.com,2000-04-07,9122467626.0
IUO0FDWEWE,Divit Hari,divit_hari@outlook.com,2002-08-23,1285232773.0
YBD61UBJ09,Riya Soman,riya_soman@gmail.com,1991-10-29,7268497538.0
VA6HX22A4A,Kiara Kumer,kiara_kumer@gmail.com,1984-11-15,9665458410.0
80QNG8217K,Shalv Seshadri,shalv.seshadri@yahoo.com,1971-04-18,6060100389.0
MVV4L1BH8C,Mishti Cherian,mishti_cherian@gmail.com,1989-02-17,7158985241.0
R2Z3OQTIPJ,Eva Ahuja,eva_ahuja@outlook.com,1968-10-08,9851876049.0
8BYWLV8J3F,Saanvi Sastry,saanvi.sastry@hotmail.com,1986-02-01,3807009855.0
BYO3SYZZ0F,Shaan Vora,shaan_vora@gmail.com,2000-03-09,5768996392.0
N6HB5EBYDY,Urvi Kaul,urvi_kaul@hotmail.com,1996-03-10,2708179400.0
61GT80Q3BU,Nirvi Kanda,nirvikanda@hotmail.com,1993-11-30,2693465266.0
UJK8JMIU31,Anika Shukla,anikashukla@yahoo.com,1982-06-22,9031723735.0
S90AUSGCQ1,Arhaan Shukla,arhaan.shukla@yahoo.com,1976-01-07,8808529856.0
HGIVYO0MJ4,Jayant Rana,jayantrana@gmail.com,1967-02-28,2049476139.0
R1SRT3LODW,Shalv Trivedi,shalv_trivedi@hotmail.com,1985-09-26,8047064182.0
4DHHCH3LYF,Romil Dey,romil.dey@outlook.com,2001-07-12,8117052978.0
NCW6H0ZOCB,Vaibhav Sha,vaibhav_sha@yahoo.com,1999-01-04,5805132643.0
19GJ51WMSA,Reyansh Bhavsar,reyanshbhavsar@gmail.com,1987-07-06,1777088180.0
PPPZDO45MU,Alisha Wason,alishawason@yahoo.com,1999-04-10,4994447136.0
560BRPJW34,Pihu Cheema,pihu_cheema@gmail.com,1978-07-14,189331071.0
0N2XUEYRID,Divit Sood,divit_sood@gmail.com,2000-11-03,2142638607.0
XNY025K4XT,Ranbir Bhargava,ranbir_bhargava@gmail.com,1980-09-29,3972447886.0
83TJPNDQX5,Mishti Balasubramanian,mishti.balasubramanian@gmail.com,1989-08-07,852943465.0
76HVTD1D3Z,Vidur Karpe,vidur.karpe@outlook.com,1966-01-11,8856956091.0
HUB3YUQR01,Mohanlal Edwin,mohanlal_edwin@hotmail.com,2003-05-10,1366508023.0
UWDSXNLQJY,Ahana  Ganesh,ahanaganesh@hotmail.com,1980-10-22,2694236205.0
RQYGHQZ3RV,Navya Kannan,navya_kannan@hotmail.com,1978-05-22,9471737035.0
C4PX2XBOVM,Umang Kashyap,umang.kashyap@hotmail.com,2001-04-07,6095507403.0
LAPXLXY76L,Vardaniya Mann,vardaniyamann@yahoo.com,1984-03-22,4967262500.0
ZN0AEUPM52,Umang Gill,umang.gill@outlook.com,1986-04-19,3095431805.0
XOFK81NIF1,Jiya Sundaram,jiya_sundaram@outlook.com,1999-09-11,4021145083.0
TR0RLCTLDH,Mehul Chaudhuri,mehul.chaudhuri@hotmail.com,1972-11-05,9745979211.0
KO43U3L1TH,Dhruv Dewan,dhruvdewan@yahoo.com,1982-02-18,9399583228.0
PX76HR10C3,Misha Mangat,misha_mangat@outlook.com,1993-01-06,2239671551.0
F6H4D0JYKD,Seher Dayal,seher.dayal@gmail.com,1974-04-30,2863749025.0
HTZYL4AJC9,Sara Mane,saramane@yahoo.com,1976-02-23,2787379895.0
990F0P3HTV,Tiya Bali,tiyabali@yahoo.com,1994-07-03,4199778720.0
GS0PTVV4V4,Dhanuk Tara,dhanuk_tara@outlook.com,1999-10-03,3707127025.0
J8DHRMM504,Anika Baria,anika_baria@gmail.com,1996-03-04,3048579576.0
YOX0UT4TF8,Madhup Tata,madhup.tata@yahoo.com,1992-06-21,2587265124.0
OVITXDHKUV,Divij Tata,divijtata@gmail.com,1972-02-03,5853404572.0
38I2HB3UMI,Jayesh Doshi,jayesh_doshi@gmail.com,1980-03-04,4806634017.0
IK40YY8MO7,Divit Sandhu,divitsandhu@yahoo.com,2002-12-14,7841274636.0
9J7ZFRNET3,Zeeshan Karan,zeeshan_karan@hotmail.com,2002-01-29,9508368561.0
1VMVO489EG,Lakshay Chandra,lakshaychandra@gmail.com,1974-10-13,1735382381.0
BJK8L3AEB6,Lakshit Mand,lakshitmand@hotmail.com,1978-09-16,7615503630.0
6WZHFPK6SZ,Saanvi Sarin,saanvi.sarin@yahoo.com,1987-10-07,8278092211.0
T4CVVWCN1G,Arhaan Koshy,arhaan.koshy@outlook.com,2003-05-30,9692822433.0
K5ADRRVGVM,Madhup Ahuja,madhupahuja@yahoo.com,2001-10-06,7584255015.0
EJSQ1TWN94,Elakshi Dara,elakshi.dara@outlook.com,1980-01-10,2244155615.0
FB8GXJAG3X,Anahita Upadhyay,anahita.upadhyay@outlook.com,1972-04-19,2323029010.0
1BRLT4VBAM,Kiara Deol,kiara.deol@hotmail.com,1976-04-27,173383260.0
9JMVOA0DVX,Jayant Rout,jayant.rout@outlook.com,1973-02-26,4484679112.0
EU65G89N26,Zaina Gulati,zaina_gulati@hotmail.com,1970-02-09,6271087172.0
78TYQAYL23,Shalv Rana,shalv.rana@yahoo.com,1973-12-21,4044664804.0
8I4YIIHOZ4,Lagan Ganesh,lagan.ganesh@gmail.com,1967-02-16,3058476646.0
WZF8BD5F07,Rati Aurora,rati_aurora@gmail.com,1970-02-28,3581728782.0
3M7HRU64KE,Pranay Gokhale,pranaygokhale@gmail.com,1994-06-20,8880785115.0
SF2QNZT6AG,Ojas Shankar,ojas.shankar@gmail.com,1967-06-13,4472282648.0
VV2561WH67,Renee Dubey,reneedubey@outlook.com,1994-05-26,311313786.0
3W0AR3PWLU,Veer Dugar,veerdugar@gmail.com,1979-05-18,9525539160.0
81SZWDMMDX,Anay Bahl,anay_bahl@hotmail.com,1996-05-03,5408410898.0
PKLZE7R0MC,Bhavin Butala,bhavin.butala@yahoo.com,1968-07-24,722969503.0
8ZXQCW1225,Nitara Wadhwa,nitara.wadhwa@hotmail.com,1996-09-16,8209767503.0
FMDHFM8QBC,Kimaya Salvi,kimaya_salvi@hotmail.com,1994-01-13,3205056970.0
UUC10XWQI1,Samar Choudhury,samar.choudhury@hotmail.com,1969-12-28,3659609317.0
S7OIOQTLRR,Vihaan Khalsa,vihaan.khalsa@gmail.com,1975-03-15,9807151689.0
O68B09OPG3,Khushi Wadhwa,khushi.wadhwa@gmail.com,2004-09-22,7139463925.0
635L8MAW4Q,Zaina Chakraborty,zaina_chakraborty@yahoo.com,1981-12-18,4464880186.0
PZCHR9E3KQ,Pari Bhatti,pari.bhatti@gmail.com,1987-10-04,9718380001.0
8Z5SQVNK6F,Reyansh Chander,reyanshchander@gmail.com,1974-10-11,7129968635.0
8824W26IVZ,Charvi Golla,charvigolla@yahoo.com,1992-04-04,3066561784.0
W4B4OBWG16,Yuvraj  Mani,yuvraj.mani@gmail.com,2003-02-18,4335360427.0
BOFFQUXGQL,Tanya Kala,tanya_kala@hotmail.com,1981-08-31,1239508323.0
FHOAFETDA6,Kismat Cherian,kismat_cherian@hotmail.com,1985-11-23,1082504785.0
VNL6ZTXIUN,Rohan Tank,rohan.tank@yahoo.com,1998-09-16,1082960196.0
FB5ZKIMAA1,Mishti Iyengar,mishtiiyengar@gmail.com,1987-01-08,9509770095.0
I3MT3E7REB,Uthkarsh Batta,uthkarshbatta@yahoo.com,1998-07-27,6321819704.0
5MZZ4J7QBQ,Pari Jha,pari.jha@hotmail.com,1995-02-22,3531116422.0
JR3R3031B7,Zoya Gera,zoya_gera@gmail.com,1995-01-02,7069031148.0
ON0HVNAHW6,Jhanvi Seshadri,jhanvi_seshadri@gmail.com,1976-10-18,5582488729.0
QULXAY2FJE,Jayant Bhargava,jayantbhargava@gmail.com,1982-03-13,8224470560.0
R7MMZO6S8I,Veer Issac,veer.issac@outlook.com,2000-11-25,645546889.0
BFXIIIBQXY,Vanya Bera,vanya_bera@yahoo.com,1975-09-05,4826198406.0
ME3Q8Q1JYT,Ishita Karpe,ishita_karpe@outlook.com,1986-04-07,2777185986.0
832XJWI5KY,Jayesh Kakar,jayesh.kakar@yahoo.com,1977-10-31,9007961370.0
IETKUPKL0F,Jivin Sagar,jivin_sagar@hotmail.com,1987-09-05,4405624907.0
P36N3I8YQ0,Shanaya Chopra,shanaya.chopra@gmail.com,1979-04-03,1473820935.0
ABB5MMFLCC,Emir Agarwal,emir_agarwal@hotmail.com,2004-09-24,5993040656.0
OFSBQ2YZGE,Nitara Andra,nitara_andra@gmail.com,1982-09-21,4794260282.0
62RKFESC9W,Kismat Bhatti,kismatbhatti@outlook.com,1994-04-18,39853879.0
35EFERLVO8,Lakshit Kant,lakshitkant@gmail.com,1994-03-18,9797283452.0
IVXJPJM9HQ,Tara Balan,tara.balan@hotmail.com,1972-06-28,7353969677.0
UVY4T2H7R2,Hridaan Krish,hridaan.krish@yahoo.com,2004-08-10,371846895.0
UI5JZ5S0FM,Taran Mani,taranmani@hotmail.com,1970-01-07,7563087352.0
R8Y035BWS2,Dhanush Bhandari,dhanush.bhandari@yahoo.com,1999-02-04,8643066063.0
RFLV8NY0UZ,Devansh Apte,devanshapte@outlook.com,2003-11-05,5783620301.0
VKSD3AJ70Z,Samiha Chadha,samihachadha@yahoo.com,1983-08-06,8416347356.0
W09OFT1K1Y,Arhaan Setty,arhaansetty@hotmail.com,1998-07-09,2821422982.0
LT9N63QPID,Jayant Banik,jayant.banik@outlook.com,1966-04-27,9136623844.0
I4MO81IMM9,Kanav Sehgal,kanav.sehgal@hotmail.com,1981-02-03,4809695222.0
0XN3D31M3N,Ryan Tata,ryan_tata@gmail.com,1980-10-12,5264911276.0
RECE6R99MX,Suhana Madan,suhanamadan@outlook.com,1988-10-21,1872237297.0
UTSW2F4UWZ,Adah Ramesh,adah.ramesh@hotmail.com,1987-11-30,3390000638.0
E29W2GP9YH,Nitya Sangha,nitya.sangha@yahoo.com,1979-04-12,3670984260.0
CXA25KAXFR,Lagan Deo,lagan.deo@hotmail.com,1995-01-08,3513625058.0
CIMT5PXT0Z,Priyansh Upadhyay,priyansh.upadhyay@outlook.com,1984-03-27,1115027603.0
SBBGZ78BRV,Prisha Dhillon,prisha.dhillon@outlook.com,1969-09-08,8264312221.0
EX88FYKH1I,Lakshit Kapur,lakshit.kapur@outlook.com,1988-10-15,6386008869.0
JLOG6Q5F6F,Jhanvi Bir,jhanvi_bir@gmail.com,1994-10-24,6396940181.0
82BHLNR3W9,Aradhya Sibal,aradhyasibal@gmail.com,1974-05-23,8606180924.0
6GBK9VYGZX,Ehsaan Desai,ehsaan.desai@yahoo.com,1983-11-21,5321642122.0
D2GW1SQYNP,Bhavin Garg,bhavin.garg@yahoo.com,1991-10-06,625862692.0
76XZF9AO3I,Gatik Som,gatiksom@yahoo.com,2004-02-13,8432965918.0
XCNCGYQIJU,Anika Batta,anikabatta@hotmail.com,1970-08-26,1498741469.0
BVZA30CZ4F,Shalv Khurana,shalv.khurana@outlook.com,2000-06-14,5815507778.0
084WTWYF9I,Diya Lal,diya.lal@hotmail.com,1986-11-27,1612973991.0
Q1F9AWZVT1,Zain Sur,zainsur@outlook.com,1982-11-18,3214001585.0
6RZ1M7JV6B,Zoya Bhagat,zoyabhagat@yahoo.com,2000-11-09,1881360513.0
X58DWSWZ52,Badal Kade,badalkade@hotmail.com,1994-02-24,8609994256.0
LPW2NYR8M3,Dharmajan Dutta,dharmajan.dutta@yahoo.com,1997-06-29,329424927.0
4V8257CBM6,Himmat Anne,himmat.anne@yahoo.com,1983-06-29,9300219701.0
XCHUD8DIJ3,Rasha Kalla,rasha.kalla@hotmail.com,1972-07-06,9436964351.0
A5B0S6FERF,Anahita Rana,anahita.rana@yahoo.com,1997-06-09,6604522145.0
XQTYKTLOBV,Riya Bhandari,riya_bhandari@hotmail.com,1972-12-15,769740402.0
27VWM3I0ZU,Shalv Bedi,shalvbedi@yahoo.com,1970-04-21,4415359156.0
65LF7DB4SZ,Aniruddh Soman,aniruddh.soman@outlook.com,1998-12-12,6369398986.0
YEL6E211A2,Nirvaan Suri,nirvaan_suri@hotmail.com,2002-11-16,3229658659.0
QSVNJAPTAV,Nirvi Bhatia,nirvibhatia@gmail.com,1989-05-31,8666370310.0
O4FG30XPZZ,Saanvi Goswami,saanvigoswami@gmail.com,1992-12-29,8435352159.0
DDBHDMOHV8,Renee Madan,renee.madan@yahoo.com,1974-06-01,2391876731.0
SBGK5DAT9Q,Vardaniya Garde,vardaniya.garde@gmail.com,1976-02-12,8203121235.0
R9KRQWU2V0,Nishith Bail,nishith_bail@outlook.com,2001-08-28,1090221225.0
OUUKXGDJ18,Hiran Sachar,hiran.sachar@yahoo.com,1990-03-22,561412032.0
DP19U7DDI0,Tarini Gill,tarini.gill@gmail.com,2004-10-31,7062311910.0
2VMPDSP0FA,Ojas Choudhury,ojaschoudhury@yahoo.com,1973-02-25,1407310046.0
GAVHEDQ759,Krish Hegde,krish_hegde@gmail.com,1985-10-13,9220489083.0
KT93469CR4,Arnav Apte,arnav.apte@hotmail.com,1977-01-28,6751641185.0
P4RVAOQV78,Ojas Bava,ojasbava@hotmail.com,1971-05-13,4293145079.0
766BM0P607,Ehsaan Varty,ehsaanvarty@hotmail.com,2002-01-18,4722265241.0
D78QXF07O9,Manjari Saxena,manjarisaxena@gmail.com,1968-07-30,5392327371.0
PYJHW3YD6C,Hiran Baria,hiranbaria@yahoo.com,1982-10-20,1213646115.0
DSC7JJUN2A,Neelofar Kakar,neelofarkakar@gmail.com,1991-01-08,7741212259.0
8XUEH92WBC,Onkar Baria,onkarbaria@gmail.com,1976-10-27,7727278248.0
5ZFLI1W5UA,Mamooty Babu,mamootybabu@outlook.com,1967-08-12,5496920281.0
8KL9ID4RBZ,Ayesha Varma,ayeshavarma@gmail.com,1975-08-26,6759947160.0
YW7YBZ4EC7,Khushi Bhattacharyya,khushi.bhattacharyya@hotmail.com,2004-05-25,8575639522.0
GL2TVWJH0B,Tejas Barman,tejasbarman@hotmail.com,1987-05-12,3298298479.0
PRZ4OU1UXX,Hansh Sridhar,hanshsridhar@hotmail.com,1995-06-06,4281146061.0
KGGAN3A035,Amani Joshi,amani_joshi@hotmail.com,1970-12-21,588895853.0
JIBRUMZSX2,Rohan Bassi,rohan_bassi@gmail.com,1985-07-10,8426174935.0
9ZBFN3DX40,Renee Bhargava,renee.bhargava@hotmail.com,2000-03-20,6816731871.0
00R40FRNLH,Advik Wable,advik.wable@gmail.com,1986-09-30,9858203687.0
CHQG3APN2S,Ayesha Wagle,ayesha_wagle@outlook.com,1975-04-12,5582612930.0
XQ3YW1PJSN,Miraya Behl,mirayabehl@outlook.com,1982-12-07,8504906727.0
JA2HT7X3O1,Ehsaan Gera,ehsaan.gera@outlook.com,1969-09-05,6218848142.0
FN1CZFYHQ1,Adira Ganesh,adira.ganesh@gmail.com,1969-06-24,2566286772.0
9Q3XCS9G2K,Siya Khurana,siyakhurana@yahoo.com,1981-12-13,7643690811.0
GWDLF0E2LZ,Baiju Sha,baijusha@gmail.com,1973-05-20,3394104305.0
32PRTO9MER,Dishani Vala,dishani.vala@gmail.com,1989-04-26,4434536438.0
VP25ILDETK,Devansh Sha,devansh_sha@yahoo.com,1976-05-31,9629413220.0
GLK1NK14WM,Riaan Jain,riaanjain@gmail.com,1981-09-17,2283854820.0
HWOIFWKYJU,Tejas Buch,tejasbuch@yahoo.com,1989-01-28,4423396145.0
75P75BZ6ZW,Vivaan Zachariah,vivaan_zachariah@gmail.com,1975-01-08,1034627741.0
5GCDHN9V1M,Azad Sengupta,azad_sengupta@outlook.com,1977-09-24,8341581165.0
HLC9OPXI57,Aaryahi Korpal,aaryahikorpal@yahoo.com,1989-09-08,8337014898.0
09P2T3ABR2,Rati Mahal,rati_mahal@hotmail.com,1990-07-02,6462287380.0
E03XKHDJDU,Miraya Apte,mirayaapte@yahoo.com,1983-05-12,4960861777.0
YFE8KGTJSF,Raunak Khosla,raunakkhosla@hotmail.com,2002-03-01,282410670.0
BRTRN18SB5,Aradhya Dar,aradhyadar@gmail.com,1970-07-11,6577959915.0
1M1JKOEHO9,Hansh Chacko,hansh.chacko@outlook.com,1967-01-24,1227068155.0
6KHW38OYMA,Jayan Deep,jayandeep@hotmail.com,2002-02-08,4179838062.0
GZQM8G2CX4,Saksham Kunda,saksham.kunda@gmail.com,1989-05-21,7335544818.0
70SFFAM5YN,Yuvaan Vaidya,yuvaan_vaidya@hotmail.com,1985-04-23,7482831094.0
AM2B0VH4MU,Samarth Deep,samarth_deep@yahoo.com,1968-12-10,8174417292.0
MIOWEYKB4X,Sana Aurora,sanaaurora@gmail.com,1976-07-24,8114795733.0
05N0LP1DTE,Jhanvi Zachariah,jhanvizachariah@hotmail.com,1989-07-08,2005383962.0
O2WP6BNPTG,Anahi Chad,anahi_chad@outlook.com,1992-04-27,1776174288.0
70242T76HX,Aaryahi Krishna,aaryahi.krishna@yahoo.com,1989-06-25,1951034269.0
22LXBRSVE6,Keya Shere,keya_shere@outlook.com,1973-11-16,4032900016.0
AIKUW6J4OS,Shaan Koshy,shaan.koshy@yahoo.com,1968-10-09,3056355261.0
MNF9IRM3HL,Ira Sem,ira.sem@hotmail.com,1984-01-16,1944564068.0
O33TAI2S0Y,Yuvaan Jain,yuvaanjain@hotmail.com,1983-10-01,7542274435.0
CDHJR5HU9Q,Taimur Bora,taimur.bora@gmail.com,1990-03-02,6742553576.0
20EBJ6QYTI,Drishya Shetty,drishyashetty@hotmail.com,1993-07-29,70492594.0
OR5BAYOUVI,Hridaan Chawla,hridaanchawla@yahoo.com,1969-11-26,805241687.0
CYYHVE7LY3,Pihu Biswas,pihu_biswas@outlook.com,1977-09-28,3623854652.0
4QZILDDFT6,Taran Mall,taranmall@outlook.com,1982-12-17,5563982826.0
JHF8F7C6FJ,Yasmin Bhasin,yasmin_bhasin@yahoo.com,1966-07-03,6645287665.0
DVS7SD38Q0,Lakshay Ramachandran,lakshayramachandran@yahoo.com,1999-05-08,3870081577.0
0RLNLRDLQT,Nitya Ramanathan,nitya.ramanathan@outlook.com,1992-01-24,9190401301.0
H4IARS82U8,Nirvaan Shere,nirvaan.shere@yahoo.com,2004-08-27,1526326163.0
FWP5U5I1FK,Yakshit Madan,yakshit_madan@hotmail.com,1986-06-12,437979016.0
P0XZEU7AXQ,Ranbir Amble,ranbir.amble@hotmail.com,2004-03-04,746092731.0
HJ3MQ96QYY,Samiha Dora,samiha.dora@yahoo.com,1995-03-05,6299417727.0
J3O0KHUTVS,Samarth Ahuja,samarth.ahuja@yahoo.com,1977-06-20,486457759.0
83YD56FH7T,Saira Chakrabarti,saira.chakrabarti@gmail.com,2001-05-15,2856472342.0
XX68BNHXAC,Mamooty Chaudry,mamooty_chaudry@outlook.com,1998-03-06,6217251880.0
G5U8F349DP,Uthkarsh Kalla,uthkarsh.kalla@outlook.com,1974-12-04,703279839.0
P06ZGO0MNY,Ayesha Jhaveri,ayesha_jhaveri@outlook.com,1967-01-11,2289472683.0
S11R9YBBT2,Nehmat Varghese,nehmat_varghese@yahoo.com,1967-08-07,1457321864.0
QGZM7S5ASE,Bhamini Wable,bhamini_wable@hotmail.com,2003-12-14,9703493233.0
N9V2GP1OOC,Rasha Seshadri,rasha.seshadri@yahoo.com,1980-10-22,7385835964.0
DIG231NA8J,Charvi Toor,charvi_toor@gmail.com,1966-07-20,6028044157.0
H11BSY1L4E,Nehmat Sampath,nehmatsampath@hotmail.com,1995-06-03,2524385165.0
MMM76Z36NC,Uthkarsh Bahl,uthkarsh.bahl@yahoo.com,1967-08-04,426126774.0
8XLOV0HG3F,Shayak Choudhry,shayak.choudhry@gmail.com,1969-05-06,3347484456.0
458Q3KQEEA,Lakshit Chakraborty,lakshitchakraborty@outlook.com,2003-03-11,3532341141.0
C3TAJIHSXM,Hrishita Sundaram,hrishita_sundaram@hotmail.com,1984-05-19,918986984.0
D48H4V2M4W,Dhruv Bala,dhruvbala@outlook.com,1977-07-06,938149526.0
L583FSO10N,Neysa Sane,neysasane@yahoo.com,1991-10-29,5928786739.0
VYFXNLC83U,Prerak Manne,prerak_manne@yahoo.com,1977-02-15,6180984631.0
43EP0BH0UH,Lakshit Verma,lakshit.verma@outlook.com,1986-06-22,478649785.0
MFGZGJ4UC7,Mishti Bhatia,mishti.bhatia@hotmail.com,1975-07-06,6945462670.0
JZFL89KP4K,Purab Mani,purabmani@gmail.com,1984-09-07,9557929113.0
LGEP6VWXK8,Farhan Kuruvilla,farhan_kuruvilla@hotmail.com,1990-08-27,9418588812.0
28V8H4A49I,Armaan Sharma,armaansharma@hotmail.com,1967-02-14,3917907437.0
KUSE7VX8FG,Sara Sidhu,sarasidhu@yahoo.com,1968-01-09,8191423131.0
WE6FMVZKNQ,Jiya Lad,jiya_lad@hotmail.com,1981-03-03,9885070896.0
03JK438C2E,Kashvi Gopal,kashvi.gopal@yahoo.com,1986-06-14,2924788080.0
Q4KQPVREDZ,Mohanlal Baria,mohanlalbaria@yahoo.com,1989-06-17,5620515888.0
K2AHCX3ZLF,Sara Mann,saramann@outlook.com,1981-11-13,1399380877.0
E8Z0NU6DZV,Jayan Kala,jayan_kala@gmail.com,1984-10-03,6623378237.0
95P6IJMYNW,Shray Thaman,shray_thaman@outlook.com,1993-01-31,3875113516.0
HGZ50SQ73F,Keya Sandhu,keyasandhu@yahoo.com,1991-08-04,8402065495.0
9OR39SXE3F,Divyansh Mander,divyansh.mander@outlook.com,1966-01-05,3096730533.0
VWHIMG8M38,Aniruddh Gupta,aniruddh.gupta@hotmail.com,1986-10-11,6497465891.0
UK0DJ04P9U,Sana Walia,sana_walia@gmail.com,1991-03-17,1586788272.0
0K3FOTC769,Romil Dalal,romil_dalal@gmail.com,1967-10-17,1525870008.0
ZBUVMH0QF5,Diya Lala,diyalala@gmail.com,1982-02-16,8496130255.0
M0M5IFTBKF,Vedika Bora,vedikabora@gmail.com,1968-08-08,7116306050.0
HCXH0C5ASF,Shray Gera,shraygera@hotmail.com,1979-07-21,7678667538.0
2G2M9YYWTI,Samarth Kapoor,samarth_kapoor@outlook.com,1981-01-20,4365806388.0
8HA6QZT85S,Vedika Choudhry,vedikachoudhry@hotmail.com,2000-09-17,8759879823.0
1VK8YD7LK8,Fateh Bala,fateh_bala@outlook.com,1992-06-14,3067176804.0
2VE3NAJ6TS,Ivan Rastogi,ivanrastogi@yahoo.com,2001-10-12,4845038364.0
YHPB64B0XO,Romil Kara,romilkara@gmail.com,1978-12-02,9851870225.0
CC4RPXJNSE,Neysa Dhar,neysadhar@yahoo.com,2002-03-28,9137075749.0
Y30S3W6EPB,Aaina Balan,aaina_balan@yahoo.com,1975-10-03,1723984532.0
PHJXYWHH9A,Adira Varghese,adira.varghese@yahoo.com,1999-06-06,5748895167.0
A4YTQBPO1T,Onkar Cherian,onkar_cherian@gmail.com,1986-02-21,2744996246.0
639DBUFI44,Emir Ramachandran,emirramachandran@gmail.com,1976-11-26,3198718243.0
YSS1WL4SW5,Arhaan Gandhi,arhaan_gandhi@hotmail.com,1970-01-20,9334001583.0
W27XYODWYH,Nitara Lal,nitaralal@gmail.com,1993-04-01,6279152119.0
7VD7X38ETB,Shlok Bhalla,shlok.bhalla@hotmail.com,1992-07-24,5751351426.0
R4I1PBL5Z3,Ehsaan Badami,ehsaanbadami@gmail.com,1989-12-04,1638013394.0
WTJQMO2B3U,Jhanvi Butala,jhanvibutala@outlook.com,1997-09-18,5237738946.0
RBMULIRJIL,Madhav Boase,madhavboase@hotmail.com,1995-12-28,3114923826.0
6EHYVOL922,Badal Magar,badal.magar@hotmail.com,1974-02-18,7961238830.0
37T4180T8K,Manjari Trivedi,manjari_trivedi@yahoo.com,1983-11-12,659645553.0
T8QUONFLJ4,Mahika Hayre,mahika.hayre@outlook.com,1982-08-14,4956539445.0
Z425NQB3BR,Vanya Grover,vanya.grover@hotmail.com,1974-10-13,9408951887.0
ESLZGZ8HC3,Zeeshan Konda,zeeshan.konda@hotmail.com,1973-11-02,2054102316.0
3WX3LWHREG,Amira Chaudry,amira.chaudry@gmail.com,1999-01-29,2141930002.0
IPTNV4ZCKF,Hazel Hayre,hazel.hayre@yahoo.com,1977-01-02,1025711585.0
3L4TR2B6D9,Reyansh Kanda,reyansh_kanda@gmail.com,1972-01-20,5305702239.0
CA30U4CEKQ,Madhav Sangha,madhav.sangha@outlook.com,1970-05-11,3578655303.0
F0SIDGKQSK,Emir Madan,emir.madan@hotmail.com,2002-09-19,3297265860.0
40UY4FA63Q,Nitara Apte,nitara.apte@outlook.com,1984-12-12,6335368563.0
HH7GSSSAM0,Mamooty Tank,mamooty_tank@hotmail.com,1979-12-14,9568106520.0
HAE2563P60,Manikya Ahluwalia,manikyaahluwalia@hotmail.com,1985-12-12,919414490.0
P0GTKEOHPZ,Advika Malhotra,advika.malhotra@gmail.com,1995-10-19,7684496946.0
KKC6BT7CVM,Shayak Mahajan,shayak.mahajan@outlook.com,1984-09-22,943714366.0
MUDDSON9EH,Anvi Bhatnagar,anvi_bhatnagar@outlook.com,1973-10-15,4180807048.0
25W6P5XXZY,Hridaan Sant,hridaan_sant@hotmail.com,1973-04-23,7237514860.0
5DBA7CVQMD,Jivin Dhaliwal,jivindhaliwal@gmail.com,1992-12-08,2275831533.0
Y8ZYN2TB7P,Jivika Kumar,jivika.kumar@outlook.com,1971-09-21,6445442820.0
T8WAQLG7G1,Ishita Chowdhury,ishitachowdhury@hotmail.com,1987-10-12,3768264133.0
5SQVHG1O3H,Lavanya Guha,lavanya.guha@hotmail.com,1987-07-10,1565093453.0
9LOU0Y5RMW,Kiara Hayer,kiara_hayer@hotmail.com,1984-11-27,4051114757.0
Z60K28EPVE,Madhup Ganesan,madhup_ganesan@hotmail.com,1998-03-30,3328045039.0
2XMORXYXC0,Keya Mahal,keya.mahal@yahoo.com,1968-08-27,3571479339.0
4A18TAIMB9,Advik Joshi,advik.joshi@outlook.com,2000-06-25,1843337708.0
1K0CZAX8II,Armaan Varty,armaan.varty@hotmail.com,2004-08-09,2943996316.0
VIIH70ELT1,Aniruddh Bora,aniruddh_bora@outlook.com,1970-08-28,3532395730.0
WDWS80V7IT,Eva Bandi,eva_bandi@hotmail.com,1968-09-09,2086373794.0
LPKV3FIJ27,Siya Varkey,siya.varkey@hotmail.com,1980-02-04,8491480741.0
PYUJG0FTOQ,Shayak Sachar,shayaksachar@outlook.com,1999-07-14,2050016354.0
7BB9Q4X667,Drishya Kunda,drishya_kunda@gmail.com,1994-10-31,3450836559.0
904BW5C8DR,Ivana Karan,ivana_karan@outlook.com,1969-10-23,481808590.0
NRI7MQJWRP,Yashvi Lalla,yashvilalla@gmail.com,1982-01-26,5427594005.0
F8F529BJV3,Myra Kala,myrakala@outlook.com,2003-10-23,5875070013.0
BISNMPGJQ4,Kimaya Keer,kimayakeer@gmail.com,2001-04-26,559246215.0
P8BDORJ8U7,Drishya Agrawal,drishya_agrawal@gmail.com,2004-01-18,699287621.0
NTH3ALBNKR,Parinaaz Sridhar,parinaazsridhar@yahoo.com,2000-01-29,7625739808.0
J2TMQQEPCG,Shanaya Saxena,shanaya.saxena@gmail.com,1984-02-03,7513284236.0
WBRETBP40L,Navya Kurian,navyakurian@hotmail.com,1984-05-12,4919098020.0
92QLFNGY7N,Charvi Hegde,charvi_hegde@hotmail.com,1991-06-07,5792321670.0
SN32BG8OHC,Priyansh Khanna,priyansh.khanna@gmail.com,2001-02-13,9738481642.0
FGO9IACMMU,Hansh Ghosh,hansh_ghosh@hotmail.com,1973-02-28,5035676954.0
CY7TTYXREZ,Elakshi Rau,elakshi.rau@outlook.com,2000-07-29,9864344368.0
T09KEB6NAK,Shayak Suri,shayak.suri@yahoo.com,1975-02-21,7534076952.0
6ZSPZ4RZTF,Kaira Bir,kaira.bir@hotmail.com,1992-08-02,484931285.0
1CR3WKMPXT,Raunak Varkey,raunak_varkey@hotmail.com,1970-09-28,901792152.0
JRV7QL10TQ,Anaya Date,anayadate@hotmail.com,2003-12-16,3101640161.0
89J3GGHFTD,Zain Bahri,zain.bahri@outlook.com,1993-11-12,6297136136.0
U0WROQQCZ8,Veer Majumdar,veer_majumdar@yahoo.com,2004-08-06,5178589400.0
UA2TVB8HKA,Amira Sura,amira.sura@yahoo.com,1988-11-06,7963617189.0
OXP82P22LQ,Mamooty Solanki,mamooty.solanki@yahoo.com,1998-12-22,2654848182.0
V87HQDY19F,Shaan Gupta,shaan.gupta@gmail.com,1968-12-04,5022567933.0
KNA4D320IZ,Shamik Choudhury,shamik_choudhury@outlook.com,1976-09-04,6304978511.0
S6RZSOST6C,Jivika Ghose,jivikaghose@yahoo.com,1991-02-27,2529222096.0
S5TF30A9WP,Nakul Dasgupta,nakul.dasgupta@outlook.com,2002-09-19,1132607216.0
6GQC4HXLJA,Mamooty Manda,mamootymanda@hotmail.com,1970-12-12,568060849.0
QC5MC6CU20,Renee Chada,reneechada@outlook.com,1981-05-10,5370683363.0
M2YMY29KLP,Stuvan Barad,stuvan_barad@outlook.com,1984-07-05,440687254.0
DCGYBFFYFV,Alisha Chawla,alisha_chawla@gmail.com,1974-07-18,6386300908.0
UZLWFKWRVJ,Pihu Dua,pihudua@hotmail.com,1974-08-20,9486142508.0
S7U23N8V1B,Vihaan Ravi,vihaanravi@hotmail.com,2002-09-18,7072632583.0
RFWNRQ54EV,Yashvi Jani,yashvijani@outlook.com,1982-03-12,6100254196.0
BOUX9WYUI4,Riya Kari,riyakari@hotmail.com,1966-01-27,5623520619.0
N8DL5JF8F0,Miraan Bandi,miraan.bandi@hotmail.com,1987-09-26,5547727049.0
Z6326HMH5P,Adah Lata,adah_lata@yahoo.com,1970-06-10,6242905556.0
TYK002UVNO,Samar Tak,samartak@gmail.com,1984-04-26,81769770.0
EZZWI94N82,Trisha Tara,trisha_tara@outlook.com,1978-11-26,9176056227.0
OP6QQ589XI,Uthkarsh Jhaveri,uthkarsh_jhaveri@outlook.com,2002-01-23,138150433.0
C6L7XDPUH7,Parinaaz Gaba,parinaazgaba@gmail.com,1987-02-19,2124561646.0
5KMDTIDQ81,Yashvi Deshpande,yashvi.deshpande@hotmail.com,1994-10-16,4524175837.0
X75R3TER97,Aarna Iyengar,aarnaiyengar@outlook.com,1972-06-11,514782939.0
3K4C4MCB3I,Fateh Mani,fateh.mani@gmail.com,1985-04-19,6542708292.0
7OO0SOC33W,Alisha Kari,alisha.kari@yahoo.com,2002-12-15,8518425385.0
EL5MFOJB3O,Diya Bhat,diya.bhat@yahoo.com,1973-08-06,8844110031.0
9R8AM1EZXF,Samarth Cherian,samarth.cherian@hotmail.com,1993-01-24,6405450411.0
6TWH2C71ZD,Vritika Sundaram,vritika.sundaram@hotmail.com,2002-03-20,1894208663.0
8RNDVFAAG5,Sahil Madan,sahil.madan@gmail.com,2001-08-06,1494142629.0
FAHQDCXTRU,Abram Srinivas,abram.srinivas@gmail.com,1978-02-24,2465870557.0
F2GP9KE8R3,Bhamini Setty,bhaminisetty@hotmail.com,1978-01-04,1586847795.0
MXOKBU4YR7,Jayant Tak,jayant.tak@outlook.com,1973-07-13,8658624810.0
5OHUDSY0SD,Arhaan Konda,arhaan.konda@yahoo.com,1981-11-20,8879966117.0
O4DJBIVPEK,Shamik Karan,shamik_karan@outlook.com,2002-03-12,6156391478.0
51BKUAUO47,Zaina Ramachandran,zaina_ramachandran@yahoo.com,1978-11-22,9768837794.0
7TH90TWPZ9,Shaan Sabharwal,shaan.sabharwal@gmail.com,1973-11-01,5381365775.0
R94YADI25M,Lakshay Dayal,lakshay.dayal@outlook.com,2001-01-04,5941637814.0
ONRKP2W8T7,Saksham Sharma,saksham_sharma@outlook.com,1990-02-03,2791482964.0
U55UQEKYW5,Sara Bedi,sara.bedi@yahoo.com,1972-03-06,1102444707.0
RICSE1I0LM,Sara Tara,sara.tara@outlook.com,1979-12-12,1559877322.0
GXU5EKXRCW,Mehul Sama,mehul.sama@hotmail.com,1985-09-25,6170787051.0
0BM2WOSMJI,Neelofar Andra,neelofar.andra@yahoo.com,2002-03-15,6859309416.0
1F3DSEJ3J9,Sara Kaul,sara_kaul@hotmail.com,1976-03-05,7713039185.0
PL3ADXRMT3,Ryan Sachdeva,ryan_sachdeva@outlook.com,1975-04-18,4782076243.0
9XZBVAU0CO,Aarna Kaul,aarna_kaul@outlook.com,1992-11-16,7442805899.0
3UVMSJH4Y3,Dhanuk Wadhwa,dhanuk_wadhwa@hotmail.com,1998-03-12,8528616997.0
0DLHAW2UXB,Jayesh Lala,jayesh_lala@outlook.com,1995-02-28,4690536835.0
AJK4REKLOK,Anay Talwar,anay.talwar@yahoo.com,1973-06-20,7704589920.0
N0PW7FNWBG,Vivaan Lal,vivaan.lal@yahoo.com,1967-07-05,6140944984.0
9OO88GZXT8,Romil Issac,romil.issac@hotmail.com,1973-04-18,2736526942.0
C3B8NIR5AP,Aarna Gandhi,aarnagandhi@outlook.com,1987-10-22,5239304782.0
5GUNQX861V,Neelofar Hari,neelofar_hari@gmail.com,1995-02-25,7852166566.0
UMATMWBZG1,Zoya Dua,zoya.dua@hotmail.com,1983-03-08,7886597656.0
2E4SIFVWYX,Neelofar Ahluwalia,neelofarahluwalia@yahoo.com,1981-06-05,4704781639.0
78XFYZXQZF,Parinaaz Randhawa,parinaaz_randhawa@yahoo.com,1995-04-19,4643375381.0
CBD50V5SFG,Rati Apte,rati_apte@gmail.com,1975-05-17,8739200018.0
WCXW7RUR69,Zain Sampath,zain_sampath@gmail.com,1976-02-12,4696437296.0
N8TWCP2JIW,Lakshay Kannan,lakshay.kannan@gmail.com,1976-02-06,8910492604.0
N2Z2FLIBEH,Dhanush Jain,dhanush.jain@gmail.com,1967-07-29,7422143682.0
5VZR6MN51V,Krish Buch,krish_buch@gmail.com,1986-01-06,4679391419.0
I88OP2XRZ0,Romil Lad,romil_lad@gmail.com,1989-09-04,9974974749.0
RKTOOF890Z,Hunar Saran,hunar_saran@outlook.com,1970-03-29,3793351513.0
Y5H9U1YVD6,Kanav Edwin,kanav_edwin@yahoo.com,1977-07-29,2217969038.0
ZIZGDEX6TW,Kiaan Saxena,kiaansaxena@hotmail.com,1974-09-13,8622628936.0
6HTER84HA7,Jiya Kalla,jiya.kalla@yahoo.com,1987-03-30,8144955525.0
D5ZTPQW3AZ,Riaan Dora,riaan_dora@hotmail.com,1978-04-21,9094682459.0
CZWFHVRYZF,Aarav Dutta,aarav_dutta@gmail.com,1984-05-29,462347983.0
S080HNGD96,Yashvi Ahuja,yashvi_ahuja@yahoo.com,1989-02-07,2077674361.0
PJZZ4HGBJQ,Yasmin Kaul,yasmin_kaul@yahoo.com,1970-01-17,4764597587.0
ND342YHKQT,Anahi Banik,anahibanik@gmail.com,1974-03-17,827235885.0
2HKSSSD3KI,Ryan Datta,ryan.datta@yahoo.com,1991-08-01,2296889363.0
2NW84NSOBW,Vidur Mallick,vidurmallick@outlook.com,1988-08-29,3625064173.0
WE9IFZ0JDR,Ira Sridhar,ira_sridhar@outlook.com,2004-11-06,9661529387.0
J4CD4D705L,Hunar Rajan,hunar_rajan@hotmail.com,1970-11-07,7801739014.0
CJDY0OB40E,Ojas Bhalla,ojas_bhalla@hotmail.com,1989-10-23,7006556239.0
TSFQ0I12Y3,Kiara Dayal,kiara_dayal@gmail.com,1981-02-08,12481130.0
MU49UN2PEQ,Farhan Srivastava,farhan_srivastava@gmail.com,1982-11-22,3470387482.0
HP3YS5JFCY,Nitya Sanghvi,nityasanghvi@hotmail.com,2002-05-06,1932443204.0
NRUB4BQVAB,Ehsaan Amble,ehsaan.amble@outlook.com,1984-06-17,6191871166.0
7VMY2LUXWF,Samaira Shukla,samaira_shukla@yahoo.com,1991-08-18,769949855.0
29GY7QH9V5,Kartik Buch,kartik.buch@gmail.com,1970-08-10,8858690179.0
P1U1LCAFIP,Kartik Contractor,kartik.contractor@gmail.com,1989-08-25,2362331228.0
TRNKAI0XEL,Krish Bakshi,krish.bakshi@gmail.com,1989-11-10,4365552184.0
Y2YRJZW1NT,Dhruv Singh,dhruv.singh@outlook.com,1987-10-22,322383953.0
X5Y8H23APY,Ira Garde,iragarde@yahoo.com,1986-11-28,5697130028.0
1C3591O3RK,Devansh Butala,devanshbutala@outlook.com,1990-06-13,2563395815.0
KQPCCKO4RH,Shamik Deshpande,shamikdeshpande@gmail.com,1983-05-25,5846465869.0
EF6RJVK73J,Nayantara Devan,nayantara.devan@outlook.com,1970-06-16,1800869027.0
3QYVHZTGK9,Nirvaan Thakkar,nirvaan.thakkar@gmail.com,1988-09-19,4498883496.0
35PAW94IWQ,Aaryahi Bhargava,aaryahi_bhargava@hotmail.com,1985-08-17,6723315134.0
X6LTK0BWFG,Charvi Andra,charvi_andra@outlook.com,1971-05-25,7458164013.0
7LOHEC1SH5,Krish Gulati,krish.gulati@gmail.com,1984-06-30,7807805970.0
BR4N1VU77A,Zoya Sarna,zoya_sarna@outlook.com,1970-11-14,2881242980.0
U9VFVARK0E,Ivan Sani,ivansani@gmail.com,1974-10-22,4206745656.0
6OUQ9EHMID,Aniruddh Handa,aniruddh.handa@gmail.com,1978-12-10,4193653454.0
I87CQGHB1N,Kiaan Dhar,kiaan_dhar@yahoo.com,2004-06-16,7895696523.0
KT5PPEFCDM,Sahil Barad,sahil.barad@yahoo.com,1999-05-14,9702117958.0
OBBBUWCLVR,Hridaan Lata,hridaanlata@gmail.com,1994-11-19,7509110869.0
O0WVL46XO1,Amira Malhotra,amiramalhotra@hotmail.com,1990-05-10,6317344533.0
LLNLIIKC0Q,Jayant Ahluwalia,jayant_ahluwalia@yahoo.com,1973-06-25,1928850198.0
TGVUWP67N1,Lakshit Sekhon,lakshitsekhon@outlook.com,1971-10-08,5224237665.0
W87AHWDLDE,Badal Kohli,badal.kohli@outlook.com,2003-07-07,2425238138.0
B942TS743K,Divyansh Taneja,divyanshtaneja@gmail.com,1993-04-18,2498971174.0
R9VC9M3T89,Ayesha Vig,ayeshavig@hotmail.com,2004-10-17,8097726434.0
IU4G3LUCLO,Adira Babu,adira.babu@outlook.com,1978-10-06,1110575265.0
PJ2PIV0VSL,Tarini Zachariah,tarinizachariah@gmail.com,1988-05-15,183669944.0
SZXZOCQ2FL,Ishita Guha,ishita.guha@yahoo.com,1987-04-01,6597172237.0
4LT9AWK6IH,Shamik Barman,shamikbarman@outlook.com,2003-06-02,4829469435.0
BE5CQPO994,Yuvraj  Tripathi,yuvraj.tripathi@yahoo.com,1999-07-07,936761103.0
LTFP20EZK8,Siya Borah,siya_borah@yahoo.com,2002-12-16,3679136496.0
RDAV88US7F,Hazel Bhandari,hazel.bhandari@yahoo.com,1992-01-08,6739260710.0
5SSGZS4IUC,Raunak Arya,raunak.arya@hotmail.com,1968-01-30,3221260834.0
VDWURMFRSK,Ela Ganesh,ela_ganesh@outlook.com,1966-02-04,4041213328.0
TFP7ZQATEV,Tiya Sabharwal,tiya.sabharwal@hotmail.com,1988-03-15,7002086086.0
V9PS6A3Y0F,Armaan Srinivasan,armaansrinivasan@gmail.com,1992-06-18,2362800390.0
CETQMI2UFX,Bhamini Magar,bhaminimagar@outlook.com,1980-03-17,4212783296.0
Y1XEOBVB6W,Vanya Bajwa,vanyabajwa@outlook.com,1976-09-13,2349308187.0
R3WQ5URODZ,Eva Bhat,evabhat@gmail.com,1992-01-15,4382239074.0
AI6IMYLWW8,Kartik D’Alia,kartikd’alia@hotmail.com,2000-05-04,6036163831.0
ESH5Z7SA92,Zara Kadakia,zara_kadakia@outlook.com,1966-01-01,6776352534.0
PA4HSN932F,Gatik Hayer,gatikhayer@gmail.com,2000-02-04,5430628849.0
6D3LD0VYPI,Vanya Boase,vanya_boase@outlook.com,2003-08-23,9740251422.0
ZDRCON0A5P,Azad Kota,azadkota@hotmail.com,1966-01-03,7712793991.0
KQD5CG4RO2,Kartik Sarraf,kartik_sarraf@gmail.com,1975-10-30,4575169172.0
QSIGVONOWA,Yashvi Bansal,yashvibansal@outlook.com,1982-05-02,3331568724.0
Y2GR0E5ER9,Amira Chhabra,amirachhabra@yahoo.com,1996-09-12,1058113192.0
H1XUHYVZDQ,Ishita Saraf,ishita_saraf@gmail.com,1979-02-28,6530518448.0
1SQTG5FHNE,Anvi Kulkarni,anvikulkarni@outlook.com,1986-07-28,7784939625.0
KV9JGAB98H,Dharmajan Kala,dharmajan_kala@hotmail.com,1976-08-03,3904578109.0
82H7QCY0RG,Aaryahi Dhawan,aaryahi.dhawan@gmail.com,1980-10-19,7739548462.0
N324YTHP7Q,Dharmajan Chacko,dharmajanchacko@hotmail.com,1975-12-06,3489649259.0
WK6EE7DRZO,Baiju Mani,baijumani@gmail.com,1993-07-29,349788963.0
4UVMMP776A,Seher Subramanian,seher_subramanian@hotmail.com,1966-12-11,7894133126.0
6KZXG3CK16,Madhav Gara,madhav_gara@gmail.com,1995-08-23,5975141988.0
PRTLWC31WS,Arhaan Butala,arhaan.butala@hotmail.com,1978-09-08,7893136348.0
XJPGD8UKCM,Indrans Loyal,indrans_loyal@outlook.com,1994-07-29,430829228.0
L1ZQ721MWK,Lakshit Sampath,lakshit_sampath@yahoo.com,2000-09-24,5273792749.0
H00MNWEXQQ,Chirag Hayer,chirag_hayer@hotmail.com,1978-01-12,4034351904.0
YJS56VQ0I5,Ehsaan Agrawal,ehsaan.agrawal@yahoo.com,1969-03-13,3843350729.0
3ZWIO0SPD4,Pari Chakrabarti,pari.chakrabarti@yahoo.com,1983-09-12,8153252178.0
GSYP9WB6AO,Mohanlal Swamy,mohanlal_swamy@gmail.com,1986-06-01,6861983604.0
575ZXJ38A9,Zaina Maharaj,zaina.maharaj@gmail.com,1998-08-01,8754459765.0
450U2XGSXT,Nayantara Bahri,nayantara_bahri@outlook.com,1995-04-14,9198106652.0
6F6M218ACJ,Umang Varughese,umangvarughese@outlook.com,1969-03-25,5111163034.0
29ODG61DDN,Vardaniya Ghose,vardaniya_ghose@gmail.com,1967-06-09,4301279278.0
6BIWQ8J0MF,Onkar Choudhry,onkarchoudhry@outlook.com,1977-12-24,1695103267.0
XR4MIJFGVV,Devansh Kari,devanshkari@yahoo.com,1985-07-29,600451194.0
EJLRYYLRDT,Arhaan Kurian,arhaan_kurian@gmail.com,1980-05-10,3564565717.0
36H9KMGGRU,Ela Bumb,ela.bumb@hotmail.com,1991-01-28,5285459416.0
MARC5Y9RO6,Piya Chana,piya_chana@outlook.com,1969-09-18,5846183391.0
SGJTL3EK8N,Shayak Karpe,shayak_karpe@hotmail.com,1973-12-16,8632616533.0
TH3BDXQOLL,Anahi Sodhi,anahi.sodhi@outlook.com,1975-08-17,57528267.0
TW1MTKMT61,Nehmat Devi,nehmatdevi@hotmail.com,1980-12-17,6602758438.0
2GYHZG4CJH,Mamooty Chakrabarti,mamootychakrabarti@gmail.com,1979-02-01,6188768272.0
WZD9VFCBDH,Miraya Kala,miraya_kala@gmail.com,1983-11-28,3893767802.0
NP6YYU2JJK,Keya Dhillon,keya_dhillon@outlook.com,1967-10-18,8027428362.0
NKFWPP0LCK,Tejas Sarraf,tejassarraf@yahoo.com,2001-06-14,7779168013.0
TAW15L5LI8,Elakshi Badami,elakshi.badami@gmail.com,1973-10-07,6749104600.0
MSNWMR3AM8,Piya Sahota,piya_sahota@hotmail.com,1982-02-25,4383429589.0
GZMUPWDV8N,Mohanlal Wali,mohanlalwali@outlook.com,1996-07-14,8977193157.0
L1KLMI2S3H,Sumer Lad,sumer.lad@yahoo.com,1973-10-24,7292694804.0
3N2XP0L91E,Indrans Dutta,indrans_dutta@yahoo.com,2004-08-23,6753729740.0
2SXQY3YU9U,Divij Kuruvilla,divij.kuruvilla@hotmail.com,1993-01-10,8009588901.0
AB0ER8CSU5,Pari Barad,pari_barad@yahoo.com,1989-07-25,8072784419.0
KMZF12KTUE,Divij Ghosh,divijghosh@gmail.com,1975-06-17,3880308880.0
H2LFB9970G,Neelofar Dasgupta,neelofardasgupta@gmail.com,1990-12-27,6934106509.0
MSUHT18DWD,Indranil Manne,indranilmanne@yahoo.com,1979-06-23,6033201669.0
0ZPGWEE2UP,Vedika Sibal,vedika.sibal@gmail.com,2003-07-13,4547721093.0
J93Y3GLU0G,Shalv Sachdev,shalv_sachdev@gmail.com,1976-01-26,8100970893.0
E0XI4GSAFN,Mishti Loyal,mishti_loyal@outlook.com,1982-12-12,3123827180.0
WPPUBAQHBX,Vidur Gill,vidur.gill@outlook.com,2003-09-16,6291855279.0
W2V8IDUCWD,Umang Bains,umangbains@yahoo.com,1974-07-19,8446042981.0
T2PQ90DZE0,Ishaan Wadhwa,ishaan.wadhwa@outlook.com,1968-11-22,6553675762.0
GZ7SNIHKSG,Ahana  Venkataraman,ahanavenkataraman@gmail.com,1980-12-28,4103510500.0
YB7RR7SK8G,Azad Garde,azad_garde@outlook.com,1998-09-20,2936281496.0
IVA7ATVIYG,Saanvi Savant,saanvi.savant@yahoo.com,1974-07-10,4240540859.0
25W4PBENIV,Kismat Jhaveri,kismat.jhaveri@gmail.com,1989-02-01,7619931724.0
EXYFW2H00Z,Mehul Deo,mehul_deo@gmail.com,1982-03-13,8443358273.0
KH3X92720G,Parinaaz Mander,parinaaz_mander@hotmail.com,2003-06-16,2101203319.0
86C2QWQOQU,Mannat Amble,mannat_amble@outlook.com,1966-02-06,4082063406.0
7D6SZNYEBC,Shayak Chauhan,shayak.chauhan@gmail.com,2003-06-24,8251102521.0
1M9WQI9IZG,Kashvi Chanda,kashvi.chanda@gmail.com,1972-12-15,9881814216.0
A871WAYK0U,Neelofar Sood,neelofar_sood@yahoo.com,1969-08-12,8914313007.0
U2S0W43PBD,Vihaan Sathe,vihaan.sathe@outlook.com,1983-03-10,8199734341.0
3A2P9FZQEM,Yashvi Edwin,yashvi_edwin@outlook.com,1997-10-01,2906849353.0
LXAIT01XO0,Nehmat Bassi,nehmat_bassi@gmail.com,2003-01-07,5836026113.0
IJVEJ7U3HS,Arhaan Brahmbhatt,arhaanbrahmbhatt@outlook.com,1984-05-01,4520346022.0
5B7UN3W5IE,Bhavin Saraf,bhavin.saraf@yahoo.com,2003-09-03,6130009235.0
BT8CBT6MQY,Kabir Sabharwal,kabir.sabharwal@gmail.com,2004-08-04,4430137633.0
GEE3GPZ9NO,Nehmat Sura,nehmatsura@yahoo.com,1992-04-04,8554463924.0
EOL9C9LFDQ,Alisha Arya,alisha.arya@hotmail.com,1996-04-13,1001059756.0
T62373JKS6,Diya Gola,diya_gola@yahoo.com,1974-07-07,2681861796.0
RFSA6ATPBA,Indrajit Batta,indrajitbatta@yahoo.com,1968-02-05,3590273433.0
ZWU6OB2QC0,Azad Bakshi,azad.bakshi@outlook.com,2004-03-30,3710342546.0
S93GT7N9CR,Zara Dutta,zara_dutta@gmail.com,1996-07-24,9963912006.0
HI9QNRV4LF,Rhea Bhakta,rhea.bhakta@yahoo.com,1975-09-23,8199403209.0
Y3LK1KX002,Hazel Roy,hazel.roy@hotmail.com,1974-12-15,7770971726.0
KKY8MLPU8O,Indrans Guha,indrans_guha@yahoo.com,1969-01-19,7660930781.0
HYYIMBW4FY,Tanya Sura,tanya_sura@gmail.com,1999-12-06,4076774744.0
K6KU25I5OB,Renee Kar,reneekar@yahoo.com,1997-06-21,354510638.0
XR6APHCRR6,Madhup Ravi,madhup_ravi@outlook.com,2002-12-28,4353930546.0
99LF6D3Q62,Nehmat Hayre,nehmat.hayre@yahoo.com,1973-05-04,6835480516.0
VZXCF3BL8V,Aarav Doctor,aarav.doctor@outlook.com,1984-01-17,2364275646.0
7I7YGZTBSV,Nehmat Suri,nehmat_suri@yahoo.com,1968-12-29,9473778042.0
S2D4ZM6KUL,Raghav Dixit,raghav.dixit@outlook.com,1984-01-16,3659926548.0
ZKAFCHOYVA,Nakul Ben,nakulben@gmail.com,1999-12-03,3955223288.0
XOLTA8CNYZ,Ahana  Singhal,ahana.singhal@outlook.com,2002-09-13,1866464788.0
GSZH9X7XQ8,Tejas Krishnan,tejaskrishnan@outlook.com,2001-04-16,745656692.0
61N9M6IMPR,Mamooty Chokshi,mamooty_chokshi@hotmail.com,1983-02-17,5210573363.0
QTR3EZCG42,Neysa Bandi,neysabandi@outlook.com,1976-03-02,6787897319.0
ANK0HPSQYG,Ojas Bal,ojasbal@outlook.com,1997-01-27,5948713010.0
1EYNO1NJRN,Jhanvi Cherian,jhanvicherian@outlook.com,1999-10-25,2715509420.0
OIBZ888OVA,Indrajit Setty,indrajit_setty@outlook.com,1982-08-18,7729288554.0
1WC4X8KF1W,Vihaan Bawa,vihaan.bawa@outlook.com,1966-10-05,6523418994.0
R0WXHPSG77,Saira Sethi,saira.sethi@outlook.com,1998-02-28,568232021.0
G609RZEY0N,Dhruv Yohannan,dhruv.yohannan@yahoo.com,1973-10-20,8819169472.0
WFK5WAFJC2,Ranbir Shankar,ranbir.shankar@hotmail.com,1970-04-07,1919581916.0
JEETRF9V1B,Ela Balakrishnan,elabalakrishnan@yahoo.com,1987-04-12,4787129856.0
UQD8GKP9G4,Alia Rana,aliarana@hotmail.com,1989-07-13,4655254254.0
WXR1IFF1FG,Samiha Bakshi,samiha.bakshi@outlook.com,1998-02-22,5076138374.0
3ETVP39H4Y,Yasmin Garde,yasmin_garde@hotmail.com,1981-12-20,4127928012.0
3PZNPMXDVW,Aarush Iyer,aarush.iyer@outlook.com,1990-02-09,2397463869.0
L91W22QFMU,Hridaan Zacharia,hridaan_zacharia@outlook.com,1995-03-15,3684213383.0
FMZGV8CMZ3,Kartik Desai,kartikdesai@outlook.com,1967-06-03,2016221144.0
E8LXDIDOGR,Armaan Kuruvilla,armaankuruvilla@outlook.com,1991-11-04,4792284271.0
X0AR66QNGC,Faiyaz Singhal,faiyaz_singhal@gmail.com,1966-07-04,2433494276.0
45FPET0L9G,Manikya Halder,manikyahalder@gmail.com,1991-01-25,9002014831.0
FNQG6XS8VP,Mohanlal Khalsa,mohanlal.khalsa@gmail.com,1997-07-10,4286359955.0
7GCJ7J2PH9,Pari Rajagopal,pari.rajagopal@outlook.com,1966-03-28,915055004.0
2EIOYMBD7O,Yasmin Gade,yasmin_gade@yahoo.com,1981-01-30,5747392811.0
YYI8TXK2XV,Samarth Goswami,samarth.goswami@yahoo.com,1991-01-20,51581452.0
I5O8NCM0G0,Parinaaz Ram,parinaazram@yahoo.com,1990-07-11,7195947019.0
XJSL38AICO,Kartik Dutta,kartik.dutta@outlook.com,2000-01-24,5871916609.0
3U2UMJ9VEQ,Abram Bhatnagar,abrambhatnagar@outlook.com,1994-02-10,991651156.0
ZW95URHYT2,Prisha Majumdar,prisha.majumdar@hotmail.com,1982-07-17,7795848601.0
HCTW06ZA5J,Ela Garde,ela.garde@yahoo.com,1987-12-05,1327557112.0
LMSCP7Z8J7,Nirvaan Sawhney,nirvaansawhney@gmail.com,1999-05-05,5282780127.0
EGK4SRRNTM,Dhanush Chander,dhanush.chander@gmail.com,2001-10-09,129574507.0
HKRUV7WPWN,Riaan Hegde,riaan_hegde@gmail.com,1974-08-27,5074190553.0
OW2OCHUC1B,Farhan Taneja,farhan.taneja@gmail.com,1979-04-24,6794988312.0
IHTBE31629,Amira Dugar,amira_dugar@yahoo.com,1979-06-15,5626053919.0
7ATP0OKR1K,Inaaya  Sood,inaayasood@hotmail.com,1987-03-21,5754275226.0
HV5K597MT9,Jayesh De,jayesh.de@gmail.com,1999-03-12,8925437652.0
CSG5WKCJL3,Shayak Bhatia,shayak.bhatia@yahoo.com,1971-10-08,4148644755.0
UB2404U1I9,Samarth Chawla,samarthchawla@outlook.com,1998-04-26,5613819173.0
N3N21ZI2QZ,Suhana Bahri,suhana.bahri@yahoo.com,1977-09-10,6859906237.0
06WIJPTUFO,Eva Gour,eva.gour@hotmail.com,1986-05-29,3034625011.0
389RLAB9L7,Hunar Iyengar,hunar.iyengar@hotmail.com,1991-09-19,1707671718.0
FPM2GU2CRM,Prerak Sani,prerak_sani@gmail.com,1992-07-09,8919350394.0
IT5GK3LTZ2,Romil Gandhi,romil_gandhi@outlook.com,1979-02-27,1534465583.0
QRI12Z0ZD2,Hridaan Divan,hridaan.divan@yahoo.com,1988-10-02,1971933801.0
MXKVSXHY0S,Darshit Sampath,darshitsampath@gmail.com,1996-05-27,34484752.0
BJQJFB0B1D,Pranay Shroff,pranay.shroff@yahoo.com,1995-07-09,450941774.0
O437FFGB9I,Kaira Deep,kairadeep@hotmail.com,1974-03-09,1635238646.0
29U8L1E1XJ,Faiyaz Gour,faiyazgour@outlook.com,2003-06-21,6414262434.0
5HEM214RF0,Sumer De,sumer_de@outlook.com,2003-05-19,934713759.0
OWP6K5REZD,Tarini Chaudhari,tarinichaudhari@outlook.com,1968-04-22,5298657963.0
FP82XRJJ2Y,Indrans Walla,indranswalla@gmail.com,1993-02-08,655432515.0
COLEHGHR9H,Indrajit Khare,indrajit_khare@gmail.com,2003-05-31,4033881016.0
4YNN5QVI0L,Ritvik Agate,ritvik_agate@outlook.com,1971-10-29,8291501308.0
K63MNHGC6G,Ira Dubey,ira_dubey@yahoo.com,1993-03-19,7039493197.0
NWSKJKJA3A,Hridaan Grewal,hridaangrewal@outlook.com,1985-04-17,2353853250.0
Q3ITTR2BDF,Tejas Handa,tejashanda@hotmail.com,1978-05-15,2896195616.0
DZTZJGUAR3,Samaira Kamdar,samairakamdar@hotmail.com,1966-02-09,1640572174.0
BWJZT5AT92,Yuvaan Sant,yuvaansant@gmail.com,2003-12-01,508936540.0
7N2V6CWSWJ,Raunak Kannan,raunak.kannan@gmail.com,2001-12-01,618426865.0
FRLPSR52S5,Rania Contractor,raniacontractor@hotmail.com,1991-12-22,8348141225.0
FFBIMY9M3A,Vardaniya Kala,vardaniyakala@gmail.com,1967-12-17,5527883151.0
5ALQWXS2DQ,Raghav Bhattacharyya,raghav_bhattacharyya@hotmail.com,1984-02-25,5388470722.0
LIS24ZJL3Q,Misha Rana,misha.rana@outlook.com,1995-08-05,7761826371.0
0E73F3VPA6,Shamik Solanki,shamiksolanki@yahoo.com,1975-07-27,6942581141.0
5E7BB4Y5BH,Lakshit Acharya,lakshitacharya@yahoo.com,1996-03-25,5754944594.0
B87XKQWEL1,Kartik Sehgal,kartiksehgal@gmail.com,1983-12-19,160565390.0
35Y84GUL7T,Miraya Halder,mirayahalder@hotmail.com,1990-10-04,2592552639.0
UJG5RKR993,Hridaan Borde,hridaan.borde@yahoo.com,1976-09-02,6920001436.0
38KG8ETCY0,Prisha Mani,prisha_mani@outlook.com,1967-01-12,8985791222.0
VSYP9JPN3D,Shaan Gole,shaan_gole@yahoo.com,1978-07-18,9383682678.0
MGAIBDO871,Rati Maharaj,rati_maharaj@outlook.com,1976-12-06,2133930911.0
64FBUJJNFU,Riaan Kade,riaankade@gmail.com,1975-10-04,9507234688.0
0PQ8TR2MV9,Uthkarsh Toor,uthkarsh_toor@hotmail.com,1967-05-14,1534348137.0
VKNW1JOXNZ,Stuvan Sura,stuvan.sura@yahoo.com,1982-01-09,3975205604.0
Q3BV1MF5HZ,Ela Kashyap,elakashyap@yahoo.com,1987-01-29,857431456.0
6KVS508R9W,Baiju Contractor,baijucontractor@hotmail.com,1998-10-29,2697246166.0
21FVZTW2PI,Siya Sani,siya.sani@gmail.com,1974-05-12,9721678374.0
HZDGV2JYU1,Dishani Jhaveri,dishanijhaveri@gmail.com,1984-11-10,4741745741.0
566NI2VPBM,Nayantara Tak,nayantaratak@gmail.com,1969-12-16,4428781880.0
U4L01Z1V56,Keya Das,keya.das@gmail.com,1993-06-22,982715891.0
W7PHHQAJFF,Nayantara Kalla,nayantarakalla@yahoo.com,2004-10-26,1924977657.0
RURLR71U8A,Aarna Ramachandran,aarna.ramachandran@gmail.com,1977-12-04,6696139495.0
P4DNLPNFZU,Raghav Rama,raghavrama@yahoo.com,1984-09-07,3744892441.0
TU7HHH6GSE,Nakul Sengupta,nakul_sengupta@outlook.com,2003-11-22,7523446683.0
K2XXPKO5HA,Kashvi Bhagat,kashvi_bhagat@hotmail.com,1969-11-03,2122390721.0
CEZHOL1VEQ,Jayesh Lalla,jayeshlalla@hotmail.com,1972-06-13,8300966231.0
UJ4FPRN4QY,Manjari Varma,manjarivarma@yahoo.com,1978-12-26,6120979285.0
XOPX8AOJPM,Tarini Krish,tarinikrish@gmail.com,1968-09-12,5171798044.0
V32CKAQ4Z4,Ishaan Ramachandran,ishaan_ramachandran@outlook.com,1976-06-18,7803031864.0
TRPML2H6ZT,Kismat Ganguly,kismat.ganguly@outlook.com,1973-06-05,4048499087.0
1E0N3IHY7Q,Tushar Dutt,tushar_dutt@hotmail.com,1972-01-10,1325453821.0
CIROXT4ZNV,Jhanvi Viswanathan,jhanviviswanathan@outlook.com,1980-01-10,986115223.0
AV9ZH8D3KL,Armaan Sachdev,armaan_sachdev@outlook.com,1986-03-19,7564736166.0
M65LWEP9A6,Anvi Bala,anvi_bala@outlook.com,1998-02-10,4122024703.0
CNJQE63LAG,Gatik Aggarwal,gatikaggarwal@gmail.com,1997-11-09,6049038617.0
R24XSL8FKE,Anay Dhawan,anay_dhawan@yahoo.com,1994-11-06,3309882205.0
Y0ZM363N5K,Hazel Ram,hazel_ram@hotmail.com,1966-06-20,272693717.0
Y1NLNSHW3E,Akarsh Hayre,akarshhayre@outlook.com,1995-04-22,3977891384.0
1VDAD52HRE,Priyansh Sinha,priyanshsinha@hotmail.com,1991-07-17,4892582772.0
NX8MCZ77QB,Anahita Deshpande,anahita.deshpande@yahoo.com,1997-01-13,1799526117.0
78CT3J84FM,Seher Gala,seher_gala@hotmail.com,1975-11-16,5510575398.0
QN97DI0X7F,Alisha Vala,alishavala@yahoo.com,1986-06-23,8333307529.0
0SZSTC9BME,Renee Vasa,renee_vasa@yahoo.com,1994-05-25,4984857708.0
WT2OBN5VYO,Elakshi Agarwal,elakshi.agarwal@yahoo.com,1974-01-15,9200562293.0
A4F4DQPN4V,Jiya Sachar,jiyasachar@yahoo.com,1967-12-15,391388500.0
9QZ0J01CT6,Dharmajan Khanna,dharmajankhanna@hotmail.com,1988-11-21,6884084275.0
ZVN54IA0QZ,Saanvi Shroff,saanvishroff@hotmail.com,2001-12-13,3560216246.0
6E6X54VG8W,Manjari Korpal,manjari.korpal@yahoo.com,1978-02-16,8601093123.0
KDBHPNTJUE,Nirvaan Dugar,nirvaan_dugar@outlook.com,2001-05-01,3490165359.0
2A2Q484759,Jhanvi Joshi,jhanvi_joshi@yahoo.com,1986-04-25,2143879725.0
9XB854R4LW,Kismat Deep,kismat_deep@hotmail.com,1967-07-02,1574529607.0
DKO7JCKLP5,Indranil Virk,indranilvirk@hotmail.com,1978-12-10,2479180098.0
1A81ACPZIC,Reyansh Ganesan,reyanshganesan@yahoo.com,1990-10-17,4194773937.0
GQTZCUPWIV,Rania Jaggi,raniajaggi@outlook.com,1994-10-18,7924871563.0
Q9XQ2AODNP,Yakshit Kapadia,yakshitkapadia@hotmail.com,2001-04-11,8678615765.0
GEK6PPULVZ,Anika Jaggi,anika_jaggi@yahoo.com,1978-05-19,8089798779.0
UJTO7XEIUW,Rohan Dubey,rohan_dubey@yahoo.com,1975-12-15,1353253024.0
W8R2BPK7KH,Manjari Agrawal,manjari.agrawal@gmail.com,1968-03-27,7376699260.0
ARFDIV3CBL,Kashvi Malhotra,kashvi_malhotra@hotmail.com,1969-10-23,275421650.0
QSJ4CHUODV,Ela Kalita,ela.kalita@yahoo.com,1988-07-30,1295431358.0
RIR2ZAALHI,Saanvi Saxena,saanvisaxena@gmail.com,1981-03-12,3679409054.0
CZBS96PAUH,Kartik Dugal,kartik_dugal@outlook.com,1996-08-14,5112902058.0
XW2Y028FHB,Indranil Brahmbhatt,indranilbrahmbhatt@yahoo.com,1968-11-24,5402667225.0
J4VTH3AZ8G,Kaira Bose,kaira_bose@hotmail.com,1994-03-20,8369782278.0
03THKC9D4L,Umang Chanda,umang_chanda@outlook.com,1982-04-16,1573867782.0
3KU5BV7CA5,Diya Balan,diya_balan@yahoo.com,1992-10-17,6104447812.0
ADUECB7P9D,Nirvaan Chawla,nirvaan_chawla@hotmail.com,1984-05-30,7311073963.0
LTG5BW688R,Kartik Konda,kartik_konda@outlook.com,1968-10-30,284839398.0
E5J6KOEQDD,Pihu Sem,pihu.sem@outlook.com,1974-06-27,3692058244.0
5WYWVWYDAG,Anahi Chanda,anahi_chanda@hotmail.com,1993-08-18,4850340780.0
DAX6PNEQNR,Yashvi Ramanathan,yashviramanathan@gmail.com,1972-09-20,2180622824.0
6DI1B9UP1N,Shayak Sami,shayak_sami@yahoo.com,1989-04-18,5352131649.0
PIMIQNBMZA,Aniruddh Boase,aniruddh_boase@gmail.com,1972-02-05,8057163820.0
NU260S8YNS,Aarna Bhatt,aarna_bhatt@yahoo.com,1985-08-03,9109627264.0
Y70SC1G6C8,Anvi Dar,anvidar@hotmail.com,1966-04-11,7084420596.0
HY89RJ7LMK,Siya Mall,siyamall@yahoo.com,1982-02-17,6276158592.0
ZRHVX254O6,Anika Dave,anikadave@gmail.com,1969-02-07,659885034.0
N9HGQJ4THJ,Umang Walla,umang_walla@gmail.com,1967-12-16,7315493090.0
C9ANA54PC7,Dhruv Malhotra,dhruvmalhotra@yahoo.com,1993-05-28,954273897.0
QRNM5A2U1D,Gokul Dhaliwal,gokul.dhaliwal@gmail.com,1989-07-21,574392445.0
PPONCEK35D,Eva Bhagat,evabhagat@yahoo.com,2000-07-04,3877527480.0
YCFKZRRJ2J,Armaan Rama,armaan.rama@hotmail.com,1979-03-09,7724944571.0
6MX83Q3DXS,Samar Kothari,samar_kothari@outlook.com,1986-10-03,2723603485.0
6HAXE0QVHC,Jivin Konda,jivin.konda@gmail.com,1995-03-07,2253561189.0
3GT6QMJL6S,Baiju Arya,baijuarya@outlook.com,1966-09-29,9212457784.0
MSLOJ0W398,Mohanlal Korpal,mohanlalkorpal@gmail.com,1983-06-25,5290755248.0
MEGT40KKPF,Yasmin Khare,yasmin.khare@hotmail.com,1980-05-29,7019183916.0
FKQBRZQ76Z,Oorja Konda,oorja_konda@gmail.com,1986-04-10,277424056.0
JKOBXF4QQE,Neysa Kumer,neysakumer@gmail.com,1996-06-04,6000517831.0
G8QIYSJ34J,Keya Yadav,keya.yadav@outlook.com,1971-02-13,2263086871.0
0B387SSWCA,Arnav Kamdar,arnav_kamdar@yahoo.com,1991-10-31,7764755064.0
D1DR70CMUP,Biju Luthra,biju_luthra@yahoo.com,1972-03-13,8115462482.0
VELR8SDMBG,Sumer Ganesan,sumer_ganesan@yahoo.com,1975-11-16,861934996.0
HACJKVFN1Y,Krish Sampath,krish_sampath@gmail.com,1989-09-02,9271850042.0
7DFQZCZKT1,Prisha Bava,prisha.bava@gmail.com,1973-01-09,7253285025.0
SL2JTR27Y5,Kismat Saha,kismatsaha@yahoo.com,1970-11-20,7986858282.0
GCUSIMK5SH,Riya Bains,riyabains@outlook.com,2000-08-14,9752035247.0
ZU25PGNY9D,Manjari Thakkar,manjari_thakkar@gmail.com,1983-05-04,8912654083.0
0VMZ2H4A0C,Gatik Choudhury,gatik_choudhury@hotmail.com,1989-08-08,3637649011.0
OJKXQN5B9O,Saira Chanda,saira.chanda@yahoo.com,2004-01-08,8947669797.0
BWLFUIRYOS,Uthkarsh Devi,uthkarsh.devi@gmail.com,1996-08-14,9645444169.0
WTZ8DFT8MM,Ira Sodhi,irasodhi@yahoo.com,1999-11-13,1144684399.0
XMMRYHW5YT,Amira Virk,amira_virk@outlook.com,1988-11-01,7362254199.0
JBKJFPJ73W,Nitya Bail,nityabail@outlook.com,1991-10-13,7721723015.0
I4MCYZKA4K,Kabir Dani,kabirdani@outlook.com,1996-07-01,5338886874.0
1KDWUSU6Q9,Sana Chakrabarti,sanachakrabarti@hotmail.com,1985-07-10,1546155013.0
2LK3SFJ1E9,Anvi Tata,anvi.tata@gmail.com,1988-01-16,5859480711.0
MGIOVFSWZ0,Taimur Ranganathan,taimurranganathan@outlook.com,1988-03-08,4477617807.0
X1UE5P3K00,Rasha Gour,rasha.gour@gmail.com,2003-12-08,1562646419.0
8XP8ZWLK0I,Prisha Khosla,prisha.khosla@outlook.com,1971-06-16,6962036052.0
3NPTM187DX,Aaina Datta,aainadatta@yahoo.com,1973-09-14,3140000874.0
6R7GUBBCCI,Indranil Grewal,indranilgrewal@hotmail.com,1999-01-01,639457647.0
EJHEIYS8TA,Farhan Bath,farhan.bath@yahoo.com,1969-04-13,8927927397.0
T0PP6806G2,Stuvan Bajaj,stuvanbajaj@gmail.com,1995-10-06,8323164606.0
UDBXXHCUVH,Ivan Bansal,ivanbansal@gmail.com,1980-09-08,8149679931.0
5AW9P2L0J9,Ojas Thaker,ojasthaker@gmail.com,1990-03-21,4444234380.0
WR8RG7HFEQ,Himmat Sundaram,himmat_sundaram@hotmail.com,1983-07-14,9924153948.0
8U7ARLNZ5C,Nirvaan Barman,nirvaanbarman@gmail.com,1971-07-08,5020955784.0
01HD3ROU5E,Charvi Kapur,charvikapur@outlook.com,1993-09-30,3275233200.0
KROR6JM64K,Yuvaan Vohra,yuvaan.vohra@hotmail.com,1976-07-01,3598932879.0
614L28K37I,Piya Mangal,piya.mangal@yahoo.com,1979-10-07,4920029044.0
491CSSUOTG,Rati Krishnamurthy,rati.krishnamurthy@hotmail.com,2002-06-26,5306030687.0
GB0GEIA8YY,Badal Ben,badal.ben@gmail.com,1993-07-21,7473183004.0
G6YCX414F1,Kiara Shukla,kiarashukla@yahoo.com,1996-07-17,879878184.0
W0FQE7V9J9,Faiyaz Khatri,faiyaz.khatri@gmail.com,1999-11-19,3753849605.0
RDANWMRXUG,Saksham Buch,sakshambuch@gmail.com,1991-03-23,3261869595.0
3QAXZ606A5,Heer Karnik,heer.karnik@outlook.com,1980-03-08,9919219633.0
QXV7QJCODS,Zaina Bajaj,zaina.bajaj@gmail.com,1988-08-02,3573976192.0
E1PND0VTUO,Jhanvi Buch,jhanvi.buch@yahoo.com,1983-02-07,2018718935.0
VFE81FJWH6,Faiyaz Bajaj,faiyaz.bajaj@outlook.com,1979-08-17,35090650.0
GF7GNBULPV,Pari Shroff,pari_shroff@hotmail.com,1987-02-22,901795214.0
B5RA92CVM8,Anay Ravel,anayravel@yahoo.com,1991-06-28,8090472281.0
UP9O1Q0UXT,Krish Setty,krish.setty@gmail.com,1979-09-18,3301900992.0
0VCYHGZZJK,Zara Koshy,zara.koshy@yahoo.com,1967-06-11,2865103924.0
FB8N5E0CQM,Ira Chakraborty,ira.chakraborty@outlook.com,1985-11-06,2049570358.0
EKLC9P7HLE,Zaina Dhillon,zainadhillon@outlook.com,1972-07-29,7047471787.0
L2IVMG4PTU,Pranay Chandra,pranay.chandra@gmail.com,1992-10-13,7713461262.0
EZEPSRODAI,Jivika Deshpande,jivika.deshpande@hotmail.com,1995-02-27,5307186387.0
MJFMGP32PU,Raunak Varma,raunak.varma@gmail.com,2004-01-20,2873075781.0
6GMA075U72,Nirvaan Hans,nirvaan_hans@gmail.com,1990-09-20,5211856931.0
2RDXSJH6MA,Hrishita Balay,hrishita.balay@gmail.com,1971-05-07,4272154062.0
YLBBTTXX43,Shalv Khatri,shalv.khatri@hotmail.com,1975-12-20,312456906.0
F46UDVHONX,Zeeshan Chand,zeeshan_chand@outlook.com,1989-12-12,1186553385.0
9RNTGAV605,Lagan Bir,laganbir@outlook.com,1973-02-02,8013385374.0
KKZV3BZ205,Uthkarsh Samra,uthkarshsamra@outlook.com,1985-10-30,7894313721.0
AYP8SMHI36,Darshit Ravel,darshit.ravel@outlook.com,1970-06-15,995773837.0
IPCCOITKLK,Yuvraj  Seth,yuvraj_seth@outlook.com,2002-10-19,8511676160.0
Z4XJ4TLZZF,Dhanush Trivedi,dhanush_trivedi@outlook.com,1993-11-21,1994852279.0
YQDPY0K40E,Mahika Gupta,mahika.gupta@outlook.com,1969-11-02,2040519853.0
RJXWYXODU8,Alisha Borah,alisha_borah@hotmail.com,1977-03-10,5274248737.0
OL2AJ75VK9,Kanav Ram,kanavram@outlook.com,1966-11-24,9879819857.0
ZBMGWOHLTL,Kabir Ravel,kabir_ravel@yahoo.com,1969-04-29,8545319486.0
PLICA6E2OT,Jayant Sangha,jayant.sangha@yahoo.com,1991-12-25,5878023260.0
0JQ3JFLWMD,Dhanuk Bose,dhanukbose@outlook.com,1986-05-28,2756762438.0
NGYH5GFZ2W,Sara Jain,sara.jain@outlook.com,1978-04-14,7692286054.0
PH2L7A3DJO,Rania Bala,rania.bala@yahoo.com,1989-01-28,5194726968.0
GKKMT37KFY,Aaryahi Raja,aaryahiraja@hotmail.com,1997-05-19,875000439.0
L04PVD5WDO,Mehul Dutta,mehul.dutta@outlook.com,1972-06-06,5641468113.0
A7V05H5OO3,Kavya Vohra,kavyavohra@yahoo.com,1995-12-20,8110803437.0
V1IEGSC21J,Sana Date,sanadate@gmail.com,1974-12-13,3035812633.0
3S1LLNGDQ4,Onkar Tak,onkar_tak@yahoo.com,1976-09-20,61323869.0
D68O4Q1YM8,Zoya Baral,zoya_baral@yahoo.com,1982-07-04,3720902219.0
J7NWWSPFTF,Aradhya Chadha,aradhya.chadha@yahoo.com,1986-05-13,9247101067.0
WWW23DPI8C,Rati Andra,rati.andra@hotmail.com,1970-07-30,292111025.0
0XKVY7TB2V,Aarush Kota,aarushkota@hotmail.com,1980-03-22,6189034358.0
2MW90ZT8Y4,Zain Setty,zain.setty@hotmail.com,1981-06-08,6458616465.0
X2KLTV45I2,Myra Bassi,myra_bassi@outlook.com,1994-05-04,414519244.0
0BS7DGYMR6,Tarini Bava,tarinibava@outlook.com,1992-01-26,759672329.0
TCWBIH6V1S,Drishya Barad,drishyabarad@hotmail.com,1983-03-14,6894562250.0
2BADLPIJEW,Eshani Verma,eshani_verma@outlook.com,1991-07-02,9952610195.0
ZINKD7UCIY,Tushar Chopra,tusharchopra@outlook.com,1987-02-03,7137975755.0
JOBVARCSZQ,Amira Sengupta,amira.sengupta@hotmail.com,1974-06-06,8371514705.0
1WLC655MGL,Gatik Sachdev,gatik_sachdev@yahoo.com,2003-04-10,1046390515.0
ZWNFWOVB9D,Shalv Chokshi,shalvchokshi@yahoo.com,1974-05-24,1370770288.0
N55MLR05QY,Nayantara Sinha,nayantara_sinha@outlook.com,1985-07-29,5682616024.0
PPYULIBQBA,Reyansh Varghese,reyanshvarghese@yahoo.com,1987-04-19,5496875180.0
UW7RH2XAYH,Aayush Dewan,aayush_dewan@outlook.com,1976-01-24,1319326328.0
6ZDSTYPBN0,Saira Vora,saira.vora@hotmail.com,1970-01-11,3381235178.0
A0MVPJGAHC,Aayush Setty,aayush_setty@yahoo.com,2004-06-29,2398427255.0
1RP4KZIDBU,Indranil Sem,indranilsem@gmail.com,1980-12-30,6389230246.0
HJPHLKM3AW,Onkar Acharya,onkaracharya@outlook.com,1966-04-01,985060063.0
VJEK06PDE3,Lavanya Sundaram,lavanyasundaram@yahoo.com,1998-10-12,5586469620.0
Z9UQFI8Y6X,Shalv Aggarwal,shalvaggarwal@gmail.com,1974-07-08,7025338963.0
526ZTHW2O1,Faiyaz Jain,faiyaz_jain@yahoo.com,1993-10-16,4699277273.0
9543DNNNG7,Dhruv Hans,dhruvhans@yahoo.com,1998-01-03,1853724755.0
CZ8D6EZK3R,Kashvi Gandhi,kashvigandhi@outlook.com,1989-07-12,7444102330.0
QNRXV5CKW0,Dishani Swaminathan,dishani.swaminathan@yahoo.com,1970-03-15,5412306952.0
C7SCDF4EW8,Vardaniya Handa,vardaniya.handa@gmail.com,1999-05-28,822487363.0
1S9F7RIA6Z,Aaina Tella,aainatella@gmail.com,1971-11-30,2565200071.0
BQ9DEX0CY0,Azad Khurana,azadkhurana@outlook.com,1991-01-25,3830543397.0
T4UFZ3HBG5,Vidur Garde,vidur.garde@gmail.com,1968-04-20,6812615910.0
VTQBH1PELO,Badal Yohannan,badalyohannan@hotmail.com,1994-02-21,4220232453.0
J712Y10913,Adira Wable,adira_wable@hotmail.com,1996-11-12,3194012922.0
OFKJG6RGKV,Farhan Ranganathan,farhan.ranganathan@hotmail.com,1992-09-20,9423888076.0
JXRRCSOKXI,Keya Viswanathan,keya.viswanathan@hotmail.com,1975-11-02,8651940827.0
NU5WU7S2BX,Anay Handa,anayhanda@yahoo.com,1972-09-13,6918279200.0
O78KV7MGW8,Lakshay Tara,lakshay.tara@hotmail.com,1976-05-12,7512959987.0
1QXCITJOU0,Dishani Rau,dishanirau@outlook.com,1994-04-02,4386753464.0
I7Y0GCHR4L,Jayant Venkataraman,jayantvenkataraman@gmail.com,2002-05-06,3310558633.0
2TWIA3LWCZ,Ishita Gola,ishita_gola@hotmail.com,1994-10-09,6624701804.0
EEIHG0E1D2,Samaira Badami,samaira.badami@hotmail.com,1973-10-28,4405157011.0
8NRZKDQF1X,Mannat Kothari,mannatkothari@gmail.com,1992-04-17,1716261314.0
HZT8WX02ZS,Sara Boase,sara.boase@gmail.com,1994-04-24,1370626390.0
OXU2L22AAN,Amani Anand,amani_anand@outlook.com,1989-09-03,5361839484.0
981I7CP8RX,Sumer Manda,sumer_manda@outlook.com,1980-06-01,1271157546.0
8ALZ0ER9FW,Navya Thaker,navya_thaker@gmail.com,1991-07-16,7805057714.0
UCIMPSBIH5,Nakul Konda,nakul_konda@yahoo.com,1999-09-14,6125786855.0
YPEAI77RDG,Renee Sridhar,renee.sridhar@yahoo.com,2001-02-05,8675513251.0
WO9X94EE4A,Advik Sarkar,advik_sarkar@outlook.com,1994-03-03,9814649400.0
MLZ1I2DVFJ,Jivika Chakraborty,jivika_chakraborty@gmail.com,1974-05-12,828445122.0
3D9LNGSBK0,Vedika Dara,vedika_dara@yahoo.com,1976-08-06,5147826036.0
5GGG22IXCI,Nirvaan Tiwari,nirvaan.tiwari@outlook.com,1968-04-28,5313174916.0
SP9LK15YBD,Mannat Dani,mannatdani@gmail.com,1975-07-16,923385889.0
PCGSKLXJP7,Bhamini Iyengar,bhaminiiyengar@outlook.com,1995-11-30,5788264577.0
JGE8XLPZ4Z,Prisha Vasa,prishavasa@outlook.com,1967-08-04,1363846188.0
SJ0X470RGJ,Ryan Ghose,ryan.ghose@outlook.com,1988-11-30,79653765.0
M9U30QVNRC,Miraya Goyal,mirayagoyal@gmail.com,1985-11-25,6682593005.0
GQX9608O0E,Dhruv Rajan,dhruv_rajan@outlook.com,1985-09-25,7827861902.0
NHUFXILHQX,Hrishita Bajwa,hrishita.bajwa@gmail.com,1975-04-11,1711644908.0
5J0RX0SL0I,Aarna Kalla,aarna.kalla@gmail.com,1972-10-22,501473359.0
G6IC4N2OH7,Ryan Ramaswamy,ryanramaswamy@outlook.com,1970-08-10,5479859614.0
7AVNE1TE11,Vritika Rama,vritikarama@outlook.com,1973-10-27,6496999768.0
08LYNGOM84,Pari Arya,pari_arya@hotmail.com,1971-01-19,3813734985.0
EH6MN6RSO1,Taimur Dugal,taimurdugal@outlook.com,1997-05-21,3141648094.0
5ERC2S207Y,Jhanvi Srinivasan,jhanvisrinivasan@outlook.com,2001-01-08,4478806668.0
HEP50IPJZ0,Pihu Manne,pihu.manne@outlook.com,1972-05-17,9531036647.0
IGUC66MWTZ,Lavanya Kala,lavanya_kala@hotmail.com,1977-03-07,7826588782.0
YSNR0ZJQ4Y,Dhanuk Korpal,dhanukkorpal@hotmail.com,1993-04-12,115537942.0
FUCUUBCCMS,Aaryahi Mane,aaryahimane@outlook.com,1991-09-13,4489039821.0
NBY7VCL2DF,Riya Luthra,riya_luthra@outlook.com,1972-03-01,8587174406.0
BVT8C2UQ22,Jivika Som,jivika.som@yahoo.com,1975-07-29,6974899280.0
XVYITCZORL,Sumer Dhar,sumer.dhar@hotmail.com,1977-10-01,8477435021.0
XRK1C8MS1J,Pranay Sundaram,pranaysundaram@gmail.com,1987-06-05,9782056051.0
DLNLDLO01P,Nayantara Bandi,nayantarabandi@hotmail.com,1983-06-15,3432468903.0
GDSY0WMSC8,Hiran Chaudhuri,hiran.chaudhuri@gmail.com,2000-07-29,6420812785.0
7H2K5R91G9,Onkar Thaker,onkar_thaker@yahoo.com,1997-04-25,8147722709.0
UMDZ3U8LOR,Hridaan Kota,hridaan_kota@yahoo.com,1979-06-14,7577196699.0
BE7114TIDK,Vanya Jain,vanya_jain@outlook.com,1968-10-27,8273907113.0
K29U8ZYOQH,Anya Kade,anyakade@outlook.com,1974-06-20,2278479606.0
AAIXCPDM5J,Hiran Raval,hiran.raval@hotmail.com,1983-02-07,8840188636.0
IJAPJPVQH9,Jiya Atwal,jiya_atwal@yahoo.com,1969-08-22,3221505392.0
ZYVR9TKQN2,Navya Chandran,navya_chandran@outlook.com,1990-05-27,3873965905.0
13AC0XTQYJ,Vivaan Babu,vivaan.babu@outlook.com,1990-05-07,3020416849.0
24CTLBA6M1,Badal Sampath,badal_sampath@yahoo.com,1976-10-14,5872450057.0
L5C8Y09YR3,Yakshit Kapoor,yakshit.kapoor@hotmail.com,1974-12-11,610139669.0
TU3JAW40ZV,Kismat Kalita,kismat.kalita@gmail.com,1998-05-28,9588075550.0
KFVYO02CG4,Farhan Saini,farhansaini@gmail.com,1991-01-07,6739865912.0
V97NL10QIQ,Stuvan Gandhi,stuvan.gandhi@gmail.com,1999-08-28,6204508249.0
HJXEMZ6V9C,Misha Lala,misha.lala@hotmail.com,1969-05-25,2845975649.0
P37KB9XHWA,Bhamini Bhatnagar,bhamini.bhatnagar@yahoo.com,1985-07-23,1045583928.0
EEEQKIOROV,Rohan Viswanathan,rohan_viswanathan@hotmail.com,2001-01-06,7249736083.0
A5POZE4H2K,Chirag Dass,chirag.dass@gmail.com,1991-07-27,3582234319.0
9NTX49IO8J,Rohan Garde,rohangarde@yahoo.com,1982-08-14,5735965630.0
3D46RYGY3F,Lakshay Dada,lakshaydada@gmail.com,1970-07-27,7408531177.0
1CHB5AA2RV,Nirvi Gill,nirvi_gill@hotmail.com,2002-08-06,7280656713.0
NMELODZB4M,Kiara Dara,kiara.dara@hotmail.com,1995-09-17,5702798777.0
JE336EER2F,Jayant Rama,jayant.rama@outlook.com,1967-05-15,4770253271.0
EFQE6M9MXN,Tanya Golla,tanya.golla@outlook.com,2002-12-20,510135466.0
ATLDQZOJG6,Jivika Dada,jivikadada@gmail.com,1980-11-01,5753129980.0
VVXK38KZ1G,Abram Majumdar,abram.majumdar@yahoo.com,1973-01-12,2327446877.0
ZN61W0G2J9,Nayantara Ravel,nayantara.ravel@outlook.com,1967-07-29,4285412318.0
0N9JME8PDW,Pranay Gupta,pranaygupta@yahoo.com,1966-05-22,1900458720.0
WC903846N7,Pihu Kata,pihu_kata@gmail.com,1972-04-26,7478309617.0
CPMUSVYO9T,Pranay Shenoy,pranay.shenoy@outlook.com,1986-10-03,5874911552.0
7QSF51CQ4P,Nirvi Tak,nirvi_tak@gmail.com,1973-11-21,7280174703.0
LMAUW2SMX0,Advika Kapur,advikakapur@gmail.com,1966-01-31,4086711261.0
DB2HI07NCA,Anya Deo,anya.deo@outlook.com,1981-01-03,6180067625.0
0CQTZ2BQM7,Samar Dave,samar_dave@hotmail.com,1970-05-26,2096603206.0
4QUSPJBWRR,Aayush Bhatia,aayush.bhatia@hotmail.com,1973-07-27,1266022495.0
3GDEHVR29E,Rohan Saran,rohan.saran@outlook.com,1998-11-14,4416371524.0
BD0D8GW6ZK,Damini Dada,daminidada@yahoo.com,1986-11-14,349288645.0
WXKKV9TIIB,Hazel Saini,hazelsaini@hotmail.com,2001-09-01,1630517354.0
XJOI1QFOCF,Gokul Gopal,gokul.gopal@outlook.com,2004-06-20,9873950537.0
KUVU0D4VEV,Devansh Gala,devanshgala@hotmail.com,1968-02-09,2152321885.0
EFU83YE6QF,Ishita Ahuja,ishita_ahuja@gmail.com,1981-06-04,4526708611.0
VPPDZCBVG8,Parinaaz Johal,parinaazjohal@gmail.com,1988-05-14,9058556913.0
F2DLJ26VS3,Samarth Wable,samarth.wable@outlook.com,2001-11-19,3399953409.0
LIQZZLBCCH,Aradhya Rana,aradhyarana@gmail.com,1991-04-30,506106371.0
LQZ8ET92I5,Onkar Bakshi,onkar.bakshi@yahoo.com,1999-04-30,8268611364.0
G8LB5RZ8FV,Darshit Kaur,darshitkaur@gmail.com,1999-10-24,7196521780.0
J6B7ABNB2F,Bhavin Anand,bhavin_anand@yahoo.com,2000-12-08,2411905407.0
YMYR5Z1XXE,Indrans Iyer,indrans.iyer@outlook.com,1971-10-20,3592225393.0
Z4BN551BRZ,Samar Gopal,samargopal@gmail.com,1977-03-11,3341118945.0
G4K4HDU58O,Jayant Doctor,jayantdoctor@hotmail.com,1994-07-07,2224048641.0
ACPWB1LSR8,Shanaya Singh,shanaya_singh@hotmail.com,1972-08-06,1025588779.0
WGXBCX6LFN,Stuvan Varghese,stuvan.varghese@outlook.com,1982-08-21,7907290188.0
EPB1P6R4XC,Anika Thakkar,anika_thakkar@gmail.com,1999-08-04,8285946669.0
RCVXLL6GV9,Indranil Saraf,indranil.saraf@yahoo.com,1976-12-12,3753537132.0
9NQ3GZG19N,Tejas Devan,tejas.devan@yahoo.com,2002-01-18,5007749188.0
YQGJX378SX,Samar Chaudhuri,samarchaudhuri@yahoo.com,1999-03-09,6729163689.0
699FZF570K,Priyansh Buch,priyansh_buch@outlook.com,1991-12-19,8373159918.0
I4W2ZZ29U7,Oorja Sane,oorjasane@gmail.com,1970-10-28,5328483481.0
P28ZRAV054,Navya Bali,navya.bali@hotmail.com,1987-07-20,4715494516.0
QHQKDKN5KT,Lakshit Bali,lakshit_bali@outlook.com,1990-02-13,5753679222.0
CZ46CBO6NS,Kimaya Bhardwaj,kimaya_bhardwaj@outlook.com,1984-04-13,8843954653.0
4FAIQBKVKV,Amani Yadav,amani.yadav@yahoo.com,1999-10-02,4380114094.0
MFUCB49NBS,Hiran Yohannan,hiran.yohannan@outlook.com,2002-02-15,8990507169.0
XK0JHS3IH1,Hansh Som,hanshsom@gmail.com,1977-06-07,3838965983.0
YIN63WZGX8,Lagan Dara,lagandara@hotmail.com,1978-08-23,2102584570.0
CZGM5KB9WF,Lagan Khatri,lagankhatri@outlook.com,1985-05-04,5984759993.0
SPYHG6G4DV,Aarush Khosla,aarushkhosla@gmail.com,1978-10-17,7736679321.0
LWGAMB4ZZW,Prisha Gill,prishagill@hotmail.com,1974-10-26,9727668362.0
9R4NHWQPN4,Shayak Sha,shayaksha@hotmail.com,1996-06-16,5434065210.0
0W57HD5GET,Vidur Shroff,vidur_shroff@yahoo.com,1981-11-01,238778028.0
XIW5ZUPTFQ,Jayan Setty,jayan_setty@hotmail.com,1979-11-29,5044108379.0
B5NFHA030O,Anahita Saha,anahita_saha@outlook.com,2002-11-02,6503594166.0
1WY6405VNO,Onkar Mannan,onkar.mannan@outlook.com,1996-01-11,8051981878.0
NI3KFXBI5R,Nitara Krishnamurthy,nitara.krishnamurthy@hotmail.com,1989-07-31,8130348194.0
5K3LZG5VM5,Aaina Das,aaina_das@outlook.com,1968-03-10,7840224495.0
UY6ZXBU3FB,Dhruv Ramanathan,dhruv_ramanathan@gmail.com,1987-12-14,9695146106.0
MQ7E3GA2FK,Ehsaan Rastogi,ehsaan.rastogi@hotmail.com,1969-09-27,5253649826.0
SVL2TUEX2W,Raghav Golla,raghav.golla@gmail.com,1990-01-27,2194560689.0
ZOQ07ZERIV,Nayantara Koshy,nayantara_koshy@yahoo.com,1972-04-21,4606541228.0
IDYE4HPOYF,Rasha Vala,rashavala@hotmail.com,1991-07-07,2983614066.0
WLOHQP0SHJ,Yasmin Bir,yasmin_bir@yahoo.com,1991-03-03,1280208570.0
U7OY7C1S6Y,Vivaan Bhatnagar,vivaan.bhatnagar@yahoo.com,1978-06-22,8142965157.0
2772AI8GXF,Nayantara Goswami,nayantara_goswami@hotmail.com,2001-04-18,2588811629.0
ZKZMS6X52A,Urvi Sarraf,urvi.sarraf@hotmail.com,1970-01-03,8727312995.0
84INUCO6HY,Keya Desai,keya.desai@hotmail.com,2001-07-24,2350457814.0
X1ANE6AIPC,Zaina Kapoor,zainakapoor@gmail.com,1974-02-04,185050142.0
LWF1459X61,Madhup Yadav,madhup.yadav@outlook.com,1968-01-23,3610970392.0
SJMS05L1Z1,Kiaan Kala,kiaankala@gmail.com,1994-09-08,2137882001.0
SI6QPHMPZD,Aarav Jani,aaravjani@hotmail.com,1993-07-22,2224992943.0
QJAAUE3HNG,Saira Kadakia,saira_kadakia@hotmail.com,1971-04-20,5505039280.0
C29LOBP35Q,Ayesha Edwin,ayeshaedwin@yahoo.com,1985-10-27,3834695779.0
BD4I2WPQTY,Aaryahi Lata,aaryahilata@outlook.com,1994-12-27,5668837382.0
JY6DVT10UL,Yuvaan Sahni,yuvaan.sahni@hotmail.com,1996-02-28,1492678071.0
AWGTNLX3O3,Ahana  Balasubramanian,ahanabalasubramanian@yahoo.com,1973-09-09,1512079356.0
GOJ8O55WL4,Yashvi Apte,yashviapte@hotmail.com,1999-07-03,6409432817.0
M3YBO2QL4D,Anika Suresh,anika.suresh@yahoo.com,1993-07-23,9893273141.0
GZI15F7PYA,Shanaya Gade,shanayagade@hotmail.com,1982-08-19,9682485729.0
TIX484R6HR,Akarsh Date,akarsh_date@gmail.com,2002-03-05,4733154553.0
21OUGHHWBJ,Elakshi Batta,elakshi_batta@outlook.com,1988-08-24,8196518180.0
BVK7523ZAU,Taimur Sodhi,taimursodhi@hotmail.com,1973-03-06,1236296187.0
BF4357K2BY,Vaibhav Shah,vaibhav.shah@yahoo.com,1967-10-01,9282330348.0
TEOAP1KVC5,Vritika Joshi,vritika.joshi@hotmail.com,1979-10-25,3846165719.0
0NY7LZH2EL,Taran Dugar,taran.dugar@yahoo.com,1986-04-20,878332244.0
CZ2490GVJ9,Aayush Mallick,aayush_mallick@yahoo.com,1993-07-28,4988650422.0
DC8MVEWL1C,Mamooty Gola,mamooty.gola@hotmail.com,1992-09-26,9820770037.0
ASK8W70WH1,Anahita Bains,anahitabains@gmail.com,1982-12-07,8336896890.0
035LJIKNF6,Seher Soni,seher_soni@outlook.com,1977-07-27,8098124202.0
3S9Z3L8KWE,Diya Vig,diyavig@gmail.com,1993-12-28,6474223276.0
9X5ZBI4598,Vedika Srinivasan,vedika_srinivasan@gmail.com,1984-07-05,7656354152.0
K2EK35DM5K,Rania Jani,rania_jani@outlook.com,2000-04-30,801619654.0
MF7R2PM6LF,Parinaaz Varughese,parinaaz.varughese@gmail.com,1975-12-09,2990051334.0
IWCPW3M599,Dharmajan Behl,dharmajanbehl@hotmail.com,1979-07-11,9331542891.0
SPL6XI6HWS,Madhav Bhatia,madhavbhatia@gmail.com,2000-11-15,1708536728.0
YNBRZQJICZ,Taran Date,taran_date@outlook.com,1986-03-04,829412878.0
F95AAOL1CW,Shalv Korpal,shalv.korpal@yahoo.com,1992-08-21,9519527800.0
BP0RP56R25,Mannat Yohannan,mannat_yohannan@yahoo.com,2003-01-02,7546857801.0
K03I39KLLJ,Trisha Sharma,trisha_sharma@yahoo.com,1966-01-24,5144034433.0
W915G7NKAB,Ivan Som,ivan_som@outlook.com,1979-04-20,794482561.0
M6M9G57UHD,Samiha Bandi,samiha.bandi@gmail.com,1979-11-17,9739046009.0
XF4K5D8D8W,Oorja Kant,oorja_kant@gmail.com,2002-02-14,2782599409.0
D79A7U03TV,Jivin Ratti,jivin_ratti@yahoo.com,1984-10-05,1884733815.0
KMYTYRN35S,Kabir Bawa,kabirbawa@yahoo.com,1988-02-09,4730098359.0
QHTN4LECID,Inaaya  Talwar,inaaya_talwar@yahoo.com,1983-12-07,5266726241.0
TK7ZD2EJ6N,Shanaya Shah,shanaya.shah@hotmail.com,1991-02-28,5538104009.0
N9KPHE4K1X,Eva Magar,evamagar@gmail.com,2004-10-15,2913474607.0
AIU85ON20R,Aayush Ganesan,aayushganesan@outlook.com,2000-03-21,4390029480.0
C15MIBXY1G,Shamik Gala,shamik.gala@outlook.com,1972-09-06,3587503291.0
WFR2OADMCF,Ritvik Sule,ritvik_sule@hotmail.com,1970-07-04,9483388834.0
93ZW2NHBYK,Aradhya Subramaniam,aradhyasubramaniam@yahoo.com,1977-05-28,8491452107.0
D1WLV9VXRO,Lakshay Hari,lakshayhari@gmail.com,1971-02-12,218362922.0
R77UFXJNL9,Reyansh Suresh,reyansh_suresh@hotmail.com,2003-03-29,1884691499.0
2X423G172J,Sumer Brar,sumer_brar@gmail.com,1983-07-09,2061534711.0
OHSPGEPPWR,Samiha Shere,samihashere@outlook.com,1995-08-01,6826323605.0
51NE4QXX5P,Dharmajan Mahal,dharmajanmahal@outlook.com,1997-05-24,1387055745.0
TIXZ162K3L,Alia Kashyap,alia.kashyap@yahoo.com,1973-08-26,8512186268.0
KEA4URLADD,Madhup Seshadri,madhup_seshadri@outlook.com,1980-02-11,5916414289.0
MS8DQM3DOF,Hridaan Dara,hridaandara@gmail.com,1982-05-27,1757105566.0
M7KLXP4819,Anya Sen,anya_sen@outlook.com,1988-03-28,9395828349.0
V7JS4340VL,Piya Issac,piya.issac@yahoo.com,1975-03-14,7852660022.0
KZADSZBRJV,Myra Kashyap,myra_kashyap@gmail.com,2004-07-01,2811096361.0
0OPZ3MPCFM,Lagan Lall,lagan.lall@outlook.com,1973-12-06,5734732226.0
OSNHI1FCDA,Ehsaan Deshpande,ehsaandeshpande@gmail.com,1969-07-07,8795612597.0
W6BD5PUT89,Jhanvi Dhingra,jhanvi.dhingra@hotmail.com,1997-05-30,5354045639.0
S9NQ5NTL0Y,Ahana  Hari,ahana.hari@outlook.com,1990-10-21,208282228.0
OZYN8Y20A8,Aradhya Baral,aradhya_baral@outlook.com,1998-10-23,2489225625.0
TZJ8Z2HJMX,Lavanya Warrior,lavanya.warrior@yahoo.com,1970-09-07,9732871497.0
O32N20I8JZ,Suhana Zacharia,suhana.zacharia@outlook.com,1994-08-13,5495854153.0
KR6G7QXBRD,Shalv Keer,shalvkeer@gmail.com,1967-01-05,9513614509.0
YOGRQPY999,Armaan Deshmukh,armaan_deshmukh@yahoo.com,1968-02-19,4854554741.0
2K7KYDZ170,Hunar Vaidya,hunar_vaidya@gmail.com,2003-08-14,493648523.0
FGSP28JK07,Veer Srinivas,veersrinivas@outlook.com,1987-04-05,1715810764.0
ZGPCJADWB3,Eva Rastogi,evarastogi@gmail.com,1987-01-12,5256350057.0
MEFNYITHFR,Badal Dash,badal.dash@gmail.com,1979-06-26,5967217098.0
37SNZ8CYHE,Indranil Bumb,indranilbumb@yahoo.com,1979-08-17,6189646908.0
PPZGUMLASP,Shanaya Dara,shanaya.dara@gmail.com,1972-12-20,4275342294.0
2T9VRUWMF2,Lavanya Varkey,lavanyavarkey@gmail.com,1973-01-29,5286714225.0
LCUJ2RKMWB,Hansh Dass,hansh.dass@gmail.com,1975-12-24,7204182671.0
DR44MCWFDS,Ehsaan Thaker,ehsaanthaker@hotmail.com,2002-05-12,6704843847.0
Q5FYOEBACH,Ahana  Divan,ahanadivan@hotmail.com,1973-05-22,2672394877.0
LTQA7AQIP0,Suhana Sarraf,suhana.sarraf@gmail.com,1981-03-26,2996102383.0
96S0KIDG8R,Kavya Kumer,kavya_kumer@gmail.com,1966-06-29,1580369456.0
K1CTBADP8S,Baiju Dhar,baiju.dhar@hotmail.com,1990-10-18,9728520890.0
RW8VX3XK7O,Pari Borra,pari_borra@hotmail.com,1990-08-13,7730787901.0
WV5780XR9L,Nirvaan Luthra,nirvaan_luthra@gmail.com,1985-11-08,6964722799.0
U6BRUWA4NG,Zara Wali,zarawali@gmail.com,1995-05-09,5280287580.0
UWON2ANTFV,Dishani Lata,dishanilata@gmail.com,1991-08-15,1300300928.0
O3T1NZEH2V,Ritvik Chacko,ritvik_chacko@outlook.com,1969-12-27,4822400492.0
F609ZGEN7Y,Mamooty Soni,mamootysoni@outlook.com,2000-05-02,5787724581.0
5F4I0T4481,Rhea Kanda,rhea_kanda@gmail.com,1998-01-09,1417858677.0
08FC2FW7DP,Sana Sharaf,sana_sharaf@outlook.com,1991-08-27,9026604205.0
VD7VGDE4MC,Shalv Saini,shalv_saini@yahoo.com,1996-05-09,5670835313.0
AOR6NG081O,Shamik De,shamikde@gmail.com,1983-05-01,9069871859.0
BKMTXYVB36,Advika Thaman,advikathaman@yahoo.com,1984-05-27,3078841829.0
CUA1IPO5JC,Gokul Thakur,gokul.thakur@outlook.com,1977-03-19,2494396616.0
PEO4OC333K,Zain Mallick,zain.mallick@yahoo.com,1969-08-15,552671471.0
L1QS15B10A,Mamooty Varma,mamooty_varma@outlook.com,1999-11-16,4027670177.0
U9NQZTDEJM,Khushi Srinivasan,khushi_srinivasan@outlook.com,1972-01-28,8161526833.0
N4O5RM758S,Madhav Brar,madhavbrar@outlook.com,1993-02-09,1983132955.0
8ZAV51S97H,Nirvi Chanda,nirvichanda@hotmail.com,1983-01-07,1214454728.0
YEV0XI974J,Aaryahi Khatri,aaryahi.khatri@gmail.com,1990-12-21,7747423666.0
MZIK56M9LY,Mannat Gulati,mannat.gulati@hotmail.com,1992-03-13,1858198960.0
JA6NR1VOFC,Devansh Shukla,devansh.shukla@outlook.com,1992-05-11,49712084.0
U75JMLJ8L7,Amani Mahal,amani_mahal@gmail.com,1977-12-03,7109828377.0
O41Q6JOX65,Ojas Borra,ojasborra@outlook.com,1976-07-31,2929288842.0
SE2T5WPOEN,Himmat Keer,himmatkeer@hotmail.com,1993-05-21,3448891970.0
GWHZTN1OZ3,Jhanvi Hora,jhanvi.hora@outlook.com,1966-07-24,8779638862.0
EP5MK1SB1Z,Aniruddh Bir,aniruddh.bir@outlook.com,2003-07-25,464941922.0
MXW9IE64UD,Keya Wable,keyawable@hotmail.com,2004-02-12,2922275632.0
ZHR9I4VR69,Zara Luthra,zara_luthra@yahoo.com,1966-12-29,8739008583.0
N0SLA9ZMCV,Oorja Varkey,oorja.varkey@yahoo.com,1989-02-18,1052699388.0
YWZCLPC1ZC,Gokul Kale,gokul_kale@yahoo.com,1987-08-25,6585913423.0
X5UXDUBK3B,Vaibhav Bobal,vaibhav_bobal@outlook.com,1989-09-08,1022404984.0
WGI6N8F5K5,Mishti Amble,mishti.amble@hotmail.com,2002-05-21,1981262630.0
3TX419SM9Z,Badal Guha,badalguha@gmail.com,1973-05-16,3621765911.0
F1KKBTQTMV,Kiara Sampath,kiara.sampath@yahoo.com,1987-04-28,10236780.0
EI8BZUNOB1,Parinaaz Kadakia,parinaaz.kadakia@hotmail.com,1967-08-06,7782369391.0
VQS6OKF3XL,Ehsaan Dada,ehsaan_dada@hotmail.com,1987-07-20,4685379010.0
2BJ2YJCJH4,Samar Anne,samar_anne@outlook.com,1969-02-26,4423810808.0
HT761HUJYR,Alia Venkataraman,alia.venkataraman@gmail.com,1971-10-19,7554316993.0
FINXZV1AAW,Oorja Bal,oorjabal@gmail.com,1978-02-20,2465647261.0
82GIYMT1PR,Urvi Dubey,urvidubey@gmail.com,1980-06-28,4361697490.0
8BUUV1K1D4,Samar Ahluwalia,samarahluwalia@yahoo.com,2002-01-13,6302713552.0
KYLG0ESAM0,Neelofar Kale,neelofar.kale@yahoo.com,1968-10-21,6624857846.0
WZ9QA75RGG,Dhanuk Vasa,dhanuk.vasa@outlook.com,1983-08-04,1012141811.0
7BO8I5KXFD,Prisha Contractor,prisha_contractor@hotmail.com,1993-11-12,6641178267.0
S0GR1J3ZBY,Advik Basak,advik.basak@yahoo.com,1973-07-09,4875757333.0
9043XF8YWQ,Arnav Varghese,arnav_varghese@hotmail.com,2004-02-20,8158193666.0
DSV8AGYSB2,Lakshit Gaba,lakshit.gaba@outlook.com,1979-09-21,899604488.0
AOMXRUZQLX,Aniruddh Behl,aniruddh_behl@outlook.com,1978-01-24,1961725875.0
TYMNQMUHTZ,Raunak Choudhry,raunakchoudhry@yahoo.com,1997-12-01,9057444435.0
CKW06ZO99O,Jhanvi Solanki,jhanvi_solanki@gmail.com,1975-01-22,8090181649.0
QF46PYSFAV,Adira Baria,adira_baria@gmail.com,1984-05-02,5350549052.0
P54WIUPMOY,Aaina Krishna,aaina.krishna@yahoo.com,1987-03-18,692710051.0
WQIDSV6028,Nakul Borah,nakul.borah@outlook.com,1995-07-01,6295029174.0
ZYUAT7GEVN,Hazel Wason,hazelwason@hotmail.com,1993-11-23,6761935372.0
4NUHED1F06,Piya Sangha,piya.sangha@outlook.com,1978-11-17,2832757133.0
NULKYBR79D,Indrajit Sachar,indrajitsachar@outlook.com,1972-06-19,6978878077.0
O3AYSJMVIF,Prerak Kari,prerakkari@hotmail.com,1992-08-22,3641349848.0
53S7K87IPW,Lakshay Bala,lakshay_bala@gmail.com,1991-06-15,7853978139.0
GMLZELXB6P,Chirag Wali,chirag.wali@hotmail.com,1977-06-21,4849186161.0
DUWAE3F99P,Jivin Ahluwalia,jivinahluwalia@yahoo.com,1987-08-24,4522707458.0
MJSPBH9VVE,Advika Lanka,advikalanka@hotmail.com,1986-03-19,2636003467.0
1M645UTKB4,Lakshay Venkataraman,lakshay_venkataraman@yahoo.com,1996-11-06,5202960405.0
Y845LJGTQ5,Urvi Venkataraman,urvivenkataraman@outlook.com,1987-09-26,5239893334.0
QL4DM70CH5,Aayush Varghese,aayushvarghese@outlook.com,1983-09-22,9342093286.0
A4XU5334AK,Aarna Gill,aarnagill@outlook.com,1966-10-30,6709902414.0
F1TFEQH0NW,Aaryahi Virk,aaryahivirk@yahoo.com,2001-03-05,8903466330.0
IWW2P4LVOS,Madhav Sridhar,madhav_sridhar@yahoo.com,1994-10-21,2228330439.0
VNQK3COTMU,Saksham Bora,saksham_bora@outlook.com,1986-04-06,2004736407.0
W7DH8TSIIY,Stuvan Rout,stuvan.rout@hotmail.com,1981-02-23,3821937154.0
T5SVSUQ1L6,Sumer Kulkarni,sumerkulkarni@hotmail.com,1999-07-26,7327616673.0
5LGO5P6B9Q,Zara Kulkarni,zarakulkarni@hotmail.com,1997-11-19,7886439342.0
F01Z8HQDTU,Vivaan Madan,vivaanmadan@gmail.com,1992-05-19,9870164173.0
9CRCG319OP,Shaan Atwal,shaanatwal@hotmail.com,1977-09-15,8777190621.0
G0TK1C5513,Prisha Cherian,prishacherian@hotmail.com,1987-06-09,3111860248.0
TSNWXZP0FU,Nakul Saran,nakul_saran@yahoo.com,1969-06-18,1869989077.0
CY1J3XNHD8,Neysa Ghose,neysa_ghose@yahoo.com,1967-10-08,8091484702.0
GKD0UE37Y8,Riya Jani,riya_jani@gmail.com,2000-09-27,9424698997.0
QBEYXMG0BX,Aayush Hayre,aayush.hayre@gmail.com,1985-09-06,6204872511.0
PNJEW3WNWS,Ayesha Dixit,ayesha.dixit@hotmail.com,1974-06-20,1214707830.0
KFRQ9I62D6,Nehmat Ramesh,nehmatramesh@hotmail.com,1984-02-23,9280932025.0
R69WPMPHPN,Shray Vasa,shray.vasa@outlook.com,1984-07-15,7922305171.0
RKASEWXNVF,Manikya Tara,manikya_tara@hotmail.com,1987-04-02,8461877657.0
GCDJD5HRK4,Ira Sarin,ira.sarin@yahoo.com,1987-01-02,2437485153.0
TRVOXEGD5M,Manikya Iyengar,manikya.iyengar@outlook.com,1993-05-19,9264715970.0
R6UHWQWO1Y,Bhavin Bhatt,bhavin_bhatt@outlook.com,1992-08-01,9008127882.0
HSBHYADJAH,Urvi Ganesh,urvi.ganesh@outlook.com,1996-12-04,9912576215.0
WZNZ6VPQG8,Ela Mangat,ela.mangat@hotmail.com,1973-09-19,632020408.0
SX7KYH17TJ,Rohan Verma,rohan.verma@outlook.com,1982-02-11,1257288470.0
8XZCSP69RF,Seher Sagar,seher.sagar@gmail.com,1968-08-19,8020526456.0
FEQQEK1U0N,Shaan Deshpande,shaan.deshpande@outlook.com,1979-01-12,5903687358.0
RX0WB0NPBX,Arhaan Deshpande,arhaan.deshpande@outlook.com,1999-08-25,2937165348.0
L6M9C8EFPE,Ayesha Raja,ayesharaja@outlook.com,1985-03-28,7157986322.0
TPD785B3UH,Myra Shetty,myrashetty@yahoo.com,1990-05-27,5725734821.0
N28SWNWNVG,Indrans Dhar,indrans.dhar@hotmail.com,1967-01-21,9913457592.0
8LWM6TPNPB,Priyansh Tripathi,priyanshtripathi@hotmail.com,1993-07-05,4028572269.0
JRAR6DEPKK,Raghav Gara,raghav.gara@yahoo.com,1979-06-26,1361605429.0
90MDALIA1E,Nishith Shah,nishithshah@outlook.com,1998-05-12,7660172029.0
GE6RUBPF7V,Lakshay Sibal,lakshaysibal@yahoo.com,1999-06-28,1198930416.0
EO084E0T5M,Armaan Dhingra,armaan.dhingra@yahoo.com,1996-06-24,2554878666.0
SRA3I9MI45,Hiran Madan,hiran_madan@hotmail.com,1976-03-23,9867186603.0
3A8TKKO1IP,Shaan Hora,shaan.hora@gmail.com,1998-09-21,1737865536.0
EZBK0W5HWJ,Taimur Gandhi,taimurgandhi@yahoo.com,1970-12-25,1479060275.0
B67HIE4B4U,Yuvaan Bhatia,yuvaanbhatia@gmail.com,1992-08-22,3818619277.0
MEY896EC3Z,Trisha Bhatnagar,trisha.bhatnagar@outlook.com,2000-07-17,7083364350.0
QQTWI0TX32,Advika Sen,advika.sen@gmail.com,1978-05-05,6874059380.0
PSO6JCSSU8,Himmat Bawa,himmat_bawa@yahoo.com,2000-10-30,6579319490.0
S91AKFU8ZO,Alia Sura,alia.sura@hotmail.com,1981-03-31,444503593.0
FDPDV9ZUGB,Hunar Barman,hunar_barman@gmail.com,2002-03-09,7340419006.0
HUSE293IUJ,Ishaan Ray,ishaan.ray@outlook.com,1983-11-11,1058927470.0
C619SVMTKP,Hazel Mahal,hazel.mahal@gmail.com,1967-07-28,832992854.0
KXY2BF27BA,Lavanya Kara,lavanya_kara@outlook.com,1974-08-15,1612624217.0
FQAJCQ2WDL,Aarna Guha,aarnaguha@outlook.com,1982-02-24,251747750.0
4MG9VHQRCE,Zeeshan Sawhney,zeeshansawhney@gmail.com,1987-08-16,1704486382.0
8ZGOZJNZGV,Divij Ranganathan,divij.ranganathan@gmail.com,1980-08-04,2544464303.0
RM157ETJ2J,Damini Gole,damini_gole@yahoo.com,1972-06-03,8382566093.0
9VU3VP8GU8,Lakshit Singhal,lakshitsinghal@hotmail.com,1998-02-18,4699394763.0
44GT497VID,Gokul Lala,gokullala@yahoo.com,1997-03-12,6544349585.0
B3B8GQFWTC,Navya Chakraborty,navya_chakraborty@yahoo.com,1994-03-13,4164697863.0
FINOSHMVXT,Arhaan Chadha,arhaan.chadha@outlook.com,2003-05-03,3366797494.0
4EGUXCJJS0,Jivin Vora,jivinvora@hotmail.com,1967-08-19,8717693254.0
TXBDWJ9864,Anahita Sehgal,anahita_sehgal@outlook.com,1972-02-05,1955928856.0
9OK9PLWRL1,Anahi Bose,anahi.bose@gmail.com,2002-03-08,3390051891.0
8P8NMUFA5S,Neysa Bal,neysa.bal@yahoo.com,1969-08-19,9013112171.0
9EVA9YJIMS,Kiara Shetty,kiara.shetty@hotmail.com,1993-02-21,9453705154.0
0TO3P1E2EO,Manjari Kuruvilla,manjarikuruvilla@yahoo.com,1986-07-08,7989406831.0
EZJ343UDQE,Fateh Bhatnagar,fateh.bhatnagar@gmail.com,1981-07-30,2271648230.0
64CYIFXQQ6,Elakshi Sastry,elakshisastry@yahoo.com,1998-05-10,7636929357.0
BTZHEQF6RL,Vaibhav Baral,vaibhav.baral@yahoo.com,1988-02-11,2991084854.0
P1JNYS2KS7,Mohanlal Chakrabarti,mohanlalchakrabarti@hotmail.com,1999-12-29,1285262374.0
VAHBV7WUVS,Suhana Sarma,suhanasarma@gmail.com,2004-09-13,7246493403.0
3SFVWTIVI1,Kiaan Lalla,kiaan.lalla@gmail.com,1986-09-17,3510934586.0
594781KK94,Purab Gill,purabgill@hotmail.com,1980-10-11,6647961918.0
8ZIZSNBY9C,Badal Chhabra,badalchhabra@outlook.com,1973-08-06,8713690254.0
IN62AZTGFC,Anahita Kant,anahita_kant@gmail.com,2002-01-25,6365474022.0
24ACZ5ZCGJ,Hrishita Mander,hrishita.mander@gmail.com,1987-06-01,254539787.0
AHHWZJZ3OW,Ojas Sharma,ojassharma@gmail.com,1985-10-15,2030165245.0
WF1JGG7DDW,Riaan Khalsa,riaankhalsa@yahoo.com,2003-12-03,586453888.0
XDSQMXNMBN,Jhanvi Kale,jhanvi_kale@hotmail.com,1978-01-15,7269639172.0
1FOQQV8C06,Aaina Johal,aainajohal@outlook.com,1990-08-20,9700288783.0
E7MA5V4YYI,Zain Hayer,zain.hayer@hotmail.com,1994-08-12,8126790497.0
BLETUVNJIM,Vritika Chhabra,vritikachhabra@yahoo.com,1987-08-01,6692418420.0
8P3QBNN6BJ,Kaira Dhawan,kaira.dhawan@outlook.com,1977-10-10,2316927624.0
R0TWUCDKDI,Nirvaan Bhatt,nirvaanbhatt@hotmail.com,1995-04-25,3555464038.0
D8MICG5N95,Anaya Lalla,anaya_lalla@yahoo.com,1973-08-06,9090161374.0
K9O7RDB0XA,Eshani Gandhi,eshanigandhi@hotmail.com,2003-07-03,36157212.0
D4H6IQ3XX4,Tanya Tella,tanyatella@hotmail.com,1970-06-22,6347284391.0
GEZVT71C3X,Oorja Wali,oorja.wali@yahoo.com,2001-07-15,6236042509.0
JR9D8YEVM3,Emir Bandi,emir.bandi@gmail.com,1980-10-30,419309021.0
BD4H1TFZ5S,Tanya Dewan,tanya_dewan@outlook.com,1992-06-09,6184278387.0
O05APJYM9W,Vardaniya Mall,vardaniya.mall@hotmail.com,1976-07-08,4542025281.0
9QBD1TY19K,Lagan Toor,lagan_toor@hotmail.com,1992-05-14,5470940170.0
EQI2FH7KT0,Jivin Bhasin,jivinbhasin@outlook.com,1966-10-15,5683750289.0
Q14Y4BJJGQ,Vritika Rattan,vritikarattan@outlook.com,2002-04-22,114593640.0
BGVR6D11N4,Anahi Chadha,anahichadha@outlook.com,1992-03-26,8814981495.0
DYGZCCQ6CX,Jivika Walia,jivika_walia@hotmail.com,2000-12-23,6408240434.0
RL6B9R13OA,Alisha Luthra,alisha.luthra@outlook.com,2003-09-23,7781299978.0
DVBLGG9HO4,Zoya Sani,zoya.sani@gmail.com,1991-03-20,1466248815.0
7KG33MX9ZU,Aayush Sidhu,aayush.sidhu@hotmail.com,2004-08-08,6047422312.0
ZBFOONJ3AQ,Pari Handa,pari.handa@outlook.com,1998-04-01,6978603660.0
SSQVQSM15K,Divij Choudhary,divij_choudhary@outlook.com,1992-07-23,7210406618.0
R79TFKV3B3,Hridaan Vasa,hridaanvasa@gmail.com,1991-09-28,5525362980.0
PL4HU4MG0E,Divij Varma,divij.varma@gmail.com,1974-10-09,1036500832.0
LBEELK38AY,Madhav Dua,madhav_dua@hotmail.com,1971-12-14,6617304876.0
HTDKMWQIDB,Nitara Majumdar,nitara_majumdar@outlook.com,1983-06-13,1586795811.0
TVY9BVZU34,Heer Banik,heer.banik@outlook.com,1981-09-01,1044857586.0
H3V2QEFWMH,Sara Barman,sarabarman@yahoo.com,2001-02-12,7534698271.0
Q027CB12FM,Drishya Venkataraman,drishya_venkataraman@hotmail.com,1998-05-18,2440618536.0
UWHNKSOOY7,Pihu Suri,pihu.suri@gmail.com,1991-01-23,180207860.0
AT3U4UEVE5,Ahana  Solanki,ahanasolanki@gmail.com,1979-05-23,6479501612.0
JF4IS4TNFP,Renee Konda,renee_konda@hotmail.com,1985-12-01,3116342101.0
KOVRT138MM,Seher Sastry,seher_sastry@outlook.com,1985-06-12,8481442850.0
XF6Q1DR4DX,Aniruddh Dube,aniruddhdube@gmail.com,1979-07-31,4524001085.0
WVW0GLMWNM,Anahi Karnik,anahi.karnik@hotmail.com,1967-11-07,1084110182.0
6VD0964C4K,Keya Lala,keya.lala@hotmail.com,1997-07-15,3199919536.0
O5BN7FL9HO,Nitara Karnik,nitara_karnik@yahoo.com,2000-12-20,6750989573.0
NYH8R0PV3E,Anahi Kale,anahi_kale@yahoo.com,1985-05-04,983925535.0
T7MOSYTPOR,Myra Chaudhry,myra_chaudhry@gmail.com,1980-06-28,186773652.0
JA8R13JO6S,Khushi Tara,khushi_tara@hotmail.com,1969-02-28,3115666963.0
46BF7PM3VZ,Umang Bhatia,umang_bhatia@hotmail.com,1975-11-21,6084113201.0
LPUQH50M8C,Raghav Khanna,raghav.khanna@gmail.com,1968-04-08,9282018329.0
WJ1158UPS6,Dhanuk Dixit,dhanuk.dixit@yahoo.com,1984-09-26,6101845672.0
TE16OMCHXB,Inaaya  Date,inaayadate@gmail.com,1999-09-23,6613543673.0
RAD8LFQA2G,Mehul Chaudhari,mehul_chaudhari@yahoo.com,1967-07-05,1015508945.0
296T350R6W,Ayesha Chokshi,ayeshachokshi@gmail.com,1967-04-04,5434764662.0
WXP2LA15ZS,Aarav Sampath,aarav_sampath@yahoo.com,1978-05-20,8453624917.0
8SABU5VBHH,Jivika Sidhu,jivika.sidhu@hotmail.com,1995-04-13,2107802362.0
LDXRTRUR45,Sana Gola,sana_gola@outlook.com,1982-09-27,2901231198.0
3SJERTF5Z2,Anay Sinha,anay_sinha@gmail.com,1979-03-01,2590643135.0
L4RZSMGXIW,Priyansh Dewan,priyansh.dewan@gmail.com,1968-09-18,1022508369.0
BI09A09W11,Ira Jha,irajha@gmail.com,1987-06-04,1442747330.0
DRORDI3RMJ,Nakul Bakshi,nakul.bakshi@hotmail.com,1982-10-15,7443420385.0
NINLF2CQ1U,Prerak Wadhwa,prerak_wadhwa@yahoo.com,1967-01-29,9741072891.0
9AG4PHOKBB,Mehul Gandhi,mehulgandhi@hotmail.com,1968-08-20,7860152285.0
CBSTI4RTYR,Heer Sahni,heersahni@outlook.com,1967-02-23,5282525959.0
143YP5W99U,Drishya Dutt,drishyadutt@hotmail.com,1979-02-09,9160265055.0
N74KAXQN6M,Ivana Sant,ivanasant@hotmail.com,2004-12-24,6995878540.0
82A7E1AVSG,Indrajit Soman,indrajitsoman@yahoo.com,1981-04-28,3489453503.0
PPVMKL4TIN,Eshani Bhakta,eshani_bhakta@gmail.com,1970-03-22,1165137357.0
REIGQ9LUS6,Kiaan Sule,kiaan.sule@outlook.com,1976-07-29,780894358.0
UYV0ZZJBSX,Madhav Dhar,madhavdhar@outlook.com,1986-06-12,8729698341.0
BIUDYPTPX5,Anvi Yogi,anvi_yogi@outlook.com,1977-12-04,3421013489.0
KKPNV9YT70,Emir Guha,emirguha@yahoo.com,1987-09-15,6040154421.0
ZBQG9XZ6ZW,Yuvraj  Sengupta,yuvraj.sengupta@gmail.com,1979-04-25,4139334081.0
OFZ01QF6YN,Dhanush Kanda,dhanush_kanda@gmail.com,1983-07-16,5731704135.0
ZXFWPRJ7G0,Kashvi Chadha,kashvi_chadha@yahoo.com,2003-07-22,1379092898.0
FOL1M5WJOT,Jayan Sem,jayan_sem@gmail.com,1993-02-09,5861922038.0
E0189AMG2D,Ishaan Khosla,ishaan_khosla@outlook.com,1997-04-07,9242320371.0
LK6FA8P6WT,Mahika Rajagopalan,mahikarajagopalan@yahoo.com,1973-01-28,4339200822.0
GEPOHCAMIT,Anika Wali,anika_wali@hotmail.com,2000-11-01,1450423617.0
OPP7YSW716,Uthkarsh Chandra,uthkarshchandra@outlook.com,1985-09-25,7478417509.0
TJE7VUBJM1,Shalv Taneja,shalvtaneja@hotmail.com,1988-06-29,623549871.0
A9V7MDXUO5,Nakul Ganguly,nakul.ganguly@outlook.com,2003-06-07,5383379649.0
W40KMKDV3C,Amira Bhasin,amirabhasin@hotmail.com,1971-05-07,4364527183.0
CWMW9X2LGY,Saanvi Ravi,saanvi_ravi@hotmail.com,1968-09-18,6564957732.0
UJZ3B3VTZ9,Reyansh Badal,reyansh.badal@hotmail.com,2002-09-15,3695349747.0
EM4GZ5IQK7,Gokul Sinha,gokulsinha@hotmail.com,1971-11-03,5102301907.0
WPCM4JIYXO,Nayantara Dua,nayantara.dua@yahoo.com,1978-02-24,9270982004.0
WCVGCWSBCA,Hiran Vasa,hiran.vasa@outlook.com,1988-09-25,6630211154.0
KJJ37WG6LO,Lakshit Chhabra,lakshit_chhabra@outlook.com,1998-01-02,7345787612.0
YA97HOY8AA,Aaina Baria,aaina_baria@outlook.com,1977-08-08,5095260405.0
MRGI12NJVN,Anika Barman,anikabarman@outlook.com,1967-03-04,3195327870.0
FXJO7C69BZ,Rohan Buch,rohan_buch@hotmail.com,1991-05-02,9094423884.0
KVSKH37JAH,Onkar Chopra,onkar.chopra@gmail.com,1969-03-02,5872899963.0
9COGCV5PBK,Shray Sankaran,shraysankaran@yahoo.com,1967-04-30,2258252056.0
SED8CIR2IZ,Ritvik Bakshi,ritvik.bakshi@gmail.com,1982-04-23,7812195978.0
091UK5NKHO,Tushar Dayal,tushar.dayal@yahoo.com,1997-10-28,7292581167.0
C0XMJCF11S,Diya Keer,diya_keer@hotmail.com,1992-01-13,2596026120.0
JE0LZO8KLR,Vritika Rajagopal,vritika_rajagopal@yahoo.com,1973-09-04,4154083492.0
NZJIM3Q2DE,Madhav Mane,madhav_mane@hotmail.com,1998-03-15,2326719171.0
F7VXIZI7A5,Nayantara Mannan,nayantara.mannan@yahoo.com,1994-04-22,3557214209.0
08ASSL3M1U,Sara Ramesh,sara_ramesh@yahoo.com,1978-06-16,8906175307.0
HWI0WYUS4U,Keya Tata,keya_tata@yahoo.com,1970-11-16,5962492301.0
URXO7D7U47,Madhup Seth,madhup.seth@hotmail.com,2004-10-02,1811686957.0
DJ3EHKYSIR,Aaryahi Hans,aaryahihans@hotmail.com,1990-01-26,1279009888.0
J7H5VJX9A9,Tiya Dua,tiya_dua@yahoo.com,1977-03-30,1308983222.0
MNUNXFC6F4,Baiju Dugar,baiju.dugar@yahoo.com,1977-10-23,3357815718.0
E3WO3JO5SG,Mishti Tripathi,mishti_tripathi@yahoo.com,1976-09-19,7531603584.0
AV0JBWX5S1,Ayesha Dutt,ayesha_dutt@gmail.com,2004-12-24,2410406300.0
9LQCQKBYYE,Zeeshan Khare,zeeshankhare@outlook.com,1990-10-27,8811566963.0
1WPQXL2YV9,Bhamini Arya,bhamini_arya@hotmail.com,1966-01-20,8909926495.0
KBF6PC0AN5,Hrishita Banerjee,hrishitabanerjee@yahoo.com,1997-04-28,6046843084.0
2M6S8UX3IU,Suhana Loyal,suhana_loyal@outlook.com,1971-11-01,1390796902.0
WS1R9TFQHA,Taran Thakur,taran.thakur@hotmail.com,1988-09-18,2493318065.0
VLOXQS2008,Gokul Ganguly,gokul.ganguly@hotmail.com,1968-11-14,3261836619.0
BI5E94JPBY,Vihaan Wali,vihaanwali@hotmail.com,1993-08-15,1855569987.0
NKXTQLPRX1,Ishita Kurian,ishita_kurian@outlook.com,1971-07-11,87626743.0
6MXP19V92P,Veer Krishna,veerkrishna@hotmail.com,1971-03-13,3971341368.0
3JYY2YWXEQ,Ivana Butala,ivanabutala@gmail.com,1999-06-03,2485373634.0
1FK6GIGIH3,Chirag Karpe,chiragkarpe@yahoo.com,1999-06-29,972127678.0
SDGKUHF94B,Mannat Talwar,mannat_talwar@outlook.com,2001-06-30,3350097569.0
U3BHDVOXLE,Jayesh Bali,jayesh.bali@outlook.com,1998-01-03,3694670052.0
3ER7WOABJD,Aarav Lad,aarav.lad@hotmail.com,1966-03-04,763657502.0
YE6OEF7ELX,Taran Saraf,taran.saraf@gmail.com,1994-03-17,4383495047.0
8ITF77TRN9,Lagan Raja,laganraja@hotmail.com,1978-12-14,3050706904.0
BCG5F1KBMR,Prerak Kant,prerak_kant@hotmail.com,1982-05-06,5338123689.0
0EXB5YTZMK,Amani Edwin,amaniedwin@gmail.com,1993-03-06,232572198.0
4GWFDA32N1,Dharmajan Hayer,dharmajan.hayer@yahoo.com,1978-11-14,5318083608.0
U99WM6S1B8,Ivan Bhargava,ivanbhargava@yahoo.com,1993-02-04,2571150121.0
VBWCGJIT3G,Zara Dara,zara.dara@hotmail.com,1975-12-18,6802462331.0
IBKN5MJLKC,Elakshi Joshi,elakshi.joshi@outlook.com,2004-05-13,9106016834.0
1ORF5GJS9M,Miraan Swamy,miraan_swamy@gmail.com,1983-10-09,6994442510.0
P6DSIT7UNZ,Lakshay Samra,lakshay.samra@yahoo.com,1977-12-04,4864003433.0
3V2DK5HM92,Kanav Kohli,kanavkohli@gmail.com,1988-05-23,1292846143.0
I1BAFH2EUB,Lagan Bala,lagan.bala@gmail.com,1997-11-06,1211678888.0
VA16VXAYVM,Urvi Vora,urvi.vora@hotmail.com,1989-08-16,9720188673.0
VRU3A5G9Q9,Yuvaan Ramanathan,yuvaan.ramanathan@gmail.com,1982-04-15,3775505259.0
W1HM9AJU7S,Purab Mangal,purab_mangal@outlook.com,1997-12-02,5997339794.0
WWJOFQWAMH,Kanav Chandra,kanavchandra@gmail.com,1974-09-20,453367085.0
MZ75LE6W2Z,Hansh Upadhyay,hansh.upadhyay@outlook.com,1981-07-13,8487987084.0
SYNL68QSCV,Ryan Dayal,ryandayal@gmail.com,1986-02-05,6818869486.0
8Q9KRF1981,Hansh Ramachandran,hansh_ramachandran@yahoo.com,1990-04-30,9579895127.0
D7P02N3Q2A,Ivan Konda,ivankonda@gmail.com,1972-12-13,833158790.0
9OVX9SRW5S,Abram Gandhi,abram_gandhi@outlook.com,1970-12-09,7434946375.0
WS2Z7A60WJ,Parinaaz Rajagopalan,parinaazrajagopalan@hotmail.com,1974-04-14,8518705503.0
118A0RQL9C,Advik Trivedi,advik.trivedi@yahoo.com,1977-10-03,7834828855.0
UCIUKW38RP,Armaan Grover,armaangrover@gmail.com,1973-06-27,1069551001.0
QOSDJ5ODP0,Sana Devan,sanadevan@outlook.com,1969-11-13,6291391766.0
TSZS43U7K6,Pari Chada,parichada@gmail.com,1980-03-20,188966909.0
3LSDMR0MR1,Hunar Char,hunar_char@outlook.com,1969-08-08,4751763610.0
CAH6GYA2HG,Himmat Sachdeva,himmat_sachdeva@hotmail.com,2001-05-27,5195161164.0
LRIUERA78A,Aarush Khanna,aarush.khanna@hotmail.com,1984-04-02,7938573967.0
K67W3Z3AIB,Biju Mani,biju_mani@hotmail.com,1991-08-18,5584993181.0
OLZ952M3PH,Armaan Krishnamurthy,armaankrishnamurthy@outlook.com,1971-07-08,8136961933.0
2YXFQE6W8H,Bhavin Ahuja,bhavin_ahuja@hotmail.com,1980-03-20,4567253001.0
KFHG1R7DQU,Alia Khurana,aliakhurana@hotmail.com,1997-10-23,2098814608.0
4IR7HFZWCE,Rati Sule,ratisule@gmail.com,1996-09-27,7079847682.0
68D0C0F6AF,Aarna Basu,aarna_basu@gmail.com,1994-06-01,6846764132.0
FSB47CA4YC,Alia Butala,aliabutala@outlook.com,2004-03-04,9775535848.0
2LRWW351AU,Stuvan Shetty,stuvanshetty@gmail.com,2001-11-09,2423335670.0
0L1VKAJNG2,Tejas Garde,tejas.garde@outlook.com,1988-12-12,5177292836.0
2S1CSA0VUK,Nayantara Sha,nayantara.sha@outlook.com,1969-12-04,6735312131.0
X3WK2G059X,Aniruddh Srinivasan,aniruddhsrinivasan@hotmail.com,1968-10-24,2294568753.0
PH7UIUR8K1,Diya Gara,diya.gara@hotmail.com,2001-11-28,4746562499.0
YEOYMPBE87,Parinaaz Kurian,parinaaz.kurian@yahoo.com,2001-10-24,1429830114.0
61DWEZA5SH,Kanav Bhasin,kanav.bhasin@gmail.com,2003-10-27,8689788107.0
3MZIWZH7JW,Seher Hans,seherhans@outlook.com,1987-09-17,6779733283.0
HLQHMBQQTO,Aniruddh Chokshi,aniruddh_chokshi@outlook.com,1967-04-10,2765894618.0
373QWZQZWL,Siya Gole,siya.gole@hotmail.com,1966-02-23,9251421301.0
C8BOXGCLTU,Vritika Mannan,vritika_mannan@gmail.com,1972-05-29,109415704.0
EGHKAEOYE4,Rasha Chakraborty,rasha_chakraborty@gmail.com,1975-08-16,8671049223.0
E60HOWN25E,Tanya Dara,tanyadara@outlook.com,1975-01-30,3538560864.0
C5BHQ1DFI5,Aaina Ganesan,aaina.ganesan@gmail.com,1974-02-19,3839108350.0
JWZBELWV2J,Divij Reddy,divijreddy@gmail.com,1980-07-27,4792709238.0
C2LLBCD6FZ,Kavya Kapadia,kavya_kapadia@outlook.com,1976-03-26,5937705793.0
DEQ657KS7D,Kaira Bedi,kaira_bedi@hotmail.com,1981-06-10,820510552.0
KGE29R6RAU,Indrans Thakkar,indrans_thakkar@hotmail.com,1989-10-11,3140349220.0
Y4WYPFO0P4,Yakshit Ramaswamy,yakshit.ramaswamy@outlook.com,1977-04-13,4863642332.0
1CT1CI22UM,Lakshit Jayaraman,lakshitjayaraman@gmail.com,1989-03-02,2493340786.0
S7N75NO171,Abram Saxena,abram.saxena@gmail.com,1997-11-15,7884400799.0
Y20Q55BDJC,Jayant Chowdhury,jayant.chowdhury@gmail.com,1978-07-24,2352604090.0
7T1SZ05ZY3,Anahi Raj,anahi.raj@outlook.com,1988-01-08,8086986101.0
UJ13WOP43W,Nayantara Raman,nayantara.raman@outlook.com,1971-03-23,5115459196.0
CSKW1VNHW7,Dhruv Sarna,dhruvsarna@hotmail.com,2003-01-01,2842875446.0
62O7KZCJU9,Arhaan Thakkar,arhaanthakkar@yahoo.com,1966-01-12,8268979934.0
4KE53BA16T,Anaya Sheth,anaya_sheth@gmail.com,1995-09-04,9074386027.0
DEIMX3XVKD,Yuvaan Khanna,yuvaan_khanna@gmail.com,1986-04-26,1780468629.0
2KQ1NMGZFR,Shray Batta,shray.batta@gmail.com,1984-06-19,5315515194.0
81ZLY3XR5W,Aniruddh Sundaram,aniruddh_sundaram@outlook.com,1970-09-20,7326411576.0
9O5HIS4G8K,Bhamini Bose,bhamini_bose@outlook.com,1966-03-25,7445986.0
HKYJDXB7FR,Vidur Madan,vidur_madan@yahoo.com,2000-09-06,9256916943.0
CIPYF23MRC,Shlok Batta,shlok_batta@hotmail.com,1975-03-02,3925665889.0
EQBVGMTHZC,Mamooty Ramanathan,mamooty.ramanathan@gmail.com,1992-12-14,3095985914.0
62WK5VAO35,Farhan Bhattacharyya,farhan_bhattacharyya@gmail.com,2001-06-05,2267800244.0
3CYR4GMM0Z,Anahita Banik,anahita.banik@hotmail.com,1992-12-14,2725230771.0
OEAIS5LL4W,Prisha Joshi,prisha_joshi@gmail.com,1993-04-25,9627481198.0
RN8OERKFSW,Romil Upadhyay,romilupadhyay@gmail.com,1996-07-05,373869656.0
OW6B78GX27,Miraan Tank,miraan.tank@hotmail.com,1990-02-15,3046639086.0
9NWIBZC5V8,Aaina Kibe,aainakibe@yahoo.com,1967-02-22,1917100612.0
6HKL4MCHD6,Akarsh Kapoor,akarsh_kapoor@yahoo.com,1992-03-24,4007113521.0
PSBRQWDTTP,Sana Bhavsar,sanabhavsar@yahoo.com,1996-07-19,1993066598.0
DU4WYM1QJV,Manikya Acharya,manikyaacharya@gmail.com,1989-01-08,5872460028.0
GYO9R399CC,Amira Reddy,amira.reddy@yahoo.com,1977-08-06,4938232410.0
EEK7UGAY4C,Shray Shere,shray_shere@hotmail.com,1998-08-12,3199696516.0
POGRW87MKP,Sahil Sawhney,sahilsawhney@gmail.com,1996-03-04,5172700253.0
KFWNXB79DK,Azad Badal,azad.badal@outlook.com,2001-12-30,130752614.0
CLSAGNWHZ6,Arhaan Salvi,arhaan_salvi@hotmail.com,1977-02-11,1425451674.0
FS9DUI14KY,Kiaan Barad,kiaanbarad@yahoo.com,1990-07-22,172775171.0
020WJCHN5O,Madhup Dar,madhup_dar@yahoo.com,1968-03-12,9114034588.0
QVXRPOADQZ,Vardaniya Cheema,vardaniya.cheema@gmail.com,1993-08-21,5193398773.0
PDMK003WRM,Mannat Biswas,mannat.biswas@hotmail.com,1978-04-26,7059481448.0
J5BR5F0NKD,Hansh Sani,hanshsani@gmail.com,1966-08-06,2572019626.0
5U6JP8E6N8,Vardaniya Bora,vardaniyabora@gmail.com,1996-09-10,6949716651.0
TUIOU91NUS,Nakul Bains,nakul_bains@yahoo.com,1988-02-01,5860801437.0
E9CYZCFRY5,Zara Shah,zarashah@outlook.com,1995-07-28,4396062432.0
ZTB29HM61J,Manikya Rajagopalan,manikya_rajagopalan@outlook.com,1995-03-11,1377279304.0
YF5PXLLHV5,Manjari Hora,manjari.hora@hotmail.com,1967-09-01,8898718655.0
J8EBDFJ2WX,Bhamini Sampath,bhamini_sampath@gmail.com,1976-08-24,772079009.0
WY37WGZIRH,Shalv Ramesh,shalv.ramesh@yahoo.com,1980-01-16,7310675210.0
4XUCKGCFX9,Akarsh Madan,akarsh.madan@gmail.com,1971-11-28,9354160626.0
HVHF4IJQOS,Aarav Hegde,aaravhegde@hotmail.com,1967-10-04,1245669759.0
473APC1Q71,Divyansh Datta,divyansh_datta@outlook.com,1968-12-27,7937270511.0
E6WAZIKOGE,Samarth Bahl,samarth_bahl@outlook.com,1985-03-22,1339623370.0
07E240KDPG,Vardaniya Bava,vardaniya_bava@outlook.com,1990-01-30,4132063112.0
K4NEJM56RN,Nitara Sha,nitara_sha@outlook.com,1980-02-18,5677719362.0
FGY1R8P9ZY,Uthkarsh Boase,uthkarshboase@hotmail.com,1985-06-11,1515709870.0
QCCWGQYN7T,Dhanush Saha,dhanush_saha@hotmail.com,1994-07-09,3294958653.0
9MQN91RJ5E,Rohan Sawhney,rohan.sawhney@yahoo.com,2002-08-27,3262695338.0
C1ZIRXHY72,Aarav Agrawal,aarav_agrawal@outlook.com,2000-09-20,652972936.0
JBJX9FP0TR,Faiyaz Walia,faiyazwalia@outlook.com,1986-09-18,1585050719.0
EXPAHUT91N,Piya Kale,piya.kale@yahoo.com,1995-07-25,2546571242.0
P87TKTH8FD,Taimur Bhakta,taimurbhakta@hotmail.com,1971-11-15,1639196862.0
2Y3TWPH69Z,Rhea Tandon,rheatandon@hotmail.com,1982-08-05,8354498525.0
W71E597N07,Manikya Sarraf,manikya.sarraf@outlook.com,1989-12-31,8703113487.0
QPSZ9LMA6U,Yakshit Sane,yakshit_sane@gmail.com,1983-03-15,9589432521.0
LNPEP3POA0,Vanya Koshy,vanya_koshy@yahoo.com,1973-01-14,9156138288.0
LPFY0QE667,Divyansh Ganesh,divyanshganesh@yahoo.com,2002-11-16,2495565168.0
CYKQRF5701,Taran Hayer,taranhayer@outlook.com,2002-07-03,8678939026.0
O864ZUXKC9,Saanvi Tara,saanvitara@gmail.com,2004-07-11,1750102058.0
HKA8BRH7I5,Amira Bir,amira_bir@hotmail.com,1972-06-12,5110778926.0
JXM81KH1M7,Fateh Jain,fatehjain@outlook.com,1969-01-24,5207444486.0
LQ8MDCUCOT,Rasha Edwin,rasha.edwin@outlook.com,1968-09-11,7811769186.0
7OZAI4F47U,Samar Lanka,samarlanka@outlook.com,1966-12-22,3536341205.0
GJ710D6JXO,Ehsaan Yadav,ehsaan_yadav@yahoo.com,1981-04-11,778412650.0
YHQQWXIQPY,Kanav Chadha,kanav_chadha@outlook.com,2003-09-13,4410990524.0
CV9VHDK47O,Uthkarsh Garde,uthkarsh.garde@outlook.com,2004-08-03,1633372227.0
JRBO6OM2KD,Indrajit Sarna,indrajit_sarna@yahoo.com,1978-03-14,7996273906.0
E20F218KUX,Kaira Loke,kaira.loke@gmail.com,1988-12-14,5745790690.0
52NJCTA672,Jiya Bajwa,jiyabajwa@hotmail.com,1988-02-24,3675350436.0
0SSBYLMVBJ,Gatik Tara,gatik_tara@outlook.com,2001-05-18,5635322165.0
WN7S3SYXFZ,Tanya Batra,tanya_batra@outlook.com,1983-05-08,2750160307.0
DMS5AKCEF1,Anvi Chander,anvi.chander@outlook.com,1972-11-23,724880773.0
L2V53XI426,Kimaya Mane,kimaya.mane@yahoo.com,1979-03-13,5914419877.0
F33EDAZNAU,Neysa Krish,neysakrish@hotmail.com,1967-06-14,6407947095.0
V0NKWGLC2M,Neelofar Bhagat,neelofar.bhagat@gmail.com,1971-03-14,2777126430.0
U5D14IA9YH,Ela Edwin,ela.edwin@gmail.com,2002-09-12,4748220377.0
4IBOH8R58U,Faiyaz Baria,faiyaz_baria@gmail.com,1997-07-10,4419180048.0
PQ2QUNJGYT,Suhana Ganesh,suhanaganesh@gmail.com,1971-04-11,3343730123.0
4MSZZ1I6QM,Rohan Ganguly,rohan_ganguly@gmail.com,1981-09-04,5932234513.0
VI0LSIJCXN,Mehul Kunda,mehul_kunda@hotmail.com,1992-01-19,1865515021.0
7QYDB83RJQ,Reyansh Mane,reyansh_mane@gmail.com,1991-10-18,7364617223.0
C88P9VJSQ0,Jhanvi Saxena,jhanvi.saxena@hotmail.com,1970-09-14,9302579538.0
TF208AUM4R,Anaya Boase,anaya.boase@gmail.com,1999-06-18,7752995377.0
MKU69FPPL9,Shaan Dixit,shaan_dixit@gmail.com,1982-05-26,6667222565.0
66YLWWKQ6R,Oorja Warrior,oorja.warrior@outlook.com,1985-04-29,3652421430.0
YGD0FSGZIF,Samiha Shah,samihashah@hotmail.com,1985-07-12,782260225.0
AA72Z9VJPJ,Aradhya Bobal,aradhya.bobal@yahoo.com,1979-07-14,7864075601.0
EQVLJ4KW8S,Trisha Bal,trisha.bal@gmail.com,1971-11-19,645336762.0
DZ0PIKNJB5,Lakshay Tandon,lakshay_tandon@yahoo.com,1990-01-18,9787420971.0
GZ9FDUE63S,Yasmin Das,yasmindas@outlook.com,1995-09-22,9359054451.0
A4P02XG1F3,Jivin Borra,jivin_borra@outlook.com,1987-07-21,1875151269.0
IT8HWCTWZZ,Zaina Lal,zaina_lal@yahoo.com,1977-04-27,5082494267.0
W0Z4Z4LQ4Q,Jivika Sunder,jivikasunder@outlook.com,1979-10-26,8259243230.0
AB5URWNO9B,Heer Thaman,heerthaman@yahoo.com,1984-12-01,7466552861.0
NGL0KJZ4DP,Samar Shukla,samarshukla@hotmail.com,2002-02-25,8593689060.0
PQ2QP90CBS,Divyansh Kata,divyansh.kata@outlook.com,1984-10-16,5989507523.0
VO2NR6MYSS,Kartik Dewan,kartik_dewan@yahoo.com,1973-04-10,1886548032.0
QO3LYPNMPJ,Anahita Manne,anahita.manne@yahoo.com,1983-07-30,5105891776.0
HXXE8F7Q14,Kabir Toor,kabir_toor@yahoo.com,1975-07-27,2890274734.0
HJHBA7QHPF,Advik Buch,advik_buch@hotmail.com,1973-06-06,8661086217.0
NPZUNEPZTO,Yuvraj  Balan,yuvraj.balan@hotmail.com,1971-03-01,966713402.0
1334O1DTXS,Nitya Mand,nityamand@outlook.com,1991-12-05,8508633762.0
9IMZRPSFKW,Chirag Ratti,chirag.ratti@yahoo.com,1984-05-22,1056133264.0
57THTSLD3D,Ehsaan Magar,ehsaanmagar@gmail.com,2003-04-06,811618216.0
E5C5AJHHP1,Trisha Malhotra,trishamalhotra@hotmail.com,1989-08-21,1497446003.0
PWMG15KNB3,Dhanuk Bajwa,dhanuk.bajwa@hotmail.com,1984-10-04,4743588692.0
E8RVMZOHPC,Kanav Sangha,kanav.sangha@outlook.com,1984-09-17,4140112687.0
IMF9M2DB09,Divyansh Borra,divyansh.borra@gmail.com,1992-01-04,3619281275.0
OD0VEK7CLI,Madhup Ramakrishnan,madhup.ramakrishnan@yahoo.com,1967-08-03,8410653677.0
R81C1UMZ2K,Mohanlal Kurian,mohanlal_kurian@yahoo.com,1997-03-22,1498427354.0
P3AMUDNKYS,Vritika Hayre,vritika.hayre@gmail.com,1975-10-26,1887976527.0
DQRW52WKTJ,Yasmin Tata,yasmintata@outlook.com,1990-08-13,8660985366.0
VKL9AQW0L6,Shalv Shere,shalvshere@gmail.com,1968-10-21,2990239619.0
SN9ERD4AMQ,Shaan Loyal,shaanloyal@hotmail.com,1968-12-19,999475330.0
NH64FGJ2VR,Pari Guha,pari.guha@gmail.com,1996-11-22,6717845007.0
KHN1H0SUA0,Taran Kota,tarankota@outlook.com,1993-05-29,1533396255.0
F3GJMFZDMP,Kavya Chacko,kavyachacko@yahoo.com,2003-07-18,9916486264.0
J5Z9M4SYOC,Damini Arora,damini_arora@hotmail.com,1995-04-10,3610624327.0
SIDXRLBRF0,Drishya Warrior,drishya_warrior@yahoo.com,1998-08-27,8221266227.0
UTJ6JZOQZX,Parinaaz Jhaveri,parinaaz_jhaveri@yahoo.com,1979-11-22,6355025596.0
VPPOFZ19XU,Raunak Boase,raunakboase@hotmail.com,2000-05-02,368943799.0
JMLG5JKZVV,Aniruddh Vig,aniruddhvig@outlook.com,1984-08-22,4778069319.0
0DQOVA3AUK,Yakshit Kalla,yakshit.kalla@hotmail.com,1990-09-22,4630102375.0
ULPF7JD5N0,Abram Grover,abramgrover@outlook.com,1975-05-21,2615849226.0
G9A4Z2AEOU,Amira Jain,amira_jain@yahoo.com,1971-11-20,8025782004.0
YTC5XGTFY8,Anaya Ganesan,anaya.ganesan@yahoo.com,1992-01-11,9322950547.0
VQ8KUN0350,Pranay Dada,pranay_dada@gmail.com,1980-10-28,82335049.0
LMGFX0B5G4,Jiya Bhatia,jiyabhatia@hotmail.com,1989-02-13,310360496.0
U0L22559GT,Samaira Kapur,samaira.kapur@gmail.com,1971-12-17,1319788600.0
WVSRN5EEQO,Bhavin Gandhi,bhavin.gandhi@yahoo.com,1975-01-06,4984458486.0
WFOJT7IIXK,Renee Hari,renee_hari@yahoo.com,1972-03-02,2484575538.0
EJN3UU3NA4,Emir Kata,emir.kata@yahoo.com,1989-08-12,1889600693.0
ON3BLZT808,Ishita Khare,ishita.khare@hotmail.com,1966-05-14,9038388186.0
QEGRDNUCU5,Nirvi Mander,nirvi.mander@yahoo.com,1998-02-07,3147731166.0
RN7EFH1AK7,Riya Keer,riya_keer@yahoo.com,1986-01-02,6155803720.0
G3F60A3BGI,Sahil Rao,sahil.rao@gmail.com,1981-05-13,9520404648.0
215U2ZBOT1,Keya Batra,keyabatra@outlook.com,1979-04-25,1056263487.0
MOBJAMICST,Keya Soman,keya.soman@outlook.com,1967-01-15,9422460492.0
64TONCISCP,Vaibhav Suri,vaibhavsuri@hotmail.com,1999-07-02,5953800614.0
QT7GQM8Q53,Kismat Kapur,kismat_kapur@gmail.com,1980-07-09,6118028197.0
3WBQJKPRJ3,Yakshit Hora,yakshithora@gmail.com,1973-06-26,8030160189.0
D1SCC7V41O,Aarav Shroff,aaravshroff@hotmail.com,1969-10-15,6430367467.0
GWW6GBBNQB,Jayan Ram,jayan_ram@outlook.com,2002-02-07,7004328034.0
4ZGQU47QP7,Parinaaz Atwal,parinaaz_atwal@hotmail.com,1971-05-19,7454794979.0
GAMCZPW563,Vanya Kuruvilla,vanya_kuruvilla@yahoo.com,1998-02-25,3133958635.0
QXTVSB2F6B,Anahita Vig,anahita_vig@yahoo.com,1980-02-28,7979333151.0
RGW6J8GZ1B,Saira Badami,sairabadami@hotmail.com,1980-10-25,9324593727.0
HHIDUQ6ZTK,Siya Buch,siya_buch@hotmail.com,1988-05-17,8166671734.0
XCRBICB8WV,Urvi Apte,urvi.apte@gmail.com,1973-10-16,2740950588.0
JOTQD0C2CD,Alia Anne,alia.anne@yahoo.com,1974-05-10,5346887322.0
9LDOPTYKZY,Adira Vohra,adiravohra@yahoo.com,1967-03-11,264698102.0
6I380KGU6Y,Anika Goyal,anikagoyal@gmail.com,1995-01-16,5795715245.0
HP1SY58DOS,Jivin Khanna,jivin_khanna@outlook.com,1975-03-10,1700213175.0
NVLWDILH0T,Reyansh Magar,reyanshmagar@hotmail.com,1974-08-06,4064987191.0
6IW5TLFQWJ,Emir Handa,emir.handa@yahoo.com,1972-04-24,7061702694.0
YLKCWCHUUN,Shanaya Bains,shanaya_bains@hotmail.com,1981-12-21,5500399460.0
A65330GRJ6,Eshani Dalal,eshani.dalal@hotmail.com,1969-05-16,4147849396.0
IW8DPNUKR1,Divit Shenoy,divit.shenoy@gmail.com,1970-09-22,6954859523.0
FITD9U3PJ2,Reyansh Vohra,reyansh.vohra@hotmail.com,1986-09-19,7723285946.0
40N5550OYS,Jiya Mander,jiya_mander@yahoo.com,1987-05-20,9214458515.0
UMB65APE18,Hazel Balan,hazel.balan@hotmail.com,1991-02-16,7296216893.0
1MN0K6MVUL,Uthkarsh Bhagat,uthkarsh_bhagat@hotmail.com,1993-08-30,5130885972.0
S2PSO0IPXJ,Kartik Vora,kartikvora@hotmail.com,1996-11-29,5768670809.0
V7BBZ558JS,Tarini Gandhi,tarini_gandhi@gmail.com,1983-01-21,7503889622.0
92UCNPAD1E,Shalv Sandal,shalv.sandal@outlook.com,1967-10-21,8050575487.0
WOIYG7PQZK,Alisha Dixit,alisha.dixit@gmail.com,1991-06-30,5518585816.0
E5D324YSQS,Jiya Mangat,jiya_mangat@outlook.com,1986-12-21,8912959704.0
FXFQTC8XAD,Ishaan Badal,ishaanbadal@outlook.com,1984-08-06,4826704011.0
AJ1IA8RUMV,Aaryahi Tripathi,aaryahitripathi@yahoo.com,2000-12-22,1352614048.0
JPET2J1AUU,Anya Amble,anyaamble@gmail.com,1978-03-02,2677955861.0
FXVYAJVFNN,Arnav Thakur,arnav_thakur@hotmail.com,1998-09-07,1308815362.0
5454JKI9Y1,Veer Ranganathan,veer_ranganathan@yahoo.com,1975-09-16,2296333593.0
V40C0MC8XS,Ahana  Khurana,ahanakhurana@outlook.com,1992-04-11,1693339438.0
340CS9HL27,Samar Sengupta,samarsengupta@outlook.com,1985-11-21,9640111522.0
V3Z47YS0TI,Kaira Guha,kairaguha@yahoo.com,1980-07-06,4887919678.0
LCVTHWRQ9A,Mamooty Balay,mamootybalay@hotmail.com,1977-06-12,7105073823.0
1RLVQ1NFP3,Kaira Kari,kairakari@yahoo.com,2004-10-12,9003055447.0
2C9BANVW7A,Ishaan Cherian,ishaan_cherian@hotmail.com,1972-04-20,8674637933.0
HA55ZPB9IF,Jivin Dhingra,jivindhingra@gmail.com,1991-04-30,5444211936.0
8BZYKXJ6OE,Mamooty Bhatnagar,mamootybhatnagar@outlook.com,2001-05-23,3642622118.0
VQZACKE54X,Prisha Seth,prishaseth@outlook.com,1975-10-28,5179220160.0
R9E378VKX8,Nishith Suresh,nishith_suresh@outlook.com,1966-03-31,9953653936.0
W1DBHE8ULM,Aradhya Walla,aradhya.walla@outlook.com,1985-04-06,2458482562.0
K7PWM5G34C,Adah Soni,adahsoni@outlook.com,1980-11-09,2473503179.0
76GP7NCEZK,Zara Varkey,zara.varkey@yahoo.com,1994-08-25,9014061135.0
WFZPB7K4MN,Shray Sami,shray_sami@outlook.com,1977-03-14,1733976016.0
EB7S41OWXQ,Mamooty Mangal,mamooty.mangal@hotmail.com,1981-06-11,2563012644.0
R3YDAJIC3V,Kimaya Sandhu,kimayasandhu@gmail.com,1979-03-30,66855594.0
P6WQS28HZR,Yasmin Buch,yasmin_buch@gmail.com,1997-11-22,6560119492.0
F7GVU4U5VF,Jivika Luthra,jivikaluthra@yahoo.com,1972-01-07,8218171885.0
BYRA59J5CW,Devansh Edwin,devansh_edwin@yahoo.com,1984-07-02,6348461387.0
289ZLXU9XM,Dhruv De,dhruvde@gmail.com,1989-01-23,7583001059.0
SJ07TIT6OY,Yakshit Chand,yakshitchand@outlook.com,1983-03-01,8186458682.0
YE19MAU7VY,Mishti Arora,mishtiarora@outlook.com,1994-07-11,3830697531.0
GPYNPZBZFD,Miraya Sami,miraya_sami@gmail.com,1976-05-29,8797607481.0
1QU61XKNVT,Ishaan Sahni,ishaan.sahni@yahoo.com,1993-06-11,5073480569.0
UDZS8LDQXL,Ryan Choudhary,ryan.choudhary@outlook.com,2000-04-05,8972633205.0
IVLPO3TGY7,Krish Dixit,krish_dixit@yahoo.com,1973-11-28,7796136039.0
1FORAHSJTI,Damini Dutta,daminidutta@hotmail.com,2002-11-24,924468762.0
B1LOJ2CL39,Keya Sidhu,keya.sidhu@outlook.com,1977-12-28,3354511705.0
TXR332QNOY,Dishani Khosla,dishani.khosla@outlook.com,1982-11-01,7625948714.0
5GE9UIL7SH,Jayesh Upadhyay,jayesh_upadhyay@outlook.com,1985-04-27,966693927.0
8LRYKSQ20I,Indrans Barad,indrans.barad@yahoo.com,1989-03-24,6763530722.0
95APOQEPVN,Kartik Barad,kartik.barad@hotmail.com,1985-09-09,7875495200.0
4ZS0JD0ZH1,Mishti Ramakrishnan,mishti.ramakrishnan@gmail.com,1975-10-18,9460536508.0
MYEXR0N18E,Parinaaz Krishnamurthy,parinaaz.krishnamurthy@gmail.com,2002-12-01,642669734.0
TM85GY719C,Kashvi Tella,kashvi_tella@outlook.com,1984-02-21,9183517563.0
9VQBYXD6LU,Amira Chaudhari,amirachaudhari@outlook.com,1976-12-27,6519016020.0
Z0IFW4KWMJ,Nitya Chopra,nitya.chopra@gmail.com,1979-04-05,3969150291.0
UO8UW2E7H8,Zain Taneja,zain_taneja@yahoo.com,1966-01-25,8480561978.0
GACHIBFBCI,Emir Brar,emirbrar@gmail.com,1989-01-07,4778565307.0
NISRJTWLKX,Tara Bhatia,tara_bhatia@hotmail.com,1993-06-02,9181239655.0
6UT7US68DN,Anahi Gala,anahi.gala@hotmail.com,2001-07-27,4451858240.0
61IQRXCUFI,Vanya Wason,vanya_wason@hotmail.com,2003-06-21,1121508524.0
5AGMCQVM5F,Lakshit Chopra,lakshitchopra@yahoo.com,1997-05-28,4339743744.0
M7T1VD0YET,Badal Hegde,badal_hegde@outlook.com,1980-01-09,6770525431.0
X2ZV2QM63R,Baiju Kar,baijukar@hotmail.com,1999-06-23,5732419248.0
4GUZ6UG6DE,Arhaan Balasubramanian,arhaanbalasubramanian@gmail.com,1990-03-25,1170602946.0
76GE7GRBPB,Vihaan Dube,vihaan.dube@outlook.com,1990-03-20,5267796013.0
RB3XRWJGQ2,Shanaya Agarwal,shanaya_agarwal@gmail.com,1982-05-03,2980263191.0
DVTZSQLU45,Nakul Goswami,nakulgoswami@yahoo.com,1975-06-09,5510770479.0
JQA5HGMW6Y,Samiha Khare,samiha.khare@hotmail.com,1986-04-18,5958482461.0
S0DRCHBTPJ,Nishith Kala,nishith.kala@outlook.com,1975-05-20,144896845.0
KIWMDUSC25,Anya Bali,anya.bali@gmail.com,1985-03-18,16856026.0
TTU1BXBU9G,Madhup Randhawa,madhuprandhawa@hotmail.com,1966-10-27,9745068421.0
TSD04J402U,Rati Kakar,ratikakar@yahoo.com,1986-04-12,8966880314.0
RFGQKCRMQR,Nitya Sidhu,nityasidhu@hotmail.com,1967-09-06,5873242464.0
SKV8NM730L,Kanav Rastogi,kanav_rastogi@yahoo.com,1974-04-22,4295226776.0
04RWUGUV0N,Abram Sha,abramsha@gmail.com,1973-06-15,7020512738.0
UTQRF6NPJ1,Ayesha Ratti,ayesharatti@gmail.com,1991-06-12,3526049242.0
DZ0DTF3J9G,Samar Dugal,samar.dugal@gmail.com,1968-04-15,6183477348.0
J5F04NJNHX,Ishaan Majumdar,ishaan_majumdar@hotmail.com,1970-03-23,4508612100.0
BHF74BLIS9,Suhana Saxena,suhana.saxena@gmail.com,1978-01-05,1587195984.0
5XHA2MKFK0,Shray Balakrishnan,shray_balakrishnan@hotmail.com,1969-07-28,2681198268.0
K1ZGWBXPF2,Aniruddh Hegde,aniruddh.hegde@gmail.com,2004-04-15,5605034240.0
S2ITW5T8QV,Ayesha Chakraborty,ayesha.chakraborty@hotmail.com,1970-11-02,8925599142.0
CIG6VFJSV4,Biju Master,biju_master@yahoo.com,1973-09-23,8979306643.0
4S1S0FVBCX,Mishti Sarma,mishti.sarma@outlook.com,1983-05-13,6665522872.0
BJLGZ77BZY,Navya Yogi,navya.yogi@yahoo.com,1982-04-09,4870856158.0
SRFVUM9EQ1,Shaan Baria,shaan_baria@outlook.com,1986-08-19,2676416650.0
U4Y3VOG1H2,Shalv Saran,shalv_saran@outlook.com,1993-10-31,6718367571.0
EVVISNV0VT,Tara Roy,tararoy@hotmail.com,1966-04-20,756127236.0
6CJJJJDT9Y,Umang Kothari,umangkothari@gmail.com,1976-01-05,7290752779.0
GPTTGB0VW7,Heer Badal,heer_badal@gmail.com,1988-11-21,6839830335.0
3IU2K3M52C,Gokul Balay,gokul.balay@hotmail.com,1996-11-13,2047004470.0
8ALJ2L3RLW,Shayak Venkataraman,shayakvenkataraman@hotmail.com,1992-10-10,6992766780.0
NBL5N88N46,Arnav Bandi,arnavbandi@hotmail.com,1973-01-09,3131323550.0
RE03TZD58X,Shlok Dave,shlok_dave@outlook.com,1994-09-17,5874508978.0
14SIJ0BY07,Tarini Gulati,tarini.gulati@outlook.com,1996-03-12,9494333375.0
LMVWYBI8R9,Nitya Dey,nitya_dey@outlook.com,1975-05-16,8254302691.0
SFTIY88BJI,Ira Korpal,ira_korpal@yahoo.com,1974-03-30,7097212272.0
U9D1ZPO9SW,Dhanuk Ranganathan,dhanukranganathan@hotmail.com,2001-05-05,4261269276.0
E4UQ3VH9LT,Hazel Gara,hazelgara@yahoo.com,1995-01-18,4891062619.0
M8IIWG0N87,Piya Kapur,piyakapur@yahoo.com,2002-06-30,4917816007.0
UFOD423L56,Aniruddh Jha,aniruddh_jha@outlook.com,1980-01-27,6519783979.0
3OYEKE3K0L,Jivika Madan,jivika.madan@outlook.com,1987-08-29,1523320673.0
U18IQRVK0I,Adira Saha,adira_saha@outlook.com,1991-11-11,5189487242.0
KFRK58U2ON,Aradhya Suri,aradhyasuri@gmail.com,1980-02-06,7720825225.0
W3LXUYBTT9,Madhav Varma,madhavvarma@yahoo.com,1974-05-06,1449849034.0
T3SV6WH77S,Hansh Chopra,hanshchopra@hotmail.com,1973-06-02,5284628304.0
Y08OJJXX7E,Prisha Apte,prishaapte@gmail.com,1994-07-16,7837419231.0
KENA7MG0T1,Aarna Aggarwal,aarna_aggarwal@yahoo.com,1977-05-16,6304208723.0
Q10WUBBIH9,Miraya Jha,miraya_jha@hotmail.com,1984-01-30,8654358117.0
R31ZSJXO7H,Zaina Brar,zaina.brar@yahoo.com,1990-04-16,3551955064.0
8K7LFHJ4WP,Shayak Dixit,shayak.dixit@yahoo.com,1969-12-05,6419991522.0
FGFD4XWNWQ,Alisha Chowdhury,alisha.chowdhury@hotmail.com,1974-04-17,3003586683.0
YMP54Y3Y26,Manjari Bose,manjari_bose@gmail.com,1966-08-15,1336551649.0
XDFMKP6HVK,Ivan Wagle,ivan_wagle@hotmail.com,1998-04-29,3536632172.0
7ZXOLAJK2D,Kashvi Jhaveri,kashvi_jhaveri@yahoo.com,1994-03-09,2677860020.0
QB20W6AZJ7,Jayesh Biswas,jayesh.biswas@outlook.com,1979-08-15,6540023815.0
V2SOE0H088,Hazel Jha,hazeljha@hotmail.com,1988-07-28,5024565545.0
HVSE07Q3YT,Nirvaan Gulati,nirvaan.gulati@outlook.com,1981-03-04,9893123945.0
GGI8IYXDMS,Onkar Virk,onkar_virk@hotmail.com,1992-10-28,3285867698.0
HJYLJTFQ4L,Nitara Verma,nitaraverma@hotmail.com,1993-09-27,4288161282.0
UKVM570SPN,Jiya Shan,jiya.shan@gmail.com,1983-03-27,9239977753.0
8I7DKIWQOZ,Rati Bath,rati.bath@outlook.com,1987-02-22,4338123234.0
HAP4UUJZ5U,Ojas Basu,ojas.basu@hotmail.com,1984-12-31,8556810940.0
DBIEHKRK2L,Aradhya Ratta,aradhya.ratta@outlook.com,1996-04-01,2609774911.0
ZESI0JX3RF,Madhav Gera,madhavgera@outlook.com,2001-08-14,4996982523.0
FKN7SOD9TS,Rania Sharaf,rania_sharaf@outlook.com,1983-06-06,7318437068.0
QNIFHBVXGN,Yakshit Gill,yakshitgill@outlook.com,1983-08-28,2150585592.0
QH0F9N75S2,Hridaan Bahl,hridaanbahl@gmail.com,1970-04-04,3273443526.0
0BN0WMTRT0,Gatik Bajaj,gatik.bajaj@hotmail.com,1985-06-09,1089273433.0
JK1MFILWVS,Shayak Chana,shayak_chana@gmail.com,1996-09-25,8418625264.0
WQATJNX1ZQ,Drishya Grewal,drishya.grewal@hotmail.com,1979-08-15,2604105574.0
CC9ONROC8U,Dishani Ramakrishnan,dishani.ramakrishnan@hotmail.com,1967-01-23,6604137392.0
A6B73BUJPQ,Shalv Thakur,shalv.thakur@gmail.com,1980-04-04,7739682090.0
0CV5GEDKCC,Nirvi Babu,nirvi.babu@yahoo.com,2000-08-05,8499815450.0
U89N260DQB,Divyansh Mann,divyanshmann@hotmail.com,1991-05-29,6267549960.0
CC6YKEVJTY,Dhanuk Gala,dhanukgala@yahoo.com,1988-02-16,7394798952.0
SU2U0SRXET,Advik Agarwal,advik_agarwal@yahoo.com,1986-12-26,6060502688.0
0O3UR6DKB9,Damini Goel,damini_goel@outlook.com,2003-10-19,3045343495.0
FXB5SXINHM,Nakul Batra,nakulbatra@yahoo.com,1975-09-21,5192389143.0
JCAG5PGTGD,Anahi Swamy,anahiswamy@hotmail.com,2004-12-06,1347759561.0
U0TDPKC1Z3,Fateh Biswas,fatehbiswas@gmail.com,1983-03-05,4365636000.0
IPSF8BRSWL,Manjari Vig,manjari_vig@hotmail.com,1999-05-28,7094607108.0
8XUN00CTTV,Shayak Kannan,shayakkannan@yahoo.com,2002-09-25,4422392885.0
5IR02FXI0R,Khushi Lata,khushi.lata@outlook.com,1992-05-21,6174625952.0
BOI86MYY7N,Jhanvi Bhakta,jhanvi.bhakta@outlook.com,1975-09-09,850239984.0
9MSUKDCM6O,Lakshay Mangal,lakshaymangal@outlook.com,2002-09-18,8969548255.0
VAEWXAVAZ6,Anahi Taneja,anahi_taneja@yahoo.com,1983-10-02,1592984292.0
RT9AINXCEV,Ela Venkataraman,ela.venkataraman@outlook.com,1986-03-24,4737192171.0
G75FT8U1RJ,Anahi Chandra,anahi.chandra@gmail.com,1998-03-13,8499837758.0
PHKNCLIPAR,Shaan Dara,shaan_dara@gmail.com,2000-08-28,6901920481.0
TGYQ3MAZ53,Kismat Suresh,kismat_suresh@outlook.com,1969-02-11,2551545212.0
S5YKREUORG,Tiya Ramachandran,tiyaramachandran@yahoo.com,1970-06-25,5335721624.0
6DPMLMJAKF,Ishita Keer,ishita.keer@yahoo.com,1971-07-09,5224690501.0
M7JP1QRW5K,Priyansh Atwal,priyansh.atwal@yahoo.com,1995-06-26,7331425602.0
AOJGA4K6BI,Zoya Dave,zoya_dave@yahoo.com,1978-05-19,8000801682.0
KW48GEE1B0,Anahita Ganguly,anahita_ganguly@outlook.com,1986-02-20,8493078930.0
731XN3B29S,Lakshay Uppal,lakshay.uppal@outlook.com,2000-08-30,9869139989.0
WFMYP50YFR,Arhaan Mann,arhaan_mann@gmail.com,1969-07-30,7962968644.0
UHSNWX8ET2,Trisha Gill,trishagill@hotmail.com,2002-05-05,3666868237.0
EZ3JXWOH27,Miraan Barad,miraan_barad@outlook.com,1976-03-20,5763846770.0
WLYHPARXYB,Emir Suresh,emirsuresh@gmail.com,1992-05-31,4828614558.0
93XT6NAY70,Parinaaz Goyal,parinaaz_goyal@outlook.com,2002-04-20,4960368032.0
KHCFORTK1N,Mannat Sachdeva,mannat.sachdeva@gmail.com,1980-02-08,3151350298.0
TAB8WSP0NP,Dharmajan Bajaj,dharmajan_bajaj@hotmail.com,1997-01-22,5677402269.0
BDBXJLVRLM,Anvi Gandhi,anvigandhi@outlook.com,2001-03-13,3281965284.0
9HC0X4USTH,Mehul Bera,mehul.bera@hotmail.com,1985-04-15,5755354428.0
0YBA5NQGSO,Vritika Bava,vritika.bava@yahoo.com,2001-10-23,2620631948.0
SYSL10NV3S,Aaina Batta,aainabatta@hotmail.com,1966-06-03,8092142538.0
M66Y8S0HE5,Divij Kala,divij_kala@gmail.com,1971-04-08,3928077657.0
FGCJ184V81,Faiyaz Virk,faiyaz.virk@outlook.com,1974-01-09,1957856708.0
G1OPLR7TSH,Seher Edwin,seheredwin@yahoo.com,1995-11-15,5972565990.0
2J49H0ORQZ,Chirag Savant,chiragsavant@gmail.com,1990-05-09,5246969664.0
T54Q2XN87Q,Bhavin Kulkarni,bhavin.kulkarni@yahoo.com,1997-06-11,647109306.0
QRVMICDATW,Baiju Gandhi,baijugandhi@hotmail.com,1999-05-16,8781270143.0
1ELRNKCRXJ,Badal Amble,badal_amble@yahoo.com,1972-12-18,6465160600.0
YN0KFXP81R,Tiya Chana,tiya_chana@outlook.com,1997-03-28,2244542958.0
6J8W179YH3,Vidur Bedi,vidurbedi@gmail.com,1987-07-18,226408772.0
K9I9A2O968,Piya Ramachandran,piya.ramachandran@hotmail.com,1971-03-21,7980447457.0
ZDHDTK4TOY,Faiyaz Chakrabarti,faiyazchakrabarti@gmail.com,1988-02-08,1900123094.0
1STQMCX26Y,Damini Lal,damini.lal@outlook.com,1990-04-01,2467755966.0
VZ917357ET,Aaryahi Divan,aaryahidivan@outlook.com,1974-04-08,6511210488.0
4X22O8RXMK,Zoya Kaul,zoya_kaul@outlook.com,1994-10-15,2463445979.0
TVTEEYRAGF,Riaan Dugar,riaan_dugar@outlook.com,1966-08-01,2285851435.0
8N4I413SLE,Hridaan Mannan,hridaan_mannan@hotmail.com,2004-01-19,2920872848.0
JF916D7ONH,Dhruv Buch,dhruv.buch@gmail.com,1977-11-29,9592997002.0
I46G8G48NH,Raunak Bhardwaj,raunak_bhardwaj@hotmail.com,1986-05-01,5970767892.0
JF17BNGAMY,Ranbir Ramanathan,ranbirramanathan@hotmail.com,2002-04-04,3152322774.0
LWLZ4DUBU0,Lakshit Srinivasan,lakshit.srinivasan@gmail.com,1982-06-26,5210668757.0
W6ETYYV6ZI,Gokul Babu,gokul_babu@outlook.com,1998-07-21,5204833060.0
K98WF75S8H,Aarush Koshy,aarush_koshy@outlook.com,1979-06-24,6997521512.0
B5KR4RW5HM,Kavya Iyer,kavya_iyer@hotmail.com,1984-07-11,2395086344.0
0Z71JSU4M6,Kashvi Chad,kashvi_chad@outlook.com,1992-08-19,5526229306.0
HHC5I5XI57,Keya Kapur,keya.kapur@hotmail.com,1993-07-24,8173265457.0
5VLMUDIU47,Abram Golla,abram.golla@gmail.com,1979-06-10,5422421766.0
VLU4NP720C,Shanaya Sachar,shanayasachar@gmail.com,1994-03-20,7166679944.0
OAUQ2G5ZYA,Dishani Mann,dishani.mann@hotmail.com,2004-09-25,5130922576.0
WFOBVCT1XB,Aradhya Ravi,aradhyaravi@yahoo.com,1999-11-13,8911664038.0
1L4EZVQL0O,Taimur Gala,taimur.gala@gmail.com,1970-11-18,7225682347.0
A7AVHAUZ0I,Amani Ranganathan,amaniranganathan@gmail.com,1975-05-08,73264213.0
GM6ND6OS22,Pihu Dutta,pihu.dutta@gmail.com,1975-02-24,1424383420.0
E0RXI56RUW,Nitya Singh,nitya_singh@yahoo.com,1994-05-18,4878696262.0
3IOK2NI3EJ,Neysa Sandhu,neysa_sandhu@hotmail.com,2003-07-15,3884179840.0
5KY04IVS5W,Pihu Raja,pihu_raja@gmail.com,1997-02-16,9349202978.0
AYOTYVS0IJ,Krish Sarkar,krishsarkar@yahoo.com,1981-10-02,3797601140.0
N08L667JRM,Vritika Korpal,vritikakorpal@gmail.com,1970-12-13,6986073473.0
JA39GJXF8F,Vanya Mammen,vanya.mammen@gmail.com,1998-03-22,612705365.0
ZJVJOQG9S9,Nishith Banik,nishithbanik@hotmail.com,1991-07-14,490393231.0
XAU1SHTF81,Veer Zachariah,veer_zachariah@outlook.com,1986-09-24,1641536798.0
VCLBZ8IUNM,Samaira Kara,samaira.kara@gmail.com,1998-03-04,6899867396.0
QGN8SB9O90,Indrans Kapur,indrans.kapur@gmail.com,1995-06-16,6568776478.0
HY4SHYAWYD,Samaira Borra,samaira.borra@yahoo.com,1997-02-03,9225206464.0
RR20ID1HBX,Nirvaan Sood,nirvaansood@yahoo.com,1968-12-09,734873100.0
URVOOHB9KV,Aaryahi Vohra,aaryahivohra@hotmail.com,1967-09-08,4658012017.0
CPB36XIOKH,Rasha Singhal,rasha.singhal@yahoo.com,1971-11-17,2594391444.0
1CKB4YU47B,Stuvan Rao,stuvan_rao@outlook.com,1991-08-15,16244835.0
9KE9ARGHEQ,Pihu Chokshi,pihu.chokshi@yahoo.com,1991-08-11,8843828976.0
YQH8EV3WKL,Vihaan Deshmukh,vihaandeshmukh@outlook.com,1972-02-10,6227376721.0
WHE0BSB3YQ,Ahana  Lal,ahana.lal@hotmail.com,2001-01-29,9284226543.0
AFRESDVUPJ,Indranil Sathe,indranilsathe@outlook.com,1987-11-22,9044164911.0
DOPHJRQI2C,Zaina Tara,zainatara@outlook.com,1992-05-24,1840895102.0
3LMXD6XGOE,Nehmat Hari,nehmat.hari@outlook.com,1995-07-03,5329499367.0
46KD4HAK3C,Taimur Sachdeva,taimur_sachdeva@hotmail.com,1977-05-17,3456860958.0
O320O5ULOS,Manjari Krishna,manjari.krishna@yahoo.com,1996-03-02,5950080734.0
ZMMWQ6N4IQ,Badal Deo,badal.deo@gmail.com,2001-12-18,2064565905.0
9YIXX9M6DH,Saksham Reddy,saksham.reddy@outlook.com,1996-04-15,6258862608.0
YPDHMHPBXT,Kartik Kibe,kartikkibe@hotmail.com,1984-03-13,2475552864.0
KXE4DA0QN9,Ritvik Goda,ritvik_goda@outlook.com,1966-12-20,7601163544.0
OFSGS5ZHIA,Jhanvi Gupta,jhanvigupta@hotmail.com,1968-04-02,1228389082.0
8U4ST0GLHA,Raghav Kibe,raghavkibe@gmail.com,1972-06-05,4687356988.0
B1C3PVHWFZ,Samarth Halder,samarth_halder@gmail.com,1992-04-20,6938001261.0
MXOV0EZP7X,Kismat Rajan,kismatrajan@outlook.com,1972-03-21,4930510350.0
UP7REEALAY,Nirvi Sharaf,nirvi.sharaf@hotmail.com,1991-01-07,7384210631.0
YGUSFIBLNY,Anahita Dhar,anahitadhar@gmail.com,1971-11-04,5716413567.0
VJNEKLD8HE,Myra Chhabra,myra_chhabra@gmail.com,1998-03-09,9381710406.0
WXU4I4COML,Tejas Dara,tejas_dara@yahoo.com,1982-07-30,5576542059.0
IB5ABUF1UJ,Ishaan Khalsa,ishaankhalsa@gmail.com,1984-09-02,8339433139.0
Z9BHYX870X,Jiya Barman,jiyabarman@outlook.com,1970-08-04,7901418645.0
ZI9R2Q4X2T,Yuvraj  Sankaran,yuvraj.sankaran@gmail.com,1997-03-28,7193617886.0
XKO1662WSH,Bhavin Raju,bhavinraju@gmail.com,1987-03-08,343760568.0
OGIYCI05LW,Krish Sangha,krishsangha@outlook.com,1982-09-22,2350808175.0
33MBH661CZ,Romil Hegde,romil.hegde@yahoo.com,1979-11-09,5306966189.0
LEU13JJNKU,Khushi Sarna,khushisarna@yahoo.com,1982-02-06,619764428.0
HYUQ6YD9JW,Tarini Kakar,tarinikakar@hotmail.com,1967-10-29,3713514702.0
Y4GAJ7OJ24,Devansh Dugar,devanshdugar@outlook.com,1967-10-18,6404580473.0
F5R28FW773,Zeeshan Gour,zeeshan_gour@outlook.com,1988-11-01,5342542395.0
5QKSKH3EIN,Shlok Rajan,shlok.rajan@gmail.com,1999-03-16,5691696395.0
OJB3NTIQBF,Navya Handa,navya.handa@yahoo.com,2000-02-19,7903397877.0
9F96AW8TXW,Farhan Mani,farhan.mani@hotmail.com,1967-11-21,5130190054.0
QAVMKGN5TG,Vivaan Raval,vivaan_raval@hotmail.com,1976-02-15,7592690376.0
LIBZCFER15,Hazel Dhillon,hazeldhillon@outlook.com,1998-06-24,8735587891.0
35DRB31FZS,Ritvik Tailor,ritvik_tailor@hotmail.com,1977-04-04,8219313469.0
A7U09BC3EI,Advik Malhotra,advik_malhotra@yahoo.com,1966-07-29,4793796361.0
4PG5VL9P31,Lakshit Contractor,lakshit_contractor@yahoo.com,1984-02-03,6950249429.0
NN6AIRERY2,Nirvi Lata,nirvi.lata@gmail.com,1970-08-28,4478907271.0
EBNW565FL5,Ishita Chander,ishita_chander@gmail.com,1989-01-12,4850896656.0
3A97LYNL3A,Tanya Balakrishnan,tanyabalakrishnan@yahoo.com,1978-11-13,8539440851.0
63QJD87AE9,Jivin Toor,jivintoor@outlook.com,1997-08-08,9247468540.0
8HY1O9AJFH,Pari Konda,pari_konda@hotmail.com,1973-06-15,958033547.0
R30H2IUZWB,Divit Chacko,divit.chacko@yahoo.com,1991-02-14,8631717787.0
DVLMUBJFKF,Anika Doctor,anikadoctor@gmail.com,1997-02-23,4173323040.0
ZROKYQMA88,Shanaya Borde,shanaya_borde@yahoo.com,1967-07-03,2182973716.0
8NVDTO8NDZ,Manikya Bajwa,manikya_bajwa@gmail.com,1981-04-14,8774296166.0
K38S4PUN3Z,Himmat Randhawa,himmat.randhawa@gmail.com,1969-12-02,4871592283.0
9KL6XB4GZH,Ehsaan Wadhwa,ehsaan.wadhwa@yahoo.com,1984-06-13,3501002759.0
Z0D1JRI4SO,Zeeshan Roy,zeeshan.roy@hotmail.com,1993-10-20,8485039968.0
PWRJ121AQT,Samaira Bedi,samaira.bedi@yahoo.com,1993-07-15,7975098591.0
JQG78JVQ54,Riya Sane,riya_sane@hotmail.com,1973-03-03,9347865856.0
VV2US0XDYF,Uthkarsh Roy,uthkarsh_roy@yahoo.com,1968-02-27,2997029090.0
6UHLSE4CUN,Divit Viswanathan,divitviswanathan@yahoo.com,1996-12-28,4103972059.0
MMVOG9V7RE,Hazel Dada,hazel_dada@hotmail.com,1999-10-02,3109706477.0
L4OLD7VGNT,Emir Mani,emir_mani@hotmail.com,1972-08-01,4724551100.0
0HEQ9DK6DE,Arnav Ganguly,arnavganguly@yahoo.com,1966-03-04,7462540914.0
MQRE9JJG49,Lagan Badami,lagan.badami@outlook.com,1977-05-02,6331504939.0
JP752B3V20,Divij Sule,divij.sule@gmail.com,1976-08-25,1054609376.0
XHZ0LLKQC7,Shamik Raman,shamikraman@outlook.com,1982-04-28,9482515480.0
XBNS76QTKI,Baiju Upadhyay,baijuupadhyay@hotmail.com,1995-03-25,4766457316.0
5GUZF9R2Q0,Ranbir Mallick,ranbir_mallick@gmail.com,1981-01-13,2964775137.0
UTQQHLDNWD,Adah Kalla,adah.kalla@outlook.com,1989-04-19,1637448692.0
P73YBQHBQN,Ehsaan Raju,ehsaan.raju@gmail.com,1972-03-31,6552383660.0
NL4ITQ5M7O,Dishani Korpal,dishani.korpal@hotmail.com,1968-06-26,3603522274.0
SMNQSU2FJG,Pihu Wable,pihu.wable@yahoo.com,1980-07-13,2259717440.0
8QGA6E56F1,Reyansh Banerjee,reyansh_banerjee@outlook.com,1993-09-19,7649243068.0
9D1TYU4C5B,Advik Mangal,advikmangal@outlook.com,1991-02-18,403960861.0
MDP7QZISWU,Kismat Rattan,kismat_rattan@yahoo.com,1995-08-23,4720838378.0
FJ4G1VL97T,Ryan Grover,ryangrover@outlook.com,1973-10-06,3712173233.0
M3P457JN45,Adira Rau,adirarau@outlook.com,1990-05-15,2773747162.0
PN7SWIBMWR,Kartik Bains,kartik.bains@outlook.com,1966-04-23,6177594882.0
Q606YF9OS4,Aniruddh Wali,aniruddh_wali@gmail.com,2002-10-03,2719295532.0
2X2X8HHZDD,Rohan Lalla,rohan.lalla@yahoo.com,2001-06-23,3938511610.0
A4BUURNCNW,Anvi Jhaveri,anvi.jhaveri@hotmail.com,1989-07-24,5227647322.0
13DVZZP1QT,Arhaan Bawa,arhaanbawa@yahoo.com,1971-06-06,3531809038.0
UVLKZ8G2B3,Umang Ganesan,umang.ganesan@hotmail.com,2003-03-21,5617525374.0
0RVY8KADG3,Divij Sawhney,divij.sawhney@gmail.com,1967-04-24,7879278193.0
5NLNX0J7A2,Advika Sarkar,advikasarkar@gmail.com,2002-11-26,7805041915.0
W50GSE4BA6,Divit Bhavsar,divit_bhavsar@yahoo.com,1994-05-22,6677741092.0
G43HHYLT4O,Neysa Dyal,neysadyal@yahoo.com,1982-09-05,6132117300.0
OC0MDJZFD2,Sahil Mannan,sahilmannan@yahoo.com,1995-11-21,1972248336.0
QVWNBNE716,Elakshi Chana,elakshi.chana@outlook.com,1986-09-08,7820775970.0
UW3PM1OK2I,Aradhya Talwar,aradhya_talwar@gmail.com,1974-02-22,5625250154.0
ED8AU6JS4V,Samar Mane,samar_mane@hotmail.com,1999-01-16,9998597501.0
ASFP0N0JX5,Nirvi Srinivas,nirvi_srinivas@gmail.com,1975-04-10,5735363887.0
2XCFNK41VB,Vanya Baria,vanyabaria@gmail.com,1995-04-29,1235250989.0
PGSDRG206X,Shaan Sen,shaan_sen@yahoo.com,2002-08-29,5141377458.0
EBHHBTHFNH,Kaira Cherian,kaira_cherian@outlook.com,1991-02-04,5363567810.0
Y5D3FH79DG,Yashvi Ram,yashviram@outlook.com,1983-12-06,66506027.0
0L53FUA6LF,Nirvaan Kunda,nirvaan_kunda@outlook.com,1968-07-06,4464358644.0
NUMLMVRCPE,Adah Bajwa,adah_bajwa@gmail.com,1988-12-26,7928747544.0
LPTLVS6LGI,Vihaan Sawhney,vihaan.sawhney@outlook.com,1982-10-30,3942406684.0
2DL1OEQ57O,Kiara Dutta,kiara.dutta@gmail.com,1969-12-05,2247785831.0
4S34K15F9O,Ahana  Wason,ahanawason@gmail.com,1970-10-02,2406894291.0
Z73P6DK1TM,Hazel Chowdhury,hazel_chowdhury@yahoo.com,1987-11-23,6496829825.0
ZVOBPPIYTL,Kabir Yogi,kabiryogi@outlook.com,1994-06-19,4712556073.0
5KLZUM86ZR,Nirvi Bhakta,nirvi.bhakta@outlook.com,1999-07-11,9221503818.0
UGUG21YT5L,Vivaan Kaur,vivaan_kaur@yahoo.com,2000-04-26,6539040612.0
0NKYJXDY39,Indrajit De,indrajit_de@yahoo.com,1984-11-13,8354768594.0
BVNU9M78EZ,Pari Luthra,pari.luthra@hotmail.com,1970-10-08,7444660356.0
JHYFFJQOUL,Keya Khosla,keyakhosla@outlook.com,2004-07-21,9512140321.0
1GFGPVQDT4,Shlok Buch,shlokbuch@yahoo.com,1976-10-08,4539439930.0
E3RTRQAJFJ,Azad Biswas,azad.biswas@yahoo.com,1983-01-24,8394443151.0
KBKWQBDVT3,Bhavin Vig,bhavin_vig@hotmail.com,2003-01-23,9768406700.0
D1GXMF9ZLB,Vanya Kapadia,vanya_kapadia@gmail.com,2002-08-19,9336805378.0
Q811OIHOIR,Adira Guha,adira.guha@outlook.com,1997-12-26,9884837987.0
S7ULLHA3XX,Anika Goswami,anikagoswami@hotmail.com,1995-07-22,9563302507.0
3W3LCQDWAG,Vedika Dhillon,vedikadhillon@outlook.com,1982-08-06,8376196850.0
0EFE7BDBIH,Parinaaz Kumer,parinaazkumer@outlook.com,1972-12-09,8084433275.0
41FLBLJJ3K,Baiju Baria,baiju_baria@yahoo.com,1979-09-14,1698490736.0
4UBDQ3K6ZH,Ritvik Bora,ritvikbora@gmail.com,1986-12-24,5248775768.0
98RL1UDPH9,Hiran Tak,hiran_tak@yahoo.com,1984-07-14,5072260495.0
6T79L5BVAN,Kimaya Sane,kimayasane@gmail.com,1979-11-10,4975174514.0
2T7814M3VB,Samar Khalsa,samar_khalsa@yahoo.com,1968-04-04,4289819726.0
Y9UEP0AS7D,Ira Atwal,iraatwal@outlook.com,2004-09-03,1503861321.0
14GO9RSX1I,Kaira Ghosh,kaira.ghosh@yahoo.com,1973-09-03,5948418608.0
7P4NJ9HY51,Jivin Kapoor,jivinkapoor@outlook.com,1985-12-13,2603559117.0
TM8VVVUQ6W,Madhup Sathe,madhupsathe@outlook.com,1996-06-26,1012557573.0
1LD5QFO2Q1,Darshit Gera,darshitgera@yahoo.com,1977-12-03,4075187976.0
X01VWKSB5Y,Nitara Rajan,nitararajan@yahoo.com,1972-03-07,5213585619.0
P12NNR5VYM,Raunak Bali,raunak.bali@yahoo.com,2001-03-17,2679567807.0
OWZXK532AR,Sahil Badal,sahilbadal@hotmail.com,1967-09-30,3675481295.0
VT558R3Z9A,Rohan Seshadri,rohan_seshadri@hotmail.com,1989-12-22,4801848495.0
IPN5W53B8M,Divij Salvi,divij.salvi@outlook.com,1985-11-26,4199688352.0
FVUUA090IO,Veer Swaminathan,veerswaminathan@yahoo.com,1984-02-01,7940914395.0
BLINX01YOS,Manikya Karpe,manikyakarpe@gmail.com,1984-06-08,8486469146.0
R2413SRA7R,Chirag Chandra,chiragchandra@outlook.com,2004-06-07,6062341275.0
7D40GQEXAM,Manikya Talwar,manikya_talwar@gmail.com,1971-10-03,9652544169.0
B261D2ZB60,Jivika Mandal,jivika.mandal@yahoo.com,1971-02-14,6600719429.0
RR0LEW7F8N,Nitara Setty,nitarasetty@outlook.com,1974-06-10,8158863315.0
GCBN5STBJ6,Umang Sarraf,umang_sarraf@outlook.com,1987-02-25,2522828237.0
99RP33KAXS,Manjari Chhabra,manjari.chhabra@yahoo.com,1969-11-29,7709194563.0
PMFE7TECGM,Kartik Dhingra,kartik.dhingra@outlook.com,1997-03-04,4414539606.0
C3Y625BAPH,Hiran Gola,hiran.gola@outlook.com,1983-09-15,7766596567.0
UOBPZ9N96U,Samaira Sengupta,samairasengupta@outlook.com,2002-08-21,3257576434.0
NSIPLGEE62,Urvi Shanker,urvi.shanker@yahoo.com,1999-09-15,2778725817.0
S461V21MG1,Divij Bhavsar,divij_bhavsar@outlook.com,1982-12-05,3332521026.0
TPVJIGF90M,Manjari Gola,manjari_gola@yahoo.com,1984-01-17,292778575.0
L2E89YK26A,Dishani Sharaf,dishani_sharaf@hotmail.com,1991-04-25,7607007634.0
A4QY3SSM9F,Hridaan Ramachandran,hridaanramachandran@hotmail.com,1983-06-01,389830383.0
XMGVLT3GVE,Ishita D’Alia,ishita_d’alia@outlook.com,1969-06-17,2711225037.0
0QSFE11TS4,Yashvi Sachdev,yashvisachdev@hotmail.com,1980-06-27,4990993846.0
X432ZLLEE1,Yuvraj  Chauhan,yuvraj_chauhan@hotmail.com,1982-04-22,5881869800.0
LDSEL8SIOM,Charvi Mani,charvi.mani@gmail.com,1983-06-11,1299721422.0
D9RXPQYC8C,Shlok Gaba,shlok.gaba@gmail.com,1986-06-21,9295841532.0
8H9C3M6RC2,Kismat Dube,kismat_dube@yahoo.com,1970-03-28,6580764038.0
Z0ANYY8U1K,Tanya Uppal,tanya.uppal@outlook.com,1991-11-09,7173727172.0
GK1ZLVCAQ7,Romil Baral,romil_baral@hotmail.com,1978-11-10,397505980.0
EVC7UE5PA9,Indranil Gera,indranil.gera@gmail.com,1996-08-23,9123302874.0
M7Z4BIC1A6,Darshit Karan,darshitkaran@yahoo.com,2004-06-25,4622686624.0
AMBLQZJVLS,Miraya Saxena,miraya_saxena@outlook.com,1966-07-02,867747834.0
3GDRJ6VV5Z,Biju Barman,bijubarman@gmail.com,1979-11-01,4427474734.0
GCB5Y2UZV0,Neelofar Iyengar,neelofar.iyengar@hotmail.com,1967-10-15,7693120694.0
FBWJWYVPWQ,Yashvi Loyal,yashvi_loyal@outlook.com,1981-04-14,1955017545.0
9OF1ZKJ8OP,Hazel Kaul,hazel.kaul@yahoo.com,1996-11-23,7237764482.0
7NYFW0EDZX,Ira Reddy,ira_reddy@outlook.com,2004-02-21,3047926084.0
HW3N8XXU35,Tejas Shah,tejasshah@gmail.com,1974-09-04,9812202695.0
T4HVQLJ64U,Alia Kant,alia_kant@outlook.com,1969-05-16,2206857568.0
06HJQPIW45,Reyansh Karpe,reyansh_karpe@outlook.com,1989-01-06,1955931760.0
GEP9Q9MN9T,Oorja Shukla,oorjashukla@outlook.com,2001-02-13,3086343522.0
OF3E9GOO64,Rhea Kakar,rhea.kakar@gmail.com,1966-12-29,5945536024.0
1I3RB4U9ZW,Biju Ramanathan,biju_ramanathan@yahoo.com,1976-02-20,3913282631.0
IITRY4J21R,Gokul Sachdev,gokulsachdev@hotmail.com,1978-04-23,5568792211.0
2V8Q2WCU7S,Darshit Bhat,darshit_bhat@hotmail.com,1989-11-30,5486577261.0
0HKMVEWS26,Tushar Sampath,tushar.sampath@outlook.com,1972-10-21,932180172.0
800K9FHS6B,Romil Krish,romil.krish@hotmail.com,1999-02-22,9895898877.0
BX38CBOOHG,Tara Yogi,tarayogi@gmail.com,1985-09-28,2919068449.0
UR02I5LG86,Dhanuk Hari,dhanuk_hari@gmail.com,1986-01-18,8832427231.0
SX94FE4DVQ,Riaan Dass,riaandass@gmail.com,1986-04-19,4460067099.0
N3YB5XEL12,Fateh Lad,fateh_lad@yahoo.com,1982-03-14,9321675981.0
DCR3WWDTIE,Seher Kapadia,seherkapadia@outlook.com,1969-07-05,8807977919.0
FHPPNRM2N5,Ivan Butala,ivan_butala@gmail.com,1980-04-06,5098812347.0
DBVMPAYOCI,Damini Zachariah,damini.zachariah@gmail.com,1982-07-28,6481729074.0
O9C0JOIIAC,Shanaya Ben,shanayaben@gmail.com,1970-03-28,9373104353.0
PQ9HBW2K7A,Miraan Seshadri,miraan_seshadri@hotmail.com,1971-08-02,5522721341.0
K9M2SZZNBP,Zain Koshy,zain.koshy@yahoo.com,2002-06-13,6292593879.0
HUS8P86NBY,Abram Dora,abramdora@gmail.com,1982-03-01,9465332165.0
G67DVKMF6O,Aradhya Sheth,aradhya_sheth@outlook.com,1982-06-09,9039745255.0
EK40THCE0C,Ranbir Mahajan,ranbir.mahajan@outlook.com,1996-01-24,532456536.0
VI1G28OOF3,Saira Gupta,saira_gupta@outlook.com,1992-12-06,4106796957.0
G6CCSDPKA7,Nayantara Kata,nayantara.kata@yahoo.com,1988-06-09,3355154240.0
0L159T7I83,Yuvraj  Barad,yuvrajbarad@yahoo.com,1985-06-24,1525706271.0
PFQLLGLEJS,Shayak Lad,shayak.lad@hotmail.com,1969-08-02,5836390952.0
RHC8WCGLQY,Yashvi Ghosh,yashvi_ghosh@outlook.com,1999-12-22,1663605574.0
PWZFKL15U6,Neysa Kara,neysakara@outlook.com,1994-03-21,4946195509.0
C16R0H4JZK,Raunak Sahota,raunak_sahota@hotmail.com,1985-02-17,9866198765.0
76CZ3EZVVI,Reyansh Singh,reyansh_singh@gmail.com,1985-10-14,489092116.0
6SRAWS0WOI,Anay Ahluwalia,anay_ahluwalia@hotmail.com,1967-09-08,2736741053.0
XEWXCT6ME3,Azad Desai,azaddesai@gmail.com,1971-02-19,1738203597.0
5LBDNFHSJZ,Devansh Manne,devansh.manne@yahoo.com,1984-01-29,7289280840.0
ZEFOSRF8X4,Samaira Rao,samaira_rao@gmail.com,1975-09-12,6472571178.0
8SMO8KNEPN,Aarav Kota,aaravkota@outlook.com,1980-07-01,6541923050.0
G7AP3TNC76,Dharmajan Devan,dharmajan.devan@hotmail.com,1985-01-04,9509470423.0
XARSEJD3F4,Mohanlal Dar,mohanlal_dar@outlook.com,1975-11-01,1348796127.0
VO8595XLX3,Mamooty Mann,mamooty_mann@gmail.com,2001-03-11,7617606895.0
CF8RTCHGTE,Zeeshan Sinha,zeeshan_sinha@gmail.com,1994-08-26,6649676515.0
LUV49CHVK0,Aarav Hans,aarav.hans@outlook.com,1986-05-04,1918359728.0
U338B85IGO,Jivika Mangat,jivikamangat@hotmail.com,1984-05-21,1451793201.0
PQ04TBMG11,Devansh Tella,devansh_tella@outlook.com,1978-10-05,8732259227.0
49OBITUSVA,Jivika Chokshi,jivika_chokshi@outlook.com,1968-01-06,9085047432.0
ZA85FAO4OU,Saksham Sathe,sakshamsathe@yahoo.com,1985-06-21,2924288921.0
O39I08ZPZY,Saanvi Cheema,saanvi.cheema@outlook.com,1980-03-23,2918487708.0
8BR4HREWNT,Hazel Dass,hazel.dass@yahoo.com,1974-09-18,4355692214.0
FK0FL8OYPC,Kaira Bajwa,kaira.bajwa@gmail.com,1996-01-20,5835131474.0
X0L2IKY4KM,Yashvi Sunder,yashvi.sunder@outlook.com,1990-01-30,3649652363.0
Z8YMOC76RF,Nitya Bora,nitya.bora@outlook.com,1974-01-13,987707568.0
S85X0DXMA1,Sahil Chopra,sahil_chopra@yahoo.com,1986-07-14,7712759913.0
9QUCOGH6X6,Bhavin Tailor,bhavintailor@gmail.com,1988-02-27,3732355429.0
3BXXP4QA7L,Zeeshan Saraf,zeeshan.saraf@gmail.com,2001-06-01,722471165.0
OG51U7DDJH,Ritvik Virk,ritvikvirk@outlook.com,2003-12-27,9722532106.0
BFSN6YFNYQ,Rasha Sem,rasha.sem@yahoo.com,1992-03-25,6842703600.0
2CB3UHKEEI,Keya Chana,keya_chana@hotmail.com,1978-10-28,4823269783.0
UAOFYB74Y0,Saira Dugar,sairadugar@outlook.com,1980-05-10,4108809294.0
JF2TMQQT61,Kimaya Doctor,kimayadoctor@hotmail.com,1992-08-17,646726335.0
FDYDB2WDYO,Aarav Johal,aarav_johal@gmail.com,2003-02-21,6917315107.0
72QA21VPPI,Badal Chada,badal.chada@outlook.com,1969-08-22,2675727876.0
Y881PAGTPP,Miraya Kant,miraya_kant@outlook.com,1991-11-16,7495266359.0
UHFPN8ZQKQ,Kiaan Krishnamurthy,kiaan_krishnamurthy@yahoo.com,1996-09-21,7760557869.0
MA4U3HJAJ1,Vardaniya Hegde,vardaniyahegde@hotmail.com,1999-06-15,7265724096.0
S1F8SU2ZC1,Jayant Vaidya,jayantvaidya@gmail.com,2001-08-14,7664345530.0
ZQVPCISIAR,Krish Joshi,krish_joshi@gmail.com,1972-08-20,9393950519.0
AKRGYPXD3D,Amani Khatri,amanikhatri@hotmail.com,1992-01-20,9072276023.0
4MKA35IK4T,Pari Dar,pari.dar@yahoo.com,1999-07-22,591444597.0
6X74I9FS4Q,Jiya Manda,jiya_manda@outlook.com,1988-04-09,6562341782.0
SRGO2F01HG,Jayesh Kamdar,jayesh_kamdar@gmail.com,1995-04-19,5379931222.0
G1ACG6QDF6,Alia Raj,alia_raj@outlook.com,1984-10-28,2029013869.0
AHVRBMHBNB,Sumer Butala,sumer.butala@outlook.com,1975-09-24,5317734495.0
NLSGTNJYTI,Dhanush Choudhary,dhanush_choudhary@outlook.com,1971-09-13,9570635991.0
IDZ7BBC7V3,Baiju Gupta,baiju_gupta@outlook.com,1970-05-14,5791469701.0
S0M07P622I,Divyansh Sur,divyanshsur@gmail.com,1986-08-08,4315669418.0
8FOXQPDTKT,Rati Gokhale,ratigokhale@outlook.com,1971-10-04,9022675876.0
L9SJETF1TI,Vritika Bajwa,vritika.bajwa@yahoo.com,1979-03-12,5130590587.0
IBVUCSQF1I,Ishita Swaminathan,ishita.swaminathan@yahoo.com,1973-11-08,543221389.0
GXCRLA0LDM,Hridaan Bansal,hridaan_bansal@outlook.com,1984-07-08,5491901087.0
UI0H586EZK,Kartik Bhakta,kartik_bhakta@yahoo.com,1996-03-21,1698129017.0
XCIGVJAO3C,Darshit Choudhry,darshitchoudhry@gmail.com,1988-10-23,2437013198.0
M2HTW8VPHM,Azad Sankar,azad_sankar@gmail.com,1970-06-29,2992867749.0
0TDZ32R2IH,Romil Majumdar,romil_majumdar@hotmail.com,2004-05-13,2085760763.0
724TLNLN28,Adah Kade,adah_kade@outlook.com,1987-01-21,6355461748.0
1PMW88V9N0,Nehmat Korpal,nehmat_korpal@yahoo.com,2004-07-09,1284525784.0
W9WCZUT2DD,Parinaaz Vora,parinaazvora@hotmail.com,1970-06-26,8680688549.0
4VQNON5H4P,Nishith Shroff,nishith_shroff@gmail.com,1999-01-18,4024948908.0
D5VQRPYOQ9,Chirag D’Alia,chirag_d’alia@outlook.com,2000-06-15,8200406641.0
R2AC2OINSV,Kiaan Sibal,kiaansibal@gmail.com,2000-10-20,425587640.0
4W35FTPFTB,Ira Tripathi,ira.tripathi@yahoo.com,1995-07-02,5398645610.0
A2B2EIPAB1,Nishith Acharya,nishithacharya@outlook.com,1997-03-26,6929988301.0
ZRLMVF370K,Ivana Lal,ivana.lal@outlook.com,1999-01-25,5378835914.0
H5QZXLSO7R,Nakul Golla,nakul.golla@gmail.com,1972-08-30,6459384885.0
J28RPFKYCA,Anya Mahal,anyamahal@gmail.com,1982-05-31,1312315470.0
BOBD4ZG8IN,Arnav Loyal,arnavloyal@yahoo.com,1969-01-09,4141272104.0
IUUOTXR9HI,Rania Chowdhury,rania.chowdhury@yahoo.com,1982-05-10,2981779056.0
NQ76X5ZPCF,Zoya Buch,zoya.buch@outlook.com,2000-11-03,3104089453.0
FOL8JZCS7A,Raghav Ranganathan,raghav_ranganathan@yahoo.com,1976-12-19,5561335785.0
R9PBDJ8BMF,Rati Kar,rati_kar@yahoo.com,1969-03-06,5941974106.0
O640PI5M1S,Pihu Ghosh,pihu_ghosh@outlook.com,1979-04-17,9885654342.0
JV7MGSN5YM,Anahita Wali,anahita.wali@yahoo.com,1996-08-29,2550968966.0
H7E20I4ABD,Lakshay Wable,lakshaywable@outlook.com,1966-01-25,5773076151.0
4HQYLV55OL,Suhana Gopal,suhana_gopal@gmail.com,1982-11-23,9281250949.0
M1SA5IJDAJ,Hridaan Kibe,hridaan_kibe@hotmail.com,1989-09-13,9679259019.0
N55D2T1W0Y,Anika Swaminathan,anika.swaminathan@yahoo.com,1966-04-24,6011528482.0
5CUSCRUCE6,Neelofar Devan,neelofardevan@outlook.com,1971-08-24,9167927236.0
RIW7W79Z0M,Shayak Grover,shayak.grover@gmail.com,2000-12-28,2130582652.0
AVGKCNZBGE,Kismat Salvi,kismat_salvi@gmail.com,1970-09-03,6208036895.0
NT460734YZ,Hansh Chakrabarti,hansh.chakrabarti@yahoo.com,1994-07-07,9478190791.0
TJ6DAPKRKP,Adah Bail,adahbail@outlook.com,1991-04-12,3327085639.0
X0R9KHL5N2,Reyansh Batta,reyansh.batta@yahoo.com,1988-05-16,4765404327.0
19DTVYHBQX,Krish Sarin,krishsarin@yahoo.com,2000-12-13,6142026150.0
NMKBMQA879,Anika Dhar,anika_dhar@hotmail.com,1996-08-06,7059402317.0
YAPCCD5HZS,Jayesh Handa,jayesh_handa@hotmail.com,2001-03-15,1224147526.0
54LVCHKZEK,Vihaan Mander,vihaan.mander@yahoo.com,1976-07-13,3820636995.0
5QX5L4SUKG,Anika Gopal,anika_gopal@yahoo.com,1993-12-25,3178031275.0
QE8DLU99WJ,Miraan Ahluwalia,miraan_ahluwalia@yahoo.com,1996-03-28,8814285454.0
KY1N1JQOXG,Zain Ram,zain_ram@hotmail.com,1997-12-06,5494766001.0
BOTCOP8WXO,Riya Bumb,riya.bumb@hotmail.com,1971-08-04,8652573803.0
SJ7L88WQ03,Ayesha Bhatti,ayesha.bhatti@outlook.com,2004-04-14,7842432979.0
4OAWXZQK0X,Dhanuk Swamy,dhanuk_swamy@gmail.com,1973-11-19,3518792105.0
7JCQUOUXOS,Amani Kannan,amani.kannan@hotmail.com,1984-09-16,9094415495.0
T09I21JJCM,Yakshit Bhavsar,yakshit_bhavsar@outlook.com,1997-12-16,7876078341.0
2VL8LXSLCJ,Anika Warrior,anika_warrior@gmail.com,1979-12-12,2159165669.0
Z0G9K2YF3F,Bhavin Dey,bhavindey@outlook.com,1968-12-15,7726280573.0
JO2QH36DJO,Saanvi Shanker,saanvishanker@gmail.com,1996-03-17,2538446687.0
LHJAZ5Q0NJ,Jivika Bobal,jivika_bobal@yahoo.com,1995-04-17,9120436652.0
IO9OQQ59W8,Samarth Chad,samarth_chad@outlook.com,1994-02-23,37249182.0
VXG101V4S4,Renee Sandhu,renee.sandhu@outlook.com,1988-11-23,4439117080.0
KYRZH2BNVT,Reyansh Gandhi,reyansh.gandhi@yahoo.com,1982-06-11,8672407409.0
M691Z79MA9,Sahil Gola,sahilgola@gmail.com,1990-05-21,5749822375.0
P23UM16AVF,Ranbir Dhar,ranbir_dhar@hotmail.com,1990-06-06,6048214194.0
8MR7Z7V35G,Shamik Tailor,shamik_tailor@gmail.com,1994-04-11,4868221546.0
AK3CWN5MKA,Miraan Shere,miraan_shere@yahoo.com,2002-08-25,6380404945.0
6YMQJZG6D7,Anahita Suri,anahita.suri@outlook.com,1999-06-12,7439420037.0
5ICPS1ON8W,Damini Khalsa,daminikhalsa@yahoo.com,1976-10-03,576958903.0
Z8YGCIZKRM,Khushi Kaul,khushikaul@gmail.com,1967-10-01,686768077.0
BNN2KVYIEX,Krish Sachdev,krishsachdev@gmail.com,2002-03-21,3658976448.0
CQGXUCAFZU,Ryan Sangha,ryan_sangha@hotmail.com,1997-10-30,6779407570.0
9JLB8J2583,Manjari Vaidya,manjarivaidya@outlook.com,1976-01-22,3600677350.0
6LO9E9YYFV,Tiya Sem,tiya_sem@hotmail.com,1967-08-07,2318314395.0
QOPWOGRON0,Saanvi Chhabra,saanvi_chhabra@gmail.com,1984-05-22,5522022269.0
THYIBO7T4Q,Anahita Babu,anahita_babu@yahoo.com,1994-10-10,8143303973.0
2PZD0WGKKC,Eva Kala,eva.kala@hotmail.com,1970-09-15,5250257247.0
MHUHMK0QKL,Purab Ganesan,purab_ganesan@gmail.com,1999-06-02,9664586924.0
9BWKOGQALD,Jayesh Dash,jayeshdash@gmail.com,1990-03-19,4739809983.0
XHPVLRUU4W,Raunak Chahal,raunak_chahal@yahoo.com,1999-08-31,6343416204.0
4JN327IL0S,Darshit Bansal,darshitbansal@gmail.com,1984-08-13,4746755177.0
RTKIIESLXQ,Drishya Bora,drishya_bora@outlook.com,2001-09-30,4482677204.0
GK03IL6BRJ,Navya Dixit,navya_dixit@hotmail.com,2001-10-06,5328186504.0
2TIP28HMAA,Sana Krishna,sanakrishna@gmail.com,2002-02-26,9577947667.0
C9S7VKW8HW,Eva Bora,evabora@hotmail.com,1992-05-01,1195244352.0
ER5NE8OK6A,Amira Garde,amiragarde@hotmail.com,1970-07-24,1859294975.0
6IDZ09BXZ1,Samar Kaul,samar.kaul@yahoo.com,1988-04-21,3127686916.0
7PO3DT7QLO,Zara Vasa,zaravasa@gmail.com,1968-04-01,2915493526.0
JBZ9LPGGYK,Amani Shanker,amani.shanker@yahoo.com,1994-09-11,8104254204.0
6KA6QBC9PJ,Saksham Boase,sakshamboase@gmail.com,2001-08-15,3970104751.0
IEDLK0HO2W,Tarini Guha,tarini_guha@gmail.com,1981-12-24,4035458481.0
QG6NI3CIC1,Miraya Joshi,mirayajoshi@hotmail.com,1966-09-19,9696730074.0
4DFTPQ5O1N,Vaibhav Halder,vaibhav.halder@outlook.com,2001-08-06,2016801286.0
FH28T5V59J,Samaira Reddy,samaira.reddy@outlook.com,1968-12-26,9343198365.0
1MI3WALU4H,Divit Mani,divit_mani@gmail.com,1969-11-21,8073878838.0
V5R3C6MRZB,Kiaan Cheema,kiaan.cheema@outlook.com,1985-07-09,3455940902.0
FV4550ZDRB,Ranbir Ahluwalia,ranbirahluwalia@yahoo.com,2004-06-17,1703109752.0
LK31Q3MIX8,Nitara Singh,nitara_singh@outlook.com,2002-05-01,5405400183.0
TI1UTHGDSI,Onkar Dar,onkardar@yahoo.com,1999-02-07,9425851942.0
Q2S6HY5S71,Samaira Sant,samaira_sant@outlook.com,1979-09-02,764106635.0
AX8LFN77ZP,Hrishita Tandon,hrishitatandon@yahoo.com,1981-09-05,7970162437.0
CNJL1LI7HF,Alisha Deol,alisha.deol@gmail.com,1974-12-26,3015530928.0
LR7JR2SDOK,Mannat Badami,mannatbadami@outlook.com,1982-03-11,5806813850.0
SNPSADDFMM,Shalv Solanki,shalv_solanki@hotmail.com,1967-12-26,4564905774.0
Q5A8Q3G5CQ,Shayak Garg,shayakgarg@outlook.com,1997-11-02,5540320431.0
U8NKGGU3W6,Purab Ghosh,purabghosh@hotmail.com,1970-06-20,6843018410.0
DUMXFVQMRJ,Suhana Rastogi,suhana.rastogi@outlook.com,1993-09-30,513403390.0
5XF8QUTMJZ,Shlok Borra,shlok_borra@hotmail.com,1992-03-03,1436003338.0
D26AS7SHKW,Navya Chawla,navya_chawla@hotmail.com,2003-04-20,9954967510.0
41PHZ0VUN1,Ela Arya,ela.arya@outlook.com,1976-04-20,7395015926.0
WETVXSZWJJ,Anahi Choudhury,anahichoudhury@gmail.com,1994-02-16,5555901584.0
XDZ03BA4Y3,Kartik Kala,kartik.kala@outlook.com,1982-12-27,1589905074.0
HK22HKPGYB,Trisha Shankar,trisha_shankar@gmail.com,1994-10-16,8168478447.0
K9Q1C2FU1N,Hiran Sur,hiransur@yahoo.com,1970-12-25,4108896732.0
L847P1JUAO,Anaya Sachdeva,anayasachdeva@gmail.com,1976-01-18,7039386087.0
VFE80TJ3T4,Tanya Zachariah,tanya.zachariah@gmail.com,1971-01-04,3240508999.0
DV156II213,Mehul Sehgal,mehul.sehgal@yahoo.com,1992-05-08,6442053310.0
IOG5MDM4UN,Jayesh Balan,jayesh_balan@hotmail.com,1997-11-01,2986227837.0
5A7DS6DQWI,Dhanush Basu,dhanushbasu@hotmail.com,1975-02-22,3554303785.0
ZLDV8P9MO7,Aayush Bhatti,aayush_bhatti@hotmail.com,1973-12-05,7071053159.0
N6YGFFC9MY,Vivaan Kapur,vivaan_kapur@hotmail.com,1970-01-07,7415285475.0
U7A6EV1XHA,Ivana Sachdev,ivana_sachdev@gmail.com,1988-05-10,9766653062.0
LUQ49Z9RLR,Prerak Kamdar,prerak.kamdar@hotmail.com,1981-01-30,9978878624.0
F6I90813HZ,Ishita Srinivasan,ishitasrinivasan@outlook.com,1972-08-28,8170937018.0
UD73APY2CT,Reyansh Choudhury,reyansh.choudhury@yahoo.com,1975-05-30,4112807100.0
8N8AX5RH8B,Ishaan Salvi,ishaansalvi@gmail.com,2000-10-19,6430330267.0
YKPQO1RIRC,Shlok Warrior,shlok.warrior@gmail.com,1983-09-08,
PIOC70NJ1K,Raunak Bhalla,raunak_bhalla@gmail.com,1982-07-01,9636986291.0
N5F6P740Z7,Ryan Devi,ryan.devi@yahoo.com,1977-01-11,7902620764.0
KT93469CR4,Arnav Apte,arnav.apte@hotmail.com,1977-01-28,6751641185.0
F2GP9KE8R3,Bhamini Setty,bhaminisetty@hotmail.com,1978-01-04,1586847795.0
0RPMCK8MBT,Prerak Sawhney,prerak.sawhney@gmail.com,1981-01-07,611475198.0
